{
  "title" : {
    "en" : "Aasai Mugham",
    "hi" : "Aasai Mugham",
    "te" : "Aasai Mugham",
    "ta" : "ஆசைமுகம்"
  },
  "credits" : {
    "mixers" : [
      {
        "name" : {
          "en" : "Pravin Mani",
          "hi" : "Pravin Mani",
          "te" : "Pravin Mani",
          "ta" : "பிரவீன் மணி"
        }
      }
    ],
    "editing" : [
      {
        "name" : {
          "en" : "Pras Lingam",
          "hi" : "Pras Lingam",
          "te" : "Pras Lingam",
          "ta" : "ப்ராஸ் லிங்கம்"
        }
      }
    ],
    "feauring" : [
      {
        "name" : {
          "en" : "Karthik",
          "hi" : "Karthik",
          "te" : "Karthik",
          "ta" : "கார்த்திக்"
        }
      },
      {
        "name" : {
          "en" : "My-Kal",
          "hi" : "My-Kal",
          "te" : "My-Kal",
          "ta" : "மை-கல்"
        }
      }
    ],
    "masters" : [
      {
        "name" : {
          "en" : "Pravin Mani",
          "hi" : "Pravin Mani",
          "te" : "Pravin Mani",
          "ta" : "பிரவீன் மணி"
        }
      }
    ],
    "composers" : [
      {
        "name" : {
          "en" : "Bharathiyar",
          "hi" : "Bharathiyar",
          "te" : "Bharathiyar",
          "ta" : "பாரதியார்"
        }
      }
    ],
    "director" : [
      {
        "name" : {
          "en" : "Pras Lingam",
          "hi" : "Pras Lingam",
          "te" : "Pras Lingam",
          "ta" : "ப்ராஸ் லிங்கம்"
        }
      }
    ],
    "lyricists" : [
      {
        "name" : {
          "en" : "Bharathiyar",
          "hi" : "Bharathiyar",
          "te" : "Bharathiyar",
          "ta" : "பாரதியார்"
        }
      },
      {
        "name" : {
          "en" : "My-Kal |English|",
          "hi" : "My-Kal |English|",
          "te" : "My-Kal |English|",
          "ta" : "மை-கல்"
        }
      }
    ],
    "singers" : [
      {
        "name" : {
          "en" : "Karthik",
          "hi" : "Karthik",
          "te" : "Karthik",
          "ta" : "கார்த்திக்"
        }
      }
    ],
    "translator" : [
      {
        "name" : {
          "en" : "Jayashree Ramanujam",
          "hi" : "Jayashree Ramanujam",
          "te" : "Jayashree Ramanujam",
          "ta" : "ஜெயஸ்ரீ ராமானுஜம்"
        }
      }
    ],
    "arrangers" : [
      {
        "name" : {
          "en" : "Pravin Mani",
          "hi" : "Pravin Mani",
          "te" : "Pravin Mani",
          "ta" : "பிரவீன் மணி"
        }
      }
    ],
    "producers" : [
      {
        "name" : {
          "en" : "Pravin Mani",
          "hi" : "Pravin Mani",
          "te" : "Pravin Mani",
          "ta" : "பிரவீன் மணி"
        }
      }
    ],
    "cinematography" : [
      {
        "name" : {
          "en" : "Pras Lingam",
          "hi" : "Pras Lingam",
          "te" : "Pras Lingam",
          "ta" : "ப்ராஸ் லிங்கம்"
        }
      }
    ],
    "rap" : [
      {
        "name" : {
          "en" : "My-Kal |English|",
          "hi" : "My-Kal |English|",
          "te" : "My-Kal |English|",
          "ta" : "மை-கல் |இங்கிலீஷ்"
        }
      }
    ],
    "lyric_video_senior_editor" : [
      {
        "name" : {
          "en" : "Shyam Sundar Murugesan",
          "hi" : "Shyam Sundar Murugesan",
          "te" : "Shyam Sundar Murugesan",
          "ta" : "ஷியாம் சுந்தர் முருகேசன்"
        }
      }
    ],
    "recorded_studios" : [
      {
        "name" : {
          "en" : "Strum Studio Chennai",
          "hi" : "Strum Studio Chennai",
          "te" : "Strum Studio Chennai",
          "ta" : "ஸ்ட்ரும் ஸ்டுடியோ சென்னை"
        }
      },
      {
        "name" : {
          "en" : "Mo Mani Music Productions,Toronto",
          "hi" : "Mo Mani Music Productions,Toronto",
          "te" : "Mo Mani Music Productions,Toronto",
          "ta" : "மோ மணி மியூசிக் தயாரிப்பகம், டொராண்டோ"
        }
      }
    ],
    "manager_of_visual_content" : [
      {
        "name" : {
          "en" : "Gokula Krishnan R Vasugi, MFI",
          "hi" : "Gokula Krishnan R Vasugi, MFI",
          "te" : "Gokula Krishnan R Vasugi, MFI",
          "ta" : "கோகுல கிருஷ்ணன் R வாசுகி MFI"
        }
      }
    ],
    "sound_engineers" : [
      {
        "name" : {
          "en" : "Ishit kuberkar",
          "hi" : "Ishit kuberkar",
          "te" : "Ishit kuberkar",
          "ta" : "இஷித் குபேர்கர்"
        }
      }
    ],
    "lyric_video_editor" : [
      {
        "name" : {
          "en" : "Mithran.B",
          "hi" : "Mithran.B",
          "te" : "Mithran.B",
          "ta" : "மித்திரன்.B"
        }
      }
    ]
  },
  "active" : true,
  "published_on" : "2016-05-20T12:30:00.000Z",
  "description" : {
    "en" : "To wonder if Barathiyar wrote this song in loving memory of his demised mother whose face he might have forgotten over the years, is just painfully poetic. ‘Aasai Mugham’ is a heart-touching song like most Barathiyar songs. This rendition, made all the more beautiful by Karthik’s touching delivery & wonderful visuals.",
    "hi" : "To wonder if Barathiyar wrote this song in loving memory of his demised mother whose face he might have forgotten over the years, is just painfully poetic. ‘Aasai Mugham’ is a heart-touching song like most Barathiyar songs. This rendition, made all the more beautiful by Karthik’s touching delivery & wonderful visuals.",
    "te" : "To wonder if Barathiyar wrote this song in loving memory of his demised mother whose face he might have forgotten over the years, is just painfully poetic. ‘Aasai Mugham’ is a heart-touching song like most Barathiyar songs. This rendition, made all the more beautiful by Karthik’s touching delivery & wonderful visuals.",
    "ta" : "'ஆசைமுகம் மறந்துபோச்ச' என்று பாரதியார் யாரைப்பற்றி எழுதியிருப்பார்? தன் தாயைப்பற்றிதானோ? இப்படி எண்ணுவதே ஒரு வலிதரும் எண்ணமாக, அதேசமயம் கவித்துவமாகவும் இருக்கிறது. பாரதியாரின் இந்த நெஞ்சைத்தொடும் பாடலைக் கார்த்திக் அற்புதமாகப் பாடியிருக்கிறார், சிறப்பான படக்காட்சிகளாலும் இப்பாடல் உங்களைக் கவரும்!"
  },
  "poster" : "https:\/\/d1ua79hvv369a0.cloudfront.net\/reflection\/poster\/20-May-2016\/Aasai_mugham_cover.jpg",
  "album" : {
    "title" : {
      "en" : "Aasai Mugham",
      "hi" : "Aasai Mugham",
      "te" : "Aasai Mugham",
      "ta" : "Aasai Mugham"
    },
    "id" : "37",
    "thumbnail" : "https:\/\/d1ua79hvv369a0.cloudfront.net\/reflection\/thumbnail\/20-May-2016\/Aasai_mugham_thumb.jpg"
  },
  "musics" : [
    {
      "players" : [
        {
          "name" : {
            "en" : "Serg Dimitrijevic",
            "hi" : "Serg Dimitrijevic",
            "te" : "Serg Dimitrijevic",
            "ta" : "சேஜ் டிமிட்ரிஜெவிக்"
          }
        }
      ],
      "instrument" : {
        "name" : {
          "name" : {
            "en" : "Guitars",
            "hi" : "Guitars",
            "te" : "Guitars",
            "ta" : "கிட்டார்ஸ்"
          }
        }
      }
    }
  ],
  "critics" : [
    {
      "review" : {
        "instrument" : {
          "comment" : {
            "en" : "Perfect unison of chillout, trance, and pure classicism which is a rare feat!",
            "hi" : "Perfect unison of chillout, trance, and pure classicism which is a rare feat!",
            "te" : "Perfect unison of chillout, trance, and pure classicism which is a rare feat!",
            "ta" : "Perfect unison of chillout, trance, and pure classicism which is a rare feat!"
          },
          "score" : 14
        },
        "overall" : {
          "comment" : {
            "en" : "Cuban Beach Chillout in Madras heritage spot!",
            "hi" : "Cuban Beach Chillout in Madras heritage spot!",
            "te" : "Cuban Beach Chillout in Madras heritage spot!",
            "ta" : "Cuban Beach Chillout in Madras heritage spot!"
          },
          "score" : 13.75
        },
        "vocal" : {
          "comment" : {
            "en" : "Amazing vocals which again doesn’t tamper the classic flavor and give the song a new look with R & B portions.",
            "hi" : "Amazing vocals which again doesn’t tamper the classic flavor and give the song a new look with R & B portions.",
            "te" : "Amazing vocals which again doesn’t tamper the classic flavor and give the song a new look with R & B portions.",
            "ta" : "The composer fuses the classic composition with contrasting R & B."
          },
          "score" : 14
        },
        "tune" : {
          "comment" : {
            "en" : "The composer fuses the classic composition with contrasting R & B.",
            "hi" : "The composer fuses the classic composition with contrasting R & B.",
            "te" : "The composer fuses the classic composition with contrasting R & B.",
            "ta" : "The composer fuses the classic composition with contrasting R & B."
          },
          "score" : 13
        },
        "lyric" : {
          "comment" : {
            "en" : "The lyrics strike a terrific balance between classicism and romance which are two totally contrasting genres!",
            "hi" : "The lyrics strike a terrific balance between classicism and romance which are two totally contrasting genres!",
            "te" : "The lyrics strike a terrific balance between classicism and romance which are two totally contrasting genres!",
            "ta" : "The lyrics strike a terrific balance between classicism and romance which are two totally contrasting genres!"
          },
          "score" : 14
        }
      },
      "author" : {
        "name" : "Durga",
        "image" : "https:\/\/d1ua79hvv369a0.cloudfront.net\/reflection\/critic\/critic-durga.png"
      },
      "rating" : 13.75
    },
    {
      "review" : {
        "instrument" : {
          "comment" : {
            "en" : "Props the age-old familiar melody in a completely unique pop coating, complete with an English part too!",
            "hi" : "Props the age-old familiar melody in a completely unique pop coating, complete with an English part too!",
            "te" : "Props the age-old familiar melody in a completely unique pop coating, complete with an English part too!",
            "ta" : "Props the age-old familiar melody in a completely unique pop coating, complete with an English part too!"
          },
          "score" : 13
        },
        "overall" : {
          "comment" : {
            "en" : "Wonderful fusion – Bharathi meets Boyz II Men.",
            "hi" : "Wonderful fusion – Bharathi meets Boyz II Men.",
            "te" : "Wonderful fusion – Bharathi meets Boyz II Men.",
            "ta" : "Wonderful fusion – Bharathi meets Boyz II Men."
          },
          "score" : 12.75
        },
        "vocal" : {
          "comment" : {
            "en" : "Excellent diction and wonderfully expressed, with a sweeping, Western pop style, interspersed with a Hindustani aalaap!",
            "hi" : "Excellent diction and wonderfully expressed, with a sweeping, Western pop style, interspersed with a Hindustani aalaap!",
            "te" : "Excellent diction and wonderfully expressed, with a sweeping, Western pop style, interspersed with a Hindustani aalaap!",
            "ta" : "Familiar and beloved Jonpuri raga based tune that has made this song so popular"
          },
          "score" : 13
        },
        "tune" : {
          "comment" : {
            "en" : "Familiar and beloved Jonpuri raga based tune that has made this song so popular",
            "hi" : "Familiar and beloved Jonpuri raga based tune that has made this song so popular",
            "te" : "Familiar and beloved Jonpuri raga based tune that has made this song so popular",
            "ta" : "Familiar and beloved Jonpuri raga based tune that has made this song so popular"
          },
          "score" : 12
        },
        "lyric" : {
          "comment" : {
            "en" : "Subramaniya Bharathi’s iconic verse, brought to life again, with a modern edge",
            "hi" : "Subramaniya Bharathi’s iconic verse, brought to life again, with a modern edge",
            "te" : "Subramaniya Bharathi’s iconic verse, brought to life again, with a modern edge",
            "ta" : "Subramaniya Bharathi’s iconic verse, brought to life again, with a modern edge"
          },
          "score" : 13
        }
      },
      "author" : {
        "name" : "Karthik",
        "image" : "https:\/\/d1ua79hvv369a0.cloudfront.net\/reflection\/critic\/critic-karthik.png"
      },
      "rating" : 12.75
    },
    {
      "review" : {
        "instrument" : {
          "comment" : {
            "en" : "Lounge music like pleasant band arrangement.",
            "hi" : "Lounge music like pleasant band arrangement.",
            "te" : "Lounge music like pleasant band arrangement.",
            "ta" : "Lounge music like pleasant band arrangement."
          },
          "score" : 9
        },
        "overall" : {
          "comment" : {
            "en" : "Classy fusion attempt. Good initiative to give life to Bharathiyar’s timeless lines again, in a different style.",
            "hi" : "Classy fusion attempt. Good initiative to give life to Bharathiyar’s timeless lines again, in a different style.",
            "te" : "Classy fusion attempt. Good initiative to give life to Bharathiyar’s timeless lines again, in a different style.",
            "ta" : "Classy fusion attempt. Good initiative to give life to Bharathiyar’s timeless lines again, in a different style."
          },
          "score" : 8.75
        },
        "vocal" : {
          "comment" : {
            "en" : "Karthik’s classical performance has a lot of depth and emotion, while the little rap portion is a good contrast.",
            "hi" : "Karthik’s classical performance has a lot of depth and emotion, while the little rap portion is a good contrast.",
            "te" : "Karthik’s classical performance has a lot of depth and emotion, while the little rap portion is a good contrast.",
            "ta" : "A fusion between classical vocals, lounge music instrumentation and a rap segment. Bharathiyar’s words make it special."
          },
          "score" : 9
        },
        "tune" : {
          "comment" : {
            "en" : "A fusion between classical vocals, lounge music instrumentation and a rap segment. Bharathiyar’s words make it special.",
            "hi" : "A fusion between classical vocals, lounge music instrumentation and a rap segment. Bharathiyar’s words make it special.",
            "te" : "A fusion between classical vocals, lounge music instrumentation and a rap segment. Bharathiyar’s words make it special.",
            "ta" : "A fusion between classical vocals, lounge music instrumentation and a rap segment. Bharathiyar’s words make it special."
          },
          "score" : 9
        },
        "lyric" : {
          "comment" : {
            "en" : "Bharathiyar's timeless words on mother's love, along with a rap segment on the same maternal emotion.",
            "hi" : "Bharathiyar's timeless words on mother's love, along with a rap segment on the same maternal emotion.",
            "te" : "Bharathiyar's timeless words on mother's love, along with a rap segment on the same maternal emotion.",
            "ta" : "Bharathiyar's timeless words on mother's love, along with a rap segment on the same maternal emotion."
          },
          "score" : 8
        }
      },
      "author" : {
        "name" : "Kaushik",
        "image" : "https:\/\/d1ua79hvv369a0.cloudfront.net\/reflection\/critic\/Kaushik-200x200.jpg"
      },
      "rating" : 8.75
    }
  ],
  "type" : {
    "slug" : "independent-music",
    "name" : "Independent Music"
  },
  "lyrics" : [
    {
      "data" : "ஆசை முகம் மறந்து போச்சே இதை<br>யாரிடம் சொல்வேனடி தோழி<br>ஆசை முகம் மறந்து போச்சே இதை<br>யாரிடம் சொல்வேனடி தோழி<br> <br>நேசம் மறக்கவில்லை நெஞ்சம்<br>நேசம் மறக்கவில்லை நெஞ்சம் எனில்<br>நினைவு முகம் மறக்கலாமோ<br>நேசம் மறக்கவில்லை நெஞ்சம் எனில்<br>நினைவு முகம் மறக்கலாமோ<br> <br>ஆசை முகம் மறந்து போச்சே இதை<br>ஆசை முகம் மறந்து போச்சே இதை<br>ஆசை முகம் மறந்து போச்சே இதை<br>யாரிடம் சொல்வேனடி தோழி<br> <br>ஆசை முகம் மறந்து போச்சே இதை<br>ஆசை முகம் மறந்து போச்சே இதை<br>ஆசை முகம் மறந்து போச்சே இதை<br>யாரிடம் சொல்வேனடி தோழி",
      "language" : {
        "name" : "Tamil",
        "code" : "ta"
      }
    }
  ],
  "id" : "53",
  "phonetic_lyrics" : [
    {
      "data" : "aasai mugam maRandhdhu poachchae idhai<br>yaaridam solvaenadi thoazhi<br>aasai mugam maRandhdhu poachchae idhai<br>yaaridam solvaenadi thoazhi<br><br>naesam maRakkavillai nenjam<br>naesam maRakkavillai nenjam enil<br>ninaivu mugam maRakkalaamoa<br>naesam maRakkavillai nenjam enil<br>ninaivu mugam maRakkalaamoa<br><br>aasai mugam maRandhdhu poachchae idhai<br>aasai mugam maRandhdhu poachchae idhai<br>aasai mugam maRandhdhu poachchae idhai<br>yaaridam solvaenadi thoazhi<br><br>aasai mugam maRandhdhu poachchae idhai<br>aasai mugam maRandhdhu poachchae idhai<br>aasai mugam maRandhdhu poachchae idhai<br>yaaridam solvaenadi thoazhi",
      "language" : {
        "name" : "English",
        "code" : "en"
      }
    },
    {
      "data" : "ஆசை முகம் மறந்து போச்சே இதை<br>யாரிடம் சொல்வேனடி தோழி<br>ஆசை முகம் மறந்து போச்சே இதை<br>யாரிடம் சொல்வேனடி தோழி<br> <br>நேசம் மறக்கவில்லை நெஞ்சம்<br>நேசம் மறக்கவில்லை நெஞ்சம் எனில்<br>நினைவு முகம் மறக்கலாமோ<br>நேசம் மறக்கவில்லை நெஞ்சம் எனில்<br>நினைவு முகம் மறக்கலாமோ<br> <br>ஆசை முகம் மறந்து போச்சே இதை<br>ஆசை முகம் மறந்து போச்சே இதை<br>ஆசை முகம் மறந்து போச்சே இதை<br>யாரிடம் சொல்வேனடி தோழி<br> <br>ஆசை முகம் மறந்து போச்சே இதை<br>ஆசை முகம் மறந்து போச்சே இதை<br>ஆசை முகம் மறந்து போச்சே இதை<br>யாரிடம் சொல்வேனடி தோழி",
      "language" : {
        "name" : "Tamil",
        "code" : "ta"
      }
    },
    {
      "data" : "आसै म्उगम म्अड़न्द दु पोचचे इधै <br>यारिडम सोल्वेनडि तोलि <br>आसै म्उगम म्अड़न्द दु पोचचे इधै <br>यारिडम सोल्वेनडि तोलि <br> <br>नेसम म्अड़क्कविल्लै नेञम <br>नेसम म्अड़क्कविल्लै नेञम एनिल <br>निनैवु म्उगम म्अड़क्कलाम्ओ <br>नेसम म्अड़क्कविल्लै नेञम एनिल <br>निनैवु म्उगम म्अड़क्कलाम्ओ <br> <br>आसै म्उगम म्अड़न्द दु पोचचे इधै <br>आसै म्उगम म्अड़न्द दु पोचचे इधै <br>आसै म्उगम म्अड़न्द दु पोचचे इधै <br>यारिडम सोल्वेनडि तोलि <br> <br>आसै म्उगम म्अड़न्द दु पोचचे इधै <br>आसै म्उगम म्अड़न्द दु पोचचे इधै <br>आसै म्उगम म्अड़न्द दु पोचचे इधै <br>यारिडम सोल्वेनडि तोलि",
      "language" : {
        "name" : "Hindi",
        "code" : "hi"
      }
    },
    {
      "data" : "ఆసై మ్యుగమ్ మ్యఱన్ధ్ధు పోఛ్ఛే ఇధై <br>యారిదమ్ సొల్వేనది థోలి <br>ఆసై మ్యుగమ్ మ్యఱన్ధ్ధు పోఛ్ఛే ఇధై <br>యారిదమ్ సొల్వేనది థోలి <br> <br>నేసమ్ మ్యఱక్కవిల్లై నెఞమ్ <br>నేసమ్ మ్యఱక్కవిల్లై నెఞమ్ ఎనిల్ <br>నినైవు మ్యుగమ్ మ్యఱక్కలామ్యో <br>నేసమ్ మ్యఱక్కవిల్లై నెఞమ్ ఎనిల్ <br>నినైవు మ్యుగమ్ మ్యఱక్కలామ్యో <br> <br>ఆసై మ్యుగమ్ మ్యఱన్ధ్ధు పోఛ్ఛే ఇధై <br>ఆసై మ్యుగమ్ మ్యఱన్ధ్ధు పోఛ్ఛే ఇధై <br>ఆసై మ్యుగమ్ మ్యఱన్ధ్ధు పోఛ్ఛే ఇధై <br>యారిదమ్ సొల్వేనది థోలి <br> <br>ఆసై మ్యుగమ్ మ్యఱన్ధ్ధు పోఛ్ఛే ఇధై <br>ఆసై మ్యుగమ్ మ్యఱన్ధ్ధు పోఛ్ఛే ఇధై <br>ఆసై మ్యుగమ్ మ్యఱన్ధ్ధు పోఛ్ఛే ఇధై <br>యారిదమ్ సొల్వేనది థోలి",
      "language" : {
        "name" : "Telugu",
        "code" : "te"
      }
    },
    {
      "data" : "ആസൈ മ്യുഗമ് മ്യറന്ധ്ധു പോച്ചേ ഇധൈ <br>യാരിദമ് സൊല്വേനദി ഥോഴി <br>ആസൈ മ്യുഗമ് മ്യറന്ധ്ധു പോച്ചേ ഇധൈ <br>യാരിദമ് സൊല്വേനദി ഥോഴി <br> <br>നേസമ് മ്യറക്കവില്ലൈ നെഞമ് <br>നേസമ് മ്യറക്കവില്ലൈ നെഞമ് എനില് <br>നിനൈവു മ്യുഗമ് മ്യറക്കലാമ്യോ <br>നേസമ് മ്യറക്കവില്ലൈ നെഞമ് എനില് <br>നിനൈവു മ്യുഗമ് മ്യറക്കലാമ്യോ <br> <br>ആസൈ മ്യുഗമ് മ്യറന്ധ്ധു പോച്ചേ ഇധൈ <br>ആസൈ മ്യുഗമ് മ്യറന്ധ്ധു പോച്ചേ ഇധൈ <br>ആസൈ മ്യുഗമ് മ്യറന്ധ്ധു പോച്ചേ ഇധൈ <br>യാരിദമ് സൊല്വേനദി ഥോഴി <br> <br>ആസൈ മ്യുഗമ് മ്യറന്ധ്ധു പോച്ചേ ഇധൈ <br>ആസൈ മ്യുഗമ് മ്യറന്ധ്ധു പോച്ചേ ഇധൈ <br>ആസൈ മ്യുഗമ് മ്യറന്ധ്ധു പോച്ചേ ഇധൈ <br>യാരിദമ് സൊല്വേനദി ഥോഴി ",
      "language" : {
        "name" : "Malayalam",
        "code" : "ml"
      }
    },
    {
      "data" : "ಆಸೈ ಮ್ಯುಗಮ್ ಮ್ಯರನ್ಧ್ಧು ಪೋಚ್ಚೇ ಇಧೈ <br>ಯಾರಿದಮ್ ಸೊಲ್ವೇನದಿ ಥೋಲಿ <br>ಆಸೈ ಮ್ಯುಗಮ್ ಮ್ಯರನ್ಧ್ಧು ಪೋಚ್ಚೇ ಇಧೈ <br>ಯಾರಿದಮ್ ಸೊಲ್ವೇನದಿ ಥೋಲಿ <br> <br>ನೇಸಮ್ ಮ್ಯರಕ್ಕವಿಲ್ಲೈ ನೆಞಮ್ <br>ನೇಸಮ್ ಮ್ಯರಕ್ಕವಿಲ್ಲೈ ನೆಞಮ್ ಎನಿಲ್ <br>ನಿನೈವು ಮ್ಯುಗಮ್ ಮ್ಯರಕ್ಕಲಾಮ್ಯೋ <br>ನೇಸಮ್ ಮ್ಯರಕ್ಕವಿಲ್ಲೈ ನೆಞಮ್ ಎನಿಲ್ <br>ನಿನೈವು ಮ್ಯುಗಮ್ ಮ್ಯರಕ್ಕಲಾಮ್ಯೋ <br> <br>ಆಸೈ ಮ್ಯುಗಮ್ ಮ್ಯರನ್ಧ್ಧು ಪೋಚ್ಚೇ ಇಧೈ <br>ಆಸೈ ಮ್ಯುಗಮ್ ಮ್ಯರನ್ಧ್ಧು ಪೋಚ್ಚೇ ಇಧೈ <br>ಆಸೈ ಮ್ಯುಗಮ್ ಮ್ಯರನ್ಧ್ಧು ಪೋಚ್ಚೇ ಇಧೈ <br>ಯಾರಿದಮ್ ಸೊಲ್ವೇನದಿ ಥೋಲಿ <br> <br>ಆಸೈ ಮ್ಯುಗಮ್ ಮ್ಯರನ್ಧ್ಧು ಪೋಚ್ಚೇ ಇಧೈ <br>ಆಸೈ ಮ್ಯುಗಮ್ ಮ್ಯರನ್ಧ್ಧು ಪೋಚ್ಚೇ ಇಧೈ <br>ಆಸೈ ಮ್ಯುಗಮ್ ಮ್ಯರನ್ಧ್ಧು ಪೋಚ್ಚೇ ಇಧೈ <br>ಯಾರಿದಮ್ ಸೊಲ್ವೇನದಿ ಥೋಲಿ ",
      "language" : {
        "name" : "Kanadam",
        "code" : "ka"
      }
    },
    {
      "data" : "আসৈ ম্যুগম্ ম্যড়ন্ধ্ধু পোচ্চে ইধৈ <br>যারিদম্ সোল্ৱেনদি থোলি <br>আসৈ ম্যুগম্ ম্যড়ন্ধ্ধু পোচ্চে ইধৈ <br>যারিদম্ সোল্ৱেনদি থোলি <br> <br>নেসম্ ম্যড়ক্কৱিল্লৈ নেঞম্ <br>নেসম্ ম্যড়ক্কৱিল্লৈ নেঞম্ এনিল্ <br>নিনৈৱু ম্যুগম্ ম্যড়ক্কলাম্যো <br>নেসম্ ম্যড়ক্কৱিল্লৈ নেঞম্ এনিল্ <br>নিনৈৱু ম্যুগম্ ম্যড়ক্কলাম্যো <br> <br>আসৈ ম্যুগম্ ম্যড়ন্ধ্ধু পোচ্চে ইধৈ <br>আসৈ ম্যুগম্ ম্যড়ন্ধ্ধু পোচ্চে ইধৈ <br>আসৈ ম্যুগম্ ম্যড়ন্ধ্ধু পোচ্চে ইধৈ <br>যারিদম্ সোল্ৱেনদি থোলি <br> <br>আসৈ ম্যুগম্ ম্যড়ন্ধ্ধু পোচ্চে ইধৈ <br>আসৈ ম্যুগম্ ম্যড়ন্ধ্ধু পোচ্চে ইধৈ <br>আসৈ ম্যুগম্ ম্যড়ন্ধ্ধু পোচ্চে ইধৈ <br>যারিদম্ সোল্ৱেনদি থোলি ",
      "language" : {
        "name" : "Bengali",
        "code" : "be"
      }
    },
    {
      "data" : "આસૈ મ્યુગમ્ મ્યરન્ધ્ધુ પૉચ્ચૅ ઇધૈ <br>યારિદમ્ સોલ્વૅનદિ થૉલિ <br>આસૈ મ્યુગમ્ મ્યરન્ધ્ધુ પૉચ્ચૅ ઇધૈ <br>યારિદમ્ સોલ્વૅનદિ થૉલિ <br> <br>ણૅસમ્ મ્યરક્કવિલ્લૈ ણેઞમ્ <br>ણૅસમ્ મ્યરક્કવિલ્લૈ ણેઞમ્ એનિલ્ <br>ણિનૈવુ મ્યુગમ્ મ્યરક્કલામ્યૉ <br>ણૅસમ્ મ્યરક્કવિલ્લૈ ણેઞમ્ એનિલ્ <br>ણિનૈવુ મ્યુગમ્ મ્યરક્કલામ્યૉ <br> <br>આસૈ મ્યુગમ્ મ્યરન્ધ્ધુ પૉચ્ચૅ ઇધૈ <br>આસૈ મ્યુગમ્ મ્યરન્ધ્ધુ પૉચ્ચૅ ઇધૈ <br>આસૈ મ્યુગમ્ મ્યરન્ધ્ધુ પૉચ્ચૅ ઇધૈ <br>યારિદમ્ સોલ્વૅનદિ થૉલિ <br> <br>આસૈ મ્યુગમ્ મ્યરન્ધ્ધુ પૉચ્ચૅ ઇધૈ <br>આસૈ મ્યુગમ્ મ્યરન્ધ્ધુ પૉચ્ચૅ ઇધૈ <br>આસૈ મ્યુગમ્ મ્યરન્ધ્ધુ પૉચ્ચૅ ઇધૈ <br>યારિદમ્ સોલ્વૅનદિ થૉલિ ",
      "language" : {
        "name" : "Gujarathi",
        "code" : "gu"
      }
    },
    {
      "data" : "आसै म्उगम म्अड़न्द दु पोचचे इधै <br>यारिडम सोल्वेनडि तोलि <br>आसै म्उगम म्अड़न्द दु पोचचे इधै <br>यारिडम सोल्वेनडि तोलि <br> <br>नेसम म्अड़क्कविल्लै नेञम <br>नेसम म्अड़क्कविल्लै नेञम एनिल <br>निनैवु म्उगम म्अड़क्कलाम्ओ <br>नेसम म्अड़क्कविल्लै नेञम एनिल <br>निनैवु म्उगम म्अड़क्कलाम्ओ <br> <br>आसै म्उगम म्अड़न्द दु पोचचे इधै <br>आसै म्उगम म्अड़न्द दु पोचचे इधै <br>आसै म्उगम म्अड़न्द दु पोचचे इधै <br>यारिडम सोल्वेनडि तोलि <br> <br>आसै म्उगम म्अड़न्द दु पोचचे इधै <br>आसै म्उगम म्अड़न्द दु पोचचे इधै <br>आसै म्उगम म्अड़न्द दु पोचचे इधै <br>यारिडम सोल्वेनडि तोलि",
      "language" : {
        "name" : "Marathi",
        "code" : "mr"
      }
    },
    {
      "data" : "ଆସୈ ମ୍ଯୁଗମ୍ ମ୍ଯଡ଼ନ୍ଧ୍ଧୁ ପୋଚ୍ଚେ ଇଧୈ <br>ଯାରିଦମ୍ ସୋଳ୍ୱେନଦି ଥୋଳି <br>ଆସୈ ମ୍ଯୁଗମ୍ ମ୍ଯଡ଼ନ୍ଧ୍ଧୁ ପୋଚ୍ଚେ ଇଧୈ <br>ଯାରିଦମ୍ ସୋଳ୍ୱେନଦି ଥୋଳି <br> <br>ନେସମ୍ ମ୍ଯଡ଼କ୍କୱିଳ୍ଳୈ ନେଞମ୍ <br>ନେସମ୍ ମ୍ଯଡ଼କ୍କୱିଳ୍ଳୈ ନେଞମ୍ ଏନିଳ୍ <br>ନିନୈୱୁ ମ୍ଯୁଗମ୍ ମ୍ଯଡ଼କ୍କଳାମ୍ଯୋ <br>ନେସମ୍ ମ୍ଯଡ଼କ୍କୱିଳ୍ଳୈ ନେଞମ୍ ଏନିଳ୍ <br>ନିନୈୱୁ ମ୍ଯୁଗମ୍ ମ୍ଯଡ଼କ୍କଳାମ୍ଯୋ <br> <br>ଆସୈ ମ୍ଯୁଗମ୍ ମ୍ଯଡ଼ନ୍ଧ୍ଧୁ ପୋଚ୍ଚେ ଇଧୈ <br>ଆସୈ ମ୍ଯୁଗମ୍ ମ୍ଯଡ଼ନ୍ଧ୍ଧୁ ପୋଚ୍ଚେ ଇଧୈ <br>ଆସୈ ମ୍ଯୁଗମ୍ ମ୍ଯଡ଼ନ୍ଧ୍ଧୁ ପୋଚ୍ଚେ ଇଧୈ <br>ଯାରିଦମ୍ ସୋଳ୍ୱେନଦି ଥୋଳି <br> <br>ଆସୈ ମ୍ଯୁଗମ୍ ମ୍ଯଡ଼ନ୍ଧ୍ଧୁ ପୋଚ୍ଚେ ଇଧୈ <br>ଆସୈ ମ୍ଯୁଗମ୍ ମ୍ଯଡ଼ନ୍ଧ୍ଧୁ ପୋଚ୍ଚେ ଇଧୈ <br>ଆସୈ ମ୍ଯୁଗମ୍ ମ୍ଯଡ଼ନ୍ଧ୍ଧୁ ପୋଚ୍ଚେ ଇଧୈ <br>ଯାରିଦମ୍ ସୋଳ୍ୱେନଦି ଥୋଳି ",
      "language" : {
        "name" : "Oriya",
        "code" : "or"
      }
    },
    {
      "data" : "आसै म्उगम म्अड़न्द दु पोचचे इधै <br>यारिडम सोल्वेनडि तोलि <br>आसै म्उगम म्अड़न्द दु पोचचे इधै <br>यारिडम सोल्वेनडि तोलि <br> <br>नेसम म्अड़क्कविल्लै नेञम <br>नेसम म्अड़क्कविल्लै नेञम एनिल <br>निनैवु म्उगम म्अड़क्कलाम्ओ <br>नेसम म्अड़क्कविल्लै नेञम एनिल <br>निनैवु म्उगम म्अड़क्कलाम्ओ <br> <br>आसै म्उगम म्अड़न्द दु पोचचे इधै <br>आसै म्उगम म्अड़न्द दु पोचचे इधै <br>आसै म्उगम म्अड़न्द दु पोचचे इधै <br>यारिडम सोल्वेनडि तोलि <br> <br>आसै म्उगम म्अड़न्द दु पोचचे इधै <br>आसै म्उगम म्अड़न्द दु पोचचे इधै <br>आसै म्उगम म्अड़न्द दु पोचचे इधै <br>यारिडम सोल्वेनडि तोलि",
      "language" : {
        "name" : "konkani",
        "code" : "ko"
      }
    }
  ],
  "mood" : {
    "slug" : "sad",
    "name" : "Sad"
  },
  "thumbnail" : "https:\/\/d1ua79hvv369a0.cloudfront.net\/reflection\/thumbnail\/20-May-2016\/Aasai_mugham_thumb.jpg",
  "language" : {
    "name" : "Tamil",
    "code" : "ta"
  },
  "slug" : "aasai-mugham",
  "info" : {
    "lyric_genres" : [
      {
        "name" : {
          "en" : "Relationship",
          "hi" : "Relationship",
          "te" : "Relationship",
          "ta" : "உறவு"
        }
      }
    ],
    "thaalams" : [
      {
        "name" : {
          "en" : "Aadhi",
          "hi" : "Aadhi",
          "te" : "Aadhi",
          "ta" : "ஆதி"
        }
      }
    ],
    "lyric_languages" : [
      {
        "name" : {
          "en" : "Tamil",
          "hi" : "Tamil",
          "te" : "Tamil",
          "ta" : "தமிழ்"
        }
      }
    ],
    "lyric_moods" : [
      {
        "name" : {
          "en" : "Sad",
          "hi" : "Sad",
          "te" : "Sad",
          "ta" : "சோகம்"
        }
      }
    ],
    "music_genres" : [
      {
        "name" : {
          "en" : "Classical r n b fusion",
          "hi" : "Classical r n b fusion",
          "te" : "Classical r n b fusion",
          "ta" : "கிளாசிக்கல் r n b ஃபுயூசன்"
        }
      }
    ],
    "best_seasons_to_listen" : [
      {
        "name" : {
          "en" : "Rain",
          "hi" : "Rain",
          "te" : "Rain",
          "ta" : "மழைக்காலம்"
        }
      },
      {
        "name" : {
          "en" : "Winter",
          "hi" : "Winter",
          "te" : "Winter",
          "ta" : "குளிர்க்காலம்"
        }
      }
    ],
    "launch_date" : {
      "en" : "20\/05\/2016",
      "hi" : "20\/05\/2016",
      "te" : "20\/05\/2016",
      "ta" : "20\/05\/2016"
    },
    "lyric_styles" : [
      {
        "name" : {
          "en" : "Traditional",
          "hi" : "Traditional",
          "te" : "Traditional",
          "ta" : "செம்மொழி நடை"
        }
      }
    ],
    "best_time_to_listen" : [
      {
        "name" : {
          "en" : "Evening",
          "hi" : "Evening",
          "te" : "Evening",
          "ta" : "மாலை"
        }
      }
    ],
    "duration" : 4.28,
    "raagams" : [
      {
        "name" : {
          "en" : "Raagamaliga",
          "hi" : "Raagamaliga",
          "te" : "Raagamaliga",
          "ta" : "ராகமாலிகா"
        }
      }
    ],
    "instruments" : [
      {
        "name" : {
          "en" : "Guitars",
          "hi" : "Guitars",
          "te" : "Guitars",
          "ta" : "கிட்டார்ஸ்"
        }
      }
    ]
  }
}