{
  "title" : {
    "en" : "Adiyae Azhagae",
    "hi" : "Adiyae Azhagae",
    "te" : "Adiyae Azhagae",
    "ta" : "அடியே அழகே"
  },
  "credits" : {
    "audio_label" : [
      {
        "name" : {
          "en" : "Think Music",
          "hi" : "Think Music",
          "te" : "Think Music",
          "ta" : "Think Music"
        }
      }
    ],
    "producers" : [
      {
        "name" : {
          "en" : "J. Selva Kumar",
          "hi" : "J. Selva Kumar",
          "te" : "J. Selva Kumar",
          "ta" : "J. செல்வ குமார்"
        }
      }
    ],
    "composers" : [
      {
        "name" : {
          "en" : "Justin Prabhakaran",
          "hi" : "Justin Prabhakaran",
          "te" : "Justin Prabhakaran",
          "ta" : "ஜஸ்டின் பிரபாகரன்"
        }
      }
    ],
    "editor" : [
      {
        "name" : {
          "en" : "VJ Sabu Joseph",
          "hi" : "VJ Sabu Joseph",
          "te" : "VJ Sabu Joseph",
          "ta" : "VJ சுப்பு ஜோசப்"
        }
      }
    ],
    "director_of_photography" : [
      {
        "name" : {
          "en" : "Gokul Benoy",
          "hi" : "Gokul Benoy",
          "te" : "Gokul Benoy",
          "ta" : "கோகுல் பெனாய்"
        }
      }
    ],
    "lyricists" : [
      {
        "name" : {
          "en" : "Vivek",
          "hi" : "Vivek",
          "te" : "Vivek",
          "ta" : "விவேக்"
        }
      }
    ],
    "featuring" : [
      {
        "name" : {
          "en" : "Dinesh",
          "hi" : "Dinesh",
          "te" : "Dinesh",
          "ta" : "தினேஷ்"
        }
      },
      {
        "name" : {
          "en" : "Mia George",
          "hi" : "Mia George",
          "te" : "Mia George",
          "ta" : "மியா ஜார்ஜ்"
        }
      },
      {
        "name" : {
          "en" : "Nivetha Pethuraj",
          "hi" : "Nivetha Pethuraj",
          "te" : "Nivetha Pethuraj",
          "ta" : "நிவேதா பெதுராஜ்"
        }
      }
    ],
    "singers" : [
      {
        "name" : {
          "en" : "Sean Roldan",
          "hi" : "Sean Roldan",
          "te" : "Sean Roldan",
          "ta" : "சான் ரால்டன்"
        }
      },
      {
        "name" : {
          "en" : "Padmalatha",
          "hi" : "Padmalatha",
          "te" : "Padmalatha",
          "ta" : "பத்மலதா"
        }
      }
    ],
    "director" : [
      {
        "name" : {
          "en" : "Nelson Venkatesan",
          "hi" : "Nelson Venkatesan",
          "te" : "Nelson Venkatesan",
          "ta" : "நெல்சன் வெங்கடேஷ்"
        }
      }
    ]
  },
  "active" : true,
  "published_on" : "2016-06-11T12:30:00.000Z",
  "description" : {
    "en" : "Sean Roldan’s voice is guaranteed to lift any song. Justin Prabhakaran sets tune to this lovely melody that is all about the acoustic guitars, lovely interludes and emotional lyrics.",
    "hi" : "Sean Roldan’s voice is guaranteed to lift any song. Justin Prabhakaran sets tune to this lovely melody that is all about the acoustic guitars, lovely interludes and emotional lyrics.",
    "te" : "Sean Roldan’s voice is guaranteed to lift any song. Justin Prabhakaran sets tune to this lovely melody that is all about the acoustic guitars, lovely interludes and emotional lyrics.",
    "ta" : "Sean Roldan’s voice is guaranteed to lift any song. Justin Prabhakaran sets tune to this lovely melody that is all about the acoustic guitars, lovely interludes and emotional lyrics."
  },
  "poster" : "https:\/\/d1ua79hvv369a0.cloudfront.net\/reflection\/poster\/June\/11\/adiyae-azhagae-poster.jpg",
  "album" : {
    "title" : {
      "en" : "Oru Naal Koothu",
      "hi" : "Oru Naal Koothu",
      "te" : "Oru Naal Koothu",
      "ta" : "ஒரு நாள் கூத்து"
    },
    "id" : "56"
  },
  "type" : {
    "slug" : "independent-music",
    "name" : "Independent Music"
  },
  "lyrics" : [
    {
      "data" : "அடியே அழகே<br>என் அழகே அடியே<br>பேசாம நூறு நூறா<br>கூறு போடாத <br>வலியே வலியே<br>என் ஒளியே ஒலியே<br>நான் ஒன்னும் பூதம் இல்ல<br>தூரம் ஓடாத<br><br>காதோட நீ சிரிச்சா<br>வார்த்த வந்து கீறுதே<br>ஆனாலும் நீ தெளிச்சா<br>காதல் உள்ள ஊறுதே<br>வாயாடி பேயா என்<br>தூக்கம் தூக்கி போற<br><br>அடியே அழகே<br>என் அழகே அடியே<br>பேசாம நூறு நூறா<br>கூறு போடாத<br>வலியே வலியே<br>என் ஒளியே ஒலியே<br>நான் ஒன்னும் பூதம் இல்ல<br>தூரம் ஓடாத<br><br>போனா போறா<br>தானா வருவா<br>மெதப்புல திரிஞ்சேன்<br>வீராப்பெல்லாம் வீணாப்போச்சு<br>பொசுக்குன்னு ஒடஞ்சேன்<br>உன் சோக பார்வை<br>உரசுது மேல<br>சிரிக்கிற ஓசை<br>சரிக்கிது ஆள<br>தீதூவி தீதூவி<br>போனா அவ வேணும் நானும் வாழ<br><br>எனோ உன்ன பார்த்தா உள்ள<br>சுருக்குன்னு வருது<br>ஆனா கிட்ட நீயா வந்த<br>மனசு அங்க விழுது<br>எதுக்கு இந்த கோபம்<br>நடிச்சது போதும்<br>மறைச்சி நீ பார்த்தும்<br>வெளுக்குது சாயம்<br>நேத்தே நா தோத்தேன் அட<br>இதுதானா உன் வேகம்<br><br>அடியே அழகே<br>என் அழகே அடியே<br>பேசாம நூறு நூறா<br>கூறு போடாத <br>வலியே வலியே<br>என் ஒளியே ஒலியே<br>நான் ஒன்னும் பூதம் இல்ல<br>தூரம் ஓடாத",
      "language" : {
        "name" : "Tamil",
        "code" : "ta"
      }
    }
  ],
  "id" : "71",
  "phonetic_lyrics" : [
    {
      "data" : "adiyae azhagae<br>en azhagae adiyae<br>paesaama nooRu nooRaa<br>kooRu poadaadha<br>valiyae valiyae<br>en oLiyae oliyae<br>naan onnum poodham illa<br>thooram oadaadha<br><br>kaadhoada nee sirichchaa<br>vaartha vandhdhu keeRudhae<br>aanaalum nee theLichchaa<br>kaadhal uLLa ooRudhae<br>vaayaadi paeyaa en<br>thookkam thookki poaRa<br><br>adiyae azhagae<br>en azhagae adiyae<br>paesaama nooRu nooRaa<br>kooRu poadaadha<br>valiyae valiyae<br>en oLiyae oliyae<br>naan onnum poodham illa<br>thooram oadaadha<br><br>poanaa poaRaa<br>thaanaa varuvaa<br>medhappula thirinjjaen<br>veeraappellaam veeNaappoachchu<br>posukkunnu odanjjaen<br>un soaga paarvai<br>urasudhu maela<br>sirikkiRa oasai<br>sarikkidhu aaLa<br>theedhoovi theedhoovi<br>poanaa ava vaeNum naanum vaazha<br><br>enoa unna paarthaa uLLa<br>surukkunnu varudhu<br>aanaa kitta neeyaa vandhdha<br>manasu anga vizhudhu<br>edhukku indhdha koabam<br>nadichchadhu poadhum<br>maRaichchi nee paarthum<br>veLukkudhu saayam<br>naethae naa thoathaen ada<br>idhudhaanaa un vaegam<br><br>adiyae azhagae<br>en azhagae adiyae<br>paesaama nooRu nooRaa<br>kooRu poadaadha<br>valiyae valiyae<br>en oLiyae oliyae<br>naan onnum poodham illa<br>thooram oadaadha",
      "language" : {
        "name" : "English",
        "code" : "en"
      }
    },
    {
      "data" : "அடியே அழகே<br>என் அழகே அடியே<br>பேசாம நூறு நூறா<br>கூறு போடாத <br>வலியே வலியே<br>என் ஒளியே ஒலியே<br>நான் ஒன்னும் பூதம் இல்ல<br>தூரம் ஓடாத<br><br>காதோட நீ சிரிச்சா<br>வார்த்த வந்து கீறுதே<br>ஆனாலும் நீ தெளிச்சா<br>காதல் உள்ள ஊறுதே<br>வாயாடி பேயா என்<br>தூக்கம் தூக்கி போற<br><br>அடியே அழகே<br>என் அழகே அடியே<br>பேசாம நூறு நூறா<br>கூறு போடாத<br>வலியே வலியே<br>என் ஒளியே ஒலியே<br>நான் ஒன்னும் பூதம் இல்ல<br>தூரம் ஓடாத<br><br>போனா போறா<br>தானா வருவா<br>மெதப்புல திரிஞ்சேன்<br>வீராப்பெல்லாம் வீணாப்போச்சு<br>பொசுக்குன்னு ஒடஞ்சேன்<br>உன் சோக பார்வை<br>உரசுது மேல<br>சிரிக்கிற ஓசை<br>சரிக்கிது ஆள<br>தீதூவி தீதூவி<br>போனா அவ வேணும் நானும் வாழ<br><br>எனோ உன்ன பார்த்தா உள்ள<br>சுருக்குன்னு வருது<br>ஆனா கிட்ட நீயா வந்த<br>மனசு அங்க விழுது<br>எதுக்கு இந்த கோபம்<br>நடிச்சது போதும்<br>மறைச்சி நீ பார்த்தும்<br>வெளுக்குது சாயம்<br>நேத்தே நா தோத்தேன் அட<br>இதுதானா உன் வேகம்<br><br>அடியே அழகே<br>என் அழகே அடியே<br>பேசாம நூறு நூறா<br>கூறு போடாத <br>வலியே வலியே<br>என் ஒளியே ஒலியே<br>நான் ஒன்னும் பூதம் இல்ல<br>தூரம் ஓடாத",
      "language" : {
        "name" : "Tamil",
        "code" : "ta"
      }
    },
    {
      "data" : "अडिये अलगे <br>एन अलगे अडिये <br>पेसाम्अ नूड़ु नूड़ा <br>कूड़ु पोडाद <br>वलिये वलिये <br>एन ओऴिये ओलिये <br>नान ओननुम पूदम इलल <br>तूरम ओडाद <br> <br>कादोड नी सिरिचचा <br>वारत वन्द दु कीड़ुधे <br>आनालुम नी तेऴिचचा <br>कादल उलळ ऊड़ुधे <br>वायाडि पेया एन <br>तूककम तूककि पोड़ <br> <br>अडिये अलगे <br>एन अलगे अडिये <br>पेसाम्अ नूड़ु नूड़ा <br>कूड़ु पोडाद <br>वलिये वलिये <br>एन ओऴिये ओलिये <br>नान ओननुम पूदम इलल <br>तूरम ओडाद <br> <br>पोना पोड़ा <br>ताना वरुवा <br>म्एदप्पुल तिरिञ्जेन <br>वीराप्पेल्लाम वींआप्पोच्चु <br>पोसुक्कुन्नु ओडञ्जेन <br>उन सोग पारवै <br>उरसुदु म्एल <br>सिरिक्किड़ ओसै <br>सरिक्किदु आळ <br>तीदूवि तीदूवि <br>पोना अव वेंउम नानुम वाल <br> <br>एनो उनन पारता उलळ <br>सुरुक्कुन्नु वरुदु <br>आना किटट नीया वन्द द <br>म्अनसु अङ विलुदु <br>एदुककु इन्द द कोबम <br>नडिच्चदु पोदुम <br>म्अड़ैच्चि नी पारतुम <br>वेळुक्कुदु सायम <br>नेते ना तोतेन अड <br>इदुदाना उन वेगम <br> <br>अडिये अलगे <br>एन अलगे अडिये <br>पेसाम्अ नूड़ु नूड़ा <br>कूड़ु पोडाद <br>वलिये वलिये <br>एन ओऴिये ओलिये <br>नान ओननुम पूदम इलल <br>तूरम ओडाद",
      "language" : {
        "name" : "Hindi",
        "code" : "hi"
      }
    },
    {
      "data" : "అదియే అలగే <br>ఎన్ అలగే అదియే <br>పేసామ్య నూఱు నూఱా <br>కూఱు పోదాధ <br>వలియే వలియే <br>ఎన్ ఒళియే ఒలియే <br>నాన్ ఒన్నుమ్ పూధమ్ ఇల్ల <br>థూరమ్ ఓదాధ <br> <br>కాధోద నె సిరిఛ్ఛా <br>వార్థ వన్ధ్ధు కీఱుధే <br>ఆనాలుమ్ నె థెళిఛ్ఛా <br>కాధల్ ఉళ్ళ ఊఱుధే <br>వాయాది పేయా ఎన్ <br>థూక్కమ్ థూక్కి పోఱ <br> <br>అదియే అలగే <br>ఎన్ అలగే అదియే <br>పేసామ్య నూఱు నూఱా <br>కూఱు పోదాధ <br>వలియే వలియే <br>ఎన్ ఒళియే ఒలియే <br>నాన్ ఒన్నుమ్ పూధమ్ ఇల్ల <br>థూరమ్ ఓదాధ <br> <br>పోనా పోఱా <br>థానా వరువా <br>మ్యెధప్పుల థిరిఞ్జేన్ <br>వీరాప్పెల్లామ్ వీంయాప్పోఛ్ఛు <br>పొసుక్కున్ను ఒదఞ్జేన్ <br>ఉన్ సోగ పార్వై <br>ఉరసుధు మ్యేల <br>సిరిక్కిఱ ఓసై <br>సరిక్కిధు ఆళ <br>థీధూవి థీధూవి <br>పోనా అవ వేంయుమ్ నానుమ్ వాల <br> <br>ఎనో ఉన్న పార్థా ఉళ్ళ <br>సురుక్కున్ను వరుధు <br>ఆనా కిత్త నెయా వన్ధ్ధ <br>మ్యనసు అఙ విలుధు <br>ఎధుక్కు ఇన్ధ్ధ కోబమ్ <br>నదిఛ్ఛధు పోధుమ్ <br>మ్యఱైఛ్ఛి నె పార్థుమ్ <br>వెళుక్కుధు సాయమ్ <br>నేథే నా థోథేన్ అద <br>ఇధుధానా ఉన్ వేగమ్ <br> <br>అదియే అలగే <br>ఎన్ అలగే అదియే <br>పేసామ్య నూఱు నూఱా <br>కూఱు పోదాధ <br>వలియే వలియే <br>ఎన్ ఒళియే ఒలియే <br>నాన్ ఒన్నుమ్ పూధమ్ ఇల్ల <br>థూరమ్ ఓదాధ",
      "language" : {
        "name" : "Telugu",
        "code" : "te"
      }
    },
    {
      "data" : "അദിയേ അഴഗേ <br>എന് അഴഗേ അദിയേ <br>പേസാമ്യ നൂറു നൂറാ <br>കൂറു പോദാധ <br>വലിയേ വലിയേ <br>എന് ഒളിയേ ഒലിയേ <br>നാന് ഒന്നുമ് പൂധമ് ഇല്ല <br>ഥൂരമ് ഓദാധ <br> <br>കാധോദ നീ സിരിച്ചാ <br>വാര്ഥ വന്ധ്ധു കീറുധേ <br>ആനാലുമ് നീ ഥെളിച്ചാ <br>കാധല് ഉള്ള ഊറുധേ <br>വായാദി പേയാ എന് <br>ഥൂക്കമ് ഥൂക്കി പോറ <br> <br>അദിയേ അഴഗേ <br>എന് അഴഗേ അദിയേ <br>പേസാമ്യ നൂറു നൂറാ <br>കൂറു പോദാധ <br>വലിയേ വലിയേ <br>എന് ഒളിയേ ഒലിയേ <br>നാന് ഒന്നുമ് പൂധമ് ഇല്ല <br>ഥൂരമ് ഓദാധ <br> <br>പോനാ പോറാ <br>ഥാനാ വരുവാ <br>മ്യെധപ്പുല ഥിരിഞ്ജേന് <br>വീരാപ്പെല്ലാമ് വീംയാപ്പോച്ചു <br>പൊസുക്കുന്നു ഒദഞ്ജേന് <br>ഉന് സോഗ പാര്വൈ <br>ഉരസുധു മ്യേല <br>സിരിക്കിറ ഓസൈ <br>സരിക്കിധു ആള <br>ഥീധൂവി ഥീധൂവി <br>പോനാ അവ വേംയുമ് നാനുമ് വാഴ <br> <br>എനോ ഉന്ന പാര്ഥാ ഉള്ള <br>സുരുക്കുന്നു വരുധു <br>ആനാ കിത്ത നീയാ വന്ധ്ധ <br>മ്യനസു അങ വിഴുധു <br>എധുക്കു ഇന്ധ്ധ കോബമ് <br>നദിച്ചധു പോധുമ് <br>മ്യറൈച്ചി നീ പാര്ഥുമ് <br>വെളുക്കുധു സായമ് <br>നേഥേ നാ ഥോഥേന് അദ <br>ഇധുധാനാ ഉന് വേഗമ് <br> <br>അദിയേ അഴഗേ <br>എന് അഴഗേ അദിയേ <br>പേസാമ്യ നൂറു നൂറാ <br>കൂറു പോദാധ <br>വലിയേ വലിയേ <br>എന് ഒളിയേ ഒലിയേ <br>നാന് ഒന്നുമ് പൂധമ് ഇല്ല <br>ഥൂരമ് ഓദാധ",
      "language" : {
        "name" : "Malayalam",
        "code" : "ml"
      }
    },
    {
      "data" : "অদিযে অলগে <br>এন্ অলগে অদিযে <br>পেসাম্য নূড়ু নূড়া <br>কূড়ু পোদাধ <br>ৱলিযে ৱলিযে <br>এন্ ওলিযে ওলিযে <br>নান্ ওন্নুম্ পূধম্ ইল্ল <br>থূরম্ ওদাধ <br> <br>কাধোদ নী সিরিচ্চা <br>ৱার্থ ৱন্ধ্ধু কীড়ুধে <br>আনালুম্ নী থেলিচ্চা <br>কাধল্ উল্ল ঊড়ুধে <br>ৱাযাদি পেযা এন্ <br>থূক্কম্ থূক্কি পোড় <br> <br>অদিযে অলগে <br>এন্ অলগে অদিযে <br>পেসাম্য নূড়ু নূড়া <br>কূড়ু পোদাধ <br>ৱলিযে ৱলিযে <br>এন্ ওলিযে ওলিযে <br>নান্ ওন্নুম্ পূধম্ ইল্ল <br>থূরম্ ওদাধ <br> <br>পোনা পোড়া <br>থানা ৱরুৱা <br>ম্যেধপ্পুল থিরিঞ্জেন্ <br>ৱীরাপ্পেল্লাম্ ৱীঁযাপ্পোচ্চু <br>পোসুক্কুন্নু ওদঞ্জেন্ <br>উন্ সোগ পার্ৱৈ <br>উরসুধু ম্যেল <br>সিরিক্কিড় ওসৈ <br>সরিক্কিধু আল <br>থীধূৱি থীধূৱি <br>পোনা অৱ ৱেঁযুম্ নানুম্ ৱাল <br> <br>এনো উন্ন পার্থা উল্ল <br>সুরুক্কুন্নু ৱরুধু <br>আনা কিত্ত নীযা ৱন্ধ্ধ <br>ম্যনসু অঙ ৱিলুধু <br>এধুক্কু ইন্ধ্ধ কোবম্ <br>নদিচ্চধু পোধুম্ <br>ম্যড়ৈচ্চি নী পার্থুম্ <br>ৱেলুক্কুধু সাযম্ <br>নেথে না থোথেন্ অদ <br>ইধুধানা উন্ ৱেগম্ <br> <br>অদিযে অলগে <br>এন্ অলগে অদিযে <br>পেসাম্য নূড়ু নূড়া <br>কূড়ু পোদাধ <br>ৱলিযে ৱলিযে <br>এন্ ওলিযে ওলিযে <br>নান্ ওন্নুম্ পূধম্ ইল্ল <br>থূরম্ ওদাধ ",
      "language" : {
        "name" : "Kanadam",
        "code" : "ka"
      }
    },
    {
      "data" : "অদিযে অলগে <br>এন্ অলগে অদিযে <br>পেসাম্য নূড়ু নূড়া <br>কূড়ু পোদাধ <br>ৱলিযে ৱলিযে <br>এন্ ওলিযে ওলিযে <br>নান্ ওন্নুম্ পূধম্ ইল্ল <br>থূরম্ ওদাধ <br> <br>কাধোদ নী সিরিচ্চা <br>ৱার্থ ৱন্ধ্ধু কীড়ুধে <br>আনালুম্ নী থেলিচ্চা <br>কাধল্ উল্ল ঊড়ুধে <br>ৱাযাদি পেযা এন্ <br>থূক্কম্ থূক্কি পোড় <br> <br>অদিযে অলগে <br>এন্ অলগে অদিযে <br>পেসাম্য নূড়ু নূড়া <br>কূড়ু পোদাধ <br>ৱলিযে ৱলিযে <br>এন্ ওলিযে ওলিযে <br>নান্ ওন্নুম্ পূধম্ ইল্ল <br>থূরম্ ওদাধ <br> <br>পোনা পোড়া <br>থানা ৱরুৱা <br>ম্যেধপ্পুল থিরিঞ্জেন্ <br>ৱীরাপ্পেল্লাম্ ৱীঁযাপ্পোচ্চু <br>পোসুক্কুন্নু ওদঞ্জেন্ <br>উন্ সোগ পার্ৱৈ <br>উরসুধু ম্যেল <br>সিরিক্কিড় ওসৈ <br>সরিক্কিধু আল <br>থীধূৱি থীধূৱি <br>পোনা অৱ ৱেঁযুম্ নানুম্ ৱাল <br> <br>এনো উন্ন পার্থা উল্ল <br>সুরুক্কুন্নু ৱরুধু <br>আনা কিত্ত নীযা ৱন্ধ্ধ <br>ম্যনসু অঙ ৱিলুধু <br>এধুক্কু ইন্ধ্ধ কোবম্ <br>নদিচ্চধু পোধুম্ <br>ম্যড়ৈচ্চি নী পার্থুম্ <br>ৱেলুক্কুধু সাযম্ <br>নেথে না থোথেন্ অদ <br>ইধুধানা উন্ ৱেগম্ <br> <br>অদিযে অলগে <br>এন্ অলগে অদিযে <br>পেসাম্য নূড়ু নূড়া <br>কূড়ু পোদাধ <br>ৱলিযে ৱলিযে <br>এন্ ওলিযে ওলিযে <br>নান্ ওন্নুম্ পূধম্ ইল্ল <br>থূরম্ ওদাধ ",
      "language" : {
        "name" : "Bengali",
        "code" : "be"
      }
    },
    {
      "data" : "અદિયૅ અલગૅ <br>એન્ અલગૅ અદિયૅ <br>પૅસામ્ય ણૂરુ ણૂરા <br>કૂરુ પૉદાધ <br>વલિયૅ વલિયૅ <br>એન્ ઓળિયૅ ઓલિયૅ <br>ણાન્ ઓન્નુમ્ પૂધમ્ ઇલ્લ <br>થૂરમ્ ઑદાધ <br> <br>કાધૉદ ણી સિરિચ્ચા <br>વાર્થ વન્ધ્ધુ કીરુધૅ <br>આનાલુમ્ ણી થેળિચ્ચા <br>કાધલ્ ઉળ્ળ ઊરુધૅ <br>વાયાદિ પૅયા એન્ <br>થૂક્કમ્ થૂક્કિ પૉર <br> <br>અદિયૅ અલગૅ <br>એન્ અલગૅ અદિયૅ <br>પૅસામ્ય ણૂરુ ણૂરા <br>કૂરુ પૉદાધ <br>વલિયૅ વલિયૅ <br>એન્ ઓળિયૅ ઓલિયૅ <br>ણાન્ ઓન્નુમ્ પૂધમ્ ઇલ્લ <br>થૂરમ્ ઑદાધ <br> <br>પૉના પૉરા <br>થાના વરુવા <br>મ્યેધપ્પુલ થિરિઞ્જૅન્ <br>વીરાપ્પેલ્લામ્ વીંયાપ્પૉચ્ચુ <br>પોસુક્કુન્નુ ઓદઞ્જૅન્ <br>ઉન્ સૉગ પાર્વૈ <br>ઉરસુધુ મ્યૅલ <br>સિરિક્કિર ઑસૈ <br>સરિક્કિધુ આળ <br>થીધૂવિ થીધૂવિ <br>પૉના અવ વૅંયુમ્ ણાનુમ્ વાલ <br> <br>એનૉ ઉન્ન પાર્થા ઉળ્ળ <br>સુરુક્કુન્નુ વરુધુ <br>આના કિત્ત ણીયા વન્ધ્ધ <br>મ્યનસુ અઙ વિલુધુ <br>એધુક્કુ ઇન્ધ્ધ કૉબમ્ <br>ણદિચ્ચધુ પૉધુમ્ <br>મ્યરૈચ્ચિ ણી પાર્થુમ્ <br>વેળુક્કુધુ સાયમ્ <br>ણૅથૅ ણા થૉથૅન્ અદ <br>ઇધુધાના ઉન્ વૅગમ્ <br> <br>અદિયૅ અલગૅ <br>એન્ અલગૅ અદિયૅ <br>પૅસામ્ય ણૂરુ ણૂરા <br>કૂરુ પૉદાધ <br>વલિયૅ વલિયૅ <br>એન્ ઓળિયૅ ઓલિયૅ <br>ણાન્ ઓન્નુમ્ પૂધમ્ ઇલ્લ <br>થૂરમ્ ઑદાધ ",
      "language" : {
        "name" : "Gujarathi",
        "code" : "gu"
      }
    },
    {
      "data" : "अडिये अलगे <br>एन अलगे अडिये <br>पेसाम्अ नूड़ु नूड़ा <br>कूड़ु पोडाद <br>वलिये वलिये <br>एन ओऴिये ओलिये <br>नान ओननुम पूदम इलल <br>तूरम ओडाद <br> <br>कादोड नी सिरिचचा <br>वारत वन्द दु कीड़ुधे <br>आनालुम नी तेऴिचचा <br>कादल उलळ ऊड़ुधे <br>वायाडि पेया एन <br>तूककम तूककि पोड़ <br> <br>अडिये अलगे <br>एन अलगे अडिये <br>पेसाम्अ नूड़ु नूड़ा <br>कूड़ु पोडाद <br>वलिये वलिये <br>एन ओऴिये ओलिये <br>नान ओननुम पूदम इलल <br>तूरम ओडाद <br> <br>पोना पोड़ा <br>ताना वरुवा <br>म्एदप्पुल तिरिञ्जेन <br>वीराप्पेल्लाम वींआप्पोच्चु <br>पोसुक्कुन्नु ओडञ्जेन <br>उन सोग पारवै <br>उरसुदु म्एल <br>सिरिक्किड़ ओसै <br>सरिक्किदु आळ <br>तीदूवि तीदूवि <br>पोना अव वेंउम नानुम वाल <br> <br>एनो उनन पारता उलळ <br>सुरुक्कुन्नु वरुदु <br>आना किटट नीया वन्द द <br>म्अनसु अङ विलुदु <br>एदुककु इन्द द कोबम <br>नडिच्चदु पोदुम <br>म्अड़ैच्चि नी पारतुम <br>वेळुक्कुदु सायम <br>नेते ना तोतेन अड <br>इदुदाना उन वेगम <br> <br>अडिये अलगे <br>एन अलगे अडिये <br>पेसाम्अ नूड़ु नूड़ा <br>कूड़ु पोडाद <br>वलिये वलिये <br>एन ओऴिये ओलिये <br>नान ओननुम पूदम इलल <br>तूरम ओडाद",
      "language" : {
        "name" : "Marathi",
        "code" : "mr"
      }
    },
    {
      "data" : "ଅଦିଯେ ଅଳଗେ <br>ଏନ୍ ଅଳଗେ ଅଦିଯେ <br>ପେସାମ୍ଯ ନୂଡ଼ୁ ନୂଡ଼ା <br>କୂଡ଼ୁ ପୋଦାଧ <br>ୱଳିଯେ ୱଳିଯେ <br>ଏନ୍ ଓଲିଯେ ଓଳିଯେ <br>ନାନ୍ ଓନ୍ନୁମ୍ ପୂଧମ୍ ଇଳ୍ଳ <br>ଥୂରମ୍ ଓଦାଧ <br> <br>କାଧୋଦ ନୀ ସିରିଚ୍ଚା <br>ୱାର୍ଥ ୱନ୍ଧ୍ଧୁ କୀଡ଼ୁଧେ <br>ଆନାଳୁମ୍ ନୀ ଥେଲିଚ୍ଚା <br>କାଧଳ୍ ଉଲ୍ଲ ଊଡ଼ୁଧେ <br>ୱାଯାଦି ପେଯା ଏନ୍ <br>ଥୂକ୍କମ୍ ଥୂକ୍କି ପୋଡ଼ <br> <br>ଅଦିଯେ ଅଳଗେ <br>ଏନ୍ ଅଳଗେ ଅଦିଯେ <br>ପେସାମ୍ଯ ନୂଡ଼ୁ ନୂଡ଼ା <br>କୂଡ଼ୁ ପୋଦାଧ <br>ୱଳିଯେ ୱଳିଯେ <br>ଏନ୍ ଓଲିଯେ ଓଳିଯେ <br>ନାନ୍ ଓନ୍ନୁମ୍ ପୂଧମ୍ ଇଳ୍ଳ <br>ଥୂରମ୍ ଓଦାଧ <br> <br>ପୋନା ପୋଡ଼ା <br>ଥାନା ୱରୁୱା <br>ମ୍ଯେଧପ୍ପୁଳ ଥିରିଞ୍ଜେନ୍ <br>ୱୀରାପ୍ପେଳ୍ଳାମ୍ ୱୀଂଯାପ୍ପୋଚ୍ଚୁ <br>ପୋସୁକ୍କୁନ୍ନୁ ଓଦଞ୍ଜେନ୍ <br>ଉନ୍ ସୋଗ ପାର୍ୱୈ <br>ଉରସୁଧୁ ମ୍ଯେଳ <br>ସିରିକ୍କିଡ଼ ଓସୈ <br>ସରିକ୍କିଧୁ ଆଲ <br>ଥୀଧୂୱି ଥୀଧୂୱି <br>ପୋନା ଅୱ ୱେଂଯୁମ୍ ନାନୁମ୍ ୱାଳ <br> <br>ଏନୋ ଉନ୍ନ ପାର୍ଥା ଉଲ୍ଲ <br>ସୁରୁକ୍କୁନ୍ନୁ ୱରୁଧୁ <br>ଆନା କିତ୍ତ ନୀଯା ୱନ୍ଧ୍ଧ <br>ମ୍ଯନସୁ ଅଙ ୱିଳୁଧୁ <br>ଏଧୁକ୍କୁ ଇନ୍ଧ୍ଧ କୋବମ୍ <br>ନଦିଚ୍ଚଧୁ ପୋଧୁମ୍ <br>ମ୍ଯଡ଼ୈଚ୍ଚି ନୀ ପାର୍ଥୁମ୍ <br>ୱେଲୁକ୍କୁଧୁ ସାଯମ୍ <br>ନେଥେ ନା ଥୋଥେନ୍ ଅଦ <br>ଇଧୁଧାନା ଉନ୍ ୱେଗମ୍ <br> <br>ଅଦିଯେ ଅଳଗେ <br>ଏନ୍ ଅଳଗେ ଅଦିଯେ <br>ପେସାମ୍ଯ ନୂଡ଼ୁ ନୂଡ଼ା <br>କୂଡ଼ୁ ପୋଦାଧ <br>ୱଳିଯେ ୱଳିଯେ <br>ଏନ୍ ଓଲିଯେ ଓଳିଯେ <br>ନାନ୍ ଓନ୍ନୁମ୍ ପୂଧମ୍ ଇଳ୍ଳ <br>ଥୂରମ୍ ଓଦାଧ",
      "language" : {
        "name" : "Oriya",
        "code" : "or"
      }
    },
    {
      "data" : "अडिये अलगे <br>एन अलगे अडिये <br>पेसाम्अ नूड़ु नूड़ा <br>कूड़ु पोडाद <br>वलिये वलिये <br>एन ओऴिये ओलिये <br>नान ओननुम पूदम इलल <br>तूरम ओडाद <br> <br>कादोड नी सिरिचचा <br>वारत वन्द दु कीड़ुधे <br>आनालुम नी तेऴिचचा <br>कादल उलळ ऊड़ुधे <br>वायाडि पेया एन <br>तूककम तूककि पोड़ <br> <br>अडिये अलगे <br>एन अलगे अडिये <br>पेसाम्अ नूड़ु नूड़ा <br>कूड़ु पोडाद <br>वलिये वलिये <br>एन ओऴिये ओलिये <br>नान ओननुम पूदम इलल <br>तूरम ओडाद <br> <br>पोना पोड़ा <br>ताना वरुवा <br>म्एदप्पुल तिरिञ्जेन <br>वीराप्पेल्लाम वींआप्पोच्चु <br>पोसुक्कुन्नु ओडञ्जेन <br>उन सोग पारवै <br>उरसुदु म्एल <br>सिरिक्किड़ ओसै <br>सरिक्किदु आळ <br>तीदूवि तीदूवि <br>पोना अव वेंउम नानुम वाल <br> <br>एनो उनन पारता उलळ <br>सुरुक्कुन्नु वरुदु <br>आना किटट नीया वन्द द <br>म्अनसु अङ विलुदु <br>एदुककु इन्द द कोबम <br>नडिच्चदु पोदुम <br>म्अड़ैच्चि नी पारतुम <br>वेळुक्कुदु सायम <br>नेते ना तोतेन अड <br>इदुदाना उन वेगम <br> <br>अडिये अलगे <br>एन अलगे अडिये <br>पेसाम्अ नूड़ु नूड़ा <br>कूड़ु पोडाद <br>वलिये वलिये <br>एन ओऴिये ओलिये <br>नान ओननुम पूदम इलल <br>तूरम ओडाद",
      "language" : {
        "name" : "konkani",
        "code" : "ko"
      }
    }
  ],
  "mood" : {
    "slug" : "sad",
    "name" : "Sad"
  },
  "thumbnail" : "https:\/\/d1ua79hvv369a0.cloudfront.net\/reflection\/thumbnail\/June\/11\/adiyae-azhagae-thumb-3.jpg",
  "language" : {
    "name" : "Tamil",
    "code" : "ta"
  },
  "slug" : "adiyae-azhagae",
  "info" : {
    "duration" : 4.51,
    "launch_date" : {
      "en" : "11\/06\/2016",
      "hi" : "11\/06\/2016",
      "te" : "11\/06\/2016",
      "ta" : "11\/06\/2016"
    },
    "lyric_genres" : [
      {
        "name" : {
          "en" : "Romance",
          "hi" : "Romance",
          "te" : "Romance",
          "ta" : "காதல்"
        }
      }
    ],
    "lyric_styles" : [
      {
        "name" : {
          "en" : "Contemprory",
          "hi" : "Contemprory",
          "te" : "Contemprory",
          "ta" : "சமகால நடை"
        }
      }
    ],
    "lyric_languages" : [
      {
        "name" : {
          "en" : "Tamil",
          "hi" : "Tamil",
          "te" : "Tamil",
          "ta" : "தமிழ்"
        }
      }
    ],
    "lyric_moods" : [
      {
        "name" : {
          "en" : "Sad",
          "hi" : "Sad",
          "te" : "Sad",
          "ta" : "சோகம்"
        }
      }
    ]
  }
}