{
  "title" : {
    "en" : "Amma",
    "hi" : "Amma",
    "te" : "Amma",
    "ta" : "அம்மா"
  },
  "credits" : {
    "mixers" : [
      {
        "name" : {
          "en" : "Ashish Manchanda",
          "hi" : "Ashish Manchanda",
          "te" : "Ashish Manchanda",
          "ta" : "ஆஷிஷ் மன்சண்ந்தா"
        }
      }
    ],
    "masters" : [
      {
        "name" : {
          "en" : "Ashish Manchanda",
          "hi" : "Ashish Manchanda",
          "te" : "Ashish Manchanda",
          "ta" : "ஆஷிஷ் மன்சண்ந்தா"
        }
      }
    ],
    "composers" : [
      {
        "name" : {
          "en" : "Raghu Dixit",
          "hi" : "Raghu Dixit",
          "te" : "Raghu Dixit",
          "ta" : "ரகு திக்‌ஷித்"
        }
      }
    ],
    "lyricists" : [
      {
        "name" : {
          "en" : "Karky",
          "hi" : "Karky",
          "te" : "Karky",
          "ta" : "கார்க்கி"
        }
      }
    ],
    "singers" : [
      {
        "name" : {
          "en" : "Raghu Dixit",
          "hi" : "Raghu Dixit",
          "te" : "Raghu Dixit",
          "ta" : "ரகு திக்‌ஷித்"
        }
      }
    ],
    "arrangers" : [
      {
        "name" : {
          "en" : "Raghu Dixit",
          "hi" : "Raghu Dixit",
          "te" : "Raghu Dixit",
          "ta" : "ரகு திக்‌ஷித்"
        }
      }
    ],
    "producers" : [
      {
        "name" : {
          "en" : "Raghu Dixit",
          "hi" : "Raghu Dixit",
          "te" : "Raghu Dixit",
          "ta" : "ரகு திக்‌ஷித்"
        }
      }
    ],
    "lyric_video_senior_editor" : [
      {
        "name" : {
          "en" : "Shyam Sundar Murugesan",
          "hi" : "Shyam Sundar Murugesan",
          "te" : "Shyam Sundar Murugesan",
          "ta" : "ஷியாம் சுந்தர் முருகேசன்"
        }
      }
    ],
    "recorded_studios" : [
      {
        "name" : {
          "en" : "Wandering Minstrel Studios",
          "hi" : "Wandering Minstrel Studios",
          "te" : "Wandering Minstrel Studios",
          "ta" : "வண்டரிங் மின்ஸ்ட்ரல் ஸ்டுடியோஸ்"
        }
      }
    ],
    "lyric_video_images" : [
      {
        "name" : {
          "en" : "Enthrall Communication",
          "hi" : "Enthrall Communication",
          "te" : "Enthrall Communication",
          "ta" : "எந்திரால் கம்யுனிகேசன்"
        }
      }
    ],
    "manager_of_visual_content" : [
      {
        "name" : {
          "en" : "Gokula Krishnan R Vasugi, MFI",
          "hi" : "Gokula Krishnan R Vasugi, MFI",
          "te" : "Gokula Krishnan R Vasugi, MFI",
          "ta" : "கோகுல கிருஷ்ணன் R வாசுகி MFI"
        }
      }
    ],
    "sound_engineers" : [
      {
        "name" : {
          "en" : "Dinkar Nayak",
          "hi" : "Dinkar Nayak",
          "te" : "Dinkar Nayak",
          "ta" : "தின்கர் நாயக்"
        }
      }
    ],
    "lyric_video_editor" : [
      {
        "name" : {
          "en" : "Mithran.B",
          "hi" : "Mithran.B",
          "te" : "Mithran.B",
          "ta" : "மித்திரன்.B"
        }
      }
    ]
  },
  "active" : true,
  "published_on" : "2016-05-08T12:30:00.000Z",
  "description" : {
    "en" : "Of all the relations one has in the world, it is no doubt that mother is the most precious one. But as we grow older and experience the world, go chasing our dreams and start building an empire of our own, we often forget that the foundation for it all was laid by our mother. What do we give her in return? This folk rendition of Amma, is a well thought out song that will remind us of the priorities in life.",
    "hi" : "Of all the relations one has in the world, it is no doubt that mother is the most precious one. But as we grow older and experience the world, go chasing our dreams and start building an empire of our own, we often forget that the foundation for it all was laid by our mother. What do we give her in return? This folk rendition of Amma, is a well thought out song that will remind us of the priorities in life.",
    "te" : "Of all the relations one has in the world, it is no doubt that mother is the most precious one. But as we grow older and experience the world, go chasing our dreams and start building an empire of our own, we often forget that the foundation for it all was laid by our mother. What do we give her in return? This folk rendition of Amma, is a well thought out song that will remind us of the priorities in life.",
    "ta" : "எத்தனை உறவுகள் இருந்தென்ன? தாயைக்காட்டிலும் பெரியது ஏதுமில்லை. அந்தத் தாய் தந்த அடித்தளத்தில் வளரும் குழந்தைகள், தங்களுக்கென்று ஓர் உலகம் உருவானபின், அந்த அடித்தளத்தை நினைப்பதில்லை. ஒருவேளை நினைத்தாலும், தாய்க்கு அவர்களால் என்ன செய்துவிடமுடியும்? கிராமிய வாசனையோடு அமைந்திருக்கும் இந்தப் பாடல் வாழ்க்கையில் எது முக்கியம் என்பதை விவரிக்கிறது!"
  },
  "poster" : "https:\/\/d1ua79hvv369a0.cloudfront.net\/reflection\/poster\/08-May-2016\/Amma_cover.jpg",
  "album" : {
    "title" : {
      "en" : "Jag Changa",
      "hi" : "Jag Changa",
      "te" : "Jag Changa",
      "ta" : "Jag Changa"
    },
    "id" : "28",
    "thumbnail" : "https:\/\/d1ua79hvv369a0.cloudfront.net\/reflection\/thumbnail\/08-May-2016\/Amma_thumb.jpg"
  },
  "musics" : [
    {
      "players" : [
        {
          "name" : {
            "en" : "Raghu Dixit",
            "hi" : "Raghu Dixit",
            "te" : "Raghu Dixit",
            "ta" : "ரகு திக்‌ஷித்"
          }
        }
      ],
      "instrument" : {
        "name" : {
          "name" : {
            "en" : "Acoustic Guitar",
            "hi" : "Acoustic Guitar",
            "te" : "Acoustic Guitar",
            "ta" : "அக்கௌஸ்டிக் கிட்டார்ஸ்"
          }
        }
      }
    },
    {
      "players" : [
        {
          "name" : {
            "en" : "Vidwan Mysore H. N. Bhaskar",
            "hi" : "Vidwan Mysore H. N. Bhaskar",
            "te" : "Vidwan Mysore H. N. Bhaskar",
            "ta" : "வித்வான் மைசூர் H. N.பாஸ்கர்"
          }
        }
      ],
      "instrument" : {
        "name" : {
          "name" : {
            "en" : "Violins",
            "hi" : "Violins",
            "te" : "Violins",
            "ta" : "வயலின்கள்"
          }
        }
      }
    },
    {
      "players" : [
        {
          "name" : {
            "en" : "Josy John",
            "hi" : "Josy John",
            "te" : "Josy John",
            "ta" : "ஜொஸி ஜான்"
          }
        }
      ],
      "instrument" : {
        "name" : {
          "name" : {
            "en" : "Bass",
            "hi" : "Bass",
            "te" : "Bass",
            "ta" : "பேஸ்"
          }
        }
      }
    },
    {
      "players" : [
        {
          "name" : {
            "en" : "Madan Mallu",
            "hi" : "Madan Mallu",
            "te" : "Madan Mallu",
            "ta" : "மதன் மல்லு"
          }
        },
        {
          "name" : {
            "en" : "Gerard",
            "hi" : "Gerard",
            "te" : "Gerard",
            "ta" : "ஜெரார்ட் "
          }
        }
      ],
      "instrument" : {
        "name" : {
          "name" : {
            "en" : "Percussions",
            "hi" : "Percussions",
            "te" : "Percussions",
            "ta" : "தாள வாத்திய கருவிகள்"
          }
        }
      }
    },
    {
      "players" : [
        {
          "name" : {
            "en" : "Bryden",
            "hi" : "Bryden",
            "te" : "Bryden",
            "ta" : "பிரைடென்"
          }
        }
      ],
      "instrument" : {
        "name" : {
          "name" : {
            "en" : "Guitars",
            "hi" : "Guitars",
            "te" : "Guitars",
            "ta" : "கிட்டார்"
          }
        }
      }
    }
  ],
  "critics" : [
    {
      "review" : {
        "instrument" : {
          "comment" : {
            "en" : "A healthy fusion of contrasting genres like symphony and Tamil folk is greatly achieved.",
            "hi" : "A healthy fusion of contrasting genres like symphony and Tamil folk is greatly achieved.",
            "te" : "A healthy fusion of contrasting genres like symphony and Tamil folk is greatly achieved.",
            "ta" : "A healthy fusion of contrasting genres like symphony and Tamil folk is greatly achieved."
          },
          "score" : 11
        },
        "overall" : {
          "comment" : {
            "en" : "The new age tribute to Moms!",
            "hi" : "The new age tribute to Moms!",
            "te" : "The new age tribute to Moms!",
            "ta" : "The new age tribute to Moms!"
          },
          "score" : 10.25
        },
        "vocal" : {
          "comment" : {
            "en" : "Fantastic vocals having great range in singing and emote perfectly for the song’s theme",
            "hi" : "Fantastic vocals having great range in singing and emote perfectly for the song’s theme",
            "te" : "Fantastic vocals having great range in singing and emote perfectly for the song’s theme",
            "ta" : "Despite the regular essence it has good variations."
          },
          "score" : 11
        },
        "tune" : {
          "comment" : {
            "en" : "Despite the regular essence it has good variations.",
            "hi" : "Despite the regular essence it has good variations.",
            "te" : "Despite the regular essence it has good variations.",
            "ta" : "Despite the regular essence it has good variations."
          },
          "score" : 9
        },
        "lyric" : {
          "comment" : {
            "en" : "Experimental lyrics which show a new take on mother sentiment",
            "hi" : "Experimental lyrics which show a new take on mother sentiment",
            "te" : "Experimental lyrics which show a new take on mother sentiment",
            "ta" : "Experimental lyrics which show a new take on mother sentiment"
          },
          "score" : 10
        }
      },
      "author" : {
        "name" : "Durga",
        "image" : "https:\/\/d1ua79hvv369a0.cloudfront.net\/reflection\/critic\/critic-durga.png"
      },
      "rating" : 10.25
    },
    {
      "review" : {
        "instrument" : {
          "comment" : {
            "en" : "Very creative blend of folk’ish and modern instruments. Lovely use of violin all through.",
            "hi" : "Very creative blend of folk’ish and modern instruments. Lovely use of violin all through.",
            "te" : "Very creative blend of folk’ish and modern instruments. Lovely use of violin all through.",
            "ta" : "Very creative blend of folk’ish and modern instruments. Lovely use of violin all through."
          },
          "score" : 13
        },
        "overall" : {
          "comment" : {
            "en" : "Usually, mother-sentiment music has been stereotyped as maudlin or sappy in Tamil films. This turns that notion on its head with a catchy, folk outlook!",
            "hi" : "Usually, mother-sentiment music has been stereotyped as maudlin or sappy in Tamil films. This turns that notion on its head with a catchy, folk outlook!",
            "te" : "Usually, mother-sentiment music has been stereotyped as maudlin or sappy in Tamil films. This turns that notion on its head with a catchy, folk outlook!",
            "ta" : "Usually, mother-sentiment music has been stereotyped as maudlin or sappy in Tamil films. This turns that notion on its head with a catchy, folk outlook!"
          },
          "score" : 12.25
        },
        "vocal" : {
          "comment" : {
            "en" : "The ‘heavy’ voice takes time getting used to, but there’s so much life in it that it gets endearing soon enough.",
            "hi" : "The ‘heavy’ voice takes time getting used to, but there’s so much life in it that it gets endearing soon enough.",
            "te" : "The ‘heavy’ voice takes time getting used to, but there’s so much life in it that it gets endearing soon enough.",
            "ta" : "Highly engaging mother-sentiment track with a unique folk touch."
          },
          "score" : 12
        },
        "tune" : {
          "comment" : {
            "en" : "Highly engaging mother-sentiment track with a unique folk touch.",
            "hi" : "Highly engaging mother-sentiment track with a unique folk touch.",
            "te" : "Highly engaging mother-sentiment track with a unique folk touch.",
            "ta" : "Highly engaging mother-sentiment track with a unique folk touch."
          },
          "score" : 12
        },
        "lyric" : {
          "comment" : {
            "en" : "Simple, evocative and heart-rending.",
            "hi" : "Simple, evocative and heart-rending.",
            "te" : "Simple, evocative and heart-rending.",
            "ta" : "Simple, evocative and heart-rending."
          },
          "score" : 12
        }
      },
      "author" : {
        "name" : "Karthik",
        "image" : "https:\/\/d1ua79hvv369a0.cloudfront.net\/reflection\/critic\/critic-karthik.png"
      },
      "rating" : 9
    },
    {
      "review" : {
        "instrument" : {
          "comment" : {
            "en" : "The violins stand out in this song and the violinist sure has the feel for his instrument.",
            "hi" : "The violins stand out in this song and the violinist sure has the feel for his instrument.",
            "te" : "The violins stand out in this song and the violinist sure has the feel for his instrument.",
            "ta" : "The violins stand out in this song and the violinist sure has the feel for his instrument."
          },
          "score" : 10
        },
        "overall" : {
          "comment" : {
            "en" : "A good effort by the team.",
            "hi" : "A good effort by the team.",
            "te" : "A good effort by the team.",
            "ta" : "A good effort by the team."
          },
          "score" : 8.5
        },
        "vocal" : {
          "comment" : {
            "en" : "He has a rustic style and comes across as a trained singer. He conveys pain and emotions with his voice.",
            "hi" : "He has a rustic style and comes across as a trained singer. He conveys pain and emotions with his voice.",
            "te" : "He has a rustic style and comes across as a trained singer. He conveys pain and emotions with his voice.",
            "ta" : "The melody and emotions in the tune stand out."
          },
          "score" : 8
        },
        "tune" : {
          "comment" : {
            "en" : "The melody and emotions in the tune stand out.",
            "hi" : "The melody and emotions in the tune stand out.",
            "te" : "The melody and emotions in the tune stand out.",
            "ta" : "The melody and emotions in the tune stand out."
          },
          "score" : 8
        },
        "lyric" : {
          "comment" : {
            "en" : "The lyrics talk about mother’s love and the son’s regret for ignoring her after going ahead in life.",
            "hi" : "The lyrics talk about mother’s love and the son’s regret for ignoring her after going ahead in life.",
            "te" : "The lyrics talk about mother’s love and the son’s regret for ignoring her after going ahead in life.",
            "ta" : "The lyrics talk about mother’s love and the son’s regret for ignoring her after going ahead in life."
          },
          "score" : 8
        }
      },
      "author" : {
        "name" : "Kaushik",
        "image" : "https:\/\/d1ua79hvv369a0.cloudfront.net\/reflection\/critic\/Kaushik-200x200.jpg"
      },
      "rating" : 8.5
    }
  ],
  "type" : {
    "slug" : "independent-music",
    "name" : "Independent Music"
  },
  "lyrics" : [
    {
      "data" : "Along your breasts you<br>shovelled and bore me mom<br>Affection as milk,<br>you fed and nurtured my life mom!<br><br>With my smile and cry,<br>you relinquished your life! <br>I became a tree today<br>and it's you who sowed it yesterday!<br><br>Along your breasts you<br>shovelled and bore me mom<br><br>Within my smile and cry,<br>you relinquished your life! <br>I became a tree today<br>and it's you who sowed it yesterday!<br><br>In the world,<br>are so many kins<br>but only of you <br>my dejected heart thinks!<br><br>Even from far<br>you throb for me<br>day and night<br>you think only about me!<br><br>Whenever I fail my fight<br>you brace me very tight<br>You uplift me and take me<br>again to the sky!<br><br>I climbed higher and flew due to you, <br>but disregarded you <br>In search of pride,<br>I scampered away, mom!<br><br>Along your breasts you<br>shovelled and bore me mom<br> <br>Into a discrete world, I vanished<br>Just for myself I endlessly lived!<br><br>I created songs that<br>the world could admire <br>but mom, to compose one for you,<br>I missed to desire!<br><br>I sang for you today<br>I sang about you<br>I realised my lapse, and <br>searched for your lap<br><br>Awards are no match<br>for one hug of yours<br>In the world without you<br>pointless are these laurels!<br><br>Only now<br>I'm falling at your feet<br>Upon your lap again, I'm hoping to sleep <br>you sing, mom!<br><br>Along your breasts you<br>shovelled and bore me mom<br>Affection as milk,<br>you fed and nurtured my life mom!<br><br>With my smile and cry,<br>you relinquished your life! <br>I am a tree today<br>and it's you who sowed it yesterday!<br><br>Along your breasts you<br>shovelled and bore me mom",
      "language" : {
        "name" : "English",
        "code" : "en"
      }
    },
    {
      "data" : "மார்போடு எனை அள்ளிச்<br>சுமந்தாய் அம்மா<br>பாசத்தைப் பாலாக<br>உயிரூட்டி வளர்த்தாய் அம்மா!<br><br>என் கண்ணீர் சிரிப்போடு<br>உன் வாழ்க்கை தொலைத்தாய்!<br>நான் இன்று மரமானேன் <br>நீ தானே விதைத்தாய் அம்மா!<br><br>மார்போடு எனை அள்ளிச்<br>சுமந்தாய் அம்மா<br>என் கண்ணீர் சிரிப்போடு<br>உன் வாழ்க்கை தொலைத்தாய்!<br>நான் இன்று மரமானேன் <br>நீ தானே விதைத்தாய் அம்மா!<br><br>உலகில் உலகில்<br>உறவு பல இருக்கும்<br>துவழும் மனமோ<br>உனைதான் நினைக்கும்!<br><br>தொலைவில் இருந்தும்<br>எனக்காய் நீ துடித்தாய்<br>இரவும் பகலும்<br>எனைதான் நினைத்தாய்!<br><br>வீழும் போதெல்லாம்<br>எனை தாங்கிக் கொள்வாய்.<br>வான் மீது மீண்டும்<br>எனை ஏற்றிச் செல்வாய்!<br><br>மேலேறி பறந்தேனே உன்னாலே<br>நான் உன்னை மறந்தேனே<br>புகழ் தேடி பறந்தோடிப் <br>போனேன் அம்மா!<br><br>மார்போடு எனை அள்ளிச்<br>சுமந்தாய் அம்மா<br><br>தனியோர் உலகில் தொலைந்தேன்<br>எனக்காய் வாழ்ந்தே கிடந்தேன்<br><br>உலகம் ரசிக்க பாடல் செய்தேன்<br>உனக்கோர் பாடல் <br>புனைந்திட மறந்தேனே அம்மா!<br><br>உனக்கின்று பாடினேன்<br>உனை பற்றி பாடினேன்<br>என் தவறை நானுணர்ந்து <br>உந்தன் மடி தேடினேன்<br><br>உந்தன் ஒரு அணைப்புக்கு<br>விருதுகள் நிகரில்லை<br>நீ இல்லாத உலகில் இந்த<br>வெற்றிகளில் பொருளில்லை<br><br>இப்போதுன் பாதத்தில் <br>விழுகின்றேன்<br>மீண்டும் உன் மடி ஏறி உறங்கத்தான்<br>பார்க்கின்றேன் நீ பாடம்மா!<br><br>மார்போடு எனை அள்ளிச் <br>சுமந்தாய் அம்மா<br>பாசத்தைப் பாலாக்கி <br>உயிரூட்டி வளர்த்தாய் அம்மா!<br><br>என் கண்ணீர் சிரிப்போடு <br>உன் வாழ்க்கை தொலைத்தாய்!<br>நான் இன்று மரமானேன் <br>நீ தானே விதைத்தாய் அம்மா!<br><br>மார்போடு எனை அள்ளிச்<br>சுமந்தாய் அம்மா",
      "language" : {
        "name" : "Tamil",
        "code" : "ta"
      }
    }
  ],
  "id" : "43",
  "phonetic_lyrics" : [
    {
      "data" : "maarpoadu enai aLLich<br>sumandhdhaay ammaa<br>paasathaip paalaaga<br>uyirootti vaLarthaay ammaa!<br><br>en kaNNeer sirippoadu<br>un vaazhkkai tholaithaay!<br>naan indRu maramaanaen<br>nee thaanae vidhaithaay ammaa!<br><br>maarpoadu enai aLLich<br>sumandhdhaay ammaa<br>en kaNNeer sirippoadu<br>un vaazhkkai tholaithaay!<br>naan indRu maramaanaen<br>nee thaanae vidhaithaay ammaa!<br><br>ulagil ulagil<br>uRavu pala irukkum<br>thuvazhum manamoa<br>unaidhaan ninaikkum!<br><br>tholaivil irundhdhum<br>enakkaay nee thudithaay<br>iravum pagalum<br>enaidhaan ninaithaay!<br><br>veezhum poadhellaam<br>enai thaanggik koLvaay.<br>vaan meedhu meeNdum<br>enai aetRi chelvaay!<br><br>maelaeRi paRandhdhaenae unnaalae<br>naan unnai maRandhdhaenae<br>pugazh thaedi paRandhdhoadip<br>poanaen ammaa!<br><br>maarpoadu enai aLLich<br>sumandhdhaay ammaa<br><br>thaniyoar ulagil tholaindhdhaen<br>enakkaay vaazhndhdhae kidandhdhaen<br><br>ulagam rasikka paadal seydhaen<br>unakkoar paadal<br>punaindhdhida maRandhdhaenae ammaa!<br><br>unakkindRu paadinaen<br>unai patRi paadinaen<br>en thavaRai naanuNarndhdhu<br>undhdhan madi thaedinaen<br><br>undhdhan oru aNaippukku<br>virudhugaL nigarillai<br>nee illaadha ulagil indhdha<br>vetRigaLil poruLillai<br><br>ippoadhun paadhathil<br>vizhugindRaen<br>meeNdum un madi aeRi uRangathaan<br>paarkkindRaen nee paadammaa!<br><br>maarpoadu enai aLLich<br>sumandhdhaay ammaa<br>paasathaip paalaakki<br>uyirootti vaLarthaay ammaa!<br><br>en kaNNeer sirippoadu<br>un vaazhkkai tholaithaay!<br>naan indRu maramaanaen<br>nee thaanae vidhaithaay ammaa!<br><br>maarpoadu enai aLLich<br>sumandhdhaay ammaa",
      "language" : {
        "name" : "English",
        "code" : "en"
      }
    },
    {
      "data" : "மார்போடு எனை அள்ளிச்<br>சுமந்தாய் அம்மா<br>பாசத்தைப் பாலாக<br>உயிரூட்டி வளர்த்தாய் அம்மா!<br><br>என் கண்ணீர் சிரிப்போடு<br>உன் வாழ்க்கை தொலைத்தாய்!<br>நான் இன்று மரமானேன் <br>நீ தானே விதைத்தாய் அம்மா!<br><br>மார்போடு எனை அள்ளிச்<br>சுமந்தாய் அம்மா<br>என் கண்ணீர் சிரிப்போடு<br>உன் வாழ்க்கை தொலைத்தாய்!<br>நான் இன்று மரமானேன் <br>நீ தானே விதைத்தாய் அம்மா!<br><br>உலகில் உலகில்<br>உறவு பல இருக்கும்<br>துவழும் மனமோ<br>உனைதான் நினைக்கும்!<br><br>தொலைவில் இருந்தும்<br>எனக்காய் நீ துடித்தாய்<br>இரவும் பகலும்<br>எனைதான் நினைத்தாய்!<br><br>வீழும் போதெல்லாம்<br>எனை தாங்கிக் கொள்வாய்.<br>வான் மீது மீண்டும்<br>எனை ஏற்றிச் செல்வாய்!<br><br>மேலேறி பறந்தேனே உன்னாலே<br>நான் உன்னை மறந்தேனே<br>புகழ் தேடி பறந்தோடிப் <br>போனேன் அம்மா!<br><br>மார்போடு எனை அள்ளிச்<br>சுமந்தாய் அம்மா<br><br>தனியோர் உலகில் தொலைந்தேன்<br>எனக்காய் வாழ்ந்தே கிடந்தேன்<br><br>உலகம் ரசிக்க பாடல் செய்தேன்<br>உனக்கோர் பாடல் <br>புனைந்திட மறந்தேனே அம்மா!<br><br>உனக்கின்று பாடினேன்<br>உனை பற்றி பாடினேன்<br>என் தவறை நானுணர்ந்து <br>உந்தன் மடி தேடினேன்<br><br>உந்தன் ஒரு அணைப்புக்கு<br>விருதுகள் நிகரில்லை<br>நீ இல்லாத உலகில் இந்த<br>வெற்றிகளில் பொருளில்லை<br><br>இப்போதுன் பாதத்தில் <br>விழுகின்றேன்<br>மீண்டும் உன் மடி ஏறி உறங்கத்தான்<br>பார்க்கின்றேன் நீ பாடம்மா!<br><br>மார்போடு எனை அள்ளிச் <br>சுமந்தாய் அம்மா<br>பாசத்தைப் பாலாக்கி <br>உயிரூட்டி வளர்த்தாய் அம்மா!<br><br>என் கண்ணீர் சிரிப்போடு <br>உன் வாழ்க்கை தொலைத்தாய்!<br>நான் இன்று மரமானேன் <br>நீ தானே விதைத்தாய் அம்மா!<br><br>மார்போடு எனை அள்ளிச்<br>சுமந்தாய் அம்மா",
      "language" : {
        "name" : "Tamil",
        "code" : "ta"
      }
    },
    {
      "data" : "म्आर्पोडु एनै अलऴिच <br>सुम्अन्द दाय अमम्आ <br>पासतैप पालाग <br>उयिरूट्टि वळर्ताय अमम्आ! <br> <br>एन कंणीर सिरिप्पोडु <br>उन वाल्ककै तोलैताय! <br>नान इनडड़ु म्अरम्आनेन <br>नी ताने विधैताय अमम्आ! <br> <br>म्आर्पोडु एनै अलऴिच <br>सुम्अन्द दाय अमम्आ <br>एन कंणीर सिरिप्पोडु <br>उन वाल्ककै तोलैताय! <br>नान इनडड़ु म्अरम्आनेन <br>नी ताने विधैताय अमम्आ! <br> <br>उलगिल उलगिल <br>उड़वु पल इरुक्कुम <br>तुवलुम म्अनम्ओ <br>उनैदान निनैक्कुम! <br> <br>तोलैविल इरुन्द दुम <br>एनक्काय नी तुडिताय <br>इरवुम पगलुम <br>एनैदान निनैताय! <br> <br>वीलुम पोदेल्लाम <br>एनै ताङगिक कोलवाय. <br>वान म्ईदु म्ईंडुम <br>एनै एटरि चेलवाय! <br> <br>म्एलेरि पड़न्द धेने उननाले <br>नान उननै म्अड़न्द धेने <br>पुगल् तेडि पड़न्द दोडिप <br>पोनेन अमम्आ! <br> <br>म्आर्पोडु एनै अलऴिच <br>सुम्अन्द दाय अमम्आ <br> <br>तनियोर उलगिल तोलैन्द धेन <br>एनक्काय वाल्न्द धे किडन्द धेन <br> <br>उलगम रसिकक पाडल सेयधेन <br>उनक्कोर पाडल <br>पुनैन्द दिड म्अड़न्द धेने अमम्आ! <br> <br>उनक्किन्ड्ड़ु पाडिनेन <br>उनै पटरि पाडिनेन <br>एन तवड़ै नानुंअर्न्द दु <br>उन्द दन म्अडि तेडिनेन <br> <br>उन्द दन ओरु अंऐप्पुक्कु <br>विरुदुगल निगरिल्लै <br>नी इललाद उलगिल इन्द द <br>वेट्रिगऴिल पोरुऴिल्लै <br> <br>इप्पोदुन पादतिल <br>विलुगिन्ड्ड़ेन <br>म्ईंडुम उन म्अडि एरि उड़ङतान <br>पार्क्किन्ड्ड़ेन नी पाडम्म्आ! <br> <br>म्आर्पोडु एनै अलऴिच <br>सुम्अन्द दाय अमम्आ <br>पासतैप पालाककि <br>उयिरूट्टि वळर्ताय अमम्आ! <br> <br>एन कंणीर सिरिप्पोडु <br>उन वाल्ककै तोलैताय! <br>नान इनडड़ु म्अरम्आनेन <br>नी ताने विधैताय अमम्आ! <br> <br>म्आर्पोडु एनै अलऴिच <br>सुम्अन्द दाय अमम्आ",
      "language" : {
        "name" : "Hindi",
        "code" : "hi"
      }
    },
    {
      "data" : "మ్యార్పోదు ఎనై అళ్ళిఛ్ <br>సుమ్యన్ధ్ధాయ్ అమ్మ్యా <br>పాసథైప్ పాలాగ <br>ఉయిరూత్తి వళర్థాయ్ అమ్మ్యా! <br> <br>ఎన్ కంణీర్ సిరిప్పోదు <br>ఉన్ వాల్క్కై థొలైథాయ్! <br>నాన్ ఇన్ద్ఱు మ్యరమ్యానేన్ <br>నె థానే విధైథాయ్ అమ్మ్యా! <br> <br>మ్యార్పోదు ఎనై అళ్ళిఛ్ <br>సుమ్యన్ధ్ధాయ్ అమ్మ్యా <br>ఎన్ కంణీర్ సిరిప్పోదు <br>ఉన్ వాల్క్కై థొలైథాయ్! <br>నాన్ ఇన్ద్ఱు మ్యరమ్యానేన్ <br>నె థానే విధైథాయ్ అమ్మ్యా! <br> <br>ఉలగిల్ ఉలగిల్ <br>ఉఱవు పల ఇరుక్కుమ్ <br>థువలుమ్ మ్యనమ్యో <br>ఉనైధాన్ నినైక్కుమ్! <br> <br>థొలైవిల్ ఇరున్ధ్ధుమ్ <br>ఎనక్కాయ్ నె థుదిథాయ్ <br>ఇరవుమ్ పగలుమ్ <br>ఎనైధాన్ నినైథాయ్! <br> <br>వీలుమ్ పోధెల్లామ్ <br>ఎనై థాఙ్గిక్ కొళ్వాయ్. <br>వాన్ మ్యీధు మ్ఈందుమ్ <br>ఎనై ఏత్ఱి ఛెల్వాయ్! <br> <br>మ్యేలేఱి పఱన్ధ్ధేనే ఉన్నాలే <br>నాన్ ఉన్నై మ్యఱన్ధ్ధేనే <br>పుగల్ థేది పఱన్ధ్ధోదిప్ <br>పోనేన్ అమ్మ్యా! <br> <br>మ్యార్పోదు ఎనై అళ్ళిఛ్ <br>సుమ్యన్ధ్ధాయ్ అమ్మ్యా <br> <br>థనియోర్ ఉలగిల్ థొలైన్ధ్ధేన్ <br>ఎనక్కాయ్ వాల్న్ధ్ధే కిదన్ధ్ధేన్ <br> <br>ఉలగమ్ రసిక్క పాదల్ సెయ్ధేన్ <br>ఉనక్కోర్ పాదల్ <br>పునైన్ధ్ధిద మ్యఱన్ధ్ధేనే అమ్మ్యా! <br> <br>ఉనక్కిన్ద్ఱు పాదినేన్ <br>ఉనై పత్ఱి పాదినేన్ <br>ఎన్ థవఱై నానుంయర్న్ధ్ధు <br>ఉన్ధ్ధన్ మ్యది థేదినేన్ <br> <br>ఉన్ధ్ధన్ ఒరు అంయైప్పుక్కు <br>విరుధుగళ్ నిగరిల్లై <br>నె ఇల్లాధ ఉలగిల్ ఇన్ధ్ధ <br>వెత్ఱిగళిల్ పొరుళిల్లై <br> <br>ఇప్పోధున్ పాధథిల్ <br>విలుగిన్ద్ఱేన్ <br>మ్ఈందుమ్ ఉన్ మ్యది ఏఱి ఉఱఙథాన్ <br>పార్క్కిన్ద్ఱేన్ నె పాదమ్మ్యా! <br> <br>మ్యార్పోదు ఎనై అళ్ళిఛ్ <br>సుమ్యన్ధ్ధాయ్ అమ్మ్యా <br>పాసథైప్ పాలాక్కి <br>ఉయిరూత్తి వళర్థాయ్ అమ్మ్యా! <br> <br>ఎన్ కంణీర్ సిరిప్పోదు <br>ఉన్ వాల్క్కై థొలైథాయ్! <br>నాన్ ఇన్ద్ఱు మ్యరమ్యానేన్ <br>నె థానే విధైథాయ్ అమ్మ్యా! <br> <br>మ్యార్పోదు ఎనై అళ్ళిఛ్ <br>సుమ్యన్ధ్ధాయ్ అమ్మ్యా",
      "language" : {
        "name" : "Telugu",
        "code" : "te"
      }
    },
    {
      "data" : "മ്യാര്പോദു എനൈ അള്ളിച് <br>സുമ്യന്ധ്ധായ് അമ്മ്യാ <br>പാസഥൈപ് പാലാഗ <br>ഉയിരൂത്തി വളര്ഥായ് അമ്മ്യാ! <br> <br>എന് കംണീര് സിരിപ്പോദു <br>ഉന് വാഴ്ക്കൈ ഥൊലൈഥായ്! <br>നാന് ഇന്ദ്റു മ്യരമ്യാനേന് <br>നീ ഥാനേ വിധൈഥായ് അമ്മ്യാ! <br> <br>മ്യാര്പോദു എനൈ അള്ളിച് <br>സുമ്യന്ധ്ധായ് അമ്മ്യാ <br>എന് കംണീര് സിരിപ്പോദു <br>ഉന് വാഴ്ക്കൈ ഥൊലൈഥായ്! <br>നാന് ഇന്ദ്റു മ്യരമ്യാനേന് <br>നീ ഥാനേ വിധൈഥായ് അമ്മ്യാ! <br> <br>ഉലഗില് ഉലഗില് <br>ഉറവു പല ഇരുക്കുമ് <br>ഥുവഴുമ് മ്യനമ്യോ <br>ഉനൈധാന് നിനൈക്കുമ്! <br> <br>ഥൊലൈവില് ഇരുന്ധ്ധുമ് <br>എനക്കായ് നീ ഥുദിഥായ് <br>ഇരവുമ് പഗലുമ് <br>എനൈധാന് നിനൈഥായ്! <br> <br>വീഴുമ് പോധെല്ലാമ് <br>എനൈ ഥാങ്ഗിക് കൊള്വായ്. <br>വാന് മ്യീധു മ്ഈംദുമ് <br>എനൈ ഏത്റി ചെല്വായ്! <br> <br>മ്യേലേറി പറന്ധ്ധേനേ ഉന്നാലേ <br>നാന് ഉന്നൈ മ്യറന്ധ്ധേനേ <br>പുഗഴ് ഥേദി പറന്ധ്ധോദിപ് <br>പോനേന് അമ്മ്യാ! <br> <br>മ്യാര്പോദു എനൈ അള്ളിച് <br>സുമ്യന്ധ്ധായ് അമ്മ്യാ <br> <br>ഥനിയോര് ഉലഗില് ഥൊലൈന്ധ്ധേന് <br>എനക്കായ് വാഴ്ന്ധ്ധേ കിദന്ധ്ധേന് <br> <br>ഉലഗമ് രസിക്ക പാദല് സെയ്ധേന് <br>ഉനക്കോര് പാദല് <br>പുനൈന്ധ്ധിദ മ്യറന്ധ്ധേനേ അമ്മ്യാ! <br> <br>ഉനക്കിന്ദ്റു പാദിനേന് <br>ഉനൈ പത്റി പാദിനേന് <br>എന് ഥവറൈ നാനുംയര്ന്ധ്ധു <br>ഉന്ധ്ധന് മ്യദി ഥേദിനേന് <br> <br>ഉന്ധ്ധന് ഒരു അംയൈപ്പുക്കു <br>വിരുധുഗള് നിഗരില്ലൈ <br>നീ ഇല്ലാധ ഉലഗില് ഇന്ധ്ധ <br>വെത്റിഗളില് പൊരുളില്ലൈ <br> <br>ഇപ്പോധുന് പാധഥില് <br>വിഴുഗിന്ദ്റേന് <br>മ്ഈംദുമ് ഉന് മ്യദി ഏറി ഉറങഥാന് <br>പാര്ക്കിന്ദ്റേന് നീ പാദമ്മ്യാ! <br> <br>മ്യാര്പോദു എനൈ അള്ളിച് <br>സുമ്യന്ധ്ധായ് അമ്മ്യാ <br>പാസഥൈപ് പാലാക്കി <br>ഉയിരൂത്തി വളര്ഥായ് അമ്മ്യാ! <br> <br>എന് കംണീര് സിരിപ്പോദു <br>ഉന് വാഴ്ക്കൈ ഥൊലൈഥായ്! <br>നാന് ഇന്ദ്റു മ്യരമ്യാനേന് <br>നീ ഥാനേ വിധൈഥായ് അമ്മ്യാ! <br> <br>മ്യാര്പോദു എനൈ അള്ളിച് <br>സുമ്യന്ധ്ധായ് അമ്മ്യാ",
      "language" : {
        "name" : "Malayalam",
        "code" : "ml"
      }
    },
    {
      "data" : "ಮ್ಯಾರ್ಪೋದು ಎನೈ ಅಳ್ಳಿಚ್ <br>ಸುಮ್ಯನ್ಧ್ಧಾಯ್ ಅಮ್ಮ್ಯಾ <br>ಪಾಸಥೈಪ್ ಪಾಲಾಗ <br>ಉಯಿರೂತ್ತಿ ವಳರ್ಥಾಯ್ ಅಮ್ಮ್ಯಾ! <br> <br>ಎನ್ ಕಂಣೀರ್ ಸಿರಿಪ್ಪೋದು <br>ಉನ್ ವಾಲ್ಕ್ಕೈ ಥೊಲೈಥಾಯ್! <br>ನಾನ್ ಇನ್ದ್ರು ಮ್ಯರಮ್ಯಾನೇನ್ <br>ನೀ ಥಾನೇ ವಿಧೈಥಾಯ್ ಅಮ್ಮ್ಯಾ! <br> <br>ಮ್ಯಾರ್ಪೋದು ಎನೈ ಅಳ್ಳಿಚ್ <br>ಸುಮ್ಯನ್ಧ್ಧಾಯ್ ಅಮ್ಮ್ಯಾ <br>ಎನ್ ಕಂಣೀರ್ ಸಿರಿಪ್ಪೋದು <br>ಉನ್ ವಾಲ್ಕ್ಕೈ ಥೊಲೈಥಾಯ್! <br>ನಾನ್ ಇನ್ದ್ರು ಮ್ಯರಮ್ಯಾನೇನ್ <br>ನೀ ಥಾನೇ ವಿಧೈಥಾಯ್ ಅಮ್ಮ್ಯಾ! <br> <br>ಉಲಗಿಲ್ ಉಲಗಿಲ್ <br>ಉರವು ಪಲ ಇರುಕ್ಕುಮ್ <br>ಥುವಲುಮ್ ಮ್ಯನಮ್ಯೋ <br>ಉನೈಧಾನ್ ನಿನೈಕ್ಕುಮ್! <br> <br>ಥೊಲೈವಿಲ್ ಇರುನ್ಧ್ಧುಮ್ <br>ಎನಕ್ಕಾಯ್ ನೀ ಥುದಿಥಾಯ್ <br>ಇರವುಮ್ ಪಗಲುಮ್ <br>ಎನೈಧಾನ್ ನಿನೈಥಾಯ್! <br> <br>ವೀಲುಮ್ ಪೋಧೆಲ್ಲಾಮ್ <br>ಎನೈ ಥಾಙ್ಗಿಕ್ ಕೊಳ್ವಾಯ್. <br>ವಾನ್ ಮ್ಯೀಧು ಮ್ಈಂದುಮ್ <br>ಎನೈ ಏತ್ರಿ ಚೆಲ್ವಾಯ್! <br> <br>ಮ್ಯೇಲೇರಿ ಪರನ್ಧ್ಧೇನೇ ಉನ್ನಾಲೇ <br>ನಾನ್ ಉನ್ನೈ ಮ್ಯರನ್ಧ್ಧೇನೇ <br>ಪುಗಲ್ ಥೇದಿ ಪರನ್ಧ್ಧೋದಿಪ್ <br>ಪೋನೇನ್ ಅಮ್ಮ್ಯಾ! <br> <br>ಮ್ಯಾರ್ಪೋದು ಎನೈ ಅಳ್ಳಿಚ್ <br>ಸುಮ್ಯನ್ಧ್ಧಾಯ್ ಅಮ್ಮ್ಯಾ <br> <br>ಥನಿಯೋರ್ ಉಲಗಿಲ್ ಥೊಲೈನ್ಧ್ಧೇನ್ <br>ಎನಕ್ಕಾಯ್ ವಾಲ್ನ್ಧ್ಧೇ ಕಿದನ್ಧ್ಧೇನ್ <br> <br>ಉಲಗಮ್ ರಸಿಕ್ಕ ಪಾದಲ್ ಸೆಯ್ಧೇನ್ <br>ಉನಕ್ಕೋರ್ ಪಾದಲ್ <br>ಪುನೈನ್ಧ್ಧಿದ ಮ್ಯರನ್ಧ್ಧೇನೇ ಅಮ್ಮ್ಯಾ! <br> <br>ಉನಕ್ಕಿನ್ದ್ರು ಪಾದಿನೇನ್ <br>ಉನೈ ಪತ್ರಿ ಪಾದಿನೇನ್ <br>ಎನ್ ಥವರೈ ನಾನುಂಯರ್ನ್ಧ್ಧು <br>ಉನ್ಧ್ಧನ್ ಮ್ಯದಿ ಥೇದಿನೇನ್ <br> <br>ಉನ್ಧ್ಧನ್ ಒರು ಅಂಯೈಪ್ಪುಕ್ಕು <br>ವಿರುಧುಗಳ್ ನಿಗರಿಲ್ಲೈ <br>ನೀ ಇಲ್ಲಾಧ ಉಲಗಿಲ್ ಇನ್ಧ್ಧ <br>ವೆತ್ರಿಗಳಿಲ್ ಪೊರುಳಿಲ್ಲೈ <br> <br>ಇಪ್ಪೋಧುನ್ ಪಾಧಥಿಲ್ <br>ವಿಲುಗಿನ್ದ್ರೇನ್ <br>ಮ್ಈಂದುಮ್ ಉನ್ ಮ್ಯದಿ ಏರಿ ಉರಙಥಾನ್ <br>ಪಾರ್ಕ್ಕಿನ್ದ್ರೇನ್ ನೀ ಪಾದಮ್ಮ್ಯಾ! <br> <br>ಮ್ಯಾರ್ಪೋದು ಎನೈ ಅಳ್ಳಿಚ್ <br>ಸುಮ್ಯನ್ಧ್ಧಾಯ್ ಅಮ್ಮ್ಯಾ <br>ಪಾಸಥೈಪ್ ಪಾಲಾಕ್ಕಿ <br>ಉಯಿರೂತ್ತಿ ವಳರ್ಥಾಯ್ ಅಮ್ಮ್ಯಾ! <br> <br>ಎನ್ ಕಂಣೀರ್ ಸಿರಿಪ್ಪೋದು <br>ಉನ್ ವಾಲ್ಕ್ಕೈ ಥೊಲೈಥಾಯ್! <br>ನಾನ್ ಇನ್ದ್ರು ಮ್ಯರಮ್ಯಾನೇನ್ <br>ನೀ ಥಾನೇ ವಿಧೈಥಾಯ್ ಅಮ್ಮ್ಯಾ! <br> <br>ಮ್ಯಾರ್ಪೋದು ಎನೈ ಅಳ್ಳಿಚ್ <br>ಸುಮ್ಯನ್ಧ್ಧಾಯ್ ಅಮ್ಮ್ಯಾ",
      "language" : {
        "name" : "Kanadam",
        "code" : "ka"
      }
    },
    {
      "data" : "ম্যার্পোদু এনৈ অল্লিচ্ <br>সুম্যন্ধ্ধায্ অম্ম্যা <br>পাসথৈপ্ পালাগ <br>উযিরূত্তি ৱলর্থায্ অম্ম্যা! <br> <br>এন্ কঁণীর্ সিরিপ্পোদু <br>উন্ ৱাল্ক্কৈ থোলৈথায্! <br>নান্ ইন্দ্ড়ু ম্যরম্যানেন্ <br>নী থানে ৱিধৈথায্ অম্ম্যা! <br> <br>ম্যার্পোদু এনৈ অল্লিচ্ <br>সুম্যন্ধ্ধায্ অম্ম্যা <br>এন্ কঁণীর্ সিরিপ্পোদু <br>উন্ ৱাল্ক্কৈ থোলৈথায্! <br>নান্ ইন্দ্ড়ু ম্যরম্যানেন্ <br>নী থানে ৱিধৈথায্ অম্ম্যা! <br> <br>উলগিল্ উলগিল্ <br>উড়ৱু পল ইরুক্কুম্ <br>থুৱলুম্ ম্যনম্যো <br>উনৈধান্ নিনৈক্কুম্! <br> <br>থোলৈৱিল্ ইরুন্ধ্ধুম্ <br>এনক্কায্ নী থুদিথায্ <br>ইরৱুম্ পগলুম্ <br>এনৈধান্ নিনৈথায্! <br> <br>ৱীলুম্ পোধেল্লাম্ <br>এনৈ থাঙ্গিক্ কোল্ৱায্. <br>ৱান্ ম্যীধু ম্ঈঁদুম্ <br>এনৈ এত্ড়ি চেল্ৱায্! <br> <br>ম্যেলেড়ি পড়ন্ধ্ধেনে উন্নালে <br>নান্ উন্নৈ ম্যড়ন্ধ্ধেনে <br>পুগল্ থেদি পড়ন্ধ্ধোদিপ্ <br>পোনেন্ অম্ম্যা! <br> <br>ম্যার্পোদু এনৈ অল্লিচ্ <br>সুম্যন্ধ্ধায্ অম্ম্যা <br> <br>থনিযোর্ উলগিল্ থোলৈন্ধ্ধেন্ <br>এনক্কায্ ৱাল্ন্ধ্ধে কিদন্ধ্ধেন্ <br> <br>উলগম্ রসিক্ক পাদল্ সেয্ধেন্ <br>উনক্কোর্ পাদল্ <br>পুনৈন্ধ্ধিদ ম্যড়ন্ধ্ধেনে অম্ম্যা! <br> <br>উনক্কিন্দ্ড়ু পাদিনেন্ <br>উনৈ পত্ড়ি পাদিনেন্ <br>এন্ থৱড়ৈ নানুঁযর্ন্ধ্ধু <br>উন্ধ্ধন্ ম্যদি থেদিনেন্ <br> <br>উন্ধ্ধন্ ওরু অঁযৈপ্পুক্কু <br>ৱিরুধুগল্ নিগরিল্লৈ <br>নী ইল্লাধ উলগিল্ ইন্ধ্ধ <br>ৱেত্ড়িগলিল্ পোরুলিল্লৈ <br> <br>ইপ্পোধুন্ পাধথিল্ <br>ৱিলুগিন্দ্ড়েন্ <br>ম্ঈঁদুম্ উন্ ম্যদি এড়ি উড়ঙথান্ <br>পার্ক্কিন্দ্ড়েন্ নী পাদম্ম্যা! <br> <br>ম্যার্পোদু এনৈ অল্লিচ্ <br>সুম্যন্ধ্ধায্ অম্ম্যা <br>পাসথৈপ্ পালাক্কি <br>উযিরূত্তি ৱলর্থায্ অম্ম্যা! <br> <br>এন্ কঁণীর্ সিরিপ্পোদু <br>উন্ ৱাল্ক্কৈ থোলৈথায্! <br>নান্ ইন্দ্ড়ু ম্যরম্যানেন্ <br>নী থানে ৱিধৈথায্ অম্ম্যা! <br> <br>ম্যার্পোদু এনৈ অল্লিচ্ <br>সুম্যন্ধ্ধায্ অম্ম্যা",
      "language" : {
        "name" : "Bengali",
        "code" : "be"
      }
    },
    {
      "data" : "મ્યાર્પૉદુ એનૈ અળ્ળિચ્ <br>સુમ્યન્ધ્ધાય્ અમ્મ્યા <br>પાસથૈપ્ પાલાગ <br>ઉયિરૂત્તિ વળર્થાય્ અમ્મ્યા! <br> <br>એન્ કંણીર્ સિરિપ્પૉદુ <br>ઉન્ વાલ્ક્કૈ થોલૈથાય્! <br>ણાન્ ઇન્દ્રુ મ્યરમ્યાનૅન્ <br>ણી થાનૅ વિધૈથાય્ અમ્મ્યા! <br> <br>મ્યાર્પૉદુ એનૈ અળ્ળિચ્ <br>સુમ્યન્ધ્ધાય્ અમ્મ્યા <br>એન્ કંણીર્ સિરિપ્પૉદુ <br>ઉન્ વાલ્ક્કૈ થોલૈથાય્! <br>ણાન્ ઇન્દ્રુ મ્યરમ્યાનૅન્ <br>ણી થાનૅ વિધૈથાય્ અમ્મ્યા! <br> <br>ઉલગિલ્ ઉલગિલ્ <br>ઉરવુ પલ ઇરુક્કુમ્ <br>થુવલુમ્ મ્યનમ્યૉ <br>ઉનૈધાન્ ણિનૈક્કુમ્! <br> <br>થોલૈવિલ્ ઇરુન્ધ્ધુમ્ <br>એનક્કાય્ ણી થુદિથાય્ <br>ઇરવુમ્ પગલુમ્ <br>એનૈધાન્ ણિનૈથાય્! <br> <br>વીલુમ્ પૉધેલ્લામ્ <br>એનૈ થાઙ્ગિક્ કોળ્વાય્. <br>વાન્ મ્યીધુ મ્ઈંદુમ્ <br>એનૈ ઍત્રિ ચેલ્વાય્! <br> <br>મ્યૅલૅરિ પરન્ધ્ધૅનૅ ઉન્નાલૅ <br>ણાન્ ઉન્નૈ મ્યરન્ધ્ધૅનૅ <br>પુગલ્ થૅદિ પરન્ધ્ધૉદિપ્ <br>પૉનૅન્ અમ્મ્યા! <br> <br>મ્યાર્પૉદુ એનૈ અળ્ળિચ્ <br>સુમ્યન્ધ્ધાય્ અમ્મ્યા <br> <br>થનિયૉર્ ઉલગિલ્ થોલૈન્ધ્ધૅન્ <br>એનક્કાય્ વાલ્ન્ધ્ધૅ કિદન્ધ્ધૅન્ <br> <br>ઉલગમ્ રસિક્ક પાદલ્ સેય્ધૅન્ <br>ઉનક્કૉર્ પાદલ્ <br>પુનૈન્ધ્ધિદ મ્યરન્ધ્ધૅનૅ અમ્મ્યા! <br> <br>ઉનક્કિન્દ્રુ પાદિનૅન્ <br>ઉનૈ પત્રિ પાદિનૅન્ <br>એન્ થવરૈ ણાનુંયર્ન્ધ્ધુ <br>ઉન્ધ્ધન્ મ્યદિ થૅદિનૅન્ <br> <br>ઉન્ધ્ધન્ ઓરુ અંયૈપ્પુક્કુ <br>વિરુધુગળ્ ણિગરિલ્લૈ <br>ણી ઇલ્લાધ ઉલગિલ્ ઇન્ધ્ધ <br>વેત્રિગળિલ્ પોરુળિલ્લૈ <br> <br>ઇપ્પૉધુન્ પાધથિલ્ <br>વિલુગિન્દ્રૅન્ <br>મ્ઈંદુમ્ ઉન્ મ્યદિ ઍરિ ઉરઙથાન્ <br>પાર્ક્કિન્દ્રૅન્ ણી પાદમ્મ્યા! <br> <br>મ્યાર્પૉદુ એનૈ અળ્ળિચ્ <br>સુમ્યન્ધ્ધાય્ અમ્મ્યા <br>પાસથૈપ્ પાલાક્કિ <br>ઉયિરૂત્તિ વળર્થાય્ અમ્મ્યા! <br> <br>એન્ કંણીર્ સિરિપ્પૉદુ <br>ઉન્ વાલ્ક્કૈ થોલૈથાય્! <br>ણાન્ ઇન્દ્રુ મ્યરમ્યાનૅન્ <br>ણી થાનૅ વિધૈથાય્ અમ્મ્યા! <br> <br>મ્યાર્પૉદુ એનૈ અળ્ળિચ્ <br>સુમ્યન્ધ્ધાય્ અમ્મ્યા",
      "language" : {
        "name" : "Gujarathi",
        "code" : "gu"
      }
    },
    {
      "data" : "म्आर्पोडु एनै अलऴिच <br>सुम्अन्द दाय अमम्आ <br>पासतैप पालाग <br>उयिरूट्टि वळर्ताय अमम्आ! <br> <br>एन कंणीर सिरिप्पोडु <br>उन वाल्ककै तोलैताय! <br>नान इनडड़ु म्अरम्आनेन <br>नी ताने विधैताय अमम्आ! <br> <br>म्आर्पोडु एनै अलऴिच <br>सुम्अन्द दाय अमम्आ <br>एन कंणीर सिरिप्पोडु <br>उन वाल्ककै तोलैताय! <br>नान इनडड़ु म्अरम्आनेन <br>नी ताने विधैताय अमम्आ! <br> <br>उलगिल उलगिल <br>उड़वु पल इरुक्कुम <br>तुवलुम म्अनम्ओ <br>उनैदान निनैक्कुम! <br> <br>तोलैविल इरुन्द दुम <br>एनक्काय नी तुडिताय <br>इरवुम पगलुम <br>एनैदान निनैताय! <br> <br>वीलुम पोदेल्लाम <br>एनै ताङगिक कोलवाय. <br>वान म्ईदु म्ईंडुम <br>एनै एटरि चेलवाय! <br> <br>म्एलेरि पड़न्द धेने उननाले <br>नान उननै म्अड़न्द धेने <br>पुगल् तेडि पड़न्द दोडिप <br>पोनेन अमम्आ! <br> <br>म्आर्पोडु एनै अलऴिच <br>सुम्अन्द दाय अमम्आ <br> <br>तनियोर उलगिल तोलैन्द धेन <br>एनक्काय वाल्न्द धे किडन्द धेन <br> <br>उलगम रसिकक पाडल सेयधेन <br>उनक्कोर पाडल <br>पुनैन्द दिड म्अड़न्द धेने अमम्आ! <br> <br>उनक्किन्ड्ड़ु पाडिनेन <br>उनै पटरि पाडिनेन <br>एन तवड़ै नानुंअर्न्द दु <br>उन्द दन म्अडि तेडिनेन <br> <br>उन्द दन ओरु अंऐप्पुक्कु <br>विरुदुगल निगरिल्लै <br>नी इललाद उलगिल इन्द द <br>वेट्रिगऴिल पोरुऴिल्लै <br> <br>इप्पोदुन पादतिल <br>विलुगिन्ड्ड़ेन <br>म्ईंडुम उन म्अडि एरि उड़ङतान <br>पार्क्किन्ड्ड़ेन नी पाडम्म्आ! <br> <br>म्आर्पोडु एनै अलऴिच <br>सुम्अन्द दाय अमम्आ <br>पासतैप पालाककि <br>उयिरूट्टि वळर्ताय अमम्आ! <br> <br>एन कंणीर सिरिप्पोडु <br>उन वाल्ककै तोलैताय! <br>नान इनडड़ु म्अरम्आनेन <br>नी ताने विधैताय अमम्आ! <br> <br>म्आर्पोडु एनै अलऴिच <br>सुम्अन्द दाय अमम्आ",
      "language" : {
        "name" : "Marathi",
        "code" : "mr"
      }
    },
    {
      "data" : "ମ୍ଯାର୍ପୋଦୁ ଏନୈ ଅଲ୍ଲିଚ୍ <br>ସୁମ୍ଯନ୍ଧ୍ଧାଯ୍ ଅମ୍ମ୍ଯା <br>ପାସଥୈପ୍ ପାଳାଗ <br>ଉଯିରୂତ୍ତି ୱଲର୍ଥାଯ୍ ଅମ୍ମ୍ଯା! <br> <br>ଏନ୍ କଂଣୀର୍ ସିରିପ୍ପୋଦୁ <br>ଉନ୍ ୱାଳ୍କ୍କୈ ଥୋଳୈଥାଯ୍! <br>ନାନ୍ ଇନ୍ଦ୍ଡ଼ୁ ମ୍ଯରମ୍ଯାନେନ୍ <br>ନୀ ଥାନେ ୱିଧୈଥାଯ୍ ଅମ୍ମ୍ଯା! <br> <br>ମ୍ଯାର୍ପୋଦୁ ଏନୈ ଅଲ୍ଲିଚ୍ <br>ସୁମ୍ଯନ୍ଧ୍ଧାଯ୍ ଅମ୍ମ୍ଯା <br>ଏନ୍ କଂଣୀର୍ ସିରିପ୍ପୋଦୁ <br>ଉନ୍ ୱାଳ୍କ୍କୈ ଥୋଳୈଥାଯ୍! <br>ନାନ୍ ଇନ୍ଦ୍ଡ଼ୁ ମ୍ଯରମ୍ଯାନେନ୍ <br>ନୀ ଥାନେ ୱିଧୈଥାଯ୍ ଅମ୍ମ୍ଯା! <br> <br>ଉଳଗିଳ୍ ଉଳଗିଳ୍ <br>ଉଡ଼ୱୁ ପଳ ଇରୁକ୍କୁମ୍ <br>ଥୁୱଳୁମ୍ ମ୍ଯନମ୍ଯୋ <br>ଉନୈଧାନ୍ ନିନୈକ୍କୁମ୍! <br> <br>ଥୋଳୈୱିଳ୍ ଇରୁନ୍ଧ୍ଧୁମ୍ <br>ଏନକ୍କାଯ୍ ନୀ ଥୁଦିଥାଯ୍ <br>ଇରୱୁମ୍ ପଗଳୁମ୍ <br>ଏନୈଧାନ୍ ନିନୈଥାଯ୍! <br> <br>ୱୀଳୁମ୍ ପୋଧେଳ୍ଳାମ୍ <br>ଏନୈ ଥାଙ୍ଗିକ୍ କୋଲ୍ୱାଯ୍. <br>ୱାନ୍ ମ୍ଯୀଧୁ ମ୍ଈଂଦୁମ୍ <br>ଏନୈ ଏତ୍ଡ଼ି ଚେଳ୍ୱାଯ୍! <br> <br>ମ୍ଯେଳେଡ଼ି ପଡ଼ନ୍ଧ୍ଧେନେ ଉନ୍ନାଳେ <br>ନାନ୍ ଉନ୍ନୈ ମ୍ଯଡ଼ନ୍ଧ୍ଧେନେ <br>ପୁଗଳ୍ ଥେଦି ପଡ଼ନ୍ଧ୍ଧୋଦିପ୍ <br>ପୋନେନ୍ ଅମ୍ମ୍ଯା! <br> <br>ମ୍ଯାର୍ପୋଦୁ ଏନୈ ଅଲ୍ଲିଚ୍ <br>ସୁମ୍ଯନ୍ଧ୍ଧାଯ୍ ଅମ୍ମ୍ଯା <br> <br>ଥନିଯୋର୍ ଉଳଗିଳ୍ ଥୋଳୈନ୍ଧ୍ଧେନ୍ <br>ଏନକ୍କାଯ୍ ୱାଳ୍ନ୍ଧ୍ଧେ କିଦନ୍ଧ୍ଧେନ୍ <br> <br>ଉଳଗମ୍ ରସିକ୍କ ପାଦଳ୍ ସେଯ୍ଧେନ୍ <br>ଉନକ୍କୋର୍ ପାଦଳ୍ <br>ପୁନୈନ୍ଧ୍ଧିଦ ମ୍ଯଡ଼ନ୍ଧ୍ଧେନେ ଅମ୍ମ୍ଯା! <br> <br>ଉନକ୍କିନ୍ଦ୍ଡ଼ୁ ପାଦିନେନ୍ <br>ଉନୈ ପତ୍ଡ଼ି ପାଦିନେନ୍ <br>ଏନ୍ ଥୱଡ଼ୈ ନାନୁଂଯର୍ନ୍ଧ୍ଧୁ <br>ଉନ୍ଧ୍ଧନ୍ ମ୍ଯଦି ଥେଦିନେନ୍ <br> <br>ଉନ୍ଧ୍ଧନ୍ ଓରୁ ଅଂଯୈପ୍ପୁକ୍କୁ <br>ୱିରୁଧୁଗଲ୍ ନିଗରିଳ୍ଳୈ <br>ନୀ ଇଳ୍ଳାଧ ଉଳଗିଳ୍ ଇନ୍ଧ୍ଧ <br>ୱେତ୍ଡ଼ିଗଲିଳ୍ ପୋରୁଲିଳ୍ଳୈ <br> <br>ଇପ୍ପୋଧୁନ୍ ପାଧଥିଳ୍ <br>ୱିଳୁଗିନ୍ଦ୍ଡ଼େନ୍ <br>ମ୍ଈଂଦୁମ୍ ଉନ୍ ମ୍ଯଦି ଏଡ଼ି ଉଡ଼ଙଥାନ୍ <br>ପାର୍କ୍କିନ୍ଦ୍ଡ଼େନ୍ ନୀ ପାଦମ୍ମ୍ଯା! <br> <br>ମ୍ଯାର୍ପୋଦୁ ଏନୈ ଅଲ୍ଲିଚ୍ <br>ସୁମ୍ଯନ୍ଧ୍ଧାଯ୍ ଅମ୍ମ୍ଯା <br>ପାସଥୈପ୍ ପାଳାକ୍କି <br>ଉଯିରୂତ୍ତି ୱଲର୍ଥାଯ୍ ଅମ୍ମ୍ଯା! <br> <br>ଏନ୍ କଂଣୀର୍ ସିରିପ୍ପୋଦୁ <br>ଉନ୍ ୱାଳ୍କ୍କୈ ଥୋଳୈଥାଯ୍! <br>ନାନ୍ ଇନ୍ଦ୍ଡ଼ୁ ମ୍ଯରମ୍ଯାନେନ୍ <br>ନୀ ଥାନେ ୱିଧୈଥାଯ୍ ଅମ୍ମ୍ଯା! <br> <br>ମ୍ଯାର୍ପୋଦୁ ଏନୈ ଅଲ୍ଲିଚ୍ <br>ସୁମ୍ଯନ୍ଧ୍ଧାଯ୍ ଅମ୍ମ୍ଯା",
      "language" : {
        "name" : "Oriya",
        "code" : "or"
      }
    },
    {
      "data" : "म्आर्पोडु एनै अलऴिच <br>सुम्अन्द दाय अमम्आ <br>पासतैप पालाग <br>उयिरूट्टि वळर्ताय अमम्आ! <br> <br>एन कंणीर सिरिप्पोडु <br>उन वाल्ककै तोलैताय! <br>नान इनडड़ु म्अरम्आनेन <br>नी ताने विधैताय अमम्आ! <br> <br>म्आर्पोडु एनै अलऴिच <br>सुम्अन्द दाय अमम्आ <br>एन कंणीर सिरिप्पोडु <br>उन वाल्ककै तोलैताय! <br>नान इनडड़ु म्अरम्आनेन <br>नी ताने विधैताय अमम्आ! <br> <br>उलगिल उलगिल <br>उड़वु पल इरुक्कुम <br>तुवलुम म्अनम्ओ <br>उनैदान निनैक्कुम! <br> <br>तोलैविल इरुन्द दुम <br>एनक्काय नी तुडिताय <br>इरवुम पगलुम <br>एनैदान निनैताय! <br> <br>वीलुम पोदेल्लाम <br>एनै ताङगिक कोलवाय. <br>वान म्ईदु म्ईंडुम <br>एनै एटरि चेलवाय! <br> <br>म्एलेरि पड़न्द धेने उननाले <br>नान उननै म्अड़न्द धेने <br>पुगल् तेडि पड़न्द दोडिप <br>पोनेन अमम्आ! <br> <br>म्आर्पोडु एनै अलऴिच <br>सुम्अन्द दाय अमम्आ <br> <br>तनियोर उलगिल तोलैन्द धेन <br>एनक्काय वाल्न्द धे किडन्द धेन <br> <br>उलगम रसिकक पाडल सेयधेन <br>उनक्कोर पाडल <br>पुनैन्द दिड म्अड़न्द धेने अमम्आ! <br> <br>उनक्किन्ड्ड़ु पाडिनेन <br>उनै पटरि पाडिनेन <br>एन तवड़ै नानुंअर्न्द दु <br>उन्द दन म्अडि तेडिनेन <br> <br>उन्द दन ओरु अंऐप्पुक्कु <br>विरुदुगल निगरिल्लै <br>नी इललाद उलगिल इन्द द <br>वेट्रिगऴिल पोरुऴिल्लै <br> <br>इप्पोदुन पादतिल <br>विलुगिन्ड्ड़ेन <br>म्ईंडुम उन म्अडि एरि उड़ङतान <br>पार्क्किन्ड्ड़ेन नी पाडम्म्आ! <br> <br>म्आर्पोडु एनै अलऴिच <br>सुम्अन्द दाय अमम्आ <br>पासतैप पालाककि <br>उयिरूट्टि वळर्ताय अमम्आ! <br> <br>एन कंणीर सिरिप्पोडु <br>उन वाल्ककै तोलैताय! <br>नान इनडड़ु म्अरम्आनेन <br>नी ताने विधैताय अमम्आ! <br> <br>म्आर्पोडु एनै अलऴिच <br>सुम्अन्द दाय अमम्आ",
      "language" : {
        "name" : "konkani",
        "code" : "ko"
      }
    }
  ],
  "mood" : {
    "slug" : "happy",
    "name" : "Happy"
  },
  "thumbnail" : "https:\/\/d1ua79hvv369a0.cloudfront.net\/reflection\/thumbnail\/08-May-2016\/Amma_thumb.jpg",
  "language" : {
    "name" : "Tamil",
    "code" : "ta"
  },
  "slug" : "amma",
  "info" : {
    "lyric_languages" : [
      {
        "name" : {
          "en" : "Tamil",
          "hi" : "Tamil",
          "te" : "Tamil",
          "ta" : "தமிழ்"
        }
      }
    ],
    "instruments" : [
      {
        "name" : {
          "en" : "Acoustic Guitar",
          "hi" : "Acoustic Guitar",
          "te" : "Acoustic Guitar",
          "ta" : "அக்கௌஸ்டிக் கிட்டார்ஸ்"
        }
      },
      {
        "name" : {
          "en" : "Violin",
          "hi" : "Violin",
          "te" : "Violin",
          "ta" : "வயலின்"
        }
      },
      {
        "name" : {
          "en" : "Bass",
          "hi" : "Bass",
          "te" : "Bass",
          "ta" : "பேஸ்"
        }
      },
      {
        "name" : {
          "en" : "Percussions",
          "hi" : "Percussions",
          "te" : "Percussions",
          "ta" : "தாள வாத்திய கருவிகள்"
        }
      },
      {
        "name" : {
          "en" : "Guitars",
          "hi" : "Guitars",
          "te" : "Guitars",
          "ta" : "கிட்டார்"
        }
      }
    ],
    "thaalams" : [
      {
        "name" : {
          "en" : "Adi Taalam (4 by 4 in WCM)",
          "hi" : "Adi Taalam (4 by 4 in WCM)",
          "te" : "Adi Taalam (4 by 4 in WCM)",
          "ta" : "Adi Taalam (4 by 4 in WCM)"
        }
      }
    ],
    "lyric_moods" : [
      {
        "name" : {
          "en" : "Happy",
          "hi" : "Happy",
          "te" : "Happy",
          "ta" : "மகிழ்ச்சி"
        }
      }
    ],
    "music_genres" : [
      {
        "name" : {
          "en" : "Contemporary Folk",
          "hi" : "Contemporary Folk",
          "te" : "Contemporary Folk",
          "ta" : "சமகால கிராமியம் நடை"
        }
      }
    ],
    "lyric_genres" : [
      {
        "name" : {
          "en" : "Relationship",
          "hi" : "Relationship",
          "te" : "Relationship",
          "ta" : "உறவு"
        }
      }
    ],
    "duration" : 5.28,
    "lyric_styles" : [
      {
        "name" : {
          "en" : "Traditional",
          "hi" : "Traditional",
          "te" : "Traditional",
          "ta" : "செம்மொழி நடை"
        }
      }
    ],
    "best_seasons_to_listen" : [
      {
        "name" : {
          "en" : "Autumn",
          "hi" : "Autumn",
          "te" : "Autumn",
          "ta" : "இலையுதிர் காலம்"
        }
      },
      {
        "name" : {
          "en" : "Rain",
          "hi" : "Rain",
          "te" : "Rain",
          "ta" : "மழைக் காலம்"
        }
      }
    ],
    "launch_date" : {
      "en" : "08\/05\/2016",
      "hi" : "08\/05\/2016",
      "te" : "08\/05\/2016",
      "ta" : "08\/05\/2016"
    },
    "best_time_to_listen" : [
      {
        "name" : {
          "en" : "Morning",
          "hi" : "Morning",
          "te" : "Morning",
          "ta" : "காலை"
        }
      },
      {
        "name" : {
          "en" : "Evening",
          "hi" : "Evening",
          "te" : "Evening",
          "ta" : "மாலை"
        }
      }
    ]
  }
}