{
  "title" : {
    "en" : "Birds in the Cage",
    "hi" : "Birds in the Cage",
    "te" : "Birds in the Cage",
    "ta" : "பறவைகள்"
  },
  "info" : {
    "best_time_to_listen" : [
      {
        "name" : {
          "en" : "All",
          "hi" : "All",
          "te" : "All",
          "ta" : "எப்பொழுதும்"
        }
      }
    ],
    "best_seasons_to_listen" : [
      {
        "name" : {
          "en" : "All",
          "hi" : "All",
          "te" : "All",
          "ta" : "எப்பொழுதும்"
        }
      }
    ],
    "music_genres" : [
      {
        "name" : {
          "en" : "Rehab",
          "hi" : "Rehab",
          "te" : "Rehab",
          "ta" : "மறுவாழ்வு"
        }
      }
    ],
    "launch_date" : {
      "en" : "18\/04\/2016",
      "hi" : "18\/04\/2016",
      "te" : "18\/04\/2016",
      "ta" : "18\/04\/2016"
    },
    "duration" : 12.37
  },
  "active" : true,
  "credits" : {
    "director_of_photography" : [
      {
        "name" : {
          "en" : "Gokula Krishnan R Vasugi MFI",
          "hi" : "Gokula Krishnan R Vasugi MFI",
          "te" : "Gokula Krishnan R Vasugi MFI",
          "ta" : "கோகுல கிருஷ்ணன் R வாசுகி, MFI"
        }
      }
    ],
    "editing_and_motion_design" : [
      {
        "name" : {
          "en" : "Shyam Sundar Murugesan",
          "hi" : "Shyam Sundar Murugesan",
          "te" : "Shyam Sundar Murugesan",
          "ta" : "ஷியாம் சுந்தர் முருகேசன்"
        }
      }
    ],
    "junior_cameraman" : [
      {
        "name" : {
          "en" : "Rama Krishnan R",
          "hi" : "Rama Krishnan R",
          "te" : "Rama Krishnan R",
          "ta" : "இராம கிருஷ்ணன் R"
        }
      }
    ]
  },
  "published_on" : "2016-04-18T12:30:00.000Z",
  "description" : {
    "en" : "Birds are some of the most engaging animals to watch. Their perkiness, their playfulness and more importantly their unity is a beauty to watch. Watch this bird video and unwind after a session of non-stop listening.",
    "hi" : "Birds are some of the most engaging animals to watch. Their perkiness, their playfulness and more importantly their unity is a beauty to watch. Watch this bird video and unwind after a session of non-stop listening.",
    "te" : "Birds are some of the most engaging animals to watch. Their perkiness, their playfulness and more importantly their unity is a beauty to watch. Watch this bird video and unwind after a session of non-stop listening.",
    "ta" : "பறவைகளைக் காண்பதே தனி சுகம். பறவை பறக்கும் போது, வானம் மறைந்து போகும் என்பர் கவிஞர், பறவையை பார்க்கும் போது கவலை மறந்து போகும் என்கிறோம் நாங்கள். "
  },
  "poster" : "https:\/\/d1ua79hvv369a0.cloudfront.net\/reflection\/poster\/birds-poster.jpg",
  "album" : {
    "id" : "1",
    "title" : {
      "en" : "Rehab",
      "hi" : "Rehab",
      "te" : "Rehab",
      "ta" : "மறுவாழ்வு"
    },
    "poster" : "https:\/\/d1ua79hvv369a0.cloudfront.net\/reflection\/thumbnail\/Playlist_Rehab_Cover.jpg",
    "description" : {
      "en" : "Feeling mesmerized, lost, energized or upbeat after listening to a playlist? Welcome to Rehab, here we bring you the best of relaxation – to soothe your eyes and to train your ears for Round 2.",
      "hi" : "Feeling mesmerized, lost, energized or upbeat after listening to a playlist? Welcome to Rehab, here we bring you the best of relaxation – to soothe your eyes and to train your ears for Round 2.",
      "te" : "Feeling mesmerized, lost, energized or upbeat after listening to a playlist? Welcome to Rehab, here we bring you the best of relaxation – to soothe your eyes and to train your ears for Round 2.",
      "ta" : "இசையின் போதையின் மயக்கம் தெளிய எங்கள் மறுவாழ்வு மையம் உதவும். உங்களை அமைதிபடுத்த, இசையின் சப்தங்களில் இருந்தும் சொற்களின் பிடியில் இருந்தும் உங்களை சற்று விடுவிக்க, கண்களையும் செவிகளையும் அடுத்த சுற்றுக்கு தயார் படுத்தவே இந்த மையம்."
    },
    "thumbnail" : "https:\/\/d1ua79hvv369a0.cloudfront.net\/reflection\/thumbnail\/Playlist_Rehab_Cover.jpg"
  },
  "type" : {
    "slug" : "independent-music",
    "name" : "Independent Music"
  },
  "id" : "8",
  "mood" : {
    "slug" : "excited",
    "name" : "Excited"
  },
  "release_order_of_the_day" : 1,
  "language" : {
    "name" : "Tamil",
    "code" : "ta"
  },
  "slug" : "birds-in-the-cage",
  "thumbnail" : "https:\/\/d1ua79hvv369a0.cloudfront.net\/reflection\/thumbnail\/Birds_thumb.jpg"
}