{
  "title" : {
    "en" : "Cassata Kanmaniye",
    "hi" : "Cassata Kanmaniye",
    "te" : "Cassata Kanmaniye",
    "ta" : "கசாட்டா கண்மணியே"
  },
  "credits" : {
    "video_editor" : [
      {
        "name" : {
          "en" : "Javith Hussain",
          "hi" : "Javith Hussain",
          "te" : "Javith Hussain",
          "ta" : "ஜாவித் ஹுஸ்ஸைன்"
        }
      }
    ],
    "mixers" : [
      {
        "name" : {
          "en" : "Studio 7, Nash Ville, U.S",
          "hi" : "Studio 7, Nash Ville, U.S",
          "te" : "Studio 7, Nash Ville, U.S",
          "ta" : "ஸ்டுடியோ 7, நாஷ் வில்லே,  U.S"
        }
      }
    ],
    "masters" : [
      {
        "name" : {
          "en" : "Studio 7, Nash Ville, U.S",
          "hi" : "Studio 7, Nash Ville, U.S",
          "te" : "Studio 7, Nash Ville, U.S",
          "ta" : "ஸ்டுடியோ 7, நாஷ் வில்லே,  U.S"
        }
      }
    ],
    "composers" : [
      {
        "name" : {
          "en" : "Rajesh Devarajan",
          "hi" : "Rajesh Devarajan",
          "te" : "Rajesh Devarajan",
          "ta" : "ராஜேஷ் தேவராஜன்"
        }
      }
    ],
    "lyricists" : [
      {
        "name" : {
          "en" : "‘Ezhuthu Pizhai’ Mano Bharathi",
          "hi" : "‘Ezhuthu Pizhai’ Mano Bharathi",
          "te" : "‘Ezhuthu Pizhai’ Mano Bharathi",
          "ta" : "எழுத்துப் பிழை மனோ பாரதி"
        }
      }
    ],
    "singers" : [
      {
        "name" : {
          "en" : "Gaana Bala",
          "hi" : "Gaana Bala",
          "te" : "Gaana Bala",
          "ta" : "கானா பாலா"
        }
      },
      {
        "name" : {
          "en" : "Sindhuja Karunanithi",
          "hi" : "Sindhuja Karunanithi",
          "te" : "Sindhuja Karunanithi",
          "ta" : "சிந்துஜா கருணாநிதி"
        }
      }
    ],
    "translator" : [
      {
        "name" : {
          "en" : "Jayashree Ramanujam",
          "hi" : "Jayashree Ramanujam",
          "te" : "Jayashree Ramanujam",
          "ta" : "ஜெயஸ்ரீ இராமானுஜம்"
        }
      }
    ],
    "arrangers" : [
      {
        "name" : {
          "en" : "Prasan Bala",
          "hi" : "Prasan Bala",
          "te" : "Prasan Bala",
          "ta" : "பிரசன் பாலா"
        }
      }
    ],
    "producers" : [
      {
        "name" : {
          "en" : "Rajesh Devarajan",
          "hi" : "Rajesh Devarajan",
          "te" : "Rajesh Devarajan",
          "ta" : "ராஜேஷ் தேவராஜன்"
        }
      }
    ],
    "rap" : [
      {
        "name" : {
          "en" : "Krishna",
          "hi" : "Krishna",
          "te" : "Krishna",
          "ta" : "கிருஷ்ணா"
        }
      }
    ],
    "lyric_video_senior_editor" : [
      {
        "name" : {
          "en" : "Shyam Sundar Murugesan",
          "hi" : "Shyam Sundar Murugesan",
          "te" : "Shyam Sundar Murugesan",
          "ta" : "ஷியாம் சுந்தர் முருகேசன்"
        }
      }
    ],
    "camera" : [
      {
        "name" : {
          "en" : "Dinesh",
          "hi" : "Dinesh",
          "te" : "Dinesh",
          "ta" : "தினேஷ்"
        }
      },
      {
        "name" : {
          "en" : "Yuvaraj",
          "hi" : "Yuvaraj",
          "te" : "Yuvaraj",
          "ta" : "யுவராஜ்"
        }
      }
    ],
    "recorded_studios" : [
      {
        "name" : {
          "en" : "G Sharp Studios, Chennai",
          "hi" : "G Sharp Studios, Chennai",
          "te" : "G Sharp Studios, Chennai",
          "ta" : "ஜி ஷார்ப் ஸ்டுடியோ"
        }
      }
    ],
    "manager_of_visual_content" : [
      {
        "name" : {
          "en" : "Gokula Krishnan R Vasugi, MFI",
          "hi" : "Gokula Krishnan R Vasugi, MFI",
          "te" : "Gokula Krishnan R Vasugi, MFI",
          "ta" : "கோகுல கிருஷ்ணன் R வாசுகி MFI"
        }
      }
    ],
    "sound_engineers" : [
      {
        "name" : {
          "en" : "Sabin",
          "hi" : "Sabin",
          "te" : "Sabin",
          "ta" : "சபின்"
        }
      }
    ],
    "lyric_video_editor" : [
      {
        "name" : {
          "en" : "Mithran.B",
          "hi" : "Mithran.B",
          "te" : "Mithran.B",
          "ta" : "மித்திரன்.B"
        }
      }
    ]
  },
  "active" : true,
  "published_on" : "2016-05-04T12:30:00.000Z",
  "description" : {
    "en" : "This Gaana Bala folk number is an easy ear-catcher with peppy Tanglish lyrics and a local way of approach at love. With quirky references at describing the girl and a fun vocal delivery at it, this song will become a dance number at road side performances very soon.",
    "hi" : "This Gaana Bala folk number is an easy ear-catcher with peppy Tanglish lyrics and a local way of approach at love. With quirky references at describing the girl and a fun vocal delivery at it, this song will become a dance number at road side performances very soon.",
    "te" : "This Gaana Bala folk number is an easy ear-catcher with peppy Tanglish lyrics and a local way of approach at love. With quirky references at describing the girl and a fun vocal delivery at it, this song will become a dance number at road side performances very soon.",
    "ta" : "கானா பாலாவின் இந்தக் கிராமியப்பாடல், உங்கள் காதுகளில் எளிதில் தொற்றிக்கொள்ளும், துள்ளலான தங்கிலீஷ் வரிகளுடன் ஒரு ‘லோக்கல்’ பாணியில் காதலைச் சொல்லும் பாடல் இது. ஒரு பெண்ணை இப்படியெல்லாம் வர்ணிக்க இயலுமா என்று எண்ணத்தோன்றும் அளவுக்கு நகைச்சுவையான வர்ணனைகள், மகிழ்வூட்டும் குரல்... மிகவிரைவில் தமிழகத்தையே ஆட்டுவிக்கப்போகும் பாடல் இது!"
  },
  "poster" : "https:\/\/d1ua79hvv369a0.cloudfront.net\/reflection\/poster\/04-May-2016\/casata_kanmaniey-poster_v2.jpg",
  "album" : {
    "title" : {
      "en" : "Cassata Kanmaniye",
      "hi" : "Cassata Kanmaniye",
      "te" : "Cassata Kanmaniye",
      "ta" : "Cassata Kanmaniye"
    },
    "id" : "39",
    "thumbnail" : "https:\/\/d1ua79hvv369a0.cloudfront.net\/reflection\/thumbnail\/22-May-2016\/Lasting_Memories_thumb.jpg"
  },
  "musics" : [
    {
      "players" : [
        {
          "name" : {
            "en" : "Lakshmi Narayanan",
            "hi" : "Lakshmi Narayanan",
            "te" : "Lakshmi Narayanan",
            "ta" : "லக்‌ஷ்மி நாராயணன்"
          }
        }
      ],
      "instrument" : {
        "name" : {
          "name" : {
            "en" : "Rhythm",
            "hi" : "Rhythm",
            "te" : "Rhythm",
            "ta" : "ரிதம்"
          }
        }
      }
    }
  ],
  "critics" : [
    {
      "review" : {
        "instrument" : {
          "comment" : {
            "en" : "Foot tapping thanks to the energetic rhythm.",
            "hi" : "Foot tapping thanks to the energetic rhythm.",
            "te" : "Foot tapping thanks to the energetic rhythm.",
            "ta" : "Foot tapping thanks to the energetic rhythm."
          },
          "score" : 9
        },
        "overall" : {
          "comment" : {
            "en" : "Not worthy of inclusion.",
            "hi" : "Not worthy of inclusion.",
            "te" : "Not worthy of inclusion.",
            "ta" : "Not worthy of inclusion."
          },
          "score" : 9
        },
        "vocal" : {
          "comment" : {
            "en" : "The male lead singer sounds like Gaana Bala. It is typical of his style and range.",
            "hi" : "The male lead singer sounds like Gaana Bala. It is typical of his style and range.",
            "te" : "The male lead singer sounds like Gaana Bala. It is typical of his style and range.",
            "ta" : "Very pedestrian. It sounds like a below-par film ‘soup song’"
          },
          "score" : 9
        },
        "tune" : {
          "comment" : {
            "en" : "Very pedestrian. It sounds like a below-par film ‘soup song’",
            "hi" : "Very pedestrian. It sounds like a below-par film ‘soup song’",
            "te" : "Very pedestrian. It sounds like a below-par film ‘soup song’",
            "ta" : "Very pedestrian. It sounds like a below-par film ‘soup song’"
          },
          "score" : 9
        },
        "lyric" : {
          "comment" : {
            "en" : "Easily accessible but amateurish.",
            "hi" : "Easily accessible but amateurish.",
            "te" : "Easily accessible but amateurish.",
            "ta" : "Easily accessible but amateurish."
          },
          "score" : 9
        }
      },
      "author" : {
        "name" : "Durga",
        "image" : "https:\/\/d1ua79hvv369a0.cloudfront.net\/reflection\/critic\/critic-durga.png"
      },
      "rating" : 9
    },
    {
      "review" : {
        "instrument" : {
          "comment" : {
            "en" : "Functional, at best.",
            "hi" : "Functional, at best.",
            "te" : "Functional, at best.",
            "ta" : "Functional, at best."
          },
          "score" : 4
        },
        "overall" : {
          "comment" : {
            "en" : "A Gana Bala song – that says it all!",
            "hi" : "A Gana Bala song – that says it all!",
            "te" : "A Gana Bala song – that says it all!",
            "ta" : "A Gana Bala song – that says it all!"
          },
          "score" : 5
        },
        "vocal" : {
          "comment" : {
            "en" : "Gana Bala is his usual self, as usual, and there’s nothing more to it… again, as usual! The female vocals at the end is a bit over-enthusiastic.",
            "hi" : "Gana Bala is his usual self, as usual, and there’s nothing more to it… again, as usual! The female vocals at the end is a bit over-enthusiastic.",
            "te" : "Gana Bala is his usual self, as usual, and there’s nothing more to it… again, as usual! The female vocals at the end is a bit over-enthusiastic.",
            "ta" : "Standard-issue Gana Bala tune that also seems to be having a mind of its own at places."
          },
          "score" : 6
        },
        "tune" : {
          "comment" : {
            "en" : "Standard-issue Gana Bala tune that also seems to be having a mind of its own at places.",
            "hi" : "Standard-issue Gana Bala tune that also seems to be having a mind of its own at places.",
            "te" : "Standard-issue Gana Bala tune that also seems to be having a mind of its own at places.",
            "ta" : "Standard-issue Gana Bala tune that also seems to be having a mind of its own at places."
          },
          "score" : 6
        },
        "lyric" : {
          "comment" : {
            "en" : "Utterly random and corny, using tons of English words for the so-called ‘cool’ effect.",
            "hi" : "Utterly random and corny, using tons of English words for the so-called ‘cool’ effect.",
            "te" : "Utterly random and corny, using tons of English words for the so-called ‘cool’ effect.",
            "ta" : "Utterly random and corny, using tons of English words for the so-called ‘cool’ effect."
          },
          "score" : 4
        }
      },
      "author" : {
        "name" : "Karthik",
        "image" : "https:\/\/d1ua79hvv369a0.cloudfront.net\/reflection\/critic\/critic-karthik.png"
      },
      "rating" : 5
    },
    {
      "review" : {
        "instrument" : {
          "comment" : {
            "en" : "The instruments try to strike a balance between Tamil folk and a House mix party.",
            "hi" : "The instruments try to strike a balance between Tamil folk and a House mix party.",
            "te" : "The instruments try to strike a balance between Tamil folk and a House mix party.",
            "ta" : "The instruments try to strike a balance between Tamil folk and a House mix party."
          },
          "score" : 4
        },
        "overall" : {
          "comment" : {
            "en" : "Mediocre fusion attempt!",
            "hi" : "Mediocre fusion attempt!",
            "te" : "Mediocre fusion attempt!",
            "ta" : "Mediocre fusion attempt!"
          },
          "score" : 3.75
        },
        "vocal" : {
          "comment" : {
            "en" : "Essentially rustic with a tinge of funkiness and folk fragrance.",
            "hi" : "Essentially rustic with a tinge of funkiness and folk fragrance.",
            "te" : "Essentially rustic with a tinge of funkiness and folk fragrance.",
            "ta" : "Focuses on more peppiness and party flavor than classicism."
          },
          "score" : 4
        },
        "tune" : {
          "comment" : {
            "en" : "Focuses on more peppiness and party flavor than classicism.",
            "hi" : "Focuses on more peppiness and party flavor than classicism.",
            "te" : "Focuses on more peppiness and party flavor than classicism.",
            "ta" : "Focuses on more peppiness and party flavor than classicism."
          },
          "score" : 3
        },
        "lyric" : {
          "comment" : {
            "en" : "Lyrics are lavishly laden with fancy terms and fusion party ambience.",
            "hi" : "Lyrics are lavishly laden with fancy terms and fusion party ambience.",
            "te" : "Lyrics are lavishly laden with fancy terms and fusion party ambience.",
            "ta" : "Lyrics are lavishly laden with fancy terms and fusion party ambience."
          },
          "score" : 4
        }
      },
      "author" : {
        "name" : "Kaushik",
        "image" : "https:\/\/d1ua79hvv369a0.cloudfront.net\/reflection\/critic\/Kaushik-200x200.jpg"
      },
      "rating" : 3.75
    }
  ],
  "type" : {
    "slug" : "independent-music",
    "name" : "Independent Music"
  },
  "lyrics" : [
    {
      "data" : "Oh casatta pie of my eye…<br>Oh sparkling glowworm…<br>With cheeks like jam-bun,<br>You're making me Kamban…<br>Showing eyes of Jack Daniel<br>You are mesmerising me in real...<br><br>With cheeks like jam-bun,<br>You're making me Kamban…<br>Showing eyes of Jack Daniel<br>you are mesmerising me in real..<br><br>I'm melting away<br>as ice cubes in a glass...<br>Hey black berry girl<br>To hack you, give me a chance...<br><br>Like a broken barfi<br>I'm becoming damper…<br>In one-sided love, I suffer<br>my top wifey wife...<br><br><br>If love blossoms it'll <br>Overturn the heart…<br>Without realising time<br>sleep would spoil very fast…<br>We'll fly in the breeze,<br>Walk over slush,<br>Would live not knowing if it's summer or winter in the rush<br> <br>what you gonna do now ? <br><br>Hey beauty who's sparkles as bright<br>as iPhone’s flashlight…<br>For once, those apple cheeks<br>let me bite…<br>Hey cute girl<br>Barbie doll<br>Dancing sweetie…<br>You show your hip,<br>stun me quick,<br>and knock me down naughty...<br><br>Hey rocking beauty<br>You're my Taj Mahal…<br>Hey shining cutie<br>You're my hangover-giving alcohol...<br> <br><br>Hey rocking beauty<br>You're my Taj Mahal…<br>Hey shining cutie<br>You're my hangover-giving alcohol...<br><br>Hey poppin<br>My dolphin<br>Hug me hug me my girl…<br>My top wifey...<br><br>Come let's live as husband wife for seven ages together…<br>Hand in hand let us walk in search of that blue sky like never..<br> <br>Why delaying so many days to touch my heart beat…<br>Wish a little at heart and melt down the steps... <br> <br>Hey sparking sweetie....<br>     You're my torture...<br>Hey dazzling tweetie...<br>     You're only my future...<br><br>Hey sparking sweetie....<br>     You're my torture...<br>Hey dazzling tweetie...<br>     You're only my future...<br><br>Hey silk…<br>Diary milk…<br>Hug me hug me my girl…<br>My top wifey...<br><br>Mr. Rowdy boy, change<br>your FB status...<br><br>You're so sweet…<br>Let me put a tweet...<br><br>You showed your pure love..<br>And mesmerised me you naughty…<br>Like the mouse in Tom and Jerry show<br>I ran away in a flash show… But now<br>Like jovan musk perfume I'm <br>My boy I'm latched onto you...<br><br>Like a fish in tank I I used to stealthily go…<br>You changed this as double side love like a pro pro…<br>Hey hey hey heyyyyyy...",
      "language" : {
        "name" : "English",
        "code" : "en"
      }
    },
    {
      "data" : "Casatta கண்மணியே...<br>மத்தாப்பு மின்மினியே...<br>Jam-Bun-னு கன்னத்தால..-என்ன<br>கம்பன் ஆக்குறியே....<br>Jack Daniels-ஸு கண்ண காட்டி <br>நீ மயக்குறியே...<br><br>Jam-Bun-னு கன்னத்தால..-என்ன<br>கம்பன் ஆக்குறியே....<br>Jack Daniels-ஸு கண்ண காட்டி <br>நீ மயக்குறியே...<br><br>என்ன கொம்பனாக்குறியே...... <br><br>கிளாஸ்ஸுக்குள்ள <br>ஐஸ் cube -ஆ <br>கரைஞ்சி ஓடுறேன்....<br>ஹே blacku-berry  <br>hack-u பண்ண chance-ஸு குடேன் - டீ...<br><br>நொறுங்கிப் போன<br>barfi-யா நான் <br>நமத்துப் போவுறேன்....<br>one  side love-ல தவிக்கிறேன்டி <br>Top பொண்டாட்டி பொண்டாட்டி....<br>Top பொண்டாட்டி…..<br><br>Casatta கண்மணியே...<br>மத்தாப்பு மின்மினியே...<br>Jam-Bun-னு கன்னத்தால..-என்ன<br>கம்பன் ஆக்குறியே....<br>Jack Daniels-ஸு கண்ண காட்டி <br>நீ மயக்குறியே...<br><br>Jam-Bun-னு கன்னத்தால..-என்ன<br>கம்பன் ஆக்குறியே....<br>Jack Daniels-ஸு கண்ண காட்டி <br>நீ மயக்குறியே...<br><br>என்ன கொம்பனாக்குறியே...... <br><br>லவ்வு அது வந்துப்புட்டா  <br>மனச பொரட்டி போடும்...அது<br>நேரம் காலம் தெரியாம <br>தூக்கம் கேட்டு போகும்...<br>காத்துல பறப்போம் <br>சேத்துல நடப்போம் <br>வெயிலும் மழையும் மறந்து இருப்போம்..<br>காதலின் போதையில் கரைஞ்சு கெடப்போம்<br><br>what you gonna do now ?<br><br>hey iphone flash - அ போல <br>டாலடிக்கிற beauty….<br>ஆப்பிள் கன்னத்த கடிச்சுக்கிறேன் <br>நான் ஒருவாட்டி....<br><br>hey cutie gal-u <br>barbie doll -u <br>step-u போடும் sweety....<br><br>nee ஹிப்ப ஆட்டி <br>மெர்சல் ஆக்கி <br>போட்டுத் தாக்குற naughty....<br><br>ஹே rocking beauty...<br>நீ தான் என் தாஜ்மஹாலு...<br>ஹே shining cutie <br>கிக்கு ஏத்தும் alcohol-லு....<br><br>ஹே rocking beauty...<br>நீ தான் என் தாஜ்மஹாலு...<br>ஹே shining cutie.. <br>கிக்கு ஏத்தும் alcohol-லு....<br><br>ஹே poppin <br>என் dolphin <br>என்ன கட்டிக்கோ கட்டிக்கோடீ...<br>top பொண்டாட்டி.....<br><br>வா husband wife -ஆ வாழ்ந்திடுவோம் ஏழு ஜென்மம் கூடி...<br>நம்ம கைய கோத்து பறந்து போலாம் ப்ளூ ஸ்கைய தேடி..<br><br>என் ஹார்ட்டு பீட்ட டச்சு பண்ண இவளோ நாளு ஏண்டி...<br>கொஞ்சம் மனசு வெச்சு எறங்கி வாயேன் மாடி படிய தாண்டி....<br><br>Hey sparkling sweetie....<br>நான் தான் டி torture-u...<br>Hey dazzling tweetie...<br>நீ தான் டி future-u...<br><br>Hey sparkling sweetie....<br>நான் தான் டி torture-u...<br>Hey dazzling tweetie...<br>நீ தான் டி future-u...<br><br>Hey silku....<br>Dairy milku...<br>என்ன கட்டிக்கோ கட்டிக்கோடீ...<br>என் top பொண்டாட்டி.....<br><br>Daai Mr.அராத்து -உன் <br>FB Status -eh மாத்து....<br><br>You r so ஸ்வீட்டு..<br>Let me put a tweettu...<br><br>உன் Pure லவ்வ காட்டி...<br>என்ன கெறங்க வெச்சிட்ட naughty...<br>Tom and jerry எலிய போல தெறிச்சு ஓடுனேன்... இப்போ <br>jovan Musk-u perfume-ஆ நான் ஒட்டிக்கிட்டேன் டா...<br><br>Tank-u குள்ள Fish-அ போல நழுவி ஓடுனேன்....<br>டபுள் சைடு லவ்வா மாத்திபுட்ட நீ கில்லாடி கில்லாடி....<br>ஹே ஹே ஹே heyyyyyyy...... <br>நான் உன் top பொண்டாட்டி.....<br>Casatta…",
      "language" : {
        "name" : "Tamil",
        "code" : "ta"
      }
    }
  ],
  "id" : "39",
  "phonetic_lyrics" : [
    {
      "data" : "Casatta kaNmaNiyae...<br>mathaappu minminiyae...<br>Jam-Bun-nu kannathaala..-enna<br>kampan aakkuRiyae....<br>Jack Daniels-Su kaNNa kaatti<br>nee mayakkuRiyae...<br><br>Jam-Bun-nu kannathaala..-enna<br>kampan aakkuRiyae....<br>Jack Daniels-Su kaNNa kaatti<br>nee mayakkuRiyae...<br><br>enna kompanaakkuRiyae......<br><br>kiLaaSSukkuLLa<br>aiS cube -aa<br>karainjji oaduRaen....<br>Hae blacku-berry<br>hack-u paNNa sance-Su kudaen - tee...<br><br>noRunggip poana<br>barfi-yaa naan<br>namathup poavuRaen....<br>one side love-la thavikkiRaendi<br>Top poNdaatti poNdaatti....<br>Top poNdaatti…..<br><br>Casatta kaNmaNiyae...<br>mathaappu minminiyae...<br>Jam-Bun-nu kannathaala..-enna<br>kampan aakkuRiyae....<br>Jack Daniels-Su kaNNa kaatti<br>nee mayakkuRiyae...<br><br>Jam-Bun-nu kannathaala..-enna<br>kampan aakkuRiyae....<br>Jack Daniels-Su kaNNa kaatti<br>nee mayakkuRiyae...<br><br>enna kompanaakkuRiyae......<br><br>lavvu adhu vandhdhupputtaa<br>manasa poratti poadum...adhu<br>naeram kaalam theriyaama<br>thookkam kaettu poagum...<br>kaathula paRappoam<br>saethula nadappoam<br>veyilum mazhaiyum maRandhdhu iruppoam..<br>kaadhalin poadhaiyil karainjju kedappoam<br><br>what you gonna do now ?<br><br>hey iphone flash - a poala<br>taaladikkiRa beauty….<br>aappiL kannatha kadichchukkiRaen<br>naan oruvaatti....<br><br>hey cutie gal-u<br>barbie doll -u<br>step-u poadum sweety....<br><br>nee Hippa aatti<br>merchal aakki<br>poattuth thaakkuRa naughty....<br><br>Hae rocking beauty...<br>nee thaan en thaaJmaHaalu...<br>Hae shining cutie<br>kikku aethum alcohol-lu....<br><br>Hae rocking beauty...<br>nee thaan en thaaJmaHaalu...<br>Hae shining cutie..<br>kikku aethum alcohol-lu....<br><br>Hae poppin<br>en dolphin<br>enna kattikkoa kattikkoadee...<br>top poNdaatti.....<br><br>vaa husband wife -aa vaazhndhdhiduvoam aezhu Jenmam koodi...<br>namma kaiya koathu paRandhdhu poalaam pLoo Skaiya thaedi..<br><br>en Haarttu peetta tachchu paNNa ivaLoa naaLu aeNdi...<br>konjam manasu vechchu eRanggi vaayaen maadi padiya thaaNdi....<br><br>Hey sparkling sweetie....<br>naan thaan ti torture-u...<br>Hey dazzling tweetie...<br>nee thaan ti future-u...<br><br>Hey sparkling sweetie....<br>naan thaan ti torture-u...<br>Hey dazzling tweetie...<br>nee thaan ti future-u...<br><br>Hey silku....<br>Dairy milku...<br>enna kattikkoa kattikkoadee...<br>en top poNdaatti.....<br><br>Daai Mr.araathu -un<br>FB Status -eh maathu....<br><br>You r so Sveettu..<br>Let me put a tweettu...<br><br>un Pure lavva kaatti...<br>enna keRanga vechchitta naughty...<br>Tom and jerry eliya poala theRichchu oadunaen... ippoa<br>jovan Musk-u perfume-aa naan ottikkittaen taa...<br><br>Tank-u kuLLa Fish-a poala nazhuvi oadunaen....<br>tabuL saidu lavvaa maathibutta nee killaadi killaadi....<br>Hae Hae Hae heyyyyyyy......<br>naan un top poNdaatti.....<br>Casatta…",
      "language" : {
        "name" : "English",
        "code" : "en"
      }
    },
    {
      "data" : "Casatta கண்மணியே...<br>மத்தாப்பு மின்மினியே...<br>Jam-Bun-னு கன்னத்தால..-என்ன<br>கம்பன் ஆக்குறியே....<br>Jack Daniels-ஸு கண்ண காட்டி <br>நீ மயக்குறியே...<br><br>Jam-Bun-னு கன்னத்தால..-என்ன<br>கம்பன் ஆக்குறியே....<br>Jack Daniels-ஸு கண்ண காட்டி <br>நீ மயக்குறியே...<br><br>என்ன கொம்பனாக்குறியே...... <br><br>கிளாஸ்ஸுக்குள்ள <br>ஐஸ் cube -ஆ <br>கரைஞ்சி ஓடுறேன்....<br>ஹே blacku-berry  <br>hack-u பண்ண chance-ஸு குடேன் - டீ...<br><br>நொறுங்கிப் போன<br>barfi-யா நான் <br>நமத்துப் போவுறேன்....<br>one  side love-ல தவிக்கிறேன்டி <br>Top பொண்டாட்டி பொண்டாட்டி....<br>Top பொண்டாட்டி…..<br><br>Casatta கண்மணியே...<br>மத்தாப்பு மின்மினியே...<br>Jam-Bun-னு கன்னத்தால..-என்ன<br>கம்பன் ஆக்குறியே....<br>Jack Daniels-ஸு கண்ண காட்டி <br>நீ மயக்குறியே...<br><br>Jam-Bun-னு கன்னத்தால..-என்ன<br>கம்பன் ஆக்குறியே....<br>Jack Daniels-ஸு கண்ண காட்டி <br>நீ மயக்குறியே...<br><br>என்ன கொம்பனாக்குறியே...... <br><br>லவ்வு அது வந்துப்புட்டா  <br>மனச பொரட்டி போடும்...அது<br>நேரம் காலம் தெரியாம <br>தூக்கம் கேட்டு போகும்...<br>காத்துல பறப்போம் <br>சேத்துல நடப்போம் <br>வெயிலும் மழையும் மறந்து இருப்போம்..<br>காதலின் போதையில் கரைஞ்சு கெடப்போம்<br><br>what you gonna do now ?<br><br>hey iphone flash - அ போல <br>டாலடிக்கிற beauty….<br>ஆப்பிள் கன்னத்த கடிச்சுக்கிறேன் <br>நான் ஒருவாட்டி....<br><br>hey cutie gal-u <br>barbie doll -u <br>step-u போடும் sweety....<br><br>nee ஹிப்ப ஆட்டி <br>மெர்சல் ஆக்கி <br>போட்டுத் தாக்குற naughty....<br><br>ஹே rocking beauty...<br>நீ தான் என் தாஜ்மஹாலு...<br>ஹே shining cutie <br>கிக்கு ஏத்தும் alcohol-லு....<br><br>ஹே rocking beauty...<br>நீ தான் என் தாஜ்மஹாலு...<br>ஹே shining cutie.. <br>கிக்கு ஏத்தும் alcohol-லு....<br><br>ஹே poppin <br>என் dolphin <br>என்ன கட்டிக்கோ கட்டிக்கோடீ...<br>top பொண்டாட்டி.....<br><br>வா husband wife -ஆ வாழ்ந்திடுவோம் ஏழு ஜென்மம் கூடி...<br>நம்ம கைய கோத்து பறந்து போலாம் ப்ளூ ஸ்கைய தேடி..<br><br>என் ஹார்ட்டு பீட்ட டச்சு பண்ண இவளோ நாளு ஏண்டி...<br>கொஞ்சம் மனசு வெச்சு எறங்கி வாயேன் மாடி படிய தாண்டி....<br><br>Hey sparkling sweetie....<br>நான் தான் டி torture-u...<br>Hey dazzling tweetie...<br>நீ தான் டி future-u...<br><br>Hey sparkling sweetie....<br>நான் தான் டி torture-u...<br>Hey dazzling tweetie...<br>நீ தான் டி future-u...<br><br>Hey silku....<br>Dairy milku...<br>என்ன கட்டிக்கோ கட்டிக்கோடீ...<br>என் top பொண்டாட்டி.....<br><br>Daai Mr.அராத்து -உன் <br>FB Status -eh மாத்து....<br><br>You r so ஸ்வீட்டு..<br>Let me put a tweettu...<br><br>உன் Pure லவ்வ காட்டி...<br>என்ன கெறங்க வெச்சிட்ட naughty...<br>Tom and jerry எலிய போல தெறிச்சு ஓடுனேன்... இப்போ <br>jovan Musk-u perfume-ஆ நான் ஒட்டிக்கிட்டேன் டா...<br><br>Tank-u குள்ள Fish-அ போல நழுவி ஓடுனேன்....<br>டபுள் சைடு லவ்வா மாத்திபுட்ட நீ கில்லாடி கில்லாடி....<br>ஹே ஹே ஹே heyyyyyyy...... <br>நான் உன் top பொண்டாட்டி.....<br>Casatta…",
      "language" : {
        "name" : "Tamil",
        "code" : "ta"
      }
    },
    {
      "data" : "CaSatta कंमंईए... <br>मतापपु मिन्मिनिये... <br>JaM-Bun-नु कन्नताल..-एनन <br>कमपन आक्कुरिये.... <br>Jack DanielS-सु कंण काटटि <br>नी मयक्कुरिये... <br><br>JaM-Bun-नु कन्नताल..-एनन <br>कमपन आक्कुरिये.... <br>Jack DanielS-सु कंण काटटि <br>नी मयक्कुरिये... <br> <br>एनन कोम्पनाक्कुरिये...... <br> <br>किऴास्सुक्कुल्ळ <br>ऐस cube -आ <br>करैञजि ओडुड़ेन.... <br>हे blacku-berry <br>hack-u पंण chance-सु कुडेन - टी... <br> <br>नोड़ुङ्गिप पोन <br>barfi-या नान <br>नमतुप पोवुड़ेन.... <br>one Side love-ल तविक्किड़ेन्डि <br>Top पोंडाटटि पोंडाटटि.... <br>Top पोंडाटटि….. <br> <br>CaSatta कंमंईए... <br>मतापपु मिन्मिनिये... <br>JaM-Bun-नु कन्नताल..-एनन <br>कमपन आक्कुरिये.... <br>Jack DanielS-सु कंण काटटि <br>नी मयक्कुरिये... <br> <br>JaM-Bun-नु कन्नताल..-एनन <br>कमपन आक्कुरिये.... <br>Jack DanielS-सु कंण काटटि <br>नी मयक्कुरिये... <br> <br>एनन कोम्पनाक्कुरिये...... <br> <br>लववु अदु वन्द दुप्पुट्टा <br>मनसा पोरटटि पोडुम्...अदु <br>नेरम कालम तेरियाम <br>तूककम केटटु पोगुम... <br>कातुल पड़प्पोम <br>सेतुल नडप्पोम <br>वेयिलुम मलैयुम मड़न्द दु इरुप्पोम.. <br>कादलिन पोधैयिल करैञजु केडप्पोम <br> <br>what you gonna डो now ? <br> <br>hey iphone flaSh - अ पोल <br>टालडिक्किड़ beauty…. <br>आपपिल कननत कडिच्चुक्किड़ेन <br>नान ओरुवाट्टि.... <br> <br>hey cutie gal-u <br>barbie doll -u <br>Step-u पोडुम Sweety.... <br> <br>नी हिपप आटटि <br>मेरचल आककि <br>पोटटुत ताककुड़ naughty.... <br> <br>हे rocking beauty... <br>नी तान एन ताज्महालु... <br>हे Shining cutie <br>किककु एतुम alcohol-लु.... <br> <br>हे rocking beauty... <br>नी तान एन ताज्महालु... <br>हे Shining cutie.. <br>किककु एतुम alcohol-लु.... <br> <br>हे poppin <br>एन dolphin <br>एनन कट्टिक्को कट्टिक्कोडी... <br>top पोंडाटटि..... <br> <br>वा huSband wife -आ वाल्न्द दिडुवोम एलु जेनमम कूडि... <br>नम्म कैय कोतु पड़न्द दु पोलाम प्ऴू स्कैय तेडि.. <br> <br>एन हारटटु पीटट टचचु पंण इवलो नाळु एंडि... <br>कोञम मनसु वेचचु एड़ङगि वायेन माडि पडिय थांडि.... <br> <br>Hey Sparkling Sweetie.... <br>नान तान टि torture-u... <br>Hey dazzling tweetie... <br>नी तान टि future-u... <br> <br>Hey Sparkling Sweetie.... <br>नान तान टि torture-u... <br>Hey dazzling tweetie... <br>नी तान टि future-u... <br> <br>Hey Silku.... <br>Dairy Milku... <br>एनन कट्टिक्को कट्टिक्कोडी... <br>एन top पोंडाटटि..... <br> <br>Daai Mr.अरातु -उन् <br>FB StatuS -eh मातु.... <br> <br>You र् सो स्वीटटु.. <br>Let मे put अ tweettu... <br> <br>उन Pure लवव काटटि... <br>एनन केड़ङ वेच्चिट्ट naughty... <br>ToM and jerry एलिय पोल तेरिचचु ओडुनेन... इपपो <br>jovan MuSk-u perfuMe-आ नान ओट्टिक्किट्टेन टा... <br> <br>Tank-u कुलळ FiSh-अ पोल नलुवि ओडुनेन.... <br>टबुल सैडु लववा मातिबुट्ट नी किललाडि किललाडि.... <br>हे हे हे heyyyyyyy...... <br>नान उन top पोंडाटटि..... <br>CaSatta",
      "language" : {
        "name" : "Hindi",
        "code" : "hi"
      }
    },
    {
      "data" : "CaSatta కంమంఇయ్యే... <br>మథాప్పు మిన్మినియే... <br>JaM-Bun-ను కన్నథాల..-యెన్న <br>కమ్పన్ ఆక్కుఱియే.... <br>Jack DanielS-సు కంణ కాత్తి <br>నె మయక్కుఱియే... <br><br>JaM-Bun-ను కన్నథాల..-యెన్న <br>కమ్పన్ ఆక్కుఱియే.... <br>Jack DanielS-సు కంణ కాత్తి <br>నె మయక్కుఱియే... <br> <br>ఎన్న కొమ్పనాక్కుఱియే...... <br> <br>కిళాస్సుక్కుళ్ళ <br>ఐస్ cube -యా <br>కరైఞ్జి ఓదుఱేన్.... <br>హే blacku-berry <br>hack-u పంణ chance-సు కుదేన్ - తీ... <br> <br>నొఱుఙ్గిప్ పోన <br>barfi-యా నాన్ <br>నమథుప్ పోవుఱేన్.... <br>one Side love-ల థవిక్కిఱేన్ది <br>Top పొందాత్తి పొందాత్తి.... <br>Top పొందాత్తి….. <br> <br>CaSatta కంమంఇయ్యే... <br>మథాప్పు మిన్మినియే... <br>JaM-Bun-ను కన్నథాల..-యెన్న <br>కమ్పన్ ఆక్కుఱియే.... <br>Jack DanielS-సు కంణ కాత్తి <br>నె మయక్కుఱియే... <br> <br>JaM-Bun-ను కన్నథాల..-యెన్న <br>కమ్పన్ ఆక్కుఱియే.... <br>Jack DanielS-సు కంణ కాత్తి <br>నె మయక్కుఱియే... <br> <br>ఎన్న కొమ్పనాక్కుఱియే...... <br> <br>లవ్వు అధు వన్ధ్ధుప్పుత్తా <br>మనస పొరత్తి పోదుమ్...యధు <br>నేరమ్ కాలమ్ థెరియామ <br>థూక్కమ్ కేత్తు పోగుమ్... <br>కాథుల పఱప్పోమ్ <br>సేథుల నదప్పోమ్ <br>వెయిలుమ్ మలైయుమ్ మఱన్ధ్ధు ఇరుప్పోమ్.. <br>కాధలిన్ పోధైయిల్ కరైఞ్జు కెదప్పోమ్ <br> <br>what you gonna దొ now ? <br> <br>hey iphone flaSh - అ పోల <br>తాలదిక్కిఱ beauty…. <br>ఆప్పిళ్ కన్నథ కదిఛ్ఛుక్కిఱేన్ <br>నాన్ ఒరువాత్తి.... <br> <br>hey cutie gal-u <br>barbie doll -u <br>Step-u పోదుమ్ Sweety.... <br> <br>నె హిప్ప ఆత్తి <br>మెర్ఛల్ ఆక్కి <br>పోత్తుథ్ థాక్కుఱ naughty.... <br> <br>హే rocking beauty... <br>నె థాన్ ఎన్ థాజ్మహాలు... <br>హే Shining cutie <br>కిక్కు ఏథుమ్ alcohol-లు.... <br> <br>హే rocking beauty... <br>నె థాన్ ఎన్ థాజ్మహాలు... <br>హే Shining cutie.. <br>కిక్కు ఏథుమ్ alcohol-లు.... <br> <br>హే poppin <br>ఎన్ dolphin <br>ఎన్న కత్తిక్కో కత్తిక్కోదీ... <br>top పొందాత్తి..... <br> <br>వా huSband wife -యా వాల్న్ధ్ధిదువోమ్ ఏలు జెన్మమ్ కూది... <br>నమ్మ కైయ కోథు పఱన్ధ్ధు పోలామ్ ప్ళూ స్కైయ థేది.. <br> <br>ఎన్ హార్త్తు పీత్త తఛ్ఛు పంణ ఇవళో నాళు ఏంది... <br>కొఞమ్ మనసు వెఛ్ఛు ఎఱఙ్గి వాయేన్ మాది పదియ థాంది.... <br> <br>Hey Sparkling Sweetie.... <br>నాన్ థాన్ తి torture-u... <br>Hey dazzling tweetie... <br>నె థాన్ తి future-u... <br> <br>Hey Sparkling Sweetie.... <br>నాన్ థాన్ తి torture-u... <br>Hey dazzling tweetie... <br>నె థాన్ తి future-u... <br> <br>Hey Silku.... <br>Dairy Milku... <br>ఎన్న కత్తిక్కో కత్తిక్కోదీ... <br>ఎన్ top పొందాత్తి..... <br> <br>Daai Mr.యరాథు -యున్ <br>FB StatuS -eh మాథు.... <br> <br>You ర్ సొ స్వీత్తు.. <br>Let మె put అ tweettu... <br> <br>ఉన్ Pure లవ్వ కాత్తి... <br>ఎన్న కెఱఙ వెఛ్ఛిత్త naughty... <br>ToM and jerry ఎలియ పోల థెఱిఛ్ఛు ఓదునేన్... ఇప్పో <br>jovan MuSk-u perfuMe-యా నాన్ ఒత్తిక్కిత్తేన్ తా... <br> <br>Tank-u కుళ్ళ FiSh-య పోల నలువి ఓదునేన్.... <br>తబుళ్ సైదు లవ్వా మాథిబుత్త నె కిల్లాది కిల్లాది.... <br>హే హే హే heyyyyyyy...... <br>నాన్ ఉన్ top పొందాత్తి..... <br>CaSatta…",
      "language" : {
        "name" : "Telugu",
        "code" : "te"
      }
    },
    {
      "data" : "CaSatta കംമംഇയ്യേ... <br>മഥാപ്പു മിന്മിനിയേ... <br>JaM-Bun-നു കന്നഥാല..-യെന്ന <br>കമ്പന് ആക്കുറിയേ.... <br>Jack DanielS-സു കംണ കാത്തി <br>നീ മയക്കുറിയേ... <br><br>JaM-Bun-നു കന്നഥാല..-യെന്ന <br>കമ്പന് ആക്കുറിയേ.... <br>Jack DanielS-സു കംണ കാത്തി <br>നീ മയക്കുറിയേ... <br> <br>എന്ന കൊമ്പനാക്കുറിയേ...... <br> <br>കിളാസ്സുക്കുള്ള <br>ഐസ് cube -യാ <br>കരൈഞ്ജി ഓദുറേന്.... <br>ഹേ blacku-berry <br>hack-u പംണ chance-സു കുദേന് - തീ... <br> <br>നൊറുങ്ഗിപ് പോന <br>barfi-യാ നാന് <br>നമഥുപ് പോവുറേന്.... <br>one Side love-ല ഥവിക്കിറേന്ദി <br>Top പൊംദാത്തി പൊംദാത്തി.... <br>Top പൊംദാത്തി….. <br> <br>CaSatta കംമംഇയ്യേ... <br>മഥാപ്പു മിന്മിനിയേ... <br>JaM-Bun-നു കന്നഥാല..-യെന്ന <br>കമ്പന് ആക്കുറിയേ.... <br>Jack DanielS-സു കംണ കാത്തി <br>നീ മയക്കുറിയേ... <br> <br>JaM-Bun-നു കന്നഥാല..-യെന്ന <br>കമ്പന് ആക്കുറിയേ.... <br>Jack DanielS-സു കംണ കാത്തി <br>നീ മയക്കുറിയേ... <br> <br>എന്ന കൊമ്പനാക്കുറിയേ...... <br> <br>ലവ്വു അധു വന്ധ്ധുപ്പുത്താ <br>മനസ പൊരത്തി പോദുമ്...യധു <br>നേരമ് കാലമ് ഥെരിയാമ <br>ഥൂക്കമ് കേത്തു പോഗുമ്... <br>കാഥുല പറപ്പോമ് <br>സേഥുല നദപ്പോമ് <br>വെയിലുമ് മഴൈയുമ് മറന്ധ്ധു ഇരുപ്പോമ്.. <br>കാധലിന് പോധൈയില് കരൈഞ്ജു കെദപ്പോമ് <br> <br>what you gonna ദൊ now ? <br> <br>hey iphone flaSh - അ പോല <br>താലദിക്കിറ beauty…. <br>ആപ്പിള് കന്നഥ കദിച്ചുക്കിറേന് <br>നാന് ഒരുവാത്തി.... <br> <br>hey cutie gal-u <br>barbie doll -u <br>Step-u പോദുമ് Sweety.... <br> <br>നീ ഹിപ്പ ആത്തി <br>മെര്ചല് ആക്കി <br>പോത്തുഥ് ഥാക്കുറ naughty.... <br> <br>ഹേ rocking beauty... <br>നീ ഥാന് എന് ഥാജ്മഹാലു... <br>ഹേ Shining cutie <br>കിക്കു ഏഥുമ് alcohol-ലു.... <br> <br>ഹേ rocking beauty... <br>നീ ഥാന് എന് ഥാജ്മഹാലു... <br>ഹേ Shining cutie.. <br>കിക്കു ഏഥുമ് alcohol-ലു.... <br> <br>ഹേ poppin <br>എന് dolphin <br>എന്ന കത്തിക്കോ കത്തിക്കോദീ... <br>top പൊംദാത്തി..... <br> <br>വാ huSband wife -യാ വാഴ്ന്ധ്ധിദുവോമ് ഏഴു ജെന്മമ് കൂദി... <br>നമ്മ കൈയ കോഥു പറന്ധ്ധു പോലാമ് പ്ളൂ സ്കൈയ ഥേദി.. <br> <br>എന് ഹാര്ത്തു പീത്ത തച്ചു പംണ ഇവളോ നാളു ഏംദി... <br>കൊഞമ് മനസു വെച്ചു എറങ്ഗി വായേന് മാദി പദിയ ഥാംദി.... <br> <br>Hey Sparkling Sweetie.... <br>നാന് ഥാന് തി torture-u... <br>Hey dazzling tweetie... <br>നീ ഥാന് തി future-u... <br> <br>Hey Sparkling Sweetie.... <br>നാന് ഥാന് തി torture-u... <br>Hey dazzling tweetie... <br>നീ ഥാന് തി future-u... <br> <br>Hey Silku.... <br>Dairy Milku... <br>എന്ന കത്തിക്കോ കത്തിക്കോദീ... <br>എന് top പൊംദാത്തി..... <br> <br>Daai Mr.യരാഥു -യുന് <br>FB StatuS -eh മാഥു.... <br> <br>You ര് സൊ സ്വീത്തു.. <br>Let മെ put അ tweettu... <br> <br>ഉന് Pure ലവ്വ കാത്തി... <br>എന്ന കെറങ വെച്ചിത്ത naughty... <br>ToM and jerry എലിയ പോല ഥെറിച്ചു ഓദുനേന്... ഇപ്പോ <br>jovan MuSk-u perfuMe-യാ നാന് ഒത്തിക്കിത്തേന് താ... <br> <br>Tank-u കുള്ള FiSh-യ പോല നഴുവി ഓദുനേന്.... <br>തബുള് സൈദു ലവ്വാ മാഥിബുത്ത നീ കില്ലാദി കില്ലാദി.... <br>ഹേ ഹേ ഹേ heyyyyyyy...... <br>നാന് ഉന് top പൊംദാത്തി..... <br>CaSatta…",
      "language" : {
        "name" : "Malayalam",
        "code" : "ml"
      }
    },
    {
      "data" : "CaSatta ಕಂಮಂಇಯ್ಯೇ... <br>ಮಥಾಪ್ಪು ಮಿನ್ಮಿನಿಯೇ... <br>JaM-Bun-ನು ಕನ್ನಥಾಲ..-ಯೆನ್ನ <br>ಕಮ್ಪನ್ ಆಕ್ಕುರಿಯೇ.... <br>Jack DanielS-ಷು ಕಂಣ ಕಾತ್ತಿ <br>ನೀ ಮಯಕ್ಕುರಿಯೇ... <br><br>JaM-Bun-ನು ಕನ್ನಥಾಲ..-ಯೆನ್ನ <br>ಕಮ್ಪನ್ ಆಕ್ಕುರಿಯೇ.... <br>Jack DanielS-ಷು ಕಂಣ ಕಾತ್ತಿ <br>ನೀ ಮಯಕ್ಕುರಿಯೇ... <br> <br>ಎನ್ನ ಕೊಮ್ಪನಾಕ್ಕುರಿಯೇ...... <br> <br>ಕಿಳಾಷ್ಷುಕ್ಕುಳ್ಳ <br>ಐಷ್ cube -ಯಾ <br>ಕರೈಞ್ಜಿ ಓದುರೇನ್.... <br>ಹೇ blacku-berry <br>hack-u ಪಂಣ chance-ಷು ಕುದೇನ್ - ತೀ... <br> <br>ನೊರುಙ್ಗಿಪ್ ಪೋನ <br>barfi-ಯಾ ನಾನ್ <br>ನಮಥುಪ್ ಪೋವುರೇನ್.... <br>one Side love-ಲ ಥವಿಕ್ಕಿರೇನ್ದಿ <br>Top ಪೊಂದಾತ್ತಿ ಪೊಂದಾತ್ತಿ.... <br>Top ಪೊಂದಾತ್ತಿ….. <br> <br>CaSatta ಕಂಮಂಇಯ್ಯೇ... <br>ಮಥಾಪ್ಪು ಮಿನ್ಮಿನಿಯೇ... <br>JaM-Bun-ನು ಕನ್ನಥಾಲ..-ಯೆನ್ನ <br>ಕಮ್ಪನ್ ಆಕ್ಕುರಿಯೇ.... <br>Jack DanielS-ಷು ಕಂಣ ಕಾತ್ತಿ <br>ನೀ ಮಯಕ್ಕುರಿಯೇ... <br> <br>JaM-Bun-ನು ಕನ್ನಥಾಲ..-ಯೆನ್ನ <br>ಕಮ್ಪನ್ ಆಕ್ಕುರಿಯೇ.... <br>Jack DanielS-ಷು ಕಂಣ ಕಾತ್ತಿ <br>ನೀ ಮಯಕ್ಕುರಿಯೇ... <br> <br>ಎನ್ನ ಕೊಮ್ಪನಾಕ್ಕುರಿಯೇ...... <br> <br>ಲವ್ವು ಅಧು ವನ್ಧ್ಧುಪ್ಪುತ್ತಾ <br>ಮನಷ ಪೊರತ್ತಿ ಪೋದುಮ್...ಯಧು <br>ನೇರಮ್ ಕಾಲಮ್ ಥೆರಿಯಾಮ <br>ಥೂಕ್ಕಮ್ ಕೇತ್ತು ಪೋಗುಮ್... <br>ಕಾಥುಲ ಪರಪ್ಪೋಮ್ <br>ಷೇಥುಲ ನದಪ್ಪೋಮ್ <br>ವೆಯಿಲುಮ್ ಮಲೈಯುಮ್ ಮರನ್ಧ್ಧು ಇರುಪ್ಪೋಮ್.. <br>ಕಾಧಲಿನ್ ಪೋಧೈಯಿಲ್ ಕರೈಞ್ಜು ಕೆದಪ್ಪೋಮ್ <br> <br>what you gonna ದೊ now ? <br> <br>hey iphone flaSh - ಅ ಪೋಲ <br>ತಾಲದಿಕ್ಕಿರ beauty…. <br>ಆಪ್ಪಿಳ್ ಕನ್ನಥ ಕದಿಚ್ಚುಕ್ಕಿರೇನ್ <br>ನಾನ್ ಒರುವಾತ್ತಿ.... <br> <br>hey cutie gal-u <br>barbie doll -u <br>Step-u ಪೋದುಮ್ Sweety.... <br> <br>ನೀ ಹಿಪ್ಪ ಆತ್ತಿ <br>ಮೆರ್ಚಲ್ ಆಕ್ಕಿ <br>ಪೋತ್ತುಥ್ ಥಾಕ್ಕುರ naughty.... <br> <br>ಹೇ rocking beauty... <br>ನೀ ಥಾನ್ ಎನ್ ಥಾಜ್ಮಹಾಲು... <br>ಹೇ Shining cutie <br>ಕಿಕ್ಕು ಏಥುಮ್ alcohol-ಲು.... <br> <br>ಹೇ rocking beauty... <br>ನೀ ಥಾನ್ ಎನ್ ಥಾಜ್ಮಹಾಲು... <br>ಹೇ Shining cutie.. <br>ಕಿಕ್ಕು ಏಥುಮ್ alcohol-ಲು.... <br> <br>ಹೇ poppin <br>ಎನ್ dolphin <br>ಎನ್ನ ಕತ್ತಿಕ್ಕೋ ಕತ್ತಿಕ್ಕೋದೀ... <br>top ಪೊಂದಾತ್ತಿ..... <br> <br>ವಾ huSband wife -ಯಾ ವಾಲ್ನ್ಧ್ಧಿದುವೋಮ್ ಏಲು ಜೆನ್ಮಮ್ ಕೂದಿ... <br>ನಮ್ಮ ಕೈಯ ಕೋಥು ಪರನ್ಧ್ಧು ಪೋಲಾಮ್ ಪ್ಳೂ ಷ್ಕೈಯ ಥೇದಿ.. <br> <br>ಎನ್ ಹಾರ್ತ್ತು ಪೀತ್ತ ತಚ್ಚು ಪಂಣ ಇವಳೋ ನಾಳು ಏಂದಿ... <br>ಕೊಞಮ್ ಮನಷು ವೆಚ್ಚು ಎರಙ್ಗಿ ವಾಯೇನ್ ಮಾದಿ ಪದಿಯ ಥಾಂದಿ.... <br> <br>Hey Sparkling Sweetie.... <br>ನಾನ್ ಥಾನ್ ತಿ torture-u... <br>Hey dazzling tweetie... <br>ನೀ ಥಾನ್ ತಿ future-u... <br> <br>Hey Sparkling Sweetie.... <br>ನಾನ್ ಥಾನ್ ತಿ torture-u... <br>Hey dazzling tweetie... <br>ನೀ ಥಾನ್ ತಿ future-u... <br> <br>Hey Silku.... <br>Dairy Milku... <br>ಎನ್ನ ಕತ್ತಿಕ್ಕೋ ಕತ್ತಿಕ್ಕೋದೀ... <br>ಎನ್ top ಪೊಂದಾತ್ತಿ..... <br> <br>Daai Mr.ಯರಾಥು -ಯುನ್ <br>FB StatuS -eh ಮಾಥು.... <br> <br>You ರ್ ಷೊ ಷ್ವೀತ್ತು.. <br>Let ಮೆ put ಅ tweettu... <br> <br>ಉನ್ Pure ಲವ್ವ ಕಾತ್ತಿ... <br>ಎನ್ನ ಕೆರಙ ವೆಚ್ಚಿತ್ತ naughty... <br>ToM and jerry ಎಲಿಯ ಪೋಲ ಥೆರಿಚ್ಚು ಓದುನೇನ್... ಇಪ್ಪೋ <br>jovan MuSk-u perfuMe-ಯಾ ನಾನ್ ಒತ್ತಿಕ್ಕಿತ್ತೇನ್ ತಾ... <br> <br>Tank-u ಕುಳ್ಳ FiSh-ಯ ಪೋಲ ನಲುವಿ ಓದುನೇನ್.... <br>ತಬುಳ್ ಷೈದು ಲವ್ವಾ ಮಾಥಿಬುತ್ತ ನೀ ಕಿಲ್ಲಾದಿ ಕಿಲ್ಲಾದಿ.... <br>ಹೇ ಹೇ ಹೇ heyyyyyyy...... <br>ನಾನ್ ಉನ್ top ಪೊಂದಾತ್ತಿ..... <br>CaSatta…",
      "language" : {
        "name" : "Kanadam",
        "code" : "ka"
      }
    },
    {
      "data" : "CaSatta কঁমঁইয্যে... <br>মথাপ্পু মিন্মিনিযে... <br>JaM-Bun-নু কন্নথাল..-যেন্ন <br>কম্পন্ আক্কুড়িযে.... <br>Jack DanielS-সু কঁণ কাত্তি <br>নী মযক্কুড়িযে... <br><br>JaM-Bun-নু কন্নথাল..-যেন্ন <br>কম্পন্ আক্কুড়িযে.... <br>Jack DanielS-সু কঁণ কাত্তি <br>নী মযক্কুড়িযে... <br> <br>এন্ন কোম্পনাক্কুড়িযে...... <br> <br>কিলাস্সুক্কুল্ল <br>ঐস্ cube -যা <br>করৈঞ্জি ওদুড়েন্.... <br>হে blacku-berry <br>hack-u পঁণ chance-সু কুদেন্ - তী... <br> <br>নোড়ুঙ্গিপ্ পোন <br>barfi-যা নান্ <br>নমথুপ্ পোৱুড়েন্.... <br>one Side love-ল থৱিক্কিড়েন্দি <br>Top পোঁদাত্তি পোঁদাত্তি.... <br>Top পোঁদাত্তি….. <br> <br>CaSatta কঁমঁইয্যে... <br>মথাপ্পু মিন্মিনিযে... <br>JaM-Bun-নু কন্নথাল..-যেন্ন <br>কম্পন্ আক্কুড়িযে.... <br>Jack DanielS-সু কঁণ কাত্তি <br>নী মযক্কুড়িযে... <br> <br>JaM-Bun-নু কন্নথাল..-যেন্ন <br>কম্পন্ আক্কুড়িযে.... <br>Jack DanielS-সু কঁণ কাত্তি <br>নী মযক্কুড়িযে... <br> <br>এন্ন কোম্পনাক্কুড়িযে...... <br> <br>লৱ্ৱু অধু ৱন্ধ্ধুপ্পুত্তা <br>মনস পোরত্তি পোদুম্...যধু <br>নেরম্ কালম্ থেরিযাম <br>থূক্কম্ কেত্তু পোগুম্... <br>কাথুল পড়প্পোম্ <br>সেথুল নদপ্পোম্ <br>ৱেযিলুম্ মলৈযুম্ মড়ন্ধ্ধু ইরুপ্পোম্.. <br>কাধলিন্ পোধৈযিল্ করৈঞ্জু কেদপ্পোম্ <br> <br>what you gonna দো now ? <br> <br>hey iphone flaSh - অ পোল <br>তালদিক্কিড় beauty…. <br>আপ্পিল্ কন্নথ কদিচ্চুক্কিড়েন্ <br>নান্ ওরুৱাত্তি.... <br> <br>hey cutie gal-u <br>barbie doll -u <br>Step-u পোদুম্ Sweety.... <br> <br>নী হিপ্প আত্তি <br>মের্চল্ আক্কি <br>পোত্তুথ্ থাক্কুড় naughty.... <br> <br>হে rocking beauty... <br>নী থান্ এন্ থাজ্মহালু... <br>হে Shining cutie <br>কিক্কু এথুম্ alcohol-লু.... <br> <br>হে rocking beauty... <br>নী থান্ এন্ থাজ্মহালু... <br>হে Shining cutie.. <br>কিক্কু এথুম্ alcohol-লু.... <br> <br>হে poppin <br>এন্ dolphin <br>এন্ন কত্তিক্কো কত্তিক্কোদী... <br>top পোঁদাত্তি..... <br> <br>ৱা huSband wife -যা ৱাল্ন্ধ্ধিদুৱোম্ এলু জেন্মম্ কূদি... <br>নম্ম কৈয কোথু পড়ন্ধ্ধু পোলাম্ প্লূ স্কৈয থেদি.. <br> <br>এন্ হার্ত্তু পীত্ত তচ্চু পঁণ ইৱলো নালু এঁদি... <br>কোঞম্ মনসু ৱেচ্চু এড়ঙ্গি ৱাযেন্ মাদি পদিয থাঁদি.... <br> <br>Hey Sparkling Sweetie.... <br>নান্ থান্ তি torture-u... <br>Hey dazzling tweetie... <br>নী থান্ তি future-u... <br> <br>Hey Sparkling Sweetie.... <br>নান্ থান্ তি torture-u... <br>Hey dazzling tweetie... <br>নী থান্ তি future-u... <br> <br>Hey Silku.... <br>Dairy Milku... <br>এন্ন কত্তিক্কো কত্তিক্কোদী... <br>এন্ top পোঁদাত্তি..... <br> <br>Daai Mr.যরাথু -যুন্ <br>FB StatuS -eh মাথু.... <br> <br>You র্ সো স্ৱীত্তু.. <br>Let মে put অ tweettu... <br> <br>উন্ Pure লৱ্ৱ কাত্তি... <br>এন্ন কেড়ঙ ৱেচ্চিত্ত naughty... <br>ToM and jerry এলিয পোল থেড়িচ্চু ওদুনেন্... ইপ্পো <br>jovan MuSk-u perfuMe-যা নান্ ওত্তিক্কিত্তেন্ তা... <br> <br>Tank-u কুল্ল FiSh-য পোল নলুৱি ওদুনেন্.... <br>তবুল্ সৈদু লৱ্ৱা মাথিবুত্ত নী কিল্লাদি কিল্লাদি.... <br>হে হে হে heyyyyyyy...... <br>নান্ উন্ top পোঁদাত্তি..... <br>CaSatta…",
      "language" : {
        "name" : "Bengali",
        "code" : "be"
      }
    },
    {
      "data" : "CaSatta કંમંઇય્યૅ... <br>મથાપ્પુ મિન્મિનિયૅ... <br>JaM-Bun-નુ કન્નથાલ..-યેન્ન <br>કમ્પન્ આક્કુરિયૅ.... <br>Jack DanielS-ષુ કંણ કાત્તિ <br>ણી મયક્કુરિયૅ... <br><br>JaM-Bun-નુ કન્નથાલ..-યેન્ન <br>કમ્પન્ આક્કુરિયૅ.... <br>Jack DanielS-ષુ કંણ કાત્તિ <br>ણી મયક્કુરિયૅ... <br> <br>એન્ન કોમ્પનાક્કુરિયૅ...... <br> <br>કિળાષ્ષુક્કુળ્ળ <br>ઐષ્ cube -યા <br>કરૈઞ્જિ ઑદુરૅન્.... <br>હૅ blacku-berry <br>hack-u પંણ chance-ષુ કુદૅન્ - તી... <br> <br>ણોરુઙ્ગિપ્ પૉન <br>barfi-યા ણાન્ <br>ણમથુપ્ પૉવુરૅન્.... <br>one Side love-લ થવિક્કિરૅન્દિ <br>Top પોંદાત્તિ પોંદાત્તિ.... <br>Top પોંદાત્તિ….. <br> <br>CaSatta કંમંઇય્યૅ... <br>મથાપ્પુ મિન્મિનિયૅ... <br>JaM-Bun-નુ કન્નથાલ..-યેન્ન <br>કમ્પન્ આક્કુરિયૅ.... <br>Jack DanielS-ષુ કંણ કાત્તિ <br>ણી મયક્કુરિયૅ... <br> <br>JaM-Bun-નુ કન્નથાલ..-યેન્ન <br>કમ્પન્ આક્કુરિયૅ.... <br>Jack DanielS-ષુ કંણ કાત્તિ <br>ણી મયક્કુરિયૅ... <br> <br>એન્ન કોમ્પનાક્કુરિયૅ...... <br> <br>લવ્વુ અધુ વન્ધ્ધુપ્પુત્તા <br>મનષ પોરત્તિ પૉદુમ્...યધુ <br>ણૅરમ્ કાલમ્ થેરિયામ <br>થૂક્કમ્ કૅત્તુ પૉગુમ્... <br>કાથુલ પરપ્પૉમ્ <br>ષૅથુલ ણદપ્પૉમ્ <br>વેયિલુમ્ મલૈયુમ્ મરન્ધ્ધુ ઇરુપ્પૉમ્.. <br>કાધલિન્ પૉધૈયિલ્ કરૈઞ્જુ કેદપ્પૉમ્ <br> <br>what you gonna દો now ? <br> <br>hey iphone flaSh - અ પૉલ <br>તાલદિક્કિર beauty…. <br>આપ્પિળ્ કન્નથ કદિચ્ચુક્કિરૅન્ <br>ણાન્ ઓરુવાત્તિ.... <br> <br>hey cutie gal-u <br>barbie doll -u <br>Step-u પૉદુમ્ Sweety.... <br> <br>ણી હિપ્પ આત્તિ <br>મેર્ચલ્ આક્કિ <br>પૉત્તુથ્ થાક્કુર naughty.... <br> <br>હૅ rocking beauty... <br>ણી થાન્ એન્ થાજ્મહાલુ... <br>હૅ Shining cutie <br>કિક્કુ ઍથુમ્ alcohol-લુ.... <br> <br>હૅ rocking beauty... <br>ણી થાન્ એન્ થાજ્મહાલુ... <br>હૅ Shining cutie.. <br>કિક્કુ ઍથુમ્ alcohol-લુ.... <br> <br>હૅ poppin <br>એન્ dolphin <br>એન્ન કત્તિક્કૉ કત્તિક્કૉદી... <br>top પોંદાત્તિ..... <br> <br>વા huSband wife -યા વાલ્ન્ધ્ધિદુવૉમ્ ઍલુ જેન્મમ્ કૂદિ... <br>ણમ્મ કૈય કૉથુ પરન્ધ્ધુ પૉલામ્ પ્ળૂ ષ્કૈય થૅદિ.. <br> <br>એન્ હાર્ત્તુ પીત્ત તચ્ચુ પંણ ઇવળૉ ણાળુ ઍંદિ... <br>કોઞમ્ મનષુ વેચ્ચુ એરઙ્ગિ વાયૅન્ માદિ પદિય થાંદિ.... <br> <br>Hey Sparkling Sweetie.... <br>ણાન્ થાન્ તિ torture-u... <br>Hey dazzling tweetie... <br>ણી થાન્ તિ future-u... <br> <br>Hey Sparkling Sweetie.... <br>ણાન્ થાન્ તિ torture-u... <br>Hey dazzling tweetie... <br>ણી થાન્ તિ future-u... <br> <br>Hey Silku.... <br>Dairy Milku... <br>એન્ન કત્તિક્કૉ કત્તિક્કૉદી... <br>એન્ top પોંદાત્તિ..... <br> <br>Daai Mr.યરાથુ -યુન્ <br>FB StatuS -eh માથુ.... <br> <br>You ર્ ષો ષ્વીત્તુ.. <br>Let મે put અ tweettu... <br> <br>ઉન્ Pure લવ્વ કાત્તિ... <br>એન્ન કેરઙ વેચ્ચિત્ત naughty... <br>ToM and jerry એલિય પૉલ થેરિચ્ચુ ઑદુનૅન્... ઇપ્પૉ <br>jovan MuSk-u perfuMe-યા ણાન્ ઓત્તિક્કિત્તૅન્ તા... <br> <br>Tank-u કુળ્ળ FiSh-ય પૉલ ણલુવિ ઑદુનૅન્.... <br>તબુળ્ ષૈદુ લવ્વા માથિબુત્ત ણી કિલ્લાદિ કિલ્લાદિ.... <br>હૅ હૅ હૅ heyyyyyyy...... <br>ણાન્ ઉન્ top પોંદાત્તિ..... <br>CaSatta…",
      "language" : {
        "name" : "Gujarathi",
        "code" : "gu"
      }
    },
    {
      "data" : "CaSatta कंमंईए... <br>मतापपु मिन्मिनिये... <br>JaM-Bun-नु कन्नताल..-एनन <br>कमपन आक्कुरिये.... <br>Jack DanielS-सु कंण काटटि <br>नी मयक्कुरिये... <br><br>JaM-Bun-नु कन्नताल..-एनन <br>कमपन आक्कुरिये.... <br>Jack DanielS-सु कंण काटटि <br>नी मयक्कुरिये... <br> <br>एनन कोम्पनाक्कुरिये...... <br> <br>किऴास्सुक्कुल्ळ <br>ऐस cube -आ <br>करैञजि ओडुड़ेन.... <br>हे blacku-berry <br>hack-u पंण chance-सु कुडेन - टी... <br> <br>नोड़ुङ्गिप पोन <br>barfi-या नान <br>नमतुप पोवुड़ेन.... <br>one Side love-ल तविक्किड़ेन्डि <br>Top पोंडाटटि पोंडाटटि.... <br>Top पोंडाटटि….. <br> <br>CaSatta कंमंईए... <br>मतापपु मिन्मिनिये... <br>JaM-Bun-नु कन्नताल..-एनन <br>कमपन आक्कुरिये.... <br>Jack DanielS-सु कंण काटटि <br>नी मयक्कुरिये... <br> <br>JaM-Bun-नु कन्नताल..-एनन <br>कमपन आक्कुरिये.... <br>Jack DanielS-सु कंण काटटि <br>नी मयक्कुरिये... <br> <br>एनन कोम्पनाक्कुरिये...... <br> <br>लववु अदु वन्द दुप्पुट्टा <br>मनसा पोरटटि पोडुम्...अदु <br>नेरम कालम तेरियाम <br>तूककम केटटु पोगुम... <br>कातुल पड़प्पोम <br>सेतुल नडप्पोम <br>वेयिलुम मलैयुम मड़न्द दु इरुप्पोम.. <br>कादलिन पोधैयिल करैञजु केडप्पोम <br> <br>what you gonna डो now ? <br> <br>hey iphone flaSh - अ पोल <br>टालडिक्किड़ beauty…. <br>आपपिल कननत कडिच्चुक्किड़ेन <br>नान ओरुवाट्टि.... <br> <br>hey cutie gal-u <br>barbie doll -u <br>Step-u पोडुम Sweety.... <br> <br>नी हिपप आटटि <br>मेरचल आककि <br>पोटटुत ताककुड़ naughty.... <br> <br>हे rocking beauty... <br>नी तान एन ताज्महालु... <br>हे Shining cutie <br>किककु एतुम alcohol-लु.... <br> <br>हे rocking beauty... <br>नी तान एन ताज्महालु... <br>हे Shining cutie.. <br>किककु एतुम alcohol-लु.... <br> <br>हे poppin <br>एन dolphin <br>एनन कट्टिक्को कट्टिक्कोडी... <br>top पोंडाटटि..... <br> <br>वा huSband wife -आ वाल्न्द दिडुवोम एलु जेनमम कूडि... <br>नम्म कैय कोतु पड़न्द दु पोलाम प्ऴू स्कैय तेडि.. <br> <br>एन हारटटु पीटट टचचु पंण इवलो नाळु एंडि... <br>कोञम मनसु वेचचु एड़ङगि वायेन माडि पडिय थांडि.... <br> <br>Hey Sparkling Sweetie.... <br>नान तान टि torture-u... <br>Hey dazzling tweetie... <br>नी तान टि future-u... <br> <br>Hey Sparkling Sweetie.... <br>नान तान टि torture-u... <br>Hey dazzling tweetie... <br>नी तान टि future-u... <br> <br>Hey Silku.... <br>Dairy Milku... <br>एनन कट्टिक्को कट्टिक्कोडी... <br>एन top पोंडाटटि..... <br> <br>Daai Mr.अरातु -उन् <br>FB StatuS -eh मातु.... <br> <br>You र् सो स्वीटटु.. <br>Let मे put अ tweettu... <br> <br>उन Pure लवव काटटि... <br>एनन केड़ङ वेच्चिट्ट naughty... <br>ToM and jerry एलिय पोल तेरिचचु ओडुनेन... इपपो <br>jovan MuSk-u perfuMe-आ नान ओट्टिक्किट्टेन टा... <br> <br>Tank-u कुलळ FiSh-अ पोल नलुवि ओडुनेन.... <br>टबुल सैडु लववा मातिबुट्ट नी किललाडि किललाडि.... <br>हे हे हे heyyyyyyy...... <br>नान उन top पोंडाटटि..... <br>CaSatta",
      "language" : {
        "name" : "Marathi",
        "code" : "mr"
      }
    },
    {
      "data" : "CaSatta କଂମଂଇଯ୍ଯେ... <br>ମଥାପ୍ପୁ ମିନ୍ମିନିଯେ... <br>JaM-Bun-ନୁ କନ୍ନଥାଳ..-ଯେନ୍ନ <br>କମ୍ପନ୍ ଆକ୍କୁଡ଼ିଯେ.... <br>Jack DanielS-ଷୁ କଂଣ କାତ୍ତି <br>ନୀ ମଯକ୍କୁଡ଼ିଯେ... <br><br>JaM-Bun-ନୁ କନ୍ନଥାଳ..-ଯେନ୍ନ <br>କମ୍ପନ୍ ଆକ୍କୁଡ଼ିଯେ.... <br>Jack DanielS-ଷୁ କଂଣ କାତ୍ତି <br>ନୀ ମଯକ୍କୁଡ଼ିଯେ... <br> <br>ଏନ୍ନ କୋମ୍ପନାକ୍କୁଡ଼ିଯେ...... <br> <br>କିଲାଷ୍ଷୁକ୍କୁଲ୍ଲ <br>ଐଷ୍ cube -ଯା <br>କରୈଞ୍ଜି ଓଦୁଡ଼େନ୍.... <br>ହେ blacku-berry <br>hack-u ପଂଣ chance-ଷୁ କୁଦେନ୍ - ତୀ... <br> <br>ନୋଡ଼ୁଙ୍ଗିପ୍ ପୋନ <br>barfi-ଯା ନାନ୍ <br>ନମଥୁପ୍ ପୋୱୁଡ଼େନ୍.... <br>one Side love-ଳ ଥୱିକ୍କିଡ଼େନ୍ଦି <br>Top ପୋଂଦାତ୍ତି ପୋଂଦାତ୍ତି.... <br>Top ପୋଂଦାତ୍ତି….. <br> <br>CaSatta କଂମଂଇଯ୍ଯେ... <br>ମଥାପ୍ପୁ ମିନ୍ମିନିଯେ... <br>JaM-Bun-ନୁ କନ୍ନଥାଳ..-ଯେନ୍ନ <br>କମ୍ପନ୍ ଆକ୍କୁଡ଼ିଯେ.... <br>Jack DanielS-ଷୁ କଂଣ କାତ୍ତି <br>ନୀ ମଯକ୍କୁଡ଼ିଯେ... <br> <br>JaM-Bun-ନୁ କନ୍ନଥାଳ..-ଯେନ୍ନ <br>କମ୍ପନ୍ ଆକ୍କୁଡ଼ିଯେ.... <br>Jack DanielS-ଷୁ କଂଣ କାତ୍ତି <br>ନୀ ମଯକ୍କୁଡ଼ିଯେ... <br> <br>ଏନ୍ନ କୋମ୍ପନାକ୍କୁଡ଼ିଯେ...... <br> <br>ଳୱ୍ୱୁ ଅଧୁ ୱନ୍ଧ୍ଧୁପ୍ପୁତ୍ତା <br>ମନଷ ପୋରତ୍ତି ପୋଦୁମ୍...ଯଧୁ <br>ନେରମ୍ କାଳମ୍ ଥେରିଯାମ <br>ଥୂକ୍କମ୍ କେତ୍ତୁ ପୋଗୁମ୍... <br>କାଥୁଳ ପଡ଼ପ୍ପୋମ୍ <br>ଷେଥୁଳ ନଦପ୍ପୋମ୍ <br>ୱେଯିଳୁମ୍ ମଳୈଯୁମ୍ ମଡ଼ନ୍ଧ୍ଧୁ ଇରୁପ୍ପୋମ୍.. <br>କାଧଳିନ୍ ପୋଧୈଯିଳ୍ କରୈଞ୍ଜୁ କେଦପ୍ପୋମ୍ <br> <br>what you gonna ଦୋ now ? <br> <br>hey iphone flaSh - ଅ ପୋଳ <br>ତାଳଦିକ୍କିଡ଼ beauty…. <br>ଆପ୍ପିଲ୍ କନ୍ନଥ କଦିଚ୍ଚୁକ୍କିଡ଼େନ୍ <br>ନାନ୍ ଓରୁୱାତ୍ତି.... <br> <br>hey cutie gal-u <br>barbie doll -u <br>Step-u ପୋଦୁମ୍ Sweety.... <br> <br>ନୀ ହିପ୍ପ ଆତ୍ତି <br>ମେର୍ଚଳ୍ ଆକ୍କି <br>ପୋତ୍ତୁଥ୍ ଥାକ୍କୁଡ଼ naughty.... <br> <br>ହେ rocking beauty... <br>ନୀ ଥାନ୍ ଏନ୍ ଥାଜ୍ମହାଳୁ... <br>ହେ Shining cutie <br>କିକ୍କୁ ଏଥୁମ୍ alcohol-ଳୁ.... <br> <br>ହେ rocking beauty... <br>ନୀ ଥାନ୍ ଏନ୍ ଥାଜ୍ମହାଳୁ... <br>ହେ Shining cutie.. <br>କିକ୍କୁ ଏଥୁମ୍ alcohol-ଳୁ.... <br> <br>ହେ poppin <br>ଏନ୍ dolphin <br>ଏନ୍ନ କତ୍ତିକ୍କୋ କତ୍ତିକ୍କୋଦୀ... <br>top ପୋଂଦାତ୍ତି..... <br> <br>ୱା huSband wife -ଯା ୱାଳ୍ନ୍ଧ୍ଧିଦୁୱୋମ୍ ଏଳୁ ଜେନ୍ମମ୍ କୂଦି... <br>ନମ୍ମ କୈଯ କୋଥୁ ପଡ଼ନ୍ଧ୍ଧୁ ପୋଳାମ୍ ପ୍ଲୂ ଷ୍କୈଯ ଥେଦି.. <br> <br>ଏନ୍ ହାର୍ତ୍ତୁ ପୀତ୍ତ ତଚ୍ଚୁ ପଂଣ ଇୱଲୋ ନାଲୁ ଏଂଦି... <br>କୋଞମ୍ ମନଷୁ ୱେଚ୍ଚୁ ଏଡ଼ଙ୍ଗି ୱାଯେନ୍ ମାଦି ପଦିଯ ଥାଂଦି.... <br> <br>Hey Sparkling Sweetie.... <br>ନାନ୍ ଥାନ୍ ତି torture-u... <br>Hey dazzling tweetie... <br>ନୀ ଥାନ୍ ତି future-u... <br> <br>Hey Sparkling Sweetie.... <br>ନାନ୍ ଥାନ୍ ତି torture-u... <br>Hey dazzling tweetie... <br>ନୀ ଥାନ୍ ତି future-u... <br> <br>Hey Silku.... <br>Dairy Milku... <br>ଏନ୍ନ କତ୍ତିକ୍କୋ କତ୍ତିକ୍କୋଦୀ... <br>ଏନ୍ top ପୋଂଦାତ୍ତି..... <br> <br>Daai Mr.ଯରାଥୁ -ଯୁନ୍ <br>FB StatuS -eh ମାଥୁ.... <br> <br>You ର୍ ଷୋ ଷ୍ୱୀତ୍ତୁ.. <br>Let ମେ put ଅ tweettu... <br> <br>ଉନ୍ Pure ଳୱ୍ୱ କାତ୍ତି... <br>ଏନ୍ନ କେଡ଼ଙ ୱେଚ୍ଚିତ୍ତ naughty... <br>ToM and jerry ଏଳିଯ ପୋଳ ଥେଡ଼ିଚ୍ଚୁ ଓଦୁନେନ୍... ଇପ୍ପୋ <br>jovan MuSk-u perfuMe-ଯା ନାନ୍ ଓତ୍ତିକ୍କିତ୍ତେନ୍ ତା... <br> <br>Tank-u କୁଲ୍ଲ FiSh-ଯ ପୋଳ ନଳୁୱି ଓଦୁନେନ୍.... <br>ତବୁଲ୍ ଷୈଦୁ ଳୱ୍ୱା ମାଥିବୁତ୍ତ ନୀ କିଳ୍ଳାଦି କିଳ୍ଳାଦି.... <br>ହେ ହେ ହେ heyyyyyyy...... <br>ନାନ୍ ଉନ୍ top ପୋଂଦାତ୍ତି..... <br>CaSatta…",
      "language" : {
        "name" : "Oriya",
        "code" : "or"
      }
    },
    {
      "data" : "CaSatta कंमंईए... <br>मतापपु मिन्मिनिये... <br>JaM-Bun-नु कन्नताल..-एनन <br>कमपन आक्कुरिये.... <br>Jack DanielS-सु कंण काटटि <br>नी मयक्कुरिये... <br><br>JaM-Bun-नु कन्नताल..-एनन <br>कमपन आक्कुरिये.... <br>Jack DanielS-सु कंण काटटि <br>नी मयक्कुरिये... <br> <br>एनन कोम्पनाक्कुरिये...... <br> <br>किऴास्सुक्कुल्ळ <br>ऐस cube -आ <br>करैञजि ओडुड़ेन.... <br>हे blacku-berry <br>hack-u पंण chance-सु कुडेन - टी... <br> <br>नोड़ुङ्गिप पोन <br>barfi-या नान <br>नमतुप पोवुड़ेन.... <br>one Side love-ल तविक्किड़ेन्डि <br>Top पोंडाटटि पोंडाटटि.... <br>Top पोंडाटटि….. <br> <br>CaSatta कंमंईए... <br>मतापपु मिन्मिनिये... <br>JaM-Bun-नु कन्नताल..-एनन <br>कमपन आक्कुरिये.... <br>Jack DanielS-सु कंण काटटि <br>नी मयक्कुरिये... <br> <br>JaM-Bun-नु कन्नताल..-एनन <br>कमपन आक्कुरिये.... <br>Jack DanielS-सु कंण काटटि <br>नी मयक्कुरिये... <br> <br>एनन कोम्पनाक्कुरिये...... <br> <br>लववु अदु वन्द दुप्पुट्टा <br>मनसा पोरटटि पोडुम्...अदु <br>नेरम कालम तेरियाम <br>तूककम केटटु पोगुम... <br>कातुल पड़प्पोम <br>सेतुल नडप्पोम <br>वेयिलुम मलैयुम मड़न्द दु इरुप्पोम.. <br>कादलिन पोधैयिल करैञजु केडप्पोम <br> <br>what you gonna डो now ? <br> <br>hey iphone flaSh - अ पोल <br>टालडिक्किड़ beauty…. <br>आपपिल कननत कडिच्चुक्किड़ेन <br>नान ओरुवाट्टि.... <br> <br>hey cutie gal-u <br>barbie doll -u <br>Step-u पोडुम Sweety.... <br> <br>नी हिपप आटटि <br>मेरचल आककि <br>पोटटुत ताककुड़ naughty.... <br> <br>हे rocking beauty... <br>नी तान एन ताज्महालु... <br>हे Shining cutie <br>किककु एतुम alcohol-लु.... <br> <br>हे rocking beauty... <br>नी तान एन ताज्महालु... <br>हे Shining cutie.. <br>किककु एतुम alcohol-लु.... <br> <br>हे poppin <br>एन dolphin <br>एनन कट्टिक्को कट्टिक्कोडी... <br>top पोंडाटटि..... <br> <br>वा huSband wife -आ वाल्न्द दिडुवोम एलु जेनमम कूडि... <br>नम्म कैय कोतु पड़न्द दु पोलाम प्ऴू स्कैय तेडि.. <br> <br>एन हारटटु पीटट टचचु पंण इवलो नाळु एंडि... <br>कोञम मनसु वेचचु एड़ङगि वायेन माडि पडिय थांडि.... <br> <br>Hey Sparkling Sweetie.... <br>नान तान टि torture-u... <br>Hey dazzling tweetie... <br>नी तान टि future-u... <br> <br>Hey Sparkling Sweetie.... <br>नान तान टि torture-u... <br>Hey dazzling tweetie... <br>नी तान टि future-u... <br> <br>Hey Silku.... <br>Dairy Milku... <br>एनन कट्टिक्को कट्टिक्कोडी... <br>एन top पोंडाटटि..... <br> <br>Daai Mr.अरातु -उन् <br>FB StatuS -eh मातु.... <br> <br>You र् सो स्वीटटु.. <br>Let मे put अ tweettu... <br> <br>उन Pure लवव काटटि... <br>एनन केड़ङ वेच्चिट्ट naughty... <br>ToM and jerry एलिय पोल तेरिचचु ओडुनेन... इपपो <br>jovan MuSk-u perfuMe-आ नान ओट्टिक्किट्टेन टा... <br> <br>Tank-u कुलळ FiSh-अ पोल नलुवि ओडुनेन.... <br>टबुल सैडु लववा मातिबुट्ट नी किललाडि किललाडि.... <br>हे हे हे heyyyyyyy...... <br>नान उन top पोंडाटटि..... <br>CaSatta",
      "language" : {
        "name" : "konkani",
        "code" : "ko"
      }
    }
  ],
  "mood" : {
    "slug" : "happy",
    "name" : "Happy"
  },
  "thumbnail" : "https:\/\/d1ua79hvv369a0.cloudfront.net\/reflection\/thumbnail\/04-May-2016\/casata_kanmaniey-thumb.jpg",
  "language" : {
    "name" : "Tamil",
    "code" : "ta"
  },
  "slug" : "cassata-kanmaniye",
  "info" : {
    "lyric_genres" : [
      {
        "name" : {
          "en" : "Character",
          "hi" : "Character",
          "te" : "Character",
          "ta" : "பாத்திரம்"
        }
      }
    ],
    "thaalams" : [
      {
        "name" : {
          "en" : "Rupakam",
          "hi" : "Rupakam",
          "te" : "Rupakam",
          "ta" : "ரூபகம்"
        }
      }
    ],
    "lyric_languages" : [
      {
        "name" : {
          "en" : "Tamil",
          "hi" : "Tamil",
          "te" : "Tamil",
          "ta" : "தமிழ்"
        }
      }
    ],
    "lyric_moods" : [
      {
        "name" : {
          "en" : "Happy",
          "hi" : "Happy",
          "te" : "Happy",
          "ta" : "மகிழ்ச்சி"
        }
      }
    ],
    "music_genres" : [
      {
        "name" : {
          "en" : "Modern Gaana",
          "hi" : "Modern Gaana",
          "te" : "Modern Gaana",
          "ta" : "மாடர்ன் கானா"
        }
      }
    ],
    "best_seasons_to_listen" : [
      {
        "name" : {
          "en" : "Summer",
          "hi" : "Summer",
          "te" : "Summer",
          "ta" : "கோடைக் காலம்"
        }
      },
      {
        "name" : {
          "en" : "Spring",
          "hi" : "Spring",
          "te" : "Spring",
          "ta" : "வசந்த காலம்"
        }
      }
    ],
    "launch_date" : {
      "en" : "04\/05\/2016",
      "hi" : "04\/05\/2016",
      "te" : "04\/05\/2016",
      "ta" : "04\/05\/2016"
    },
    "lyric_styles" : [
      {
        "name" : {
          "en" : "Contemporary",
          "hi" : "Contemporary",
          "te" : "Contemporary",
          "ta" : "சமகால நடை"
        }
      }
    ],
    "best_time_to_listen" : [
      {
        "name" : {
          "en" : "Weekend",
          "hi" : "Weekend",
          "te" : "Weekend",
          "ta" : "வார இறுதி"
        }
      },
      {
        "name" : {
          "en" : "Party",
          "hi" : "Party",
          "te" : "Party",
          "ta" : "விருந்து"
        }
      },
      {
        "name" : {
          "en" : "Night",
          "hi" : "Night",
          "te" : "Night",
          "ta" : "இரவு"
        }
      }
    ],
    "duration" : 4.32,
    "raagams" : [
      {
        "name" : {
          "en" : "Nada Bhairavi",
          "hi" : "Nada Bhairavi",
          "te" : "Nada Bhairavi",
          "ta" : "நட பைரவி"
        }
      }
    ],
    "instruments" : [
      {
        "name" : {
          "en" : "Rhythm",
          "hi" : "Rhythm",
          "te" : "Rhythm",
          "ta" : "ரிதம்"
        }
      }
    ]
  }
}