{
  "title" : {
    "en" : "Child Sleeping",
    "hi" : "Child Sleeping",
    "te" : "Child Sleeping",
    "ta" : "தூங்கும் மழலை"
  },
  "info" : {
    "best_time_to_listen" : [
      {
        "name" : {
          "en" : "All",
          "hi" : "All",
          "te" : "All",
          "ta" : "எப்பொழுதும்"
        }
      }
    ],
    "best_seasons_to_listen" : [
      {
        "name" : {
          "en" : "All",
          "hi" : "All",
          "te" : "All",
          "ta" : "எப்பொழுதும்"
        }
      }
    ],
    "music_genres" : [
      {
        "name" : {
          "en" : "Rehab",
          "hi" : "Rehab",
          "te" : "Rehab",
          "ta" : "மறுவாழ்வு"
        }
      }
    ],
    "launch_date" : {
      "en" : "18\/04\/2016",
      "hi" : "18\/04\/2016",
      "te" : "18\/04\/2016",
      "ta" : "18\/04\/2016"
    },
    "duration" : 8.32
  },
  "active" : true,
  "credits" : {
    "editing_and_motion_design" : [
      {
        "name" : {
          "en" : "Shyam Sundar Murugesan",
          "hi" : "Shyam Sundar Murugesan",
          "te" : "Shyam Sundar Murugesan",
          "ta" : "ஷியாம் சுந்தர் முருகேசன்"
        }
      }
    ],
    "starting" : [
      {
        "name" : {
          "en" : "Baby Avanthika",
          "hi" : "Baby Avanthika",
          "te" : "Baby Avanthika",
          "ta" : "பேபி அவந்திகா"
        }
      }
    ],
    "director_of_photography" : [
      {
        "name" : {
          "en" : "Gokula Krishnan R Vasugi MFI",
          "hi" : "Gokula Krishnan R Vasugi MFI",
          "te" : "Gokula Krishnan R Vasugi MFI",
          "ta" : "கோகுல கிருஷ்ணன் R வாசுகி, MFI"
        }
      }
    ],
    "junior_cameraman" : [
      {
        "name" : {
          "en" : "Rama Krishnan R",
          "hi" : "Rama Krishnan R",
          "te" : "Rama Krishnan R",
          "ta" : "இராம கிருஷ்ணன் R"
        }
      }
    ]
  },
  "published_on" : "2016-04-18T12:30:00.000Z",
  "description" : {
    "en" : "Watching a baby sleep, certainly takes away all your stress, your worries and makes you a child once again. Watch this baby sleep and smile along. Go back into your own music bubble once you’re ready.",
    "hi" : "Watching a baby sleep, certainly takes away all your stress, your worries and makes you a child once again. Watch this baby sleep and smile along. Go back into your own music bubble once you’re ready.",
    "te" : "Watching a baby sleep, certainly takes away all your stress, your worries and makes you a child once again. Watch this baby sleep and smile along. Go back into your own music bubble once you’re ready.",
    "ta" : "ஒன்பது மாதத்து வலியை ஒரு குழந்தையின் முதல் அழுகை துடைத்துவிடும். தொட்டிலில் தூங்கும் குழந்தையின் சிரிப்பில் உலகின் கவலைகள் கரைந்துவிடும்."
  },
  "poster" : "https:\/\/d1ua79hvv369a0.cloudfront.net\/reflection\/poster\/baby-poster.jpg",
  "album" : {
    "id" : "1",
    "title" : {
      "en" : "Rehab",
      "hi" : "Rehab",
      "te" : "Rehab",
      "ta" : "மறுவாழ்வு"
    },
    "poster" : "https:\/\/d1ua79hvv369a0.cloudfront.net\/reflection\/thumbnail\/Playlist_Rehab_Cover.jpg",
    "description" : {
      "en" : "Feeling mesmerized, lost, energized or upbeat after listening to a playlist? Welcome to Rehab, here we bring you the best of relaxation – to soothe your eyes and to train your ears for Round 2.",
      "hi" : "Feeling mesmerized, lost, energized or upbeat after listening to a playlist? Welcome to Rehab, here we bring you the best of relaxation – to soothe your eyes and to train your ears for Round 2.",
      "te" : "Feeling mesmerized, lost, energized or upbeat after listening to a playlist? Welcome to Rehab, here we bring you the best of relaxation – to soothe your eyes and to train your ears for Round 2.",
      "ta" : "இசையின் போதையின் மயக்கம் தெளிய எங்கள் மறுவாழ்வு மையம் உதவும். உங்களை அமைதிபடுத்த, இசையின் சப்தங்களில் இருந்தும் சொற்களின் பிடியில் இருந்தும் உங்களை சற்று விடுவிக்க, கண்களையும் செவிகளையும் அடுத்த சுற்றுக்கு தயார் படுத்தவே இந்த மையம்."
    },
    "thumbnail" : "https:\/\/d1ua79hvv369a0.cloudfront.net\/reflection\/thumbnail\/Playlist_Rehab_Cover.jpg"
  },
  "type" : {
    "slug" : "independent-music",
    "name" : "Independent Music"
  },
  "id" : "9",
  "mood" : {
    "slug" : "excited",
    "name" : "Excited"
  },
  "release_order_of_the_day" : 3,
  "language" : {
    "name" : "Tamil",
    "code" : "ta"
  },
  "slug" : "child-sleeping",
  "thumbnail" : "https:\/\/d1ua79hvv369a0.cloudfront.net\/reflection\/thumbnail\/Baby_thumb.jpg"
}