{
  "title" : {
    "en" : "Chinnanjiru Kiliye",
    "hi" : "Chinnanjiru Kiliye",
    "te" : "Chinnanjiru Kiliye",
    "ta" : "சின்னஞ் சிறு கிளியே"
  },
  "info" : {
    "lyric_languages" : [
      {
        "name" : {
          "en" : "தமிழ்",
          "hi" : "தமிழ்",
          "te" : "தமிழ்",
          "ta" : "தமிழ்"
        }
      }
    ],
    "instruments" : [
      {
        "name" : {
          "en" : "Piano",
          "hi" : "Piano",
          "te" : "Piano",
          "ta" : "பியானோ "
        }
      },
      {
        "name" : {
          "en" : "Violin",
          "hi" : "Violin",
          "te" : "Violin",
          "ta" : "வயலின் "
        }
      },
      {
        "name" : {
          "en" : "Viola",
          "hi" : "Viola",
          "te" : "Viola",
          "ta" : "வயோலா "
        }
      },
      {
        "name" : {
          "en" : "Cello",
          "hi" : "Cello",
          "te" : "Cello",
          "ta" : "செல்லோ "
        }
      }
    ],
    "lyric_moods" : [
      {
        "name" : {
          "en" : "Happy",
          "hi" : "Happy",
          "te" : "Happy",
          "ta" : "மகிழ்ச்சி"
        }
      }
    ],
    "lyric_genres" : [
      {
        "name" : {
          "en" : "Relation",
          "hi" : "Relation",
          "te" : "Relation",
          "ta" : "உறவினர்கள்"
        }
      }
    ],
    "music_genres" : [
      {
        "name" : {
          "en" : "Classical",
          "hi" : "Classical",
          "te" : "Classical",
          "ta" : "பாரம்பரிய"
        }
      },
      {
        "name" : {
          "en" : "Jazz",
          "hi" : "Jazz",
          "te" : "Jazz",
          "ta" : "Jazz"
        }
      }
    ],
    "best_seasons_to_listen" : [
      {
        "name" : {
          "en" : "All",
          "hi" : "All",
          "te" : "All",
          "ta" : "எப்பொழுதும்"
        }
      }
    ],
    "duration" : 9.300000000000001,
    "lyric_styles" : [
      {
        "name" : {
          "en" : "Traditional",
          "hi" : "Traditional",
          "te" : "Traditional",
          "ta" : "செம்மொழி நடை"
        }
      }
    ],
    "launch_date" : {
      "en" : "18\/04\/2016",
      "hi" : "18\/04\/2016",
      "te" : "18\/04\/2016",
      "ta" : "18\/04\/2016"
    },
    "best_time_to_listen" : [
      {
        "name" : {
          "en" : "Evening",
          "hi" : "Evening",
          "te" : "Evening",
          "ta" : "மாலை"
        }
      }
    ]
  },
  "active" : true,
  "credits" : {
    "mixers" : [
      {
        "name" : {
          "en" : "Navneeth Sundar",
          "hi" : "Navneeth Sundar",
          "te" : "Navneeth Sundar",
          "ta" : "நவநீத சுந்தர்"
        }
      }
    ],
    "masters" : [
      {
        "name" : {
          "en" : "Navneeth Sundar",
          "hi" : "Navneeth Sundar",
          "te" : "Navneeth Sundar",
          "ta" : "நவநீத சுந்தர்"
        }
      }
    ],
    "composers" : [
      {
        "name" : {
          "en" : "Andrea Jeremiah",
          "hi" : "Andrea Jeremiah",
          "te" : "Andrea Jeremiah",
          "ta" : "பாரதியார்"
        }
      }
    ],
    "singers" : [
      {
        "name" : {
          "en" : "Shweta Mohan",
          "hi" : "Shweta Mohan",
          "te" : "Shweta Mohan",
          "ta" : "சுவேதா மோகன்"
        }
      }
    ],
    "featuring" : [
      {
        "name" : {
          "en" : "Shweta Mohan",
          "hi" : "Shweta Mohan",
          "te" : "Shweta Mohan",
          "ta" : "ஸ்வேதா மோகன்"
        }
      }
    ],
    "lyricists" : [
      {
        "name" : {
          "en" : "Bharathiyar",
          "hi" : "Bharathiyar",
          "te" : "Bharathiyar",
          "ta" : "பாரதியார்"
        }
      }
    ],
    "producers" : [
      {
        "name" : {
          "en" : "Ashwin",
          "hi" : "Ashwin",
          "te" : "Ashwin",
          "ta" : "அஸ்வின் "
        }
      }
    ],
    "arrangers" : [
      {
        "name" : {
          "en" : "Navneeth Sundar",
          "hi" : "Navneeth Sundar",
          "te" : "Navneeth Sundar",
          "ta" : "நவநீத சுந்தர்"
        }
      }
    ],
    "recorded_studios" : [
      {
        "name" : {
          "en" : "Voice and vision studios",
          "hi" : "Voice and vision studios",
          "te" : "Voice and vision studios",
          "ta" : "வாய்ஸ் அண்ட் விசன் ஸ்டுடியோ "
        }
      }
    ],
    "editing_and_motion_design" : [
      {
        "name" : {
          "en" : "Shyam",
          "hi" : "Shyam",
          "te" : "Shyam",
          "ta" : "ஷியாம்"
        }
      }
    ],
    "editor" : [
      {
        "name" : {
          "en" : "Mithran",
          "hi" : "Mithran",
          "te" : "Mithran",
          "ta" : "மித்திரன் "
        }
      }
    ],
    "sound_engineers" : [
      {
        "name" : {
          "en" : "Robin Joseph",
          "hi" : "Robin Joseph",
          "te" : "Robin Joseph",
          "ta" : "ராபின் ஜோசப்"
        }
      }
    ]
  },
  "published_on" : "2016-04-18T12:30:00.000Z",
  "description" : {
    "en" : "Barathiyar’s evergreen song in Shweta Mohan’s mesmerizing voice, Chinnanjiru Kiliye is a man’s ode to his woman, his angel and his anchor.",
    "hi" : "Barathiyar’s evergreen song in Shweta Mohan’s mesmerizing voice, Chinnanjiru Kiliye is a man’s ode to his woman, his angel and his anchor.",
    "te" : "Barathiyar’s evergreen song in Shweta Mohan’s mesmerizing voice, Chinnanjiru Kiliye is a man’s ode to his woman, his angel and his anchor.",
    "ta" : "காலத்தை வெல்லும் பாரதியின் வரிகளும் மனதை மயக்கும் சுவேதாமோகனின் குரலும். புதிய வானத்தில், புதிய சிறகுடன் மேகங்கள் தொட்டுப் பறக்கும் சின்னஞ்சிறுகிளி."
  },
  "poster" : "https:\/\/d1ua79hvv369a0.cloudfront.net\/reflection\/poster\/poster-chinnanchirukiliye.jpg",
  "album" : {
    "title" : {
      "en" : "Chinanjiru Kiliye",
      "hi" : "Chinanjiru Kiliye",
      "te" : "Chinanjiru Kiliye",
      "ta" : "சின்னஞ் சிறு கிளியே"
    },
    "id" : "5"
  },
  "musics" : [
    {
      "players" : [
        {
          "name" : {
            "en" : "Navneeth Sundar",
            "hi" : "Navneeth Sundar",
            "te" : "Navneeth Sundar",
            "ta" : "நவநீத சுந்தர்"
          }
        }
      ],
      "instrument" : {
        "name" : {
          "name" : {
            "en" : "Piano",
            "hi" : "Piano",
            "te" : "Piano",
            "ta" : "பியானோ "
          }
        }
      }
    },
    {
      "players" : [
        {
          "name" : {
            "en" : "B Yensone, Prabhu",
            "hi" : "B Yensone, Prabhu",
            "te" : "B Yensone, Prabhu",
            "ta" : "B  என்சொனே, பிரபு"
          }
        }
      ],
      "instrument" : {
        "name" : {
          "name" : {
            "en" : "Violin",
            "hi" : "Violin",
            "te" : "Violin",
            "ta" : "வயலின் "
          }
        }
      }
    },
    {
      "players" : [
        {
          "name" : {
            "en" : "Vinay Kumar",
            "hi" : "Vinay Kumar",
            "te" : "Vinay Kumar",
            "ta" : "வினய் குமார்"
          }
        }
      ],
      "instrument" : {
        "name" : {
          "name" : {
            "en" : "Viola",
            "hi" : "Viola",
            "te" : "Viola",
            "ta" : "வயோலா "
          }
        }
      }
    },
    {
      "players" : [
        {
          "name" : {
            "en" : "Seenu",
            "hi" : "Seenu",
            "te" : "Seenu",
            "ta" : "சீனு"
          }
        }
      ],
      "instrument" : {
        "name" : {
          "name" : {
            "en" : "Cello",
            "hi" : "Cello",
            "te" : "Cello",
            "ta" : "செல்லோ "
          }
        }
      }
    }
  ],
  "critics" : [
    {
      "review" : {
        "instrument" : {
          "comment" : {
            "en" : "An absorbing and unique piano and strings-led orchestration adds a new facet to an incredibly familiar melody",
            "hi" : "An absorbing and unique piano and strings-led orchestration adds a new facet to an incredibly familiar melody",
            "te" : "An absorbing and unique piano and strings-led orchestration adds a new facet to an incredibly familiar melody",
            "ta" : "An absorbing and unique piano and strings-led orchestration adds a new facet to an incredibly familiar melody"
          },
          "score" : 13
        },
        "overall" : {
          "comment" : {
            "en" : "Extraordinary recreation of a much loved song using a piano and strings to great effect",
            "hi" : "Extraordinary recreation of a much loved song using a piano and strings to great effect",
            "te" : "Extraordinary recreation of a much loved song using a piano and strings to great effect",
            "ta" : "Extraordinary recreation of a much loved song using a piano and strings to great effect"
          },
          "score" : 13.5
        },
        "vocal" : {
          "comment" : {
            "en" : "Absolutely ethereal! The singer breathes life into the now-so-familiar melody by expressing the words in wonderful Tamil.",
            "hi" : "Absolutely ethereal! The singer breathes life into the now-so-familiar melody by expressing the words in wonderful Tamil.",
            "te" : "Absolutely ethereal! The singer breathes life into the now-so-familiar melody by expressing the words in wonderful Tamil.",
            "ta" : "An evergreen, beautifully Tamil tune. One of those tunes that needs no introduction given how intrinsic it is to the Tamil psyche."
          },
          "score" : 13
        },
        "tune" : {
          "comment" : {
            "en" : "An evergreen, beautifully Tamil tune. One of those tunes that needs no introduction given how intrinsic it is to the Tamil psyche.",
            "hi" : "An evergreen, beautifully Tamil tune. One of those tunes that needs no introduction given how intrinsic it is to the Tamil psyche.",
            "te" : "An evergreen, beautifully Tamil tune. One of those tunes that needs no introduction given how intrinsic it is to the Tamil psyche.",
            "ta" : "An evergreen, beautifully Tamil tune. One of those tunes that needs no introduction given how intrinsic it is to the Tamil psyche."
          },
          "score" : 14
        },
        "lyric" : {
          "comment" : {
            "en" : "Bharathi’s wonderful gift to anyone who understands and appreciates the beauty of Tamil language.",
            "hi" : "Bharathi’s wonderful gift to anyone who understands and appreciates the beauty of Tamil language.",
            "te" : "Bharathi’s wonderful gift to anyone who understands and appreciates the beauty of Tamil language.",
            "ta" : "Bharathi’s wonderful gift to anyone who understands and appreciates the beauty of Tamil language."
          },
          "score" : 14
        }
      },
      "author" : {
        "name" : "Karthik",
        "image" : "https:\/\/d1ua79hvv369a0.cloudfront.net\/reflection\/critic\/critic-karthik.png"
      },
      "rating" : 13.5
    },
    {
      "review" : {
        "instrument" : {
          "comment" : {
            "en" : "Impressive fusion with right doses of WCM, and Hindustani classical as well for this traditional composition.",
            "hi" : "Impressive fusion with right doses of WCM, and Hindustani classical as well for this traditional composition.",
            "te" : "Impressive fusion with right doses of WCM, and Hindustani classical as well for this traditional composition.",
            "ta" : "Impressive fusion with right doses of WCM, and Hindustani classical as well for this traditional composition."
          },
          "score" : 12
        },
        "overall" : {
          "comment" : {
            "en" : "Fusion Classic!",
            "hi" : "Fusion Classic!",
            "te" : "Fusion Classic!",
            "ta" : "Fusion Classic!"
          },
          "score" : 13.25
        },
        "vocal" : {
          "comment" : {
            "en" : "The vocals give a new meaning to this evergreen composition",
            "hi" : "The vocals give a new meaning to this evergreen composition",
            "te" : "The vocals give a new meaning to this evergreen composition",
            "ta" : "An ever green tune with brilliant variations in classical style."
          },
          "score" : 14
        },
        "tune" : {
          "comment" : {
            "en" : "An ever green tune with brilliant variations in classical style.",
            "hi" : "An ever green tune with brilliant variations in classical style.",
            "te" : "An ever green tune with brilliant variations in classical style.",
            "ta" : "An ever green tune with brilliant variations in classical style."
          },
          "score" : 13
        },
        "lyric" : {
          "comment" : {
            "en" : "Fantastic lyrics which never goes out of trend!",
            "hi" : "Fantastic lyrics which never goes out of trend!",
            "te" : "Fantastic lyrics which never goes out of trend!",
            "ta" : "Fantastic lyrics which never goes out of trend!"
          },
          "score" : 14
        }
      },
      "author" : {
        "name" : "Durga",
        "image" : "https:\/\/d1ua79hvv369a0.cloudfront.net\/reflection\/critic\/critic-durga.png"
      },
      "rating" : 13.25
    }
  ],
  "type" : {
    "slug" : "independent-music",
    "name" : "Independent Music"
  },
  "lyrics" : [
    {
      "data" : "My petite parrot<br><br>My petite parrot  My bountiful treasure<br><br>My petite parrot My bountiful treasure<br><br>My whole some happiness, You come to create progress in this world,<br><br>My petite parrot, My bountiful treasure<br><br>My wholesome happiness, You come to create progress in this world<br><br>My petite parrot, My bountiful treasure  <br><br>My child like fruit dipped nectar<br><br>My child like fruit dipped nectar<br><br>My speaking golden portrait<br><br>My child like, fruit dipped nectar<br><br>My speaking golden portrait<br><br>You come before me so gracefully <br><br>That i feel like hugging you with passion<br><br>My petite parrot<br><br>You come before me so gracefully <br><br>That i feel like hugging you with passion <br><br>My petite parrot My bountiful treasure<br><br>When you come running towards me...<br><br>When you come running towards me,<br><br>When you come running towards me, my hearts chills<br><br>When i see you dancing with merriness,<br><br>My soul hugs you<br><br>When i see you dancing with merriness,<br><br>My soul hugs you<br><br>When i smell the top of your head<br><br>When i smell the top of your head<br><br>I feel i strongly proud<br><br>When i smell the top of your head<br><br>I feel strongly proud<br><br>If i heard someone praise you with sincerety<br><br>My skin tingles with excitement<br><br>If i kiss you on your cheeks <br><br>If i kiss you on your cheeks<br><br>My heart go berserk as though it is drunk with liquor<br><br>If i kiss you on your cheeks <br><br>My heart goes berserk as though it is drunk with liquor<br><br>If i hug you with passion<br><br>I feel blissful happiness<br><br>If i hug you with passion<br><br>I feel blissful happiness<br><br>If  i see tears in your eyes<br><br>if i see tears in your eyes<br><br>a river of blood flows in my heart <br><br>if i see tears in your eyes <br><br>a river of blood flows in my heart <br><br>you’re the light of my eyes <br><br>you’re the light of my eyes",
      "language" : {
        "name" : "English",
        "code" : "en"
      }
    },
    {
      "data" : "சின்னஞ் சிறு கிளியே !<br><br>சின்னஞ் சிறு கிளியே - கண்ணம்மா !<br><br>செல்வ களஞ்சியமே !<br><br>சின்னஞ் சிறு கிளியே - கண்ணம்மா !<br><br>செல்வ களஞ்சியமே !<br><br>என்னைக் கலி தீர்த்தே - உலகில்<br><br>என்னைக் கலி தீர்த்தே - உலகில்<br><br>ஏற்றம் புரிய வந்தாய் !<br><br>சின்னஞ் சிறு கிளியே - கண்ணம்மா !<br><br>செல்வ களஞ்சியமே !<br><br>என்னைக் கலி தீர்த்தே - உலகில்<br><br>என்னைக் கலி தீர்த்தே - உலகில்<br><br>ஏற்றம் புரிய வந்தாய் !<br><br>சின்னஞ் சிறு கிளியே - கண்ணம்மா !<br><br>செல்வ களஞ்சியமே !<br><br>பிள்ளைக் கனியமுதே - கண்ணம்மா !<br><br>பிள்ளைக் கனியமுதே - கண்ணம்மா !<br><br>பேசும்பொற் சித்திரமே !<br><br>பிள்ளைக் கனியமுதே - கண்ணம்மா !<br><br>பேசும்பொற் சித்திரமே !<br><br>அள்ளி யணைத்திடவே - என் முன்னே<br><br>ஆடி வருந் தேனே !<br><br>சின்னஞ் சிறு கிளியே !<br><br>அள்ளி யணைத்திடவே - என் முன்னே<br><br>ஆடி வருந் தேனே !<br><br>சின்னஞ் சிறு கிளியே - கண்ணம்மா !<br><br>செல்வ களஞ்சியமே !<br><br>ஓடி வருகையிலே - கண்ணம்மா !<br><br>கண்ணம்மா! கண்ணம்மா!<br><br>ஓடி வருகையிலே - கண்ணம்மா !<br><br>உள்ளங் குளிரு தடீ !<br><br>ஓடி வருகையிலே - கண்ணம்மா !<br><br>உள்ளங் குளிரு தடீ !<br><br>அடித்திரிதல் கண்டால் - உன்னைப்போய்<br><br>ஆவி தழுவு தடீ !<br><br>அடித்திரிதல் கண்டால் - உன்னைப்போய்<br><br>ஆவி தழுவு தடீ !<br><br>உச்சி தனை முகந்தால்!<br><br>உச்சி தனை முகந்தால் - கருவம்<br><br>ஓங்கி வளரு தடீ !<br><br>உச்சி தனை முகந்தால் - கருவம்<br><br>ஓங்கி வளரு தடீ !<br><br>மெச்சி யுனை யூரார் - புகழ்ந்தால்<br><br>மேனி சிலர்க்குதடீ !<br><br>மெச்சி யுனை யூரார் - புகழ்ந்தால்<br><br>மேனி சிலர்க்குதடீ !<br><br>கண்ணத்தில் முத்தமிட்டால்!<br><br>கண்ணத்தில் முத்தமிட்டால் - உள்ளந்தான்<br><br>கள்வெறி கொள்ளு தடீ !<br><br>கண்ணத்தில் முத்தமிட்டால் - உள்ளந்தான்<br><br>கள்வெறி கொள்ளு தடீ !<br><br>உன்னைத் தழுவிடிலோ - கண்ணம்மா !<br><br>உன்மத்த மகுதடீ !<br><br>உன்னைத் தழுவிடிலோ - கண்ணம்மா !<br><br>உன்மத்த மகுதடீ !<br><br>உன்கண்ணில் நீர்வழிந்தால்<br><br>உன்கண்ணில் நீர்வழிந்தால் - எந்நெஞ்சில்<br><br>உதிரம் கொட்டு தடீ !<br><br>உன்கண்ணில் நீர்வழிந்தால் - எந்நெஞ்சில்<br><br>உதிரம் கொட்டு தடீ !<br><br>எங்கண்ணிற் பாவையன்றோ ? - கண்ணம்மா !<br><br>எங்கண்ணிற் பாவையன்றோ ? - கண்ணம்மா !<br><br>என்னுயிர் நின்ன தன்றோ ?<br><br>என்னுயிர் நின்ன தன்றோ ?<br><br>என்னுயிர் நின்ன தன்றோ ?",
      "language" : {
        "name" : "Tamil",
        "code" : "ta"
      }
    }
  ],
  "id" : "5",
  "phonetic_lyrics" : [
    {
      "data" : "sinnanj siRu kiLiyae !<br><br>sinnanj siRu kiLiyae - kaNNammaa !<br><br>selva kaLanjjiyamae !<br><br>sinnanj siRu kiLiyae - kaNNammaa !<br><br>selva kaLanjjiyamae !<br><br>ennaik kali theerthae - ulagil<br><br>ennaik kali theerthae - ulagil<br><br>aetRam puriya vandhdhaay !<br><br>sinnanj siRu kiLiyae - kaNNammaa !<br><br>selva kaLanjjiyamae !<br><br>ennaik kali theerthae - ulagil<br><br>ennaik kali theerthae - ulagil<br><br>aetRam puriya vandhdhaay !<br><br>sinnanj siRu kiLiyae - kaNNammaa !<br><br>selva kaLanjjiyamae !<br><br>piLLaik kaniyamudhae - kaNNammaa !<br><br>piLLaik kaniyamudhae - kaNNammaa !<br><br>paesumpoR sithiramae !<br><br>piLLaik kaniyamudhae - kaNNammaa !<br><br>paesumpoR sithiramae !<br><br>aLLi yaNaithidavae - en munnae<br><br>aadi varundh thaenae !<br><br>sinnanj siRu kiLiyae !<br><br>aLLi yaNaithidavae - en munnae<br><br>aadi varundh thaenae !<br><br>sinnanj siRu kiLiyae - kaNNammaa !<br><br>selva kaLanjjiyamae !<br><br>oadi varugaiyilae - kaNNammaa !<br><br>kaNNammaa! kaNNammaa!<br><br>oadi varugaiyilae - kaNNammaa !<br><br>uLLang kuLiru thadee !<br><br>oadi varugaiyilae - kaNNammaa !<br><br>uLLang kuLiru thadee !<br><br>adithiridhal kaNdaal - unnaippoay<br><br>aavi thazhuvu thadee !<br><br>adithiridhal kaNdaal - unnaippoay<br><br>aavi thazhuvu thadee !<br><br>uchchi thanai mugandhdhaal!<br><br>uchchi thanai mugandhdhaal - karuvam<br><br>oanggi vaLaru thadee !<br><br>uchchi thanai mugandhdhaal - karuvam<br><br>oanggi vaLaru thadee !<br><br>mechchi yunai yooraar - pugazhndhdhaal<br><br>maeni silarkkudhadee !<br><br>mechchi yunai yooraar - pugazhndhdhaal<br><br>maeni silarkkudhadee !<br><br>kaNNathil muthamittaal!<br><br>kaNNathil muthamittaal - uLLandhdhaan<br><br>kaLveRi koLLu thadee !<br><br>kaNNathil muthamittaal - uLLandhdhaan<br><br>kaLveRi koLLu thadee !<br><br>unnaith thazhuvidiloa - kaNNammaa !<br><br>unmatha magudhadee !<br><br>unnaith thazhuvidiloa - kaNNammaa !<br><br>unmatha magudhadee !<br><br>ungaNNil neervazhindhdhaal<br><br>ungaNNil neervazhindhdhaal - endhnenjjil<br><br>udhiram kottu thadee !<br><br>ungaNNil neervazhindhdhaal - endhnenjjil<br><br>udhiram kottu thadee !<br><br>engaNNiR paavaiyandRoa ? - kaNNammaa !<br><br>engaNNiR paavaiyandRoa ? - kaNNammaa !<br><br>ennuyir ninna thandRoa ?<br><br>ennuyir ninna thandRoa ?<br><br>ennuyir ninna thandRoa ?",
      "language" : {
        "name" : "English",
        "code" : "en"
      }
    },
    {
      "data" : "சின்னஞ் சிறு கிளியே !<br><br>சின்னஞ் சிறு கிளியே - கண்ணம்மா !<br><br>செல்வ களஞ்சியமே !<br><br>சின்னஞ் சிறு கிளியே - கண்ணம்மா !<br><br>செல்வ களஞ்சியமே !<br><br>என்னைக் கலி தீர்த்தே - உலகில்<br><br>என்னைக் கலி தீர்த்தே - உலகில்<br><br>ஏற்றம் புரிய வந்தாய் !<br><br>சின்னஞ் சிறு கிளியே - கண்ணம்மா !<br><br>செல்வ களஞ்சியமே !<br><br>என்னைக் கலி தீர்த்தே - உலகில்<br><br>என்னைக் கலி தீர்த்தே - உலகில்<br><br>ஏற்றம் புரிய வந்தாய் !<br><br>சின்னஞ் சிறு கிளியே - கண்ணம்மா !<br><br>செல்வ களஞ்சியமே !<br><br>பிள்ளைக் கனியமுதே - கண்ணம்மா !<br><br>பிள்ளைக் கனியமுதே - கண்ணம்மா !<br><br>பேசும்பொற் சித்திரமே !<br><br>பிள்ளைக் கனியமுதே - கண்ணம்மா !<br><br>பேசும்பொற் சித்திரமே !<br><br>அள்ளி யணைத்திடவே - என் முன்னே<br><br>ஆடி வருந் தேனே !<br><br>சின்னஞ் சிறு கிளியே !<br><br>அள்ளி யணைத்திடவே - என் முன்னே<br><br>ஆடி வருந் தேனே !<br><br>சின்னஞ் சிறு கிளியே - கண்ணம்மா !<br><br>செல்வ களஞ்சியமே !<br><br>ஓடி வருகையிலே - கண்ணம்மா !<br><br>கண்ணம்மா! கண்ணம்மா!<br><br>ஓடி வருகையிலே - கண்ணம்மா !<br><br>உள்ளங் குளிரு தடீ !<br><br>ஓடி வருகையிலே - கண்ணம்மா !<br><br>உள்ளங் குளிரு தடீ !<br><br>அடித்திரிதல் கண்டால் - உன்னைப்போய்<br><br>ஆவி தழுவு தடீ !<br><br>அடித்திரிதல் கண்டால் - உன்னைப்போய்<br><br>ஆவி தழுவு தடீ !<br><br>உச்சி தனை முகந்தால்!<br><br>உச்சி தனை முகந்தால் - கருவம்<br><br>ஓங்கி வளரு தடீ !<br><br>உச்சி தனை முகந்தால் - கருவம்<br><br>ஓங்கி வளரு தடீ !<br><br>மெச்சி யுனை யூரார் - புகழ்ந்தால்<br><br>மேனி சிலர்க்குதடீ !<br><br>மெச்சி யுனை யூரார் - புகழ்ந்தால்<br><br>மேனி சிலர்க்குதடீ !<br><br>கண்ணத்தில் முத்தமிட்டால்!<br><br>கண்ணத்தில் முத்தமிட்டால் - உள்ளந்தான்<br><br>கள்வெறி கொள்ளு தடீ !<br><br>கண்ணத்தில் முத்தமிட்டால் - உள்ளந்தான்<br><br>கள்வெறி கொள்ளு தடீ !<br><br>உன்னைத் தழுவிடிலோ - கண்ணம்மா !<br><br>உன்மத்த மகுதடீ !<br><br>உன்னைத் தழுவிடிலோ - கண்ணம்மா !<br><br>உன்மத்த மகுதடீ !<br><br>உன்கண்ணில் நீர்வழிந்தால்<br><br>உன்கண்ணில் நீர்வழிந்தால் - எந்நெஞ்சில்<br><br>உதிரம் கொட்டு தடீ !<br><br>உன்கண்ணில் நீர்வழிந்தால் - எந்நெஞ்சில்<br><br>உதிரம் கொட்டு தடீ !<br><br>எங்கண்ணிற் பாவையன்றோ ? - கண்ணம்மா !<br><br>எங்கண்ணிற் பாவையன்றோ ? - கண்ணம்மா !<br><br>என்னுயிர் நின்ன தன்றோ ?<br><br>என்னுயிர் நின்ன தன்றோ ?<br><br>என்னுயிர் நின்ன தன்றோ ?",
      "language" : {
        "name" : "Tamil",
        "code" : "ta"
      }
    },
    {
      "data" : "वासम्आ... उन वासम्आ? <br>तूरम थांडिये - अदु वीसुम्आ? <br>म्ऊडिनाल विलि म्ऊडिनाल <br>उनैक कांउम्आ.... कना? <br>वासम्आ... उन वासम्आ? <br>तूरम थांडिये - अदु वीसुम्आ? <br> <br>एन म्उन उलावुम <br>यादुम यावुम नी... नी... <br>एन वान निलाविल <br>वीसुम ओऴि नी नी <br>सिड़ु नीङले उयिर वाङगुधे <br>इदु नीळुम्आ?... नेञजिले <br>ती म्ऊळुम्आ?... <br>वासम्आ... उन वासम्आ? <br>तूरम थांडिये - अदु वीसुम्आ? <br> <br>उन कं इल्लाम्अल <br>ऊरिल वंणम इललै <br>उन सोल इल्लाम्अल <br>नेञजिल इसै इललै <br>इम्ऐक्काम्अले उनै पार्क्कवे <br>विलि केटकुधे... कादले <br>उयिर आळुधे <br> <br>वासम्आ... उन वासम्आ? <br>तूरम थांडिये - अदु वीसुम्आ? <br>म्ऊडिनाल विलि म्ऊडिनाल <br>उनैक कांउम्आ.... कना? <br>वासम्आ... उन वासम्आ? <br>तूरम थांडिये - अदु वीसुम्आ?",
      "language" : {
        "name" : "Hindi",
        "code" : "hi"
      }
    },
    {
      "data" : "సిన్నఞ్ సిఱు కిళియే ! <br> <br>సిన్నఞ్ సిఱు కిళియే - కంణమ్మ్యా ! <br> <br>సెల్వ కళఞ్జియమ్యే ! <br> <br>సిన్నఞ్ సిఱు కిళియే - కంణమ్మ్యా ! <br> <br>సెల్వ కళఞ్జియమ్యే ! <br> <br>ఎన్నైక్ కలి థీర్థే - ఉలగిల్ <br> <br>ఎన్నైక్ కలి థీర్థే - ఉలగిల్ <br> <br>ఏత్ఱమ్ పురియ వన్ధ్ధాయ్ ! <br> <br>సిన్నఞ్ సిఱు కిళియే - కంణమ్మ్యా ! <br> <br>సెల్వ కళఞ్జియమ్యే ! <br> <br>ఎన్నైక్ కలి థీర్థే - ఉలగిల్ <br> <br>ఎన్నైక్ కలి థీర్థే - ఉలగిల్ <br> <br>ఏత్ఱమ్ పురియ వన్ధ్ధాయ్ ! <br> <br>సిన్నఞ్ సిఱు కిళియే - కంణమ్మ్యా ! <br> <br>సెల్వ కళఞ్జియమ్యే ! <br> <br>పిళ్ళైక్ కనియమ్యుధే - కంణమ్మ్యా ! <br> <br>పిళ్ళైక్ కనియమ్యుధే - కంణమ్మ్యా ! <br> <br>పేసుమ్పొఱ్ సిథిరమ్యే ! <br> <br>పిళ్ళైక్ కనియమ్యుధే - కంణమ్మ్యా ! <br> <br>పేసుమ్పొఱ్ సిథిరమ్యే ! <br> <br>అళ్ళి యంయైథిదవే - ఎన్ మ్యున్నే <br> <br>ఆది వరున్ధ్ థేనే ! <br> <br>సిన్నఞ్ సిఱు కిళియే ! <br> <br>అళ్ళి యంయైథిదవే - ఎన్ మ్యున్నే <br> <br>ఆది వరున్ధ్ థేనే ! <br> <br>సిన్నఞ్ సిఱు కిళియే - కంణమ్మ్యా ! <br> <br>సెల్వ కళఞ్జియమ్యే ! <br> <br>ఓది వరుగైయిలే - కంణమ్మ్యా ! <br> <br>కంణమ్మ్యా! కంణమ్మ్యా! <br> <br>ఓది వరుగైయిలే - కంణమ్మ్యా ! <br> <br>ఉళ్ళఙ్ కుళిరు థదీ ! <br> <br>ఓది వరుగైయిలే - కంణమ్మ్యా ! <br> <br>ఉళ్ళఙ్ కుళిరు థదీ ! <br> <br>అదిథిరిధల్ కందాల్ - ఉన్నైప్పోయ్ <br> <br>ఆవి థలువు థదీ ! <br> <br>అదిథిరిధల్ కందాల్ - ఉన్నైప్పోయ్ <br> <br>ఆవి థలువు థదీ ! <br> <br>ఉఛ్ఛి థనై మ్యుగన్ధ్ధాల్! <br> <br>ఉఛ్ఛి థనై మ్యుగన్ధ్ధాల్ - కరువమ్ <br> <br>ఓఙ్గి వళరు థదీ ! <br> <br>ఉఛ్ఛి థనై మ్యుగన్ధ్ధాల్ - కరువమ్ <br> <br>ఓఙ్గి వళరు థదీ ! <br> <br>మ్యెఛ్ఛి యునై యూరార్ - పుగల్న్ధ్ధాల్ <br> <br>మ్యేని సిలర్క్కుధదీ ! <br> <br>మ్యెఛ్ఛి యునై యూరార్ - పుగల్న్ధ్ధాల్ <br> <br>మ్యేని సిలర్క్కుధదీ ! <br> <br>కంణథిల్ మ్యుథమ్యిత్తాల్! <br> <br>కంణథిల్ మ్యుథమ్యిత్తాల్ - ఉళ్ళన్ధ్ధాన్ <br> <br>కళ్వెఱి కొళ్ళు థదీ ! <br> <br>కంణథిల్ మ్యుథమ్యిత్తాల్ - ఉళ్ళన్ధ్ధాన్ <br> <br>కళ్వెఱి కొళ్ళు థదీ ! <br> <br>ఉన్నైథ్ థలువిదిలో - కంణమ్మ్యా ! <br> <br>ఉన్మ్యథ మ్యగుధదీ ! <br> <br>ఉన్నైథ్ థలువిదిలో - కంణమ్మ్యా ! <br> <br>ఉన్మ్యథ మ్యగుధదీ ! <br> <br>ఉఙంణిల్ నెర్వలిన్ధ్ధాల్ <br> <br>ఉఙంణిల్ నెర్వలిన్ధ్ధాల్ - ఎన్ధ్నెఞ్జిల్ <br> <br>ఉధిరమ్ కొత్తు థదీ ! <br> <br>ఉఙంణిల్ నెర్వలిన్ధ్ధాల్ - ఎన్ధ్నెఞ్జిల్ <br> <br>ఉధిరమ్ కొత్తు థదీ ! <br> <br>ఎఙంణిఱ్ పావైయన్ద్ఱో ? - కంణమ్మ్యా ! <br> <br>ఎఙంణిఱ్ పావైయన్ద్ఱో ? - కంణమ్మ్యా ! <br> <br>ఎన్నుయిర్ నిన్న థన్ద్ఱో ? <br> <br>ఎన్నుయిర్ నిన్న థన్ద్ఱో ? <br> <br>ఎన్నుయిర్ నిన్న థన్ద్ఱో ?",
      "language" : {
        "name" : "Telugu",
        "code" : "te"
      }
    },
    {
      "data" : "സിന്നഞ് സിറു കിളിയേ ! <br> <br>സിന്നഞ് സിറു കിളിയേ - കംണമ്മ്യാ ! <br> <br>സെല്വ കളഞ്ജിയമ്യേ ! <br> <br>സിന്നഞ് സിറു കിളിയേ - കംണമ്മ്യാ ! <br> <br>സെല്വ കളഞ്ജിയമ്യേ ! <br> <br>എന്നൈക് കലി ഥീര്ഥേ - ഉലഗില് <br> <br>എന്നൈക് കലി ഥീര്ഥേ - ഉലഗില് <br> <br>ഏത്റമ് പുരിയ വന്ധ്ധായ് ! <br> <br>സിന്നഞ് സിറു കിളിയേ - കംണമ്മ്യാ ! <br> <br>സെല്വ കളഞ്ജിയമ്യേ ! <br> <br>എന്നൈക് കലി ഥീര്ഥേ - ഉലഗില് <br> <br>എന്നൈക് കലി ഥീര്ഥേ - ഉലഗില് <br> <br>ഏത്റമ് പുരിയ വന്ധ്ധായ് ! <br> <br>സിന്നഞ് സിറു കിളിയേ - കംണമ്മ്യാ ! <br> <br>സെല്വ കളഞ്ജിയമ്യേ ! <br> <br>പിള്ളൈക് കനിയമ്യുധേ - കംണമ്മ്യാ ! <br> <br>പിള്ളൈക് കനിയമ്യുധേ - കംണമ്മ്യാ ! <br> <br>പേസുമ്പൊറ് സിഥിരമ്യേ ! <br> <br>പിള്ളൈക് കനിയമ്യുധേ - കംണമ്മ്യാ ! <br> <br>പേസുമ്പൊറ് സിഥിരമ്യേ ! <br> <br>അള്ളി യംയൈഥിദവേ - എന് മ്യുന്നേ <br> <br>ആദി വരുന്ധ് ഥേനേ ! <br> <br>സിന്നഞ് സിറു കിളിയേ ! <br> <br>അള്ളി യംയൈഥിദവേ - എന് മ്യുന്നേ <br> <br>ആദി വരുന്ധ് ഥേനേ ! <br> <br>സിന്നഞ് സിറു കിളിയേ - കംണമ്മ്യാ ! <br> <br>സെല്വ കളഞ്ജിയമ്യേ ! <br> <br>ഓദി വരുഗൈയിലേ - കംണമ്മ്യാ ! <br> <br>കംണമ്മ്യാ! കംണമ്മ്യാ! <br> <br>ഓദി വരുഗൈയിലേ - കംണമ്മ്യാ ! <br> <br>ഉള്ളങ് കുളിരു ഥദീ ! <br> <br>ഓദി വരുഗൈയിലേ - കംണമ്മ്യാ ! <br> <br>ഉള്ളങ് കുളിരു ഥദീ ! <br> <br>അദിഥിരിധല് കംദാല് - ഉന്നൈപ്പോയ് <br> <br>ആവി ഥഴുവു ഥദീ ! <br> <br>അദിഥിരിധല് കംദാല് - ഉന്നൈപ്പോയ് <br> <br>ആവി ഥഴുവു ഥദീ ! <br> <br>ഉച്ചി ഥനൈ മ്യുഗന്ധ്ധാല്! <br> <br>ഉച്ചി ഥനൈ മ്യുഗന്ധ്ധാല് - കരുവമ് <br> <br>ഓങ്ഗി വളരു ഥദീ ! <br> <br>ഉച്ചി ഥനൈ മ്യുഗന്ധ്ധാല് - കരുവമ് <br> <br>ഓങ്ഗി വളരു ഥദീ ! <br> <br>മ്യെച്ചി യുനൈ യൂരാര് - പുഗഴ്ന്ധ്ധാല് <br> <br>മ്യേനി സിലര്ക്കുധദീ ! <br> <br>മ്യെച്ചി യുനൈ യൂരാര് - പുഗഴ്ന്ധ്ധാല് <br> <br>മ്യേനി സിലര്ക്കുധദീ ! <br> <br>കംണഥില് മ്യുഥമ്യിത്താല്! <br> <br>കംണഥില് മ്യുഥമ്യിത്താല് - ഉള്ളന്ധ്ധാന് <br> <br>കള്വെറി കൊള്ളു ഥദീ ! <br> <br>കംണഥില് മ്യുഥമ്യിത്താല് - ഉള്ളന്ധ്ധാന് <br> <br>കള്വെറി കൊള്ളു ഥദീ ! <br> <br>ഉന്നൈഥ് ഥഴുവിദിലോ - കംണമ്മ്യാ ! <br> <br>ഉന്മ്യഥ മ്യഗുധദീ ! <br> <br>ഉന്നൈഥ് ഥഴുവിദിലോ - കംണമ്മ്യാ ! <br> <br>ഉന്മ്യഥ മ്യഗുധദീ ! <br> <br>ഉങംണില് നീര്വഴിന്ധ്ധാല് <br> <br>ഉങംണില് നീര്വഴിന്ധ്ധാല് - എന്ധ്നെഞ്ജില് <br> <br>ഉധിരമ് കൊത്തു ഥദീ ! <br> <br>ഉങംണില് നീര്വഴിന്ധ്ധാല് - എന്ധ്നെഞ്ജില് <br> <br>ഉധിരമ് കൊത്തു ഥദീ ! <br> <br>എങംണിറ് പാവൈയന്ദ്റോ ? - കംണമ്മ്യാ ! <br> <br>എങംണിറ് പാവൈയന്ദ്റോ ? - കംണമ്മ്യാ ! <br> <br>എന്നുയിര് നിന്ന ഥന്ദ്റോ ? <br> <br>എന്നുയിര് നിന്ന ഥന്ദ്റോ ? <br> <br>എന്നുയിര് നിന്ന ഥന്ദ്റോ ? ",
      "language" : {
        "name" : "Malayalam",
        "code" : "ml"
      }
    },
    {
      "data" : "ಸಿನ್ನಞ್ ಸಿರು ಕಿಳಿಯೇ ! <br> <br>ಸಿನ್ನಞ್ ಸಿರು ಕಿಳಿಯೇ - ಕಂಣಮ್ಮ್ಯಾ ! <br> <br>ಸೆಲ್ವ ಕಳಞ್ಜಿಯಮ್ಯೇ ! <br> <br>ಸಿನ್ನಞ್ ಸಿರು ಕಿಳಿಯೇ - ಕಂಣಮ್ಮ್ಯಾ ! <br> <br>ಸೆಲ್ವ ಕಳಞ್ಜಿಯಮ್ಯೇ ! <br> <br>ಎನ್ನೈಕ್ ಕಲಿ ಥೀರ್ಥೇ - ಉಲಗಿಲ್ <br> <br>ಎನ್ನೈಕ್ ಕಲಿ ಥೀರ್ಥೇ - ಉಲಗಿಲ್ <br> <br>ಏತ್ರಮ್ ಪುರಿಯ ವನ್ಧ್ಧಾಯ್ ! <br> <br>ಸಿನ್ನಞ್ ಸಿರು ಕಿಳಿಯೇ - ಕಂಣಮ್ಮ್ಯಾ ! <br> <br>ಸೆಲ್ವ ಕಳಞ್ಜಿಯಮ್ಯೇ ! <br> <br>ಎನ್ನೈಕ್ ಕಲಿ ಥೀರ್ಥೇ - ಉಲಗಿಲ್ <br> <br>ಎನ್ನೈಕ್ ಕಲಿ ಥೀರ್ಥೇ - ಉಲಗಿಲ್ <br> <br>ಏತ್ರಮ್ ಪುರಿಯ ವನ್ಧ್ಧಾಯ್ ! <br> <br>ಸಿನ್ನಞ್ ಸಿರು ಕಿಳಿಯೇ - ಕಂಣಮ್ಮ್ಯಾ ! <br> <br>ಸೆಲ್ವ ಕಳಞ್ಜಿಯಮ್ಯೇ ! <br> <br>ಪಿಳ್ಳೈಕ್ ಕನಿಯಮ್ಯುಧೇ - ಕಂಣಮ್ಮ್ಯಾ ! <br> <br>ಪಿಳ್ಳೈಕ್ ಕನಿಯಮ್ಯುಧೇ - ಕಂಣಮ್ಮ್ಯಾ ! <br> <br>ಪೇಸುಮ್ಪೊರ್ ಸಿಥಿರಮ್ಯೇ ! <br> <br>ಪಿಳ್ಳೈಕ್ ಕನಿಯಮ್ಯುಧೇ - ಕಂಣಮ್ಮ್ಯಾ ! <br> <br>ಪೇಸುಮ್ಪೊರ್ ಸಿಥಿರಮ್ಯೇ ! <br> <br>ಅಳ್ಳಿ ಯಂಯೈಥಿದವೇ - ಎನ್ ಮ್ಯುನ್ನೇ <br> <br>ಆದಿ ವರುನ್ಧ್ ಥೇನೇ ! <br> <br>ಸಿನ್ನಞ್ ಸಿರು ಕಿಳಿಯೇ ! <br> <br>ಅಳ್ಳಿ ಯಂಯೈಥಿದವೇ - ಎನ್ ಮ್ಯುನ್ನೇ <br> <br>ಆದಿ ವರುನ್ಧ್ ಥೇನೇ ! <br> <br>ಸಿನ್ನಞ್ ಸಿರು ಕಿಳಿಯೇ - ಕಂಣಮ್ಮ್ಯಾ ! <br> <br>ಸೆಲ್ವ ಕಳಞ್ಜಿಯಮ್ಯೇ ! <br> <br>ಓದಿ ವರುಗೈಯಿಲೇ - ಕಂಣಮ್ಮ್ಯಾ ! <br> <br>ಕಂಣಮ್ಮ್ಯಾ! ಕಂಣಮ್ಮ್ಯಾ! <br> <br>ಓದಿ ವರುಗೈಯಿಲೇ - ಕಂಣಮ್ಮ್ಯಾ ! <br> <br>ಉಳ್ಳಙ್ ಕುಳಿರು ಥದೀ ! <br> <br>ಓದಿ ವರುಗೈಯಿಲೇ - ಕಂಣಮ್ಮ್ಯಾ ! <br> <br>ಉಳ್ಳಙ್ ಕುಳಿರು ಥದೀ ! <br> <br>ಅದಿಥಿರಿಧಲ್ ಕಂದಾಲ್ - ಉನ್ನೈಪ್ಪೋಯ್ <br> <br>ಆವಿ ಥಲುವು ಥದೀ ! <br> <br>ಅದಿಥಿರಿಧಲ್ ಕಂದಾಲ್ - ಉನ್ನೈಪ್ಪೋಯ್ <br> <br>ಆವಿ ಥಲುವು ಥದೀ ! <br> <br>ಉಚ್ಚಿ ಥನೈ ಮ್ಯುಗನ್ಧ್ಧಾಲ್! <br> <br>ಉಚ್ಚಿ ಥನೈ ಮ್ಯುಗನ್ಧ್ಧಾಲ್ - ಕರುವಮ್ <br> <br>ಓಙ್ಗಿ ವಳರು ಥದೀ ! <br> <br>ಉಚ್ಚಿ ಥನೈ ಮ್ಯುಗನ್ಧ್ಧಾಲ್ - ಕರುವಮ್ <br> <br>ಓಙ್ಗಿ ವಳರು ಥದೀ ! <br> <br>ಮ್ಯೆಚ್ಚಿ ಯುನೈ ಯೂರಾರ್ - ಪುಗಲ್ನ್ಧ್ಧಾಲ್ <br> <br>ಮ್ಯೇನಿ ಸಿಲರ್ಕ್ಕುಧದೀ ! <br> <br>ಮ್ಯೆಚ್ಚಿ ಯುನೈ ಯೂರಾರ್ - ಪುಗಲ್ನ್ಧ್ಧಾಲ್ <br> <br>ಮ್ಯೇನಿ ಸಿಲರ್ಕ್ಕುಧದೀ ! <br> <br>ಕಂಣಥಿಲ್ ಮ್ಯುಥಮ್ಯಿತ್ತಾಲ್! <br> <br>ಕಂಣಥಿಲ್ ಮ್ಯುಥಮ್ಯಿತ್ತಾಲ್ - ಉಳ್ಳನ್ಧ್ಧಾನ್ <br> <br>ಕಳ್ವೆರಿ ಕೊಳ್ಳು ಥದೀ ! <br> <br>ಕಂಣಥಿಲ್ ಮ್ಯುಥಮ್ಯಿತ್ತಾಲ್ - ಉಳ್ಳನ್ಧ್ಧಾನ್ <br> <br>ಕಳ್ವೆರಿ ಕೊಳ್ಳು ಥದೀ ! <br> <br>ಉನ್ನೈಥ್ ಥಲುವಿದಿಲೋ - ಕಂಣಮ್ಮ್ಯಾ ! <br> <br>ಉನ್ಮ್ಯಥ ಮ್ಯಗುಧದೀ ! <br> <br>ಉನ್ನೈಥ್ ಥಲುವಿದಿಲೋ - ಕಂಣಮ್ಮ್ಯಾ ! <br> <br>ಉನ್ಮ್ಯಥ ಮ್ಯಗುಧದೀ ! <br> <br>ಉಙಂಣಿಲ್ ನೀರ್ವಲಿನ್ಧ್ಧಾಲ್ <br> <br>ಉಙಂಣಿಲ್ ನೀರ್ವಲಿನ್ಧ್ಧಾಲ್ - ಎನ್ಧ್ನೆಞ್ಜಿಲ್ <br> <br>ಉಧಿರಮ್ ಕೊತ್ತು ಥದೀ ! <br> <br>ಉಙಂಣಿಲ್ ನೀರ್ವಲಿನ್ಧ್ಧಾಲ್ - ಎನ್ಧ್ನೆಞ್ಜಿಲ್ <br> <br>ಉಧಿರಮ್ ಕೊತ್ತು ಥದೀ ! <br> <br>ಎಙಂಣಿರ್ ಪಾವೈಯನ್ದ್ರೋ ? - ಕಂಣಮ್ಮ್ಯಾ ! <br> <br>ಎಙಂಣಿರ್ ಪಾವೈಯನ್ದ್ರೋ ? - ಕಂಣಮ್ಮ್ಯಾ ! <br> <br>ಎನ್ನುಯಿರ್ ನಿನ್ನ ಥನ್ದ್ರೋ ? <br> <br>ಎನ್ನುಯಿರ್ ನಿನ್ನ ಥನ್ದ್ರೋ ? <br> <br>ಎನ್ನುಯಿರ್ ನಿನ್ನ ಥನ್ದ್ರೋ ?",
      "language" : {
        "name" : "Kanadam",
        "code" : "ka"
      }
    },
    {
      "data" : "সিন্নঞ্ সিড়ু কিলিযে ! <br> <br>সিন্নঞ্ সিড়ু কিলিযে - কঁণম্ম্যা ! <br> <br>সেল্ৱ কলঞ্জিযম্যে ! <br> <br>সিন্নঞ্ সিড়ু কিলিযে - কঁণম্ম্যা ! <br> <br>সেল্ৱ কলঞ্জিযম্যে ! <br> <br>এন্নৈক্ কলি থীর্থে - উলগিল্ <br> <br>এন্নৈক্ কলি থীর্থে - উলগিল্ <br> <br>এত্ড়ম্ পুরিয ৱন্ধ্ধায্ ! <br> <br>সিন্নঞ্ সিড়ু কিলিযে - কঁণম্ম্যা ! <br> <br>সেল্ৱ কলঞ্জিযম্যে ! <br> <br>এন্নৈক্ কলি থীর্থে - উলগিল্ <br> <br>এন্নৈক্ কলি থীর্থে - উলগিল্ <br> <br>এত্ড়ম্ পুরিয ৱন্ধ্ধায্ ! <br> <br>সিন্নঞ্ সিড়ু কিলিযে - কঁণম্ম্যা ! <br> <br>সেল্ৱ কলঞ্জিযম্যে ! <br> <br>পিল্লৈক্ কনিযম্যুধে - কঁণম্ম্যা ! <br> <br>পিল্লৈক্ কনিযম্যুধে - কঁণম্ম্যা ! <br> <br>পেসুম্পোড়্ সিথিরম্যে ! <br> <br>পিল্লৈক্ কনিযম্যুধে - কঁণম্ম্যা ! <br> <br>পেসুম্পোড়্ সিথিরম্যে ! <br> <br>অল্লি যঁযৈথিদৱে - এন্ ম্যুন্নে <br> <br>আদি ৱরুন্ধ্ থেনে ! <br> <br>সিন্নঞ্ সিড়ু কিলিযে ! <br> <br>অল্লি যঁযৈথিদৱে - এন্ ম্যুন্নে <br> <br>আদি ৱরুন্ধ্ থেনে ! <br> <br>সিন্নঞ্ সিড়ু কিলিযে - কঁণম্ম্যা ! <br> <br>সেল্ৱ কলঞ্জিযম্যে ! <br> <br>ওদি ৱরুগৈযিলে - কঁণম্ম্যা ! <br> <br>কঁণম্ম্যা! কঁণম্ম্যা! <br> <br>ওদি ৱরুগৈযিলে - কঁণম্ম্যা ! <br> <br>উল্লঙ্ কুলিরু থদী ! <br> <br>ওদি ৱরুগৈযিলে - কঁণম্ম্যা ! <br> <br>উল্লঙ্ কুলিরু থদী ! <br> <br>অদিথিরিধল্ কঁদাল্ - উন্নৈপ্পোয্ <br> <br>আৱি থলুৱু থদী ! <br> <br>অদিথিরিধল্ কঁদাল্ - উন্নৈপ্পোয্ <br> <br>আৱি থলুৱু থদী ! <br> <br>উচ্চি থনৈ ম্যুগন্ধ্ধাল্! <br> <br>উচ্চি থনৈ ম্যুগন্ধ্ধাল্ - করুৱম্ <br> <br>ওঙ্গি ৱলরু থদী ! <br> <br>উচ্চি থনৈ ম্যুগন্ধ্ধাল্ - করুৱম্ <br> <br>ওঙ্গি ৱলরু থদী ! <br> <br>ম্যেচ্চি যুনৈ যূরার্ - পুগল্ন্ধ্ধাল্ <br> <br>ম্যেনি সিলর্ক্কুধদী ! <br> <br>ম্যেচ্চি যুনৈ যূরার্ - পুগল্ন্ধ্ধাল্ <br> <br>ম্যেনি সিলর্ক্কুধদী ! <br> <br>কঁণথিল্ ম্যুথম্যিত্তাল্! <br> <br>কঁণথিল্ ম্যুথম্যিত্তাল্ - উল্লন্ধ্ধান্ <br> <br>কল্ৱেড়ি কোল্লু থদী ! <br> <br>কঁণথিল্ ম্যুথম্যিত্তাল্ - উল্লন্ধ্ধান্ <br> <br>কল্ৱেড়ি কোল্লু থদী ! <br> <br>উন্নৈথ্ থলুৱিদিলো - কঁণম্ম্যা ! <br> <br>উন্ম্যথ ম্যগুধদী ! <br> <br>উন্নৈথ্ থলুৱিদিলো - কঁণম্ম্যা ! <br> <br>উন্ম্যথ ম্যগুধদী ! <br> <br>উঙঁণিল্ নীর্ৱলিন্ধ্ধাল্ <br> <br>উঙঁণিল্ নীর্ৱলিন্ধ্ধাল্ - এন্ধ্নেঞ্জিল্ <br> <br>উধিরম্ কোত্তু থদী ! <br> <br>উঙঁণিল্ নীর্ৱলিন্ধ্ধাল্ - এন্ধ্নেঞ্জিল্ <br> <br>উধিরম্ কোত্তু থদী ! <br> <br>এঙঁণিড়্ পাৱৈযন্দ্ড়ো ? - কঁণম্ম্যা ! <br> <br>এঙঁণিড়্ পাৱৈযন্দ্ড়ো ? - কঁণম্ম্যা ! <br> <br>এন্নুযির্ নিন্ন থন্দ্ড়ো ? <br> <br>এন্নুযির্ নিন্ন থন্দ্ড়ো ? <br> <br>এন্নুযির্ নিন্ন থন্দ্ড়ো ? ",
      "language" : {
        "name" : "Bengali",
        "code" : "be"
      }
    },
    {
      "data" : "સિન્નઞ્ સિરુ કિળિયૅ ! <br> <br>સિન્નઞ્ સિરુ કિળિયૅ - કંણમ્મ્યા ! <br> <br>સેલ્વ કળઞ્જિયમ્યૅ ! <br> <br>સિન્નઞ્ સિરુ કિળિયૅ - કંણમ્મ્યા ! <br> <br>સેલ્વ કળઞ્જિયમ્યૅ ! <br> <br>એન્નૈક્ કલિ થીર્થૅ - ઉલગિલ્ <br> <br>એન્નૈક્ કલિ થીર્થૅ - ઉલગિલ્ <br> <br>ઍત્રમ્ પુરિય વન્ધ્ધાય્ ! <br> <br>સિન્નઞ્ સિરુ કિળિયૅ - કંણમ્મ્યા ! <br> <br>સેલ્વ કળઞ્જિયમ્યૅ ! <br> <br>એન્નૈક્ કલિ થીર્થૅ - ઉલગિલ્ <br> <br>એન્નૈક્ કલિ થીર્થૅ - ઉલગિલ્ <br> <br>ઍત્રમ્ પુરિય વન્ધ્ધાય્ ! <br> <br>સિન્નઞ્ સિરુ કિળિયૅ - કંણમ્મ્યા ! <br> <br>સેલ્વ કળઞ્જિયમ્યૅ ! <br> <br>પિળ્ળૈક્ કનિયમ્યુધૅ - કંણમ્મ્યા ! <br> <br>પિળ્ળૈક્ કનિયમ્યુધૅ - કંણમ્મ્યા ! <br> <br>પૅસુમ્પોર્ સિથિરમ્યૅ ! <br> <br>પિળ્ળૈક્ કનિયમ્યુધૅ - કંણમ્મ્યા ! <br> <br>પૅસુમ્પોર્ સિથિરમ્યૅ ! <br> <br>અળ્ળિ યંયૈથિદવૅ - એન્ મ્યુન્નૅ <br> <br>આદિ વરુન્ધ્ થૅનૅ ! <br> <br>સિન્નઞ્ સિરુ કિળિયૅ ! <br> <br>અળ્ળિ યંયૈથિદવૅ - એન્ મ્યુન્નૅ <br> <br>આદિ વરુન્ધ્ થૅનૅ ! <br> <br>સિન્નઞ્ સિરુ કિળિયૅ - કંણમ્મ્યા ! <br> <br>સેલ્વ કળઞ્જિયમ્યૅ ! <br> <br>ઑદિ વરુગૈયિલૅ - કંણમ્મ્યા ! <br> <br>કંણમ્મ્યા! કંણમ્મ્યા! <br> <br>ઑદિ વરુગૈયિલૅ - કંણમ્મ્યા ! <br> <br>ઉળ્ળઙ્ કુળિરુ થદી ! <br> <br>ઑદિ વરુગૈયિલૅ - કંણમ્મ્યા ! <br> <br>ઉળ્ળઙ્ કુળિરુ થદી ! <br> <br>અદિથિરિધલ્ કંદાલ્ - ઉન્નૈપ્પૉય્ <br> <br>આવિ થલુવુ થદી ! <br> <br>અદિથિરિધલ્ કંદાલ્ - ઉન્નૈપ્પૉય્ <br> <br>આવિ થલુવુ થદી ! <br> <br>ઉચ્ચિ થનૈ મ્યુગન્ધ્ધાલ્! <br> <br>ઉચ્ચિ થનૈ મ્યુગન્ધ્ધાલ્ - કરુવમ્ <br> <br>ઑઙ્ગિ વળરુ થદી ! <br> <br>ઉચ્ચિ થનૈ મ્યુગન્ધ્ધાલ્ - કરુવમ્ <br> <br>ઑઙ્ગિ વળરુ થદી ! <br> <br>મ્યેચ્ચિ યુનૈ યૂરાર્ - પુગલ્ન્ધ્ધાલ્ <br> <br>મ્યૅનિ સિલર્ક્કુધદી ! <br> <br>મ્યેચ્ચિ યુનૈ યૂરાર્ - પુગલ્ન્ધ્ધાલ્ <br> <br>મ્યૅનિ સિલર્ક્કુધદી ! <br> <br>કંણથિલ્ મ્યુથમ્યિત્તાલ્! <br> <br>કંણથિલ્ મ્યુથમ્યિત્તાલ્ - ઉળ્ળન્ધ્ધાન્ <br> <br>કળ્વેરિ કોળ્ળુ થદી ! <br> <br>કંણથિલ્ મ્યુથમ્યિત્તાલ્ - ઉળ્ળન્ધ્ધાન્ <br> <br>કળ્વેરિ કોળ્ળુ થદી ! <br> <br>ઉન્નૈથ્ થલુવિદિલૉ - કંણમ્મ્યા ! <br> <br>ઉન્મ્યથ મ્યગુધદી ! <br> <br>ઉન્નૈથ્ થલુવિદિલૉ - કંણમ્મ્યા ! <br> <br>ઉન્મ્યથ મ્યગુધદી ! <br> <br>ઉઙંણિલ્ ણીર્વલિન્ધ્ધાલ્ <br> <br>ઉઙંણિલ્ ણીર્વલિન્ધ્ધાલ્ - એન્ધ્નેઞ્જિલ્ <br> <br>ઉધિરમ્ કોત્તુ થદી ! <br> <br>ઉઙંણિલ્ ણીર્વલિન્ધ્ધાલ્ - એન્ધ્નેઞ્જિલ્ <br> <br>ઉધિરમ્ કોત્તુ થદી ! <br> <br>એઙંણિર્ પાવૈયન્દ્રૉ ? - કંણમ્મ્યા ! <br> <br>એઙંણિર્ પાવૈયન્દ્રૉ ? - કંણમ્મ્યા ! <br> <br>એન્નુયિર્ ણિન્ન થન્દ્રૉ ? <br> <br>એન્નુયિર્ ણિન્ન થન્દ્રૉ ? <br> <br>એન્નુયિર્ ણિન્ન થન્દ્રૉ ? ",
      "language" : {
        "name" : "Gujarathi",
        "code" : "gu"
      }
    },
    {
      "data" : "सिननञ सिड़ु किऴिये ! <br> <br>सिननञ सिड़ु किऴिये - कंणम्म्आ ! <br> <br>सेलव कळञ्जियम्ए ! <br> <br>सिननञ सिड़ु किऴिये - कंणम्म्आ ! <br> <br>सेलव कळञ्जियम्ए ! <br> <br>एननैक कलि तीरते - उलगिल <br> <br>एननैक कलि तीरते - उलगिल <br> <br>एटड़म पुरिय वन्द दाय ! <br> <br>सिननञ सिड़ु किऴिये - कंणम्म्आ ! <br> <br>सेलव कळञ्जियम्ए ! <br> <br>एननैक कलि तीरते - उलगिल <br> <br>एननैक कलि तीरते - उलगिल <br> <br>एटड़म पुरिय वन्द दाय ! <br> <br>सिननञ सिड़ु किऴिये - कंणम्म्आ ! <br> <br>सेलव कळञ्जियम्ए ! <br> <br>पिलळैक कनियम्उधे - कंणम्म्आ ! <br> <br>पिलळैक कनियम्उधे - कंणम्म्आ ! <br> <br>पेसुम्पोर् सितिरम्ए ! <br> <br>पिलळैक कनियम्उधे - कंणम्म्आ ! <br> <br>पेसुम्पोर् सितिरम्ए ! <br> <br>अलऴि यंऐतिडवे - एन म्उनने <br> <br>आडि वरुन्द  तेने ! <br> <br>सिननञ सिड़ु किऴिये ! <br> <br>अलऴि यंऐतिडवे - एन म्उनने <br> <br>आडि वरुन्द  तेने ! <br> <br>सिननञ सिड़ु किऴिये - कंणम्म्आ ! <br> <br>सेलव कळञ्जियम्ए ! <br> <br>ओडि वरुगैयिले - कंणम्म्आ ! <br> <br>कंणम्म्आ! कंणम्म्आ! <br> <br>ओडि वरुगैयिले - कंणम्म्आ ! <br> <br>उलळङ कुऴिरु तडी ! <br> <br>ओडि वरुगैयिले - कंणम्म्आ ! <br> <br>उलळङ कुऴिरु तडी ! <br> <br>अडितिरिदल कंडाल - उन्नैप्पोय <br> <br>आवि तलुवु तडी ! <br> <br>अडितिरिदल कंडाल - उन्नैप्पोय <br> <br>आवि तलुवु तडी ! <br> <br>उचचि तनै म्उगन्द दाल! <br> <br>उचचि तनै म्उगन्द दाल - करुवम <br> <br>ओङगि वळरु तडी ! <br> <br>उचचि तनै म्उगन्द दाल - करुवम <br> <br>ओङगि वळरु तडी ! <br> <br>म्एचचि युनै यूरार - पुगल्न्द दाल <br> <br>म्एनि सिलर्क्कुदडी ! <br> <br>म्एचचि युनै यूरार - पुगल्न्द दाल <br> <br>म्एनि सिलर्क्कुदडी ! <br> <br>कंणतिल म्उतम्इट्टाल! <br> <br>कंणतिल म्उतम्इट्टाल - उल्ळन्द दान <br> <br>कलवेरि कोलळु तडी ! <br> <br>कंणतिल म्उतम्इट्टाल - उल्ळन्द दान <br> <br>कलवेरि कोलळु तडी ! <br> <br>उननैत तलुविडिलो - कंणम्म्आ ! <br> <br>उन्म्अत म्अगुदडी ! <br> <br>उननैत तलुविडिलो - कंणम्म्आ ! <br> <br>उन्म्अत म्अगुदडी ! <br> <br>उङांणिल नीर्वलिन्द दाल <br> <br>उङांणिल नीर्वलिन्द दाल - एन्द नेञ्जिल <br> <br>उदिरम कोटटु तडी ! <br> <br>उङांणिल नीर्वलिन्द दाल - एन्द नेञ्जिल <br> <br>उदिरम कोटटु तडी ! <br> <br>एङांणिर् पावैयन्ड्ड़ो ? - कंणम्म्आ ! <br> <br>एङांणिर् पावैयन्ड्ड़ो ? - कंणम्म्आ ! <br> <br>एन्नुयिर निनन तनडड़ो ? <br> <br>एन्नुयिर निनन तनडड़ो ? <br> <br>एन्नुयिर निनन तनडड़ो ? ",
      "language" : {
        "name" : "Marathi",
        "code" : "mr"
      }
    },
    {
      "data" : "ସିନ୍ନଞ୍ ସିଡ଼ୁ କିଲିଯେ ! <br> <br>ସିନ୍ନଞ୍ ସିଡ଼ୁ କିଲିଯେ - କଂଣମ୍ମ୍ଯା ! <br> <br>ସେଳ୍ୱ କଲଞ୍ଜିଯମ୍ଯେ ! <br> <br>ସିନ୍ନଞ୍ ସିଡ଼ୁ କିଲିଯେ - କଂଣମ୍ମ୍ଯା ! <br> <br>ସେଳ୍ୱ କଲଞ୍ଜିଯମ୍ଯେ ! <br> <br>ଏନ୍ନୈକ୍ କଳି ଥୀର୍ଥେ - ଉଳଗିଳ୍ <br> <br>ଏନ୍ନୈକ୍ କଳି ଥୀର୍ଥେ - ଉଳଗିଳ୍ <br> <br>ଏତ୍ଡ଼ମ୍ ପୁରିଯ ୱନ୍ଧ୍ଧାଯ୍ ! <br> <br>ସିନ୍ନଞ୍ ସିଡ଼ୁ କିଲିଯେ - କଂଣମ୍ମ୍ଯା ! <br> <br>ସେଳ୍ୱ କଲଞ୍ଜିଯମ୍ଯେ ! <br> <br>ଏନ୍ନୈକ୍ କଳି ଥୀର୍ଥେ - ଉଳଗିଳ୍ <br> <br>ଏନ୍ନୈକ୍ କଳି ଥୀର୍ଥେ - ଉଳଗିଳ୍ <br> <br>ଏତ୍ଡ଼ମ୍ ପୁରିଯ ୱନ୍ଧ୍ଧାଯ୍ ! <br> <br>ସିନ୍ନଞ୍ ସିଡ଼ୁ କିଲିଯେ - କଂଣମ୍ମ୍ଯା ! <br> <br>ସେଳ୍ୱ କଲଞ୍ଜିଯମ୍ଯେ ! <br> <br>ପିଲ୍ଲୈକ୍ କନିଯମ୍ଯୁଧେ - କଂଣମ୍ମ୍ଯା ! <br> <br>ପିଲ୍ଲୈକ୍ କନିଯମ୍ଯୁଧେ - କଂଣମ୍ମ୍ଯା ! <br> <br>ପେସୁମ୍ପୋଡ଼୍ ସିଥିରମ୍ଯେ ! <br> <br>ପିଲ୍ଲୈକ୍ କନିଯମ୍ଯୁଧେ - କଂଣମ୍ମ୍ଯା ! <br> <br>ପେସୁମ୍ପୋଡ଼୍ ସିଥିରମ୍ଯେ ! <br> <br>ଅଲ୍ଲି ଯଂଯୈଥିଦୱେ - ଏନ୍ ମ୍ଯୁନ୍ନେ <br> <br>ଆଦି ୱରୁନ୍ଧ୍ ଥେନେ ! <br> <br>ସିନ୍ନଞ୍ ସିଡ଼ୁ କିଲିଯେ ! <br> <br>ଅଲ୍ଲି ଯଂଯୈଥିଦୱେ - ଏନ୍ ମ୍ଯୁନ୍ନେ <br> <br>ଆଦି ୱରୁନ୍ଧ୍ ଥେନେ ! <br> <br>ସିନ୍ନଞ୍ ସିଡ଼ୁ କିଲିଯେ - କଂଣମ୍ମ୍ଯା ! <br> <br>ସେଳ୍ୱ କଲଞ୍ଜିଯମ୍ଯେ ! <br> <br>ଓଦି ୱରୁଗୈଯିଳେ - କଂଣମ୍ମ୍ଯା ! <br> <br>କଂଣମ୍ମ୍ଯା! କଂଣମ୍ମ୍ଯା! <br> <br>ଓଦି ୱରୁଗୈଯିଳେ - କଂଣମ୍ମ୍ଯା ! <br> <br>ଉଲ୍ଲଙ୍ କୁଲିରୁ ଥଦୀ ! <br> <br>ଓଦି ୱରୁଗୈଯିଳେ - କଂଣମ୍ମ୍ଯା ! <br> <br>ଉଲ୍ଲଙ୍ କୁଲିରୁ ଥଦୀ ! <br> <br>ଅଦିଥିରିଧଳ୍ କଂଦାଳ୍ - ଉନ୍ନୈପ୍ପୋଯ୍ <br> <br>ଆୱି ଥଳୁୱୁ ଥଦୀ ! <br> <br>ଅଦିଥିରିଧଳ୍ କଂଦାଳ୍ - ଉନ୍ନୈପ୍ପୋଯ୍ <br> <br>ଆୱି ଥଳୁୱୁ ଥଦୀ ! <br> <br>ଉଚ୍ଚି ଥନୈ ମ୍ଯୁଗନ୍ଧ୍ଧାଳ୍! <br> <br>ଉଚ୍ଚି ଥନୈ ମ୍ଯୁଗନ୍ଧ୍ଧାଳ୍ - କରୁୱମ୍ <br> <br>ଓଙ୍ଗି ୱଲରୁ ଥଦୀ ! <br> <br>ଉଚ୍ଚି ଥନୈ ମ୍ଯୁଗନ୍ଧ୍ଧାଳ୍ - କରୁୱମ୍ <br> <br>ଓଙ୍ଗି ୱଲରୁ ଥଦୀ ! <br> <br>ମ୍ଯେଚ୍ଚି ଯୁନୈ ଯୂରାର୍ - ପୁଗଳ୍ନ୍ଧ୍ଧାଳ୍ <br> <br>ମ୍ଯେନି ସିଳର୍କ୍କୁଧଦୀ ! <br> <br>ମ୍ଯେଚ୍ଚି ଯୁନୈ ଯୂରାର୍ - ପୁଗଳ୍ନ୍ଧ୍ଧାଳ୍ <br> <br>ମ୍ଯେନି ସିଳର୍କ୍କୁଧଦୀ ! <br> <br>କଂଣଥିଳ୍ ମ୍ଯୁଥମ୍ଯିତ୍ତାଳ୍! <br> <br>କଂଣଥିଳ୍ ମ୍ଯୁଥମ୍ଯିତ୍ତାଳ୍ - ଉଲ୍ଲନ୍ଧ୍ଧାନ୍ <br> <br>କଲ୍ୱେଡ଼ି କୋଲ୍ଲୁ ଥଦୀ ! <br> <br>କଂଣଥିଳ୍ ମ୍ଯୁଥମ୍ଯିତ୍ତାଳ୍ - ଉଲ୍ଲନ୍ଧ୍ଧାନ୍ <br> <br>କଲ୍ୱେଡ଼ି କୋଲ୍ଲୁ ଥଦୀ ! <br> <br>ଉନ୍ନୈଥ୍ ଥଳୁୱିଦିଳୋ - କଂଣମ୍ମ୍ଯା ! <br> <br>ଉନ୍ମ୍ଯଥ ମ୍ଯଗୁଧଦୀ ! <br> <br>ଉନ୍ନୈଥ୍ ଥଳୁୱିଦିଳୋ - କଂଣମ୍ମ୍ଯା ! <br> <br>ଉନ୍ମ୍ଯଥ ମ୍ଯଗୁଧଦୀ ! <br> <br>ଉଙଂଣିଳ୍ ନୀର୍ୱଳିନ୍ଧ୍ଧାଳ୍ <br> <br>ଉଙଂଣିଳ୍ ନୀର୍ୱଳିନ୍ଧ୍ଧାଳ୍ - ଏନ୍ଧ୍ନେଞ୍ଜିଳ୍ <br> <br>ଉଧିରମ୍ କୋତ୍ତୁ ଥଦୀ ! <br> <br>ଉଙଂଣିଳ୍ ନୀର୍ୱଳିନ୍ଧ୍ଧାଳ୍ - ଏନ୍ଧ୍ନେଞ୍ଜିଳ୍ <br> <br>ଉଧିରମ୍ କୋତ୍ତୁ ଥଦୀ ! <br> <br>ଏଙଂଣିଡ଼୍ ପାୱୈଯନ୍ଦ୍ଡ଼ୋ ? - କଂଣମ୍ମ୍ଯା ! <br> <br>ଏଙଂଣିଡ଼୍ ପାୱୈଯନ୍ଦ୍ଡ଼ୋ ? - କଂଣମ୍ମ୍ଯା ! <br> <br>ଏନ୍ନୁଯିର୍ ନିନ୍ନ ଥନ୍ଦ୍ଡ଼ୋ ? <br> <br>ଏନ୍ନୁଯିର୍ ନିନ୍ନ ଥନ୍ଦ୍ଡ଼ୋ ? <br> <br>ଏନ୍ନୁଯିର୍ ନିନ୍ନ ଥନ୍ଦ୍ଡ଼ୋ ? ",
      "language" : {
        "name" : "Oriya",
        "code" : "or"
      }
    },
    {
      "data" : "सिननञ सिड़ु किऴिये ! <br> <br>सिननञ सिड़ु किऴिये - कंणम्म्आ ! <br> <br>सेलव कळञ्जियम्ए ! <br> <br>सिननञ सिड़ु किऴिये - कंणम्म्आ ! <br> <br>सेलव कळञ्जियम्ए ! <br> <br>एननैक कलि तीरते - उलगिल <br> <br>एननैक कलि तीरते - उलगिल <br> <br>एटड़म पुरिय वन्द दाय ! <br> <br>सिननञ सिड़ु किऴिये - कंणम्म्आ ! <br> <br>सेलव कळञ्जियम्ए ! <br> <br>एननैक कलि तीरते - उलगिल <br> <br>एननैक कलि तीरते - उलगिल <br> <br>एटड़म पुरिय वन्द दाय ! <br> <br>सिननञ सिड़ु किऴिये - कंणम्म्आ ! <br> <br>सेलव कळञ्जियम्ए ! <br> <br>पिलळैक कनियम्उधे - कंणम्म्आ ! <br> <br>पिलळैक कनियम्उधे - कंणम्म्आ ! <br> <br>पेसुम्पोर् सितिरम्ए ! <br> <br>पिलळैक कनियम्उधे - कंणम्म्आ ! <br> <br>पेसुम्पोर् सितिरम्ए ! <br> <br>अलऴि यंऐतिडवे - एन म्उनने <br> <br>आडि वरुन्द  तेने ! <br> <br>सिननञ सिड़ु किऴिये ! <br> <br>अलऴि यंऐतिडवे - एन म्उनने <br> <br>आडि वरुन्द  तेने ! <br> <br>सिननञ सिड़ु किऴिये - कंणम्म्आ ! <br> <br>सेलव कळञ्जियम्ए ! <br> <br>ओडि वरुगैयिले - कंणम्म्आ ! <br> <br>कंणम्म्आ! कंणम्म्आ! <br> <br>ओडि वरुगैयिले - कंणम्म्आ ! <br> <br>उलळङ कुऴिरु तडी ! <br> <br>ओडि वरुगैयिले - कंणम्म्आ ! <br> <br>उलळङ कुऴिरु तडी ! <br> <br>अडितिरिदल कंडाल - उन्नैप्पोय <br> <br>आवि तलुवु तडी ! <br> <br>अडितिरिदल कंडाल - उन्नैप्पोय <br> <br>आवि तलुवु तडी ! <br> <br>उचचि तनै म्उगन्द दाल! <br> <br>उचचि तनै म्उगन्द दाल - करुवम <br> <br>ओङगि वळरु तडी ! <br> <br>उचचि तनै म्उगन्द दाल - करुवम <br> <br>ओङगि वळरु तडी ! <br> <br>म्एचचि युनै यूरार - पुगल्न्द दाल <br> <br>म्एनि सिलर्क्कुदडी ! <br> <br>म्एचचि युनै यूरार - पुगल्न्द दाल <br> <br>म्एनि सिलर्क्कुदडी ! <br> <br>कंणतिल म्उतम्इट्टाल! <br> <br>कंणतिल म्उतम्इट्टाल - उल्ळन्द दान <br> <br>कलवेरि कोलळु तडी ! <br> <br>कंणतिल म्उतम्इट्टाल - उल्ळन्द दान <br> <br>कलवेरि कोलळु तडी ! <br> <br>उननैत तलुविडिलो - कंणम्म्आ ! <br> <br>उन्म्अत म्अगुदडी ! <br> <br>उननैत तलुविडिलो - कंणम्म्आ ! <br> <br>उन्म्अत म्अगुदडी ! <br> <br>उङांणिल नीर्वलिन्द दाल <br> <br>उङांणिल नीर्वलिन्द दाल - एन्द नेञ्जिल <br> <br>उदिरम कोटटु तडी ! <br> <br>उङांणिल नीर्वलिन्द दाल - एन्द नेञ्जिल <br> <br>उदिरम कोटटु तडी ! <br> <br>एङांणिर् पावैयन्ड्ड़ो ? - कंणम्म्आ ! <br> <br>एङांणिर् पावैयन्ड्ड़ो ? - कंणम्म्आ ! <br> <br>एन्नुयिर निनन तनडड़ो ? <br> <br>एन्नुयिर निनन तनडड़ो ? <br> <br>एन्नुयिर निनन तनडड़ो ? ",
      "language" : {
        "name" : "konkani",
        "code" : "ko"
      }
    }
  ],
  "mood" : {
    "slug" : "happy",
    "name" : "Happy"
  },
  "release_order_of_the_day" : 7,
  "language" : {
    "name" : "Tamil",
    "code" : "ta"
  },
  "slug" : "chinnanjiru-kiliye",
  "thumbnail" : "https:\/\/d1ua79hvv369a0.cloudfront.net\/reflection\/thumbnail\/016_Chinachiru_thumb.jpg"
}