{
  "title" : {
    "en" : "Coimbatore",
    "hi" : "Coimbatore",
    "te" : "Coimbatore",
    "ta" : "கோயம்புத்தூர்"
  },
  "credits" : {
    "mixers" : [
      {
        "name" : {
          "en" : "RK Sundar",
          "hi" : "RK Sundar",
          "te" : "RK Sundar",
          "ta" : "RK சுந்தர்"
        }
      }
    ],
    "masters" : [
      {
        "name" : {
          "en" : "RK Sundar",
          "hi" : "RK Sundar",
          "te" : "RK Sundar",
          "ta" : "RK சுந்தர்"
        }
      }
    ],
    "composers" : [
      {
        "name" : {
          "en" : "Arun V",
          "hi" : "Arun V",
          "te" : "Arun V",
          "ta" : "அருண் V"
        }
      }
    ],
    "lyricists" : [
      {
        "name" : {
          "en" : "Arun V",
          "hi" : "Arun V",
          "te" : "Arun V",
          "ta" : "அருண் V"
        }
      }
    ],
    "singers" : [
      {
        "name" : {
          "en" : "Arun V",
          "hi" : "Arun V",
          "te" : "Arun V",
          "ta" : "அருண் V"
        }
      },
      {
        "name" : {
          "en" : "RK Sundar",
          "hi" : "RK Sundar",
          "te" : "RK Sundar",
          "ta" : "RK சுந்தர்"
        }
      }
    ],
    "translator" : [
      {
        "name" : {
          "en" : "Jayashree Ramanujam",
          "hi" : "Jayashree Ramanujam",
          "te" : "Jayashree Ramanujam",
          "ta" : "ஜெயஸ்ரீ இராமானுஜம்"
        }
      }
    ],
    "arrangers" : [
      {
        "name" : {
          "en" : "RK Sundar",
          "hi" : "RK Sundar",
          "te" : "RK Sundar",
          "ta" : "RK சுந்தர்"
        }
      }
    ],
    "producers" : [
      {
        "name" : {
          "en" : "Arun V",
          "hi" : "Arun V",
          "te" : "Arun V",
          "ta" : "அருண் V"
        }
      }
    ],
    "lyric_video_senior_editor" : [
      {
        "name" : {
          "en" : "Shyam Sundar Murugesan",
          "hi" : "Shyam Sundar Murugesan",
          "te" : "Shyam Sundar Murugesan",
          "ta" : "ஷியாம் சுந்தர் முருகேசன்"
        }
      }
    ],
    "recorded_studios" : [
      {
        "name" : {
          "en" : "Abhirami Studios",
          "hi" : "Abhirami Studios",
          "te" : "Abhirami Studios",
          "ta" : "அபிராமி ஸ்டுடியோஸ்"
        }
      }
    ],
    "lyric_art" : [
      {
        "name" : {
          "en" : "Muhilan",
          "hi" : "Muhilan",
          "te" : "Muhilan",
          "ta" : "முகிலன்"
        }
      }
    ],
    "manager_of_visual_content" : [
      {
        "name" : {
          "en" : "Gokula Krishnan R Vasugi, MFI",
          "hi" : "Gokula Krishnan R Vasugi, MFI",
          "te" : "Gokula Krishnan R Vasugi, MFI",
          "ta" : "கோகுல கிருஷ்ணன் R வாசுகி MFI"
        }
      }
    ],
    "sound_engineers" : [
      {
        "name" : {
          "en" : "RK Sundar",
          "hi" : "RK Sundar",
          "te" : "RK Sundar",
          "ta" : "RK சுந்தர்"
        }
      }
    ],
    "lyric_video_editor" : [
      {
        "name" : {
          "en" : "Mithran.B",
          "hi" : "Mithran.B",
          "te" : "Mithran.B",
          "ta" : "மித்திரன்.B"
        }
      }
    ]
  },
  "active" : true,
  "published_on" : "2016-06-05T12:30:00.000Z",
  "description" : {
    "en" : "When love at first glance leads to some day and night following and ends up in interest from the girl’s side, arises honest feelings and excited singing, of course with alcohol to accompany. This Coimbatore song is a very catchy folk rendition that talks about love and the delight when the girl reciprocates the guy’s feelings.",
    "hi" : "When love at first glance leads to some day and night following and ends up in interest from the girl’s side, arises honest feelings and excited singing, of course with alcohol to accompany. This Coimbatore song is a very catchy folk rendition that talks about love and the delight when the girl reciprocates the guy’s feelings.",
    "te" : "When love at first glance leads to some day and night following and ends up in interest from the girl’s side, arises honest feelings and excited singing, of course with alcohol to accompany. This Coimbatore song is a very catchy folk rendition that talks about love and the delight when the girl reciprocates the guy’s feelings.",
    "ta" : "ஒரு பையன் ஒரு பெண்ணைப் பார்க்கிறான், கண்டதும் காதல், அதன்பிறகு, இரவு பகலாக அவள்பின்னே அலைகிறான், நிறைவாக, அந்தக் காதலி சம்மதம் சொல்லிவிடுகிறாள், தன்னுடைய ஆனந்தமான உணர்வுகளை இந்தப் பாடலில் கொட்டுகிறான், தொட்டுக்கொள்ள கொஞ்சம் மதுவும்! இந்தக் கோயம்பத்தூர் பாடல் கவர்ச்சிகரமான நாட்டுப்புற பாணியில் அமைந்துள்ளது, காதலைப்பற்றியும், காதலி அதை ஏற்றுக்கொள்ளும்போது ஒரு காதலன் எப்படி மகிழ்வான் என்பதைப்பற்றியும் பேசுகிறது."
  },
  "poster" : "https:\/\/d1ua79hvv369a0.cloudfront.net\/reflection\/poster\/June\/05\/Coimbatore_cover.jpg",
  "album" : {
    "title" : {
      "en" : "Vegam",
      "hi" : "Vegam",
      "te" : "Vegam",
      "ta" : "வேகம்"
    },
    "id" : "52"
  },
  "musics" : [
    {
      "players" : [
        {
          "name" : {
            "en" : "RK Sundar",
            "hi" : "RK Sundar",
            "te" : "RK Sundar",
            "ta" : "RK சுந்தர்"
          }
        }
      ],
      "instrument" : {
        "name" : {
          "name" : {
            "en" : "Keys",
            "hi" : "Keys",
            "te" : "Keys",
            "ta" : "கீஸ்"
          }
        }
      }
    }
  ],
  "critics" : [
    {
      "review" : {
        "instrument" : {
          "comment" : {
            "en" : "Focuses more on the kutthu arrangements rather than fusion aspect.",
            "hi" : "Focuses more on the kutthu arrangements rather than fusion aspect.",
            "te" : "Focuses more on the kutthu arrangements rather than fusion aspect.",
            "ta" : "Focuses more on the kutthu arrangements rather than fusion aspect."
          },
          "score" : 8
        },
        "overall" : {
          "comment" : {
            "en" : "Kolaveri Revisited!",
            "hi" : "Kolaveri Revisited!",
            "te" : "Kolaveri Revisited!",
            "ta" : "Kolaveri Revisited!"
          },
          "score" : 7.75
        },
        "vocal" : {
          "comment" : {
            "en" : "Vocals are alright but need more thump for a song of this sort.",
            "hi" : "Vocals are alright but need more thump for a song of this sort.",
            "te" : "Vocals are alright but need more thump for a song of this sort.",
            "ta" : "Sultry and yet monotonous with less scope for changeovers."
          },
          "score" : 8
        },
        "tune" : {
          "comment" : {
            "en" : "Sultry and yet monotonous with less scope for changeovers.",
            "hi" : "Sultry and yet monotonous with less scope for changeovers.",
            "te" : "Sultry and yet monotonous with less scope for changeovers.",
            "ta" : "Sultry and yet monotonous with less scope for changeovers."
          },
          "score" : 7
        },
        "lyric" : {
          "comment" : {
            "en" : "The lyrics suit the song’s mood setting the right atmosphere.",
            "hi" : "The lyrics suit the song’s mood setting the right atmosphere.",
            "te" : "The lyrics suit the song’s mood setting the right atmosphere.",
            "ta" : "The lyrics suit the song’s mood setting the right atmosphere."
          },
          "score" : 8
        }
      },
      "author" : {
        "name" : "Durga",
        "image" : "https:\/\/d1ua79hvv369a0.cloudfront.net\/reflection\/critic\/critic-durga.png"
      },
      "rating" : 7.75
    },
    {
      "review" : {
        "instrument" : {
          "comment" : {
            "en" : "The best part of the song. Gets the kuthu rhythm brilliantly right!",
            "hi" : "The best part of the song. Gets the kuthu rhythm brilliantly right!",
            "te" : "The best part of the song. Gets the kuthu rhythm brilliantly right!",
            "ta" : "The best part of the song. Gets the kuthu rhythm brilliantly right!"
          },
          "score" : 12
        },
        "overall" : {
          "comment" : {
            "en" : "The Coimbatore promise remains unfulfilled, but the kuthu feel is perfect!",
            "hi" : "The Coimbatore promise remains unfulfilled, but the kuthu feel is perfect!",
            "te" : "The Coimbatore promise remains unfulfilled, but the kuthu feel is perfect!",
            "ta" : "The Coimbatore promise remains unfulfilled, but the kuthu feel is perfect!"
          },
          "score" : 10.25
        },
        "vocal" : {
          "comment" : {
            "en" : "Pretty interesting and whispery way of singing, to accentuate the drunk style.",
            "hi" : "Pretty interesting and whispery way of singing, to accentuate the drunk style.",
            "te" : "Pretty interesting and whispery way of singing, to accentuate the drunk style.",
            "ta" : "Catchy and aptly drunk kuthu!"
          },
          "score" : 11
        },
        "tune" : {
          "comment" : {
            "en" : "Catchy and aptly drunk kuthu!",
            "hi" : "Catchy and aptly drunk kuthu!",
            "te" : "Catchy and aptly drunk kuthu!",
            "ta" : "Catchy and aptly drunk kuthu!"
          },
          "score" : 10
        },
        "lyric" : {
          "comment" : {
            "en" : "Covers the usual gamut of drunk kuthu songs in predictable order, though very less Coimbatore (beyond Oppanakaara veedhi and Marudhamalai).",
            "hi" : "Covers the usual gamut of drunk kuthu songs in predictable order, though very less Coimbatore (beyond Oppanakaara veedhi and Marudhamalai).",
            "te" : "Covers the usual gamut of drunk kuthu songs in predictable order, though very less Coimbatore (beyond Oppanakaara veedhi and Marudhamalai).",
            "ta" : "Covers the usual gamut of drunk kuthu songs in predictable order, though very less Coimbatore (beyond Oppanakaara veedhi and Marudhamalai)."
          },
          "score" : 8
        }
      },
      "author" : {
        "name" : "Karthik",
        "image" : "https:\/\/d1ua79hvv369a0.cloudfront.net\/reflection\/critic\/critic-karthik.png"
      },
      "rating" : 10.25
    },
    {
      "review" : {
        "instrument" : {
          "comment" : {
            "en" : "What you expect out of kuthu numbers and soup songs in general.",
            "hi" : "What you expect out of kuthu numbers and soup songs in general.",
            "te" : "What you expect out of kuthu numbers and soup songs in general.",
            "ta" : "What you expect out of kuthu numbers and soup songs in general."
          },
          "score" : 3
        },
        "overall" : {
          "comment" : {
            "en" : "Joins the huge assembly line of folk kuthu songs. Below par",
            "hi" : "Joins the huge assembly line of folk kuthu songs. Below par",
            "te" : "Joins the huge assembly line of folk kuthu songs. Below par",
            "ta" : "Joins the huge assembly line of folk kuthu songs. Below par"
          },
          "score" : 3
        },
        "vocal" : {
          "comment" : {
            "en" : "The singer tries to bring out a drunken state and mood in his rendition. Run of the mill.",
            "hi" : "The singer tries to bring out a drunken state and mood in his rendition. Run of the mill.",
            "te" : "The singer tries to bring out a drunken state and mood in his rendition. Run of the mill.",
            "ta" : "Mundane folk gaana space."
          },
          "score" : 3
        },
        "tune" : {
          "comment" : {
            "en" : "Mundane folk gaana space.",
            "hi" : "Mundane folk gaana space.",
            "te" : "Mundane folk gaana space.",
            "ta" : "Mundane folk gaana space."
          },
          "score" : 3
        },
        "lyric" : {
          "comment" : {
            "en" : "Amateurish lines about a guy’s love life.",
            "hi" : "Amateurish lines about a guy’s love life.",
            "te" : "Amateurish lines about a guy’s love life.",
            "ta" : "Amateurish lines about a guy’s love life."
          },
          "score" : 3
        }
      },
      "author" : {
        "name" : "Kaushik",
        "image" : "https:\/\/d1ua79hvv369a0.cloudfront.net\/reflection\/critic\/Kaushik-200x200.jpg"
      },
      "rating" : 3
    }
  ],
  "type" : {
    "slug" : "independent-music",
    "name" : "Independent Music"
  },
  "lyrics" : [
    {
      "data" : "என்ன கொஞ்சம் கொஞ்சம் விக்க வெச்சு<br>பஞ்சில் தீய பத்த வெச்சு <br>காதோரம் மேட்டர் ஒன்னு சொல்லி புட்டாலே<br><br>கண்ணுக்குள்ள கணவ வெச்ச<br>நெஞ்சிக்குள்ள நெனப்ப வெச்சா<br>இடுப்பு கொசுவதுல உசுர வெச்சாலே<br><br>கோயம்புத்தூர் கண்ணழகி என்ன திரும்பி பாத்து புட்டா<br>நூறு வாட்டு ஷாக் அடிச்சி சாஞ்சு நிப்பேனே...<br>காந்திபுரம் பஸ் ஸ்டாண்டு ஓரத்துல நின்னுகிட்டு<br>பாடி கார்டா உன்ன மட்டும் பாதுக்குவேனே <br>அவ என்னோட அழகி அவ.. கண்ணுக்குள்ள நிக்குரவ..<br>கை ஆட்டி ஹீரோவதான் சொக்க வெச்சாலே..<br>முத்தான முத்தழகி என்னோட கட்டழகி...<br>கன்னத்துல முத்தம் ஒன்னு வெச்சாலே..<br><br>பீர கொஞ்சம் ஊத்திகிட்டு ஊருகாய தொட்டுகிட்டேன்<br>காரம் இன்னும் ஏறல டா...<br>நாதர் முடி மேலரிருக்கும் நல்ல பாம்பு சொல்லிடிச்சு,,<br>அவ என் பூங்குழலி டா..<br>கட்டு கட்டா வெக்கப்பட்டு.. தூரத்துல நின்னுகிட்டு..<br>ஐ லவ் யு சொல்லி புட்டா டா... <br>அவ என்னோட அழகி அவ.. கண்ணுக்குள்ள நிக்குரவ..<br>கை ஆட்டி ஹீரோவதான் சொக்க வெச்சாலே..<br>முத்தான முத்தழகி என்னோட கட்டழகி...<br>கன்னத்துல முத்தம் ஒன்னு வெச்சாலே..<br><br>ஒப்பனக்கார வீதியில சைட் அடிக்க ஆரம்பிச்சு..<br>பாலக்காட்டு ரோட்டு மேல பைக் ல தான் எட்டு போட்டு<br>மருதமல ஓரத்துல கடலைய தான் வறுத்து விட்டு<br>அப்பன் கிப்பன் பாக்காம வீட்டு பக்கம் வந்து நின்னு<br>கஷ்டப்பட்டு காதலிச்சேன் கன்னி பொண்ணு மனச கவ்வ<br>இஷ்டப்பட்டு வந்தாலே சித்திரமா நெஞ்சுக்குள்ள...<br><br>என்னோட அழகி அவ மின்மினி போல் மின்னுரவ..<br>கண் சிமிட்டி காதல் நெஞ்ச துள்ள விட்டாலே..<br>தேவதை போல் தோன்றி நின்னு காதோரம் பேச வந்து கன்னத்துல முத்தம் ஒன்னு.... வெச்சாலே...",
      "language" : {
        "name" : "Tamil",
        "code" : "ta"
      }
    }
  ],
  "id" : "67",
  "phonetic_lyrics" : [
    {
      "data" : "enna konjam konjam vikka vechchu<br>panjjil theeya patha vechchu<br>kaadhoaram maettar onnu solli puttaalae<br><br>kaNNukkuLLa kaNava vechcha<br>nenjjikkuLLa nenappa vechchaa<br>iduppu kosuvadhula usura vechchaalae<br><br>koayamputhoor kaNNazhagi enna thirumpi paathu puttaa<br>nooRu vaattu shaak adichchi saanjju nippaenae...<br>kaandhdhiburam paS StaaNdu oarathula ninnugittu<br>paadi kaartaa unna mattum paadhukkuvaenae<br>ava ennoada azhagi ava.. kaNNukkuLLa nikkurava..<br>kai aatti Heeroavadhaan sokka vechchaalae..<br>muthaana muthazhagi ennoada kattazhagi...<br>kannathula mutham onnu vechchaalae..<br><br>peera konjam oothigittu oorugaaya thottugittaen<br>kaaram innum aeRala taa...<br>naadhar mudi maelarirukkum nalla paampu sollidichchu,,<br>ava en poongguzhali taa..<br>kattu kattaa vekkappattu.. thoorathula ninnugittu..<br>ai lav yu solli puttaa taa...<br>ava ennoada azhagi ava.. kaNNukkuLLa nikkurava..<br>kai aatti Heeroavadhaan sokka vechchaalae..<br>muthaana muthazhagi ennoada kattazhagi...<br>kannathula mutham onnu vechchaalae..<br><br>oppanakkaara veedhiyila sait adikka aarampichchu..<br>paalakkaattu roattu maela paik la thaan ettu poattu<br>marudhamala oarathula kadalaiya thaan vaRuthu vittu<br>appan kippan paakkaama veettu pakkam vandhdhu ninnu<br>kashtappattu kaadhalichchaen kanni poNNu manasa kavva<br>ishtappattu vandhdhaalae sithiramaa nenjjukkuLLa...<br><br>ennoada azhagi ava minmini poal minnurava..<br>kaN simitti kaadhal nenja thuLLa vittaalae..<br>thaevadhai poal thoandRi ninnu kaadhoaram paesa vandhdhu kannathula mutham onnu.... vechchaalae...",
      "language" : {
        "name" : "English",
        "code" : "en"
      }
    },
    {
      "data" : "என்ன கொஞ்சம் கொஞ்சம் விக்க வெச்சு<br>பஞ்சில் தீய பத்த வெச்சு <br>காதோரம் மேட்டர் ஒன்னு சொல்லி புட்டாலே<br><br>கண்ணுக்குள்ள கணவ வெச்ச<br>நெஞ்சிக்குள்ள நெனப்ப வெச்சா<br>இடுப்பு கொசுவதுல உசுர வெச்சாலே<br><br>கோயம்புத்தூர் கண்ணழகி என்ன திரும்பி பாத்து புட்டா<br>நூறு வாட்டு ஷாக் அடிச்சி சாஞ்சு நிப்பேனே...<br>காந்திபுரம் பஸ் ஸ்டாண்டு ஓரத்துல நின்னுகிட்டு<br>பாடி கார்டா உன்ன மட்டும் பாதுக்குவேனே <br>அவ என்னோட அழகி அவ.. கண்ணுக்குள்ள நிக்குரவ..<br>கை ஆட்டி ஹீரோவதான் சொக்க வெச்சாலே..<br>முத்தான முத்தழகி என்னோட கட்டழகி...<br>கன்னத்துல முத்தம் ஒன்னு வெச்சாலே..<br><br>பீர கொஞ்சம் ஊத்திகிட்டு ஊருகாய தொட்டுகிட்டேன்<br>காரம் இன்னும் ஏறல டா...<br>நாதர் முடி மேலரிருக்கும் நல்ல பாம்பு சொல்லிடிச்சு,,<br>அவ என் பூங்குழலி டா..<br>கட்டு கட்டா வெக்கப்பட்டு.. தூரத்துல நின்னுகிட்டு..<br>ஐ லவ் யு சொல்லி புட்டா டா... <br>அவ என்னோட அழகி அவ.. கண்ணுக்குள்ள நிக்குரவ..<br>கை ஆட்டி ஹீரோவதான் சொக்க வெச்சாலே..<br>முத்தான முத்தழகி என்னோட கட்டழகி...<br>கன்னத்துல முத்தம் ஒன்னு வெச்சாலே..<br><br>ஒப்பனக்கார வீதியில சைட் அடிக்க ஆரம்பிச்சு..<br>பாலக்காட்டு ரோட்டு மேல பைக் ல தான் எட்டு போட்டு<br>மருதமல ஓரத்துல கடலைய தான் வறுத்து விட்டு<br>அப்பன் கிப்பன் பாக்காம வீட்டு பக்கம் வந்து நின்னு<br>கஷ்டப்பட்டு காதலிச்சேன் கன்னி பொண்ணு மனச கவ்வ<br>இஷ்டப்பட்டு வந்தாலே சித்திரமா நெஞ்சுக்குள்ள...<br><br>என்னோட அழகி அவ மின்மினி போல் மின்னுரவ..<br>கண் சிமிட்டி காதல் நெஞ்ச துள்ள விட்டாலே..<br>தேவதை போல் தோன்றி நின்னு காதோரம் பேச வந்து கன்னத்துல முத்தம் ஒன்னு.... வெச்சாலே...",
      "language" : {
        "name" : "Tamil",
        "code" : "ta"
      }
    },
    {
      "data" : "एनन कोञम कोञम विकक वेचचु <br>पञजिल तीय पत वेचचु <br>कादोरम म्एट्टर ओननु सोललि पुटटाले <br> <br>कंणुक्कुल्ळ कंअव वेचच <br>नेञ्जिक्कुल्ळ नेनपप वेचचा <br>इडुपपु कोसुवदुल उसुर वेचचाले <br> <br>कोयम्पुतूर कंणलगि एनन तिरुमपि पातु पुटटा <br>नूड़ु वाटटु शाक अडिचचि साञजु निपपेने... <br>कान्द दिबुरम पस स्तांडु ओरतुल निन्नुगिट्टु <br>पाडि कारटा उनन म्अट्टुम पादुक्कुवेने <br>अव एननोड अलगि अव.. कंणुक्कुल्ळ निक्कुरव.. <br>कै आटटि हीरोवदान सोकक वेचचाले.. <br>म्उतान म्उतलगि एननोड कट्टलगि... <br>कन्नतुल म्उतम ओननु वेचचाले.. <br> <br>पीर कोञम ऊतिगिट्टु ऊरुगाय तोट्टुगिट्टेन <br>कारम इननुम एड़ल टा... <br>नादर म्उडि म्एलरिरुक्कुम नलल पामपु सोल्लिडिच्चु,, <br>अव एन पूङ्गुललि टा.. <br>कटटु कटटा वेक्कप्पट्टु.. तूरतुल निन्नुगिट्टु.. <br>ऐ लव यु सोललि पुटटा टा... <br>अव एननोड अलगि अव.. कंणुक्कुल्ळ निक्कुरव.. <br>कै आटटि हीरोवदान सोकक वेचचाले.. <br>म्उतान म्उतलगि एननोड कट्टलगि... <br>कन्नतुल म्उतम ओननु वेचचाले.. <br> <br>ओप्पनक्कार वीदियिल सैट अडिकक आरम्पिच्चु.. <br>पालक्काट्टु रोटटु म्एल पैक ल तान एटटु पोटटु <br>म्अरुदम्अल ओरतुल कडलैय तान वड़ुतु विटटु <br>अपपन किपपन पाक्काम्अ वीटटु पककम वन्द दु निननु <br>कश्टप्पट्टु कादलिच्चेन कननि पोंणु म्अनस कवव <br>इश्टप्पट्टु वन्द दाले सितिरम्आ नेञ्जुक्कुल्ळ... <br> <br>एननोड अलगि अव म्इन्म्इनि पोल म्इन्नुरव.. <br>कं सिम्इट्टि कादल नेञ तुलळ विटटाले.. <br>तेवधै पोल तोनडरि निननु कादोरम पेस वन्द दु कन्नतुल म्उतम ओननु.... वेचचाले...",
      "language" : {
        "name" : "Hindi",
        "code" : "hi"
      }
    },
    {
      "data" : "ఎన్న కొఞమ్ కొఞమ్ విక్క వెఛ్ఛు <br>పఞ్జిల్ థీయ పథ వెఛ్ఛు <br>కాధోరమ్ మ్యేత్తర్ ఒన్ను సొల్లి పుత్తాలే <br> <br>కంణుక్కుళ్ళ కంయవ వెఛ్ఛ <br>నెఞ్జిక్కుళ్ళ నెనప్ప వెఛ్ఛా <br>ఇదుప్పు కొసువధుల ఉసుర వెఛ్ఛాలే <br> <br>కోయమ్పుథూర్ కంణలగి ఎన్న థిరుమ్పి పాథు పుత్తా <br>నూఱు వాత్తు షాక్ అదిఛ్ఛి సాఞ్జు నిప్పేనే... <br>కాన్ధ్ధిబురమ్ పస్ స్తాందు ఓరథుల నిన్నుగిత్తు <br>పాది కార్తా ఉన్న మ్యత్తుమ్ పాధుక్కువేనే <br>అవ ఎన్నోద అలగి అవ.. కంణుక్కుళ్ళ నిక్కురవ.. <br>కై ఆత్తి హీరోవధాన్ సొక్క వెఛ్ఛాలే.. <br>మ్యుథాన మ్యుథలగి ఎన్నోద కత్తలగి... <br>కన్నథుల మ్యుథమ్ ఒన్ను వెఛ్ఛాలే.. <br> <br>పీర కొఞమ్ ఊథిగిత్తు ఊరుగాయ థొత్తుగిత్తేన్ <br>కారమ్ ఇన్నుమ్ ఏఱల తా... <br>నాధర్ మ్యుది మ్యేలరిరుక్కుమ్ నల్ల పామ్పు సొల్లిదిఛ్ఛు,, <br>అవ ఎన్ పూఙ్గులలి తా.. <br>కత్తు కత్తా వెక్కప్పత్తు.. థూరథుల నిన్నుగిత్తు.. <br>ఐ లవ్ యు సొల్లి పుత్తా తా... <br>అవ ఎన్నోద అలగి అవ.. కంణుక్కుళ్ళ నిక్కురవ.. <br>కై ఆత్తి హీరోవధాన్ సొక్క వెఛ్ఛాలే.. <br>మ్యుథాన మ్యుథలగి ఎన్నోద కత్తలగి... <br>కన్నథుల మ్యుథమ్ ఒన్ను వెఛ్ఛాలే.. <br> <br>ఒప్పనక్కార వీధియిల సైత్ అదిక్క ఆరమ్పిఛ్ఛు.. <br>పాలక్కాత్తు రోత్తు మ్యేల పైక్ ల థాన్ ఎత్తు పోత్తు <br>మ్యరుధమ్యల ఓరథుల కదలైయ థాన్ వఱుథు విత్తు <br>అప్పన్ కిప్పన్ పాక్కామ్య వీత్తు పక్కమ్ వన్ధ్ధు నిన్ను <br>కష్తప్పత్తు కాధలిఛ్ఛేన్ కన్ని పొంణు మ్యనస కవ్వ <br>ఇష్తప్పత్తు వన్ధ్ధాలే సిథిరమ్యా నెఞ్జుక్కుళ్ళ... <br> <br>ఎన్నోద అలగి అవ మ్యిన్మ్యిని పోల్ మ్యిన్నురవ.. <br>కం సిమ్యిత్తి కాధల్ నెఞ థుళ్ళ విత్తాలే.. <br>థేవధై పోల్ థోన్ద్ఱి నిన్ను కాధోరమ్ పేస వన్ధ్ధు కన్నథుల మ్యుథమ్ ఒన్ను.... వెఛ్ఛాలే...",
      "language" : {
        "name" : "Telugu",
        "code" : "te"
      }
    },
    {
      "data" : "എന്ന കൊഞമ് കൊഞമ് വിക്ക വെച്ചു <br>പഞ്ജില് ഥീയ പഥ വെച്ചു <br>കാധോരമ് മ്യേത്തര് ഒന്നു സൊല്ലി പുത്താലേ <br> <br>കംണുക്കുള്ള കംയവ വെച്ച <br>നെഞ്ജിക്കുള്ള നെനപ്പ വെച്ചാ <br>ഇദുപ്പു കൊസുവധുല ഉസുര വെച്ചാലേ <br> <br>കോയമ്പുഥൂര് കംണഴഗി എന്ന ഥിരുമ്പി പാഥു പുത്താ <br>നൂറു വാത്തു ഷാക് അദിച്ചി സാഞ്ജു നിപ്പേനേ... <br>കാന്ധ്ധിബുരമ് പസ് സ്താംദു ഓരഥുല നിന്നുഗിത്തു <br>പാദി കാര്താ ഉന്ന മ്യത്തുമ് പാധുക്കുവേനേ <br>അവ എന്നോദ അഴഗി അവ.. കംണുക്കുള്ള നിക്കുരവ.. <br>കൈ ആത്തി ഹീരോവധാന് സൊക്ക വെച്ചാലേ.. <br>മ്യുഥാന മ്യുഥഴഗി എന്നോദ കത്തഴഗി... <br>കന്നഥുല മ്യുഥമ് ഒന്നു വെച്ചാലേ.. <br> <br>പീര കൊഞമ് ഊഥിഗിത്തു ഊരുഗായ ഥൊത്തുഗിത്തേന് <br>കാരമ് ഇന്നുമ് ഏറല താ... <br>നാധര് മ്യുദി മ്യേലരിരുക്കുമ് നല്ല പാമ്പു സൊല്ലിദിച്ചു,, <br>അവ എന് പൂങ്ഗുഴലി താ.. <br>കത്തു കത്താ വെക്കപ്പത്തു.. ഥൂരഥുല നിന്നുഗിത്തു.. <br>ഐ ലവ് യു സൊല്ലി പുത്താ താ... <br>അവ എന്നോദ അഴഗി അവ.. കംണുക്കുള്ള നിക്കുരവ.. <br>കൈ ആത്തി ഹീരോവധാന് സൊക്ക വെച്ചാലേ.. <br>മ്യുഥാന മ്യുഥഴഗി എന്നോദ കത്തഴഗി... <br>കന്നഥുല മ്യുഥമ് ഒന്നു വെച്ചാലേ.. <br> <br>ഒപ്പനക്കാര വീധിയില സൈത് അദിക്ക ആരമ്പിച്ചു.. <br>പാലക്കാത്തു രോത്തു മ്യേല പൈക് ല ഥാന് എത്തു പോത്തു <br>മ്യരുധമ്യല ഓരഥുല കദലൈയ ഥാന് വറുഥു വിത്തു <br>അപ്പന് കിപ്പന് പാക്കാമ്യ വീത്തു പക്കമ് വന്ധ്ധു നിന്നു <br>കഷ്തപ്പത്തു കാധലിച്ചേന് കന്നി പൊംണു മ്യനസ കവ്വ <br>ഇഷ്തപ്പത്തു വന്ധ്ധാലേ സിഥിരമ്യാ നെഞ്ജുക്കുള്ള... <br> <br>എന്നോദ അഴഗി അവ മ്യിന്മ്യിനി പോല് മ്യിന്നുരവ.. <br>കം സിമ്യിത്തി കാധല് നെഞ ഥുള്ള വിത്താലേ.. <br>ഥേവധൈ പോല് ഥോന്ദ്റി നിന്നു കാധോരമ് പേസ വന്ധ്ധു കന്നഥുല മ്യുഥമ് ഒന്നു.... വെച്ചാലേ...",
      "language" : {
        "name" : "Malayalam",
        "code" : "ml"
      }
    },
    {
      "data" : "ಎನ್ನ ಕೊಞಮ್ ಕೊಞಮ್ ವಿಕ್ಕ ವೆಚ್ಚು <br>ಪಞ್ಜಿಲ್ ಥೀಯ ಪಥ ವೆಚ್ಚು <br>ಕಾಧೋರಮ್ ಮ್ಯೇತ್ತರ್ ಒನ್ನು ಸೊಲ್ಲಿ ಪುತ್ತಾಲೇ <br> <br>ಕಂಣುಕ್ಕುಳ್ಳ ಕಂಯವ ವೆಚ್ಚ <br>ನೆಞ್ಜಿಕ್ಕುಳ್ಳ ನೆನಪ್ಪ ವೆಚ್ಚಾ <br>ಇದುಪ್ಪು ಕೊಸುವಧುಲ ಉಸುರ ವೆಚ್ಚಾಲೇ <br> <br>ಕೋಯಮ್ಪುಥೂರ್ ಕಂಣಲಗಿ ಎನ್ನ ಥಿರುಮ್ಪಿ ಪಾಥು ಪುತ್ತಾ <br>ನೂರು ವಾತ್ತು ಶಾಕ್ ಅದಿಚ್ಚಿ ಸಾಞ್ಜು ನಿಪ್ಪೇನೇ... <br>ಕಾನ್ಧ್ಧಿಬುರಮ್ ಪಷ್ ಷ್ತಾಂದು ಓರಥುಲ ನಿನ್ನುಗಿತ್ತು <br>ಪಾದಿ ಕಾರ್ತಾ ಉನ್ನ ಮ್ಯತ್ತುಮ್ ಪಾಧುಕ್ಕುವೇನೇ <br>ಅವ ಎನ್ನೋದ ಅಲಗಿ ಅವ.. ಕಂಣುಕ್ಕುಳ್ಳ ನಿಕ್ಕುರವ.. <br>ಕೈ ಆತ್ತಿ ಹೀರೋವಧಾನ್ ಸೊಕ್ಕ ವೆಚ್ಚಾಲೇ.. <br>ಮ್ಯುಥಾನ ಮ್ಯುಥಲಗಿ ಎನ್ನೋದ ಕತ್ತಲಗಿ... <br>ಕನ್ನಥುಲ ಮ್ಯುಥಮ್ ಒನ್ನು ವೆಚ್ಚಾಲೇ.. <br> <br>ಪೀರ ಕೊಞಮ್ ಊಥಿಗಿತ್ತು ಊರುಗಾಯ ಥೊತ್ತುಗಿತ್ತೇನ್ <br>ಕಾರಮ್ ಇನ್ನುಮ್ ಏರಲ ತಾ... <br>ನಾಧರ್ ಮ್ಯುದಿ ಮ್ಯೇಲರಿರುಕ್ಕುಮ್ ನಲ್ಲ ಪಾಮ್ಪು ಸೊಲ್ಲಿದಿಚ್ಚು,, <br>ಅವ ಎನ್ ಪೂಙ್ಗುಲಲಿ ತಾ.. <br>ಕತ್ತು ಕತ್ತಾ ವೆಕ್ಕಪ್ಪತ್ತು.. ಥೂರಥುಲ ನಿನ್ನುಗಿತ್ತು.. <br>ಐ ಲವ್ ಯು ಸೊಲ್ಲಿ ಪುತ್ತಾ ತಾ... <br>ಅವ ಎನ್ನೋದ ಅಲಗಿ ಅವ.. ಕಂಣುಕ್ಕುಳ್ಳ ನಿಕ್ಕುರವ.. <br>ಕೈ ಆತ್ತಿ ಹೀರೋವಧಾನ್ ಸೊಕ್ಕ ವೆಚ್ಚಾಲೇ.. <br>ಮ್ಯುಥಾನ ಮ್ಯುಥಲಗಿ ಎನ್ನೋದ ಕತ್ತಲಗಿ... <br>ಕನ್ನಥುಲ ಮ್ಯುಥಮ್ ಒನ್ನು ವೆಚ್ಚಾಲೇ.. <br> <br>ಒಪ್ಪನಕ್ಕಾರ ವೀಧಿಯಿಲ ಸೈತ್ ಅದಿಕ್ಕ ಆರಮ್ಪಿಚ್ಚು.. <br>ಪಾಲಕ್ಕಾತ್ತು ರೋತ್ತು ಮ್ಯೇಲ ಪೈಕ್ ಲ ಥಾನ್ ಎತ್ತು ಪೋತ್ತು <br>ಮ್ಯರುಧಮ್ಯಲ ಓರಥುಲ ಕದಲೈಯ ಥಾನ್ ವರುಥು ವಿತ್ತು <br>ಅಪ್ಪನ್ ಕಿಪ್ಪನ್ ಪಾಕ್ಕಾಮ್ಯ ವೀತ್ತು ಪಕ್ಕಮ್ ವನ್ಧ್ಧು ನಿನ್ನು <br>ಕಶ್ತಪ್ಪತ್ತು ಕಾಧಲಿಚ್ಚೇನ್ ಕನ್ನಿ ಪೊಂಣು ಮ್ಯನಸ ಕವ್ವ <br>ಇಶ್ತಪ್ಪತ್ತು ವನ್ಧ್ಧಾಲೇ ಸಿಥಿರಮ್ಯಾ ನೆಞ್ಜುಕ್ಕುಳ್ಳ... <br> <br>ಎನ್ನೋದ ಅಲಗಿ ಅವ ಮ್ಯಿನ್ಮ್ಯಿನಿ ಪೋಲ್ ಮ್ಯಿನ್ನುರವ.. <br>ಕಂ ಸಿಮ್ಯಿತ್ತಿ ಕಾಧಲ್ ನೆಞ ಥುಳ್ಳ ವಿತ್ತಾಲೇ.. <br>ಥೇವಧೈ ಪೋಲ್ ಥೋನ್ದ್ರಿ ನಿನ್ನು ಕಾಧೋರಮ್ ಪೇಸ ವನ್ಧ್ಧು ಕನ್ನಥುಲ ಮ್ಯುಥಮ್ ಒನ್ನು.... ವೆಚ್ಚಾಲೇ...",
      "language" : {
        "name" : "Kanadam",
        "code" : "ka"
      }
    },
    {
      "data" : "এন্ন কোঞম্ কোঞম্ ৱিক্ক ৱেচ্চু <br>পঞ্জিল্ থীয পথ ৱেচ্চু <br>কাধোরম্ ম্যেত্তর্ ওন্নু সোল্লি পুত্তালে <br> <br>কঁণুক্কুল্ল কঁযৱ ৱেচ্চ <br>নেঞ্জিক্কুল্ল নেনপ্প ৱেচ্চা <br>ইদুপ্পু কোসুৱধুল উসুর ৱেচ্চালে <br> <br>কোযম্পুথূর্ কঁণলগি এন্ন থিরুম্পি পাথু পুত্তা <br>নূড়ু ৱাত্তু ষাক্ অদিচ্চি সাঞ্জু নিপ্পেনে... <br>কান্ধ্ধিবুরম্ পস্ স্তাঁদু ওরথুল নিন্নুগিত্তু <br>পাদি কার্তা উন্ন ম্যত্তুম্ পাধুক্কুৱেনে <br>অৱ এন্নোদ অলগি অৱ.. কঁণুক্কুল্ল নিক্কুরৱ.. <br>কৈ আত্তি হীরোৱধান্ সোক্ক ৱেচ্চালে.. <br>ম্যুথান ম্যুথলগি এন্নোদ কত্তলগি... <br>কন্নথুল ম্যুথম্ ওন্নু ৱেচ্চালে.. <br> <br>পীর কোঞম্ ঊথিগিত্তু ঊরুগায থোত্তুগিত্তেন্ <br>কারম্ ইন্নুম্ এড়ল তা... <br>নাধর্ ম্যুদি ম্যেলরিরুক্কুম্ নল্ল পাম্পু সোল্লিদিচ্চু,, <br>অৱ এন্ পূঙ্গুললি তা.. <br>কত্তু কত্তা ৱেক্কপ্পত্তু.. থূরথুল নিন্নুগিত্তু.. <br>ঐ লৱ্ যু সোল্লি পুত্তা তা... <br>অৱ এন্নোদ অলগি অৱ.. কঁণুক্কুল্ল নিক্কুরৱ.. <br>কৈ আত্তি হীরোৱধান্ সোক্ক ৱেচ্চালে.. <br>ম্যুথান ম্যুথলগি এন্নোদ কত্তলগি... <br>কন্নথুল ম্যুথম্ ওন্নু ৱেচ্চালে.. <br> <br>ওপ্পনক্কার ৱীধিযিল সৈত্ অদিক্ক আরম্পিচ্চু.. <br>পালক্কাত্তু রোত্তু ম্যেল পৈক্ ল থান্ এত্তু পোত্তু <br>ম্যরুধম্যল ওরথুল কদলৈয থান্ ৱড়ুথু ৱিত্তু <br>অপ্পন্ কিপ্পন্ পাক্কাম্য ৱীত্তু পক্কম্ ৱন্ধ্ধু নিন্নু <br>কষ্তপ্পত্তু কাধলিচ্চেন্ কন্নি পোঁণু ম্যনস কৱ্ৱ <br>ইষ্তপ্পত্তু ৱন্ধ্ধালে সিথিরম্যা নেঞ্জুক্কুল্ল... <br> <br>এন্নোদ অলগি অৱ ম্যিন্ম্যিনি পোল্ ম্যিন্নুরৱ.. <br>কঁ সিম্যিত্তি কাধল্ নেঞ থুল্ল ৱিত্তালে.. <br>থেৱধৈ পোল্ থোন্দ্ড়ি নিন্নু কাধোরম্ পেস ৱন্ধ্ধু কন্নথুল ম্যুথম্ ওন্নু.... ৱেচ্চালে...",
      "language" : {
        "name" : "Bengali",
        "code" : "be"
      }
    },
    {
      "data" : "એન્ન કોઞમ્ કોઞમ્ વિક્ક વેચ્ચુ <br>પઞ્જિલ્ થીય પથ વેચ્ચુ <br>કાધૉરમ્ મ્યૅત્તર્ ઓન્નુ સોલ્લિ પુત્તાલૅ <br> <br>કંણુક્કુળ્ળ કંયવ વેચ્ચ <br>ણેઞ્જિક્કુળ્ળ ણેનપ્પ વેચ્ચા <br>ઇદુપ્પુ કોસુવધુલ ઉસુર વેચ્ચાલૅ <br> <br>કૉયમ્પુથૂર્ કંણલગિ એન્ન થિરુમ્પિ પાથુ પુત્તા <br>ણૂરુ વાત્તુ ષાક્ અદિચ્ચિ સાઞ્જુ ણિપ્પૅનૅ... <br>કાન્ધ્ધિબુરમ્ પષ્ ષ્તાંદુ ઑરથુલ ણિન્નુગિત્તુ <br>પાદિ કાર્તા ઉન્ન મ્યત્તુમ્ પાધુક્કુવૅનૅ <br>અવ એન્નૉદ અલગિ અવ.. કંણુક્કુળ્ળ ણિક્કુરવ.. <br>કૈ આત્તિ હીરૉવધાન્ સોક્ક વેચ્ચાલૅ.. <br>મ્યુથાન મ્યુથલગિ એન્નૉદ કત્તલગિ... <br>કન્નથુલ મ્યુથમ્ ઓન્નુ વેચ્ચાલૅ.. <br> <br>પીર કોઞમ્ ઊથિગિત્તુ ઊરુગાય થોત્તુગિત્તૅન્ <br>કારમ્ ઇન્નુમ્ ઍરલ તા... <br>ણાધર્ મ્યુદિ મ્યૅલરિરુક્કુમ્ ણલ્લ પામ્પુ સોલ્લિદિચ્ચુ,, <br>અવ એન્ પૂઙ્ગુલલિ તા.. <br>કત્તુ કત્તા વેક્કપ્પત્તુ.. થૂરથુલ ણિન્નુગિત્તુ.. <br>ઐ લવ્ યુ સોલ્લિ પુત્તા તા... <br>અવ એન્નૉદ અલગિ અવ.. કંણુક્કુળ્ળ ણિક્કુરવ.. <br>કૈ આત્તિ હીરૉવધાન્ સોક્ક વેચ્ચાલૅ.. <br>મ્યુથાન મ્યુથલગિ એન્નૉદ કત્તલગિ... <br>કન્નથુલ મ્યુથમ્ ઓન્નુ વેચ્ચાલૅ.. <br> <br>ઓપ્પનક્કાર વીધિયિલ સૈત્ અદિક્ક આરમ્પિચ્ચુ.. <br>પાલક્કાત્તુ રૉત્તુ મ્યૅલ પૈક્ લ થાન્ એત્તુ પૉત્તુ <br>મ્યરુધમ્યલ ઑરથુલ કદલૈય થાન્ વરુથુ વિત્તુ <br>અપ્પન્ કિપ્પન્ પાક્કામ્ય વીત્તુ પક્કમ્ વન્ધ્ધુ ણિન્નુ <br>કષ્તપ્પત્તુ કાધલિચ્ચૅન્ કન્નિ પોંણુ મ્યનસ કવ્વ <br>ઇષ્તપ્પત્તુ વન્ધ્ધાલૅ સિથિરમ્યા ણેઞ્જુક્કુળ્ળ... <br> <br>એન્નૉદ અલગિ અવ મ્યિન્મ્યિનિ પૉલ્ મ્યિન્નુરવ.. <br>કં સિમ્યિત્તિ કાધલ્ ણેઞ થુળ્ળ વિત્તાલૅ.. <br>થૅવધૈ પૉલ્ થૉન્દ્રિ ણિન્નુ કાધૉરમ્ પૅસ વન્ધ્ધુ કન્નથુલ મ્યુથમ્ ઓન્નુ.... વેચ્ચાલૅ...",
      "language" : {
        "name" : "Gujarathi",
        "code" : "gu"
      }
    },
    {
      "data" : "एनन कोञम कोञम विकक वेचचु <br>पञजिल तीय पत वेचचु <br>कादोरम म्एट्टर ओननु सोललि पुटटाले <br> <br>कंणुक्कुल्ळ कंअव वेचच <br>नेञ्जिक्कुल्ळ नेनपप वेचचा <br>इडुपपु कोसुवदुल उसुर वेचचाले <br> <br>कोयम्पुतूर कंणलगि एनन तिरुमपि पातु पुटटा <br>नूड़ु वाटटु शाक अडिचचि साञजु निपपेने... <br>कान्द दिबुरम पस स्तांडु ओरतुल निन्नुगिट्टु <br>पाडि कारटा उनन म्अट्टुम पादुक्कुवेने <br>अव एननोड अलगि अव.. कंणुक्कुल्ळ निक्कुरव.. <br>कै आटटि हीरोवदान सोकक वेचचाले.. <br>म्उतान म्उतलगि एननोड कट्टलगि... <br>कन्नतुल म्उतम ओननु वेचचाले.. <br> <br>पीर कोञम ऊतिगिट्टु ऊरुगाय तोट्टुगिट्टेन <br>कारम इननुम एड़ल टा... <br>नादर म्उडि म्एलरिरुक्कुम नलल पामपु सोल्लिडिच्चु,, <br>अव एन पूङ्गुललि टा.. <br>कटटु कटटा वेक्कप्पट्टु.. तूरतुल निन्नुगिट्टु.. <br>ऐ लव यु सोललि पुटटा टा... <br>अव एननोड अलगि अव.. कंणुक्कुल्ळ निक्कुरव.. <br>कै आटटि हीरोवदान सोकक वेचचाले.. <br>म्उतान म्उतलगि एननोड कट्टलगि... <br>कन्नतुल म्उतम ओननु वेचचाले.. <br> <br>ओप्पनक्कार वीदियिल सैट अडिकक आरम्पिच्चु.. <br>पालक्काट्टु रोटटु म्एल पैक ल तान एटटु पोटटु <br>म्अरुदम्अल ओरतुल कडलैय तान वड़ुतु विटटु <br>अपपन किपपन पाक्काम्अ वीटटु पककम वन्द दु निननु <br>कश्टप्पट्टु कादलिच्चेन कननि पोंणु म्अनस कवव <br>इश्टप्पट्टु वन्द दाले सितिरम्आ नेञ्जुक्कुल्ळ... <br> <br>एननोड अलगि अव म्इन्म्इनि पोल म्इन्नुरव.. <br>कं सिम्इट्टि कादल नेञ तुलळ विटटाले.. <br>तेवधै पोल तोनडरि निननु कादोरम पेस वन्द दु कन्नतुल म्उतम ओननु.... वेचचाले...",
      "language" : {
        "name" : "Marathi",
        "code" : "mr"
      }
    },
    {
      "data" : "ଏନ୍ନ କୋଞମ୍ କୋଞମ୍ ୱିକ୍କ ୱେଚ୍ଚୁ <br>ପଞ୍ଜିଳ୍ ଥୀଯ ପଥ ୱେଚ୍ଚୁ <br>କାଧୋରମ୍ ମ୍ଯେତ୍ତର୍ ଓନ୍ନୁ ସୋଳ୍ଳି ପୁତ୍ତାଳେ <br> <br>କଂଣୁକ୍କୁଲ୍ଲ କଂଯୱ ୱେଚ୍ଚ <br>ନେଞ୍ଜିକ୍କୁଲ୍ଲ ନେନପ୍ପ ୱେଚ୍ଚା <br>ଇଦୁପ୍ପୁ କୋସୁୱଧୁଳ ଉସୁର ୱେଚ୍ଚାଳେ <br> <br>କୋଯମ୍ପୁଥୂର୍ କଂଣଳଗି ଏନ୍ନ ଥିରୁମ୍ପି ପାଥୁ ପୁତ୍ତା <br>ନୂଡ଼ୁ ୱାତ୍ତୁ ଶାକ୍ ଅଦିଚ୍ଚି ସାଞ୍ଜୁ ନିପ୍ପେନେ... <br>କାନ୍ଧ୍ଧିବୁରମ୍ ପଷ୍ ଷ୍ତାଂଦୁ ଓରଥୁଳ ନିନ୍ନୁଗିତ୍ତୁ <br>ପାଦି କାର୍ତା ଉନ୍ନ ମ୍ଯତ୍ତୁମ୍ ପାଧୁକ୍କୁୱେନେ <br>ଅୱ ଏନ୍ନୋଦ ଅଳଗି ଅୱ.. କଂଣୁକ୍କୁଲ୍ଲ ନିକ୍କୁରୱ.. <br>କୈ ଆତ୍ତି ହୀରୋୱଧାନ୍ ସୋକ୍କ ୱେଚ୍ଚାଳେ.. <br>ମ୍ଯୁଥାନ ମ୍ଯୁଥଳଗି ଏନ୍ନୋଦ କତ୍ତଳଗି... <br>କନ୍ନଥୁଳ ମ୍ଯୁଥମ୍ ଓନ୍ନୁ ୱେଚ୍ଚାଳେ.. <br> <br>ପୀର କୋଞମ୍ ଊଥିଗିତ୍ତୁ ଊରୁଗାଯ ଥୋତ୍ତୁଗିତ୍ତେନ୍ <br>କାରମ୍ ଇନ୍ନୁମ୍ ଏଡ଼ଳ ତା... <br>ନାଧର୍ ମ୍ଯୁଦି ମ୍ଯେଳରିରୁକ୍କୁମ୍ ନଳ୍ଳ ପାମ୍ପୁ ସୋଳ୍ଳିଦିଚ୍ଚୁ,, <br>ଅୱ ଏନ୍ ପୂଙ୍ଗୁଳଳି ତା.. <br>କତ୍ତୁ କତ୍ତା ୱେକ୍କପ୍ପତ୍ତୁ.. ଥୂରଥୁଳ ନିନ୍ନୁଗିତ୍ତୁ.. <br>ଐ ଳୱ୍ ଯୁ ସୋଳ୍ଳି ପୁତ୍ତା ତା... <br>ଅୱ ଏନ୍ନୋଦ ଅଳଗି ଅୱ.. କଂଣୁକ୍କୁଲ୍ଲ ନିକ୍କୁରୱ.. <br>କୈ ଆତ୍ତି ହୀରୋୱଧାନ୍ ସୋକ୍କ ୱେଚ୍ଚାଳେ.. <br>ମ୍ଯୁଥାନ ମ୍ଯୁଥଳଗି ଏନ୍ନୋଦ କତ୍ତଳଗି... <br>କନ୍ନଥୁଳ ମ୍ଯୁଥମ୍ ଓନ୍ନୁ ୱେଚ୍ଚାଳେ.. <br> <br>ଓପ୍ପନକ୍କାର ୱୀଧିଯିଳ ସୈତ୍ ଅଦିକ୍କ ଆରମ୍ପିଚ୍ଚୁ.. <br>ପାଳକ୍କାତ୍ତୁ ରୋତ୍ତୁ ମ୍ଯେଳ ପୈକ୍ ଳ ଥାନ୍ ଏତ୍ତୁ ପୋତ୍ତୁ <br>ମ୍ଯରୁଧମ୍ଯଳ ଓରଥୁଳ କଦଳୈଯ ଥାନ୍ ୱଡ଼ୁଥୁ ୱିତ୍ତୁ <br>ଅପ୍ପନ୍ କିପ୍ପନ୍ ପାକ୍କାମ୍ଯ ୱୀତ୍ତୁ ପକ୍କମ୍ ୱନ୍ଧ୍ଧୁ ନିନ୍ନୁ <br>କଶ୍ତପ୍ପତ୍ତୁ କାଧଳିଚ୍ଚେନ୍ କନ୍ନି ପୋଂଣୁ ମ୍ଯନସ କୱ୍ୱ <br>ଇଶ୍ତପ୍ପତ୍ତୁ ୱନ୍ଧ୍ଧାଳେ ସିଥିରମ୍ଯା ନେଞ୍ଜୁକ୍କୁଲ୍ଲ... <br> <br>ଏନ୍ନୋଦ ଅଳଗି ଅୱ ମ୍ଯିନ୍ମ୍ଯିନି ପୋଳ୍ ମ୍ଯିନ୍ନୁରୱ.. <br>କଂ ସିମ୍ଯିତ୍ତି କାଧଳ୍ ନେଞ ଥୁଲ୍ଲ ୱିତ୍ତାଳେ.. <br>ଥେୱଧୈ ପୋଳ୍ ଥୋନ୍ଦ୍ଡ଼ି ନିନ୍ନୁ କାଧୋରମ୍ ପେସ ୱନ୍ଧ୍ଧୁ କନ୍ନଥୁଳ ମ୍ଯୁଥମ୍ ଓନ୍ନୁ.... ୱେଚ୍ଚାଳେ...",
      "language" : {
        "name" : "Oriya",
        "code" : "or"
      }
    },
    {
      "data" : "एनन कोञम कोञम विकक वेचचु <br>पञजिल तीय पत वेचचु <br>कादोरम म्एट्टर ओननु सोललि पुटटाले <br> <br>कंणुक्कुल्ळ कंअव वेचच <br>नेञ्जिक्कुल्ळ नेनपप वेचचा <br>इडुपपु कोसुवदुल उसुर वेचचाले <br> <br>कोयम्पुतूर कंणलगि एनन तिरुमपि पातु पुटटा <br>नूड़ु वाटटु शाक अडिचचि साञजु निपपेने... <br>कान्द दिबुरम पस स्तांडु ओरतुल निन्नुगिट्टु <br>पाडि कारटा उनन म्अट्टुम पादुक्कुवेने <br>अव एननोड अलगि अव.. कंणुक्कुल्ळ निक्कुरव.. <br>कै आटटि हीरोवदान सोकक वेचचाले.. <br>म्उतान म्उतलगि एननोड कट्टलगि... <br>कन्नतुल म्उतम ओननु वेचचाले.. <br> <br>पीर कोञम ऊतिगिट्टु ऊरुगाय तोट्टुगिट्टेन <br>कारम इननुम एड़ल टा... <br>नादर म्उडि म्एलरिरुक्कुम नलल पामपु सोल्लिडिच्चु,, <br>अव एन पूङ्गुललि टा.. <br>कटटु कटटा वेक्कप्पट्टु.. तूरतुल निन्नुगिट्टु.. <br>ऐ लव यु सोललि पुटटा टा... <br>अव एननोड अलगि अव.. कंणुक्कुल्ळ निक्कुरव.. <br>कै आटटि हीरोवदान सोकक वेचचाले.. <br>म्उतान म्उतलगि एननोड कट्टलगि... <br>कन्नतुल म्उतम ओननु वेचचाले.. <br> <br>ओप्पनक्कार वीदियिल सैट अडिकक आरम्पिच्चु.. <br>पालक्काट्टु रोटटु म्एल पैक ल तान एटटु पोटटु <br>म्अरुदम्अल ओरतुल कडलैय तान वड़ुतु विटटु <br>अपपन किपपन पाक्काम्अ वीटटु पककम वन्द दु निननु <br>कश्टप्पट्टु कादलिच्चेन कननि पोंणु म्अनस कवव <br>इश्टप्पट्टु वन्द दाले सितिरम्आ नेञ्जुक्कुल्ळ... <br> <br>एननोड अलगि अव म्इन्म्इनि पोल म्इन्नुरव.. <br>कं सिम्इट्टि कादल नेञ तुलळ विटटाले.. <br>तेवधै पोल तोनडरि निननु कादोरम पेस वन्द दु कन्नतुल म्उतम ओननु.... वेचचाले...",
      "language" : {
        "name" : "konkani",
        "code" : "ko"
      }
    }
  ],
  "mood" : {
    "slug" : "happy",
    "name" : "Happy"
  },
  "thumbnail" : "https:\/\/d1ua79hvv369a0.cloudfront.net\/reflection\/thumbnail\/June\/05\/Coimbatore_thumb.jpg",
  "language" : {
    "name" : "Tamil",
    "code" : "ta"
  },
  "slug" : "coimbatore",
  "info" : {
    "lyric_genres" : [
      {
        "name" : {
          "en" : "Romance",
          "hi" : "Romance",
          "te" : "Romance",
          "ta" : "காதல்"
        }
      }
    ],
    "thaalams" : [
      {
        "name" : {
          "en" : "Adhi",
          "hi" : "Adhi",
          "te" : "Adhi",
          "ta" : "ஆதி தாளம்"
        }
      }
    ],
    "lyric_languages" : [
      {
        "name" : {
          "en" : "Tamil",
          "hi" : "Tamil",
          "te" : "Tamil",
          "ta" : "தமிழ்"
        }
      }
    ],
    "lyric_moods" : [
      {
        "name" : {
          "en" : "Happy",
          "hi" : "Happy",
          "te" : "Happy",
          "ta" : "மகிழ்ச்சி"
        }
      }
    ],
    "music_genres" : [
      {
        "name" : {
          "en" : "World",
          "hi" : "World",
          "te" : "World",
          "ta" : "உலகம்"
        }
      },
      {
        "name" : {
          "en" : "Kuthu. ‘Soup song’",
          "hi" : "Kuthu. ‘Soup song’",
          "te" : "Kuthu. ‘Soup song’",
          "ta" : "குத்து ‘சூப் சாங்’"
        }
      },
      {
        "name" : {
          "en" : "Folk",
          "hi" : "Folk",
          "te" : "Folk",
          "ta" : "ஃபோக்"
        }
      }
    ],
    "best_seasons_to_listen" : [
      {
        "name" : {
          "en" : "Summer",
          "hi" : "Summer",
          "te" : "Summer",
          "ta" : "கோடைக் காலம்"
        }
      }
    ],
    "launch_date" : {
      "en" : "05\/06\/2016",
      "hi" : "05\/06\/2016",
      "te" : "05\/06\/2016",
      "ta" : "05\/06\/2016"
    },
    "lyric_styles" : [
      {
        "name" : {
          "en" : "Contemprory",
          "hi" : "Contemprory",
          "te" : "Contemprory",
          "ta" : "சமகால நடை"
        }
      }
    ],
    "duration" : 4.1,
    "raagams" : [
      {
        "name" : {
          "en" : "Ragamalika",
          "hi" : "Ragamalika",
          "te" : "Ragamalika",
          "ta" : "ராக மாலிகா"
        }
      }
    ],
    "instruments" : [
      {
        "name" : {
          "en" : "Keys",
          "hi" : "Keys",
          "te" : "Keys",
          "ta" : "கீஸ்"
        }
      }
    ],
    "best_times_to_listen" : [
      {
        "name" : {
          "en" : "Night",
          "hi" : "Night",
          "te" : "Night",
          "ta" : "இரவு"
        }
      },
      {
        "name" : {
          "en" : "Party",
          "hi" : "Party",
          "te" : "Party",
          "ta" : "விருந்து"
        }
      }
    ]
  }
}