{
  "title" : {
    "en" : "Elumichcham",
    "hi" : "Elumichcham",
    "te" : "Elumichcham",
    "ta" : "எலுமிச்சம்"
  },
  "credits" : {
    "mixers" : [
      {
        "name" : {
          "en" : "Shadab Rayeen",
          "hi" : "Shadab Rayeen",
          "te" : "Shadab Rayeen",
          "ta" : "ஷதாப் ராயீன்"
        }
      }
    ],
    "masters" : [
      {
        "name" : {
          "en" : "Shadab Rayeen",
          "hi" : "Shadab Rayeen",
          "te" : "Shadab Rayeen",
          "ta" : "ஷதாப் ராயீன்"
        }
      }
    ],
    "composers" : [
      {
        "name" : {
          "en" : "Suchi",
          "hi" : "Suchi",
          "te" : "Suchi",
          "ta" : "சுச்சி"
        }
      },
      {
        "name" : {
          "en" : "Ranjith",
          "hi" : "Ranjith",
          "te" : "Ranjith",
          "ta" : "ரஞ்சித்"
        }
      }
    ],
    "lyricists" : [
      {
        "name" : {
          "en" : "Suchi",
          "hi" : "Suchi",
          "te" : "Suchi",
          "ta" : "சுச்சி"
        }
      },
      {
        "name" : {
          "en" : "Ranjith",
          "hi" : "Ranjith",
          "te" : "Ranjith",
          "ta" : "ரஞ்சித்"
        }
      }
    ],
    "featuring" : [
      {
        "name" : {
          "en" : "Suchi",
          "hi" : "Suchi",
          "te" : "Suchi",
          "ta" : "சுச்சி"
        }
      },
      {
        "name" : {
          "en" : "Ranjith",
          "hi" : "Ranjith",
          "te" : "Ranjith",
          "ta" : "ரஞ்சித்"
        }
      }
    ],
    "singers" : [
      {
        "name" : {
          "en" : "Suchi",
          "hi" : "Suchi",
          "te" : "Suchi",
          "ta" : "சுச்சி"
        }
      },
      {
        "name" : {
          "en" : "Ranjith",
          "hi" : "Ranjith",
          "te" : "Ranjith",
          "ta" : "ரஞ்சித்"
        }
      }
    ],
    "arrangers" : [
      {
        "name" : {
          "en" : "Suchi",
          "hi" : "Suchi",
          "te" : "Suchi",
          "ta" : "சுச்சி"
        }
      },
      {
        "name" : {
          "en" : "Ranjith",
          "hi" : "Ranjith",
          "te" : "Ranjith",
          "ta" : "ரஞ்சித்"
        }
      }
    ],
    "producers" : [
      {
        "name" : {
          "en" : "Suchi",
          "hi" : "Suchi",
          "te" : "Suchi",
          "ta" : "சுச்சி"
        }
      },
      {
        "name" : {
          "en" : "Ranjith",
          "hi" : "Ranjith",
          "te" : "Ranjith",
          "ta" : "ரஞ்சித்"
        }
      }
    ],
    "recorded_studios" : [
      {
        "name" : {
          "en" : "The Studio",
          "hi" : "The Studio",
          "te" : "The Studio",
          "ta" : "தி ஸ்டுடியோ"
        }
      }
    ],
    "translator" : [
      {
        "name" : {
          "en" : "Jayashree Ramanujam",
          "hi" : "Jayashree Ramanujam",
          "te" : "Jayashree Ramanujam",
          "ta" : "ஜெயஸ்ரீ இராமானுஜம்"
        }
      }
    ],
    "manager_of_visual_content" : [
      {
        "name" : {
          "en" : "Gokula Krishnan R Vasugi, MFI",
          "hi" : "Gokula Krishnan R Vasugi, MFI",
          "te" : "Gokula Krishnan R Vasugi, MFI",
          "ta" : "கோகுல கிருஷ்ணன் R வாசுகி MFI "
        }
      }
    ],
    "editor" : [
      {
        "name" : {
          "en" : "Mithran.B",
          "hi" : "Mithran.B",
          "te" : "Mithran.B",
          "ta" : "மித்திரன்.B"
        }
      }
    ],
    "senior_editor" : [
      {
        "name" : {
          "en" : "Shyam Sundar Murugesan",
          "hi" : "Shyam Sundar Murugesan",
          "te" : "Shyam Sundar Murugesan",
          "ta" : "ஷியாம் சுந்தர் முருகேசன்"
        }
      }
    ],
    "sound_engineers" : [
      {
        "name" : {
          "en" : "Shadab Rayeen",
          "hi" : "Shadab Rayeen",
          "te" : "Shadab Rayeen",
          "ta" : "ஷதாப் ராயீன்"
        }
      }
    ]
  },
  "active" : true,
  "published_on" : "2016-04-27T12:30:00.000Z",
  "description" : {
    "en" : "Two youngsters meet, greet, they instantly hit it off and sparks fly. But they go on with their lives, like we always do. But something keeps them thinking of each other. Something strong, something constant. That something is told in a peppy & poetic fashion in this modern love number- Elumichchai.",
    "hi" : "Two youngsters meet, greet, they instantly hit it off and sparks fly. But they go on with their lives, like we always do. But something keeps them thinking of each other. Something strong, something constant. That something is told in a peppy & poetic fashion in this modern love number- Elumichchai.",
    "te" : "Two youngsters meet, greet, they instantly hit it off and sparks fly. But they go on with their lives, like we always do. But something keeps them thinking of each other. Something strong, something constant. That something is told in a peppy & poetic fashion in this modern love number- Elumichchai.",
    "ta" : "இரண்டு இளைஞர்கள் சந்திக்கிறார்கள், பேசுகிறார்கள், உடனே அவர்களுக்குள் மின்னலடிக்கிறது. அதன்பிறகு, அவர்கள் தங்கள் வாழ்க்கையை எப்போது ம்போல் தொடர்கிறார்கள். ஆனால், ஏதோ காரணத்தால், அவர்கள் ஒருவரைப்பற்றி ஒருவர் நினைத்துக்கொண்டே இருக்கிறார்கள். ஒரு வலுவான ஏதோ, நிரந்தரமான ஏதோ... அந்த 'ஏதோ'வை இந்தத் துள்ளலான, கவித்துவமான நவீன காதல் பாடல் 'எலுமிச்சம்' காட்சிப்படுத்துகிறது."
  },
  "poster" : "https:\/\/d1ua79hvv369a0.cloudfront.net\/reflection\/poster\/26-April-2016\/Elumiccham_cover.jpg",
  "album" : {
    "title" : {
      "en" : "Elumichcham",
      "hi" : "Elumichcham",
      "te" : "Elumichcham",
      "ta" : "Elumichcham"
    },
    "id" : "14",
    "thumbnail" : "https:\/\/d1ua79hvv369a0.cloudfront.net\/reflection\/thumbnail\/26-April-2016\/Elumiccham_thumb.jpg"
  },
  "musics" : [
    {
      "players" : [
        {
          "name" : {
            "en" : "Ranjith",
            "hi" : "Ranjith",
            "te" : "Ranjith",
            "ta" : "ரஞ்சித்"
          }
        }
      ],
      "instrument" : {
        "name" : {
          "name" : {
            "en" : "Keyboard",
            "hi" : "Keyboard",
            "te" : "Keyboard",
            "ta" : "கீபோர்ட்"
          }
        }
      }
    }
  ],
  "critics" : [
    {
      "review" : {
        "instrument" : {
          "comment" : {
            "en" : "Pretty basic and minimal, but helps the tune aptly.",
            "hi" : "Pretty basic and minimal, but helps the tune aptly.",
            "te" : "Pretty basic and minimal, but helps the tune aptly.",
            "ta" : "Pretty basic and minimal, but helps the tune aptly."
          },
          "score" : 9
        },
        "overall" : {
          "comment" : {
            "en" : "Easily fits the standard template for a hero and heroine love scene in a film, given its earworm’y nature!",
            "hi" : "Easily fits the standard template for a hero and heroine love scene in a film, given its earworm’y nature!",
            "te" : "Easily fits the standard template for a hero and heroine love scene in a film, given its earworm’y nature!",
            "ta" : "Easily fits the standard template for a hero and heroine love scene in a film, given its earworm’y nature!"
          },
          "score" : 9.25
        },
        "vocal" : {
          "comment" : {
            "en" : "Adequately punchy, for the kind of pop tune it is. The female vocals are especially good.",
            "hi" : "Adequately punchy, for the kind of pop tune it is. The female vocals are especially good.",
            "te" : "Adequately punchy, for the kind of pop tune it is. The female vocals are especially good.",
            "ta" : "Catchy, easy-on-the-ears pop. Particularly the ‘Kaattula mettula’ hook!"
          },
          "score" : 10
        },
        "tune" : {
          "comment" : {
            "en" : "Catchy, easy-on-the-ears pop. Particularly the ‘Kaattula mettula’ hook!",
            "hi" : "Catchy, easy-on-the-ears pop. Particularly the ‘Kaattula mettula’ hook!",
            "te" : "Catchy, easy-on-the-ears pop. Particularly the ‘Kaattula mettula’ hook!",
            "ta" : "Catchy, easy-on-the-ears pop. Particularly the ‘Kaattula mettula’ hook!"
          },
          "score" : 10
        },
        "lyric" : {
          "comment" : {
            "en" : "Functional, to propel the catchy tune, but with occasional sparks like, ‘Moondraam Pirai Kamal’a pola nadikkiraye’!",
            "hi" : "Functional, to propel the catchy tune, but with occasional sparks like, ‘Moondraam Pirai Kamal’a pola nadikkiraye’!",
            "te" : "Functional, to propel the catchy tune, but with occasional sparks like, ‘Moondraam Pirai Kamal’a pola nadikkiraye’!",
            "ta" : "Functional, to propel the catchy tune, but with occasional sparks like, ‘Moondraam Pirai Kamal’a pola nadikkiraye’!"
          },
          "score" : 8
        }
      },
      "author" : {
        "name" : "Karthik",
        "image" : "https:\/\/d1ua79hvv369a0.cloudfront.net\/reflection\/critic\/critic-karthik.png"
      },
      "rating" : 9.25
    },
    {
      "review" : {
        "instrument" : {
          "comment" : {
            "en" : "The song experiments more on the keys and sequencing yet it sounds very pleasant to hear.",
            "hi" : "The song experiments more on the keys and sequencing yet it sounds very pleasant to hear.",
            "te" : "The song experiments more on the keys and sequencing yet it sounds very pleasant to hear.",
            "ta" : "The song experiments more on the keys and sequencing yet it sounds very pleasant to hear."
          },
          "score" : 13
        },
        "overall" : {
          "comment" : {
            "en" : "Stylish romantic conversation!",
            "hi" : "Stylish romantic conversation!",
            "te" : "Stylish romantic conversation!",
            "ta" : "Stylish romantic conversation!"
          },
          "score" : 13.25
        },
        "vocal" : {
          "comment" : {
            "en" : "The vocals are essentially feel good with sublime essence.",
            "hi" : "The vocals are essentially feel good with sublime essence.",
            "te" : "The vocals are essentially feel good with sublime essence.",
            "ta" : "The tune is quirky yet keeps the listener quite engaged to it for its fun filled nature."
          },
          "score" : 14
        },
        "tune" : {
          "comment" : {
            "en" : "The tune is quirky yet keeps the listener quite engaged to it for its fun filled nature.",
            "hi" : "The tune is quirky yet keeps the listener quite engaged to it for its fun filled nature.",
            "te" : "The tune is quirky yet keeps the listener quite engaged to it for its fun filled nature.",
            "ta" : "The tune is quirky yet keeps the listener quite engaged to it for its fun filled nature."
          },
          "score" : 13
        },
        "lyric" : {
          "comment" : {
            "en" : "Lyrics are quite challenging because of limited metering of words yet make a great impact.",
            "hi" : "Lyrics are quite challenging because of limited metering of words yet make a great impact.",
            "te" : "Lyrics are quite challenging because of limited metering of words yet make a great impact.",
            "ta" : "Lyrics are quite challenging because of limited metering of words yet make a great impact."
          },
          "score" : 13
        }
      },
      "author" : {
        "name" : "Durga",
        "image" : "https:\/\/d1ua79hvv369a0.cloudfront.net\/reflection\/critic\/critic-durga.png"
      },
      "rating" : 13.25
    }
  ],
  "type" : {
    "slug" : "independent-music",
    "name" : "Independent Music"
  },
  "lyrics" : [
    {
      "data" : "எலுமிச்சம்  பழம் போல்<br>நீ கண்ணுக்குக் கலரா தோனுறியே<br>பொடிப் பையன் எனக்குச்<br>சொக்குப் பொடியப் போட்டு ஓடுறியே<br><br>உன்  நெனப்புல தவிச்சி<br>நான் எளச்சு துரும்பா கரையிரனே  <br>பைத்தியமே புடிச்சு<br>நான் ராவும் பகலும் பொலம்புறனே<br><br>ஏய் !<br>நான் சும்மா தானே கெடந்தேன்  - ஏன்?<br>என் உசுர நூலா திரிச்ச<br><br> உன்  மேல வந்த ஆசை ஏனோ உள்ளுக்குள்ள<br>மெல்ல முடியாம முழுங்க முடியாம<br>மூளையில் உருளுதடி<br><br>காட்டுல மேட்டுல மலையில மழையில<br>வீட்டுல தெருவுல சந்தைக்கு நடுவுல<br>மூலை முடுக்குல படுக்கையின் இடுக்குள்ள<br>மனசு உன்னத் தேடுதடி<br> ஓடுற அருவியும் கூவுற குருவியும்<br>பேசுற குழந்தையும் பாடுற பறவையும்<br>வானமும் பூமியும் வணங்குற சாமியும்<br>நீயில்லாம வாடுதடி !<br><br>நான் நான் நான் நான்<br>புது மழையின் சாரலே<br>மூன்றே நிமிடம் வந்து<br>மண்ணை நனைக்கும் துளியைப் போலே<br><br>நான் நான் நான் நான்<br>புது பூவின் வாசமே<br>மூன்றே நொடியில் காற்றோடு கலந்து மறைந்திடுவேனே<br><br>வானின் மேகம் ஏன் தூதாய் மாறுதே<br>உந்தன் நிழல் தேடிப் போகுதே<br>தேனின் கனம் கூட விஷமாய் மாறுதே<br>பிரிவில் மனம் வேகுதே<br><br>காட்டுல மேட்டுல மலையில மழையில<br>வீட்டுல தெருவுல சந்தைக்கு நடுவுல<br>மூலை முடுக்குல படுக்கையின் இடுக்குல<br>மனசு உன்னத் தேடுதடி<br><br>ஓடுற அருவியும் கூவுற குருவியும்<br>பேசுற குழந்தையும் பாடுற பறவையும்<br>வானமும் பூமியும் வணங்குற சாமியும்<br>நீயில்லாம வாடுதடி !<br><br>எலுமிச்சம் பழம் போல் நீ நாக்குல பட்டா புளிக்கிறியே<br>மூன்றாம் பிறை படத்தில் வரும் கமலப் போல நடிக்கிறியே<br>பைத்தியமே புடிச்சு நீ ராவும் பகலும் பொலம்புறியே<br>சும்மா நான் கலாச்சா நீ கோச்சிட்டு எங்கோ கெளம்புறியே<br><br>ஏய் !<br>நான் சும்மா தானே கெடந்தேன் - ஏன் ?<br>என் உசுர நூலா திரிச்ச<br>உன்<br>மேல வந்த ஆசை ஏனோ உள்ளுக்குள்ள<br>மெல்ல முடியாம முழுங்க முடியாம<br>மூளையில் உருளுதடா<br><br>காட்டுல மேட்டுல மலையில மழையில<br>வீட்டுல தெருவுல சந்தைக்கு நடுவுல<br>மூலை முடுக்குல படுக்கையின் இடுக்குள்ள<br>மனசு உன்னத் தேடுதடா<br><br>ஓடுற அருவியும் கூவுற குருவியும்<br>பேசுற குழந்தையும் பாடுற பறவையும்<br>வானமும் பூமியும் வணங்குற சாமியும்<br>நீயில்லாம வாடுதடா !",
      "language" : {
        "name" : "Tamil",
        "code" : "ta"
      }
    }
  ],
  "id" : "32",
  "phonetic_lyrics" : [
    {
      "data" : "elumichcham  pazham poal<br>nee kaNNukkuk kalaraa thoanuRiyae<br>podip paiyan enakkuch<br>sokkup podiyap poattu oaduRiyae<br><br>un  nenappula thavichchi<br>naan eLachchu thurumpaa karaiyiranae<br>paithiyamae pudichchu<br>naan raavum pagalum polampuRanae<br><br>aey !<br>naan summaa thaanae kedandhdhaen  - aen?<br>en usura noolaa thirichcha<br><br>un  maela vandhdha aasai aenoa uLLukkuLLa<br>mella mudiyaama muzhunga mudiyaama<br>mooLaiyil uruLudhadi<br><br>kaattula maettula malaiyila mazhaiyila<br>veettula theruvula sandhdhaikku naduvula<br>moolai mudukkula padukkaiyin idukkuLLa<br>manasu unnath thaedudhadi<br>oaduRa aruviyum koovuRa kuruviyum<br>paesuRa kuzhandhdhaiyum paaduRa paRavaiyum<br>vaanamum poomiyum vaNangguRa saamiyum<br>neeyillaama vaadudhadi !<br><br>naan naan naan naan<br>pudhu mazhaiyin saaralae<br>moondRae nimidam vandhdhu<br>maNNai nanaikkum thuLiyaip poalae<br><br>naan naan naan naan<br>pudhu poovin vaasamae<br>moondRae nodiyil kaaRRoadu kalandhdhu maRaindhdhiduvaenae<br><br>vaanin maegam aen thoodhaay maaRudhae<br>undhdhan nizhal thaedip poagudhae<br>thaenin kanam kooda vishamaay maaRudhae<br>pirivil manam vaegudhae<br><br>kaattula maettula malaiyila mazhaiyila<br>veettula theruvula sandhdhaikku naduvula<br>moolai mudukkula padukkaiyin idukkula<br>manasu unnath thaedudhadi<br><br>oaduRa aruviyum koovuRa kuruviyum<br>paesuRa kuzhandhdhaiyum paaduRa paRavaiyum<br>vaanamum poomiyum vaNangguRa saamiyum<br>neeyillaama vaadudhadi !<br><br>elumichcham pazham poal nee naakkula pattaa puLikkiRiyae<br>moondRaam piRai padathil varum kamalap poala nadikkiRiyae<br>paithiyamae pudichchu nee raavum pagalum polampuRiyae<br>summaa naan kalaachchaa nee koachchittu enggoa keLampuRiyae<br><br>aey !<br>naan summaa thaanae kedandhdhaen - aen ?<br>en usura noolaa thirichcha<br>un<br>maela vandhdha aasai aenoa uLLukkuLLa<br>mella mudiyaama muzhunga mudiyaama<br>mooLaiyil uruLudhadaa<br><br>kaattula maettula malaiyila mazhaiyila<br>veettula theruvula sandhdhaikku naduvula<br>moolai mudukkula padukkaiyin idukkuLLa<br>manasu unnath thaedudhadaa<br><br>oaduRa aruviyum koovuRa kuruviyum<br>paesuRa kuzhandhdhaiyum paaduRa paRavaiyum<br>vaanamum poomiyum vaNangguRa saamiyum<br>neeyillaama vaadudhadaa !",
      "language" : {
        "name" : "English",
        "code" : "en"
      }
    },
    {
      "data" : "எலுமிச்சம்  பழம் போல்<br>நீ கண்ணுக்குக் கலரா தோனுறியே<br>பொடிப் பையன் எனக்குச்<br>சொக்குப் பொடியப் போட்டு ஓடுறியே<br><br>உன்  நெனப்புல தவிச்சி<br>நான் எளச்சு துரும்பா கரையிரனே  <br>பைத்தியமே புடிச்சு<br>நான் ராவும் பகலும் பொலம்புறனே<br><br>ஏய் !<br>நான் சும்மா தானே கெடந்தேன்  - ஏன்?<br>என் உசுர நூலா திரிச்ச<br><br> உன்  மேல வந்த ஆசை ஏனோ உள்ளுக்குள்ள<br>மெல்ல முடியாம முழுங்க முடியாம<br>மூளையில் உருளுதடி<br><br>காட்டுல மேட்டுல மலையில மழையில<br>வீட்டுல தெருவுல சந்தைக்கு நடுவுல<br>மூலை முடுக்குல படுக்கையின் இடுக்குள்ள<br>மனசு உன்னத் தேடுதடி<br> ஓடுற அருவியும் கூவுற குருவியும்<br>பேசுற குழந்தையும் பாடுற பறவையும்<br>வானமும் பூமியும் வணங்குற சாமியும்<br>நீயில்லாம வாடுதடி !<br><br>நான் நான் நான் நான்<br>புது மழையின் சாரலே<br>மூன்றே நிமிடம் வந்து<br>மண்ணை நனைக்கும் துளியைப் போலே<br><br>நான் நான் நான் நான்<br>புது பூவின் வாசமே<br>மூன்றே நொடியில் காற்றோடு கலந்து மறைந்திடுவேனே<br><br>வானின் மேகம் ஏன் தூதாய் மாறுதே<br>உந்தன் நிழல் தேடிப் போகுதே<br>தேனின் கனம் கூட விஷமாய் மாறுதே<br>பிரிவில் மனம் வேகுதே<br><br>காட்டுல மேட்டுல மலையில மழையில<br>வீட்டுல தெருவுல சந்தைக்கு நடுவுல<br>மூலை முடுக்குல படுக்கையின் இடுக்குல<br>மனசு உன்னத் தேடுதடி<br><br>ஓடுற அருவியும் கூவுற குருவியும்<br>பேசுற குழந்தையும் பாடுற பறவையும்<br>வானமும் பூமியும் வணங்குற சாமியும்<br>நீயில்லாம வாடுதடி !<br><br>எலுமிச்சம் பழம் போல் நீ நாக்குல பட்டா புளிக்கிறியே<br>மூன்றாம் பிறை படத்தில் வரும் கமலப் போல நடிக்கிறியே<br>பைத்தியமே புடிச்சு நீ ராவும் பகலும் பொலம்புறியே<br>சும்மா நான் கலாச்சா நீ கோச்சிட்டு எங்கோ கெளம்புறியே<br><br>ஏய் !<br>நான் சும்மா தானே கெடந்தேன் - ஏன் ?<br>என் உசுர நூலா திரிச்ச<br>உன்<br>மேல வந்த ஆசை ஏனோ உள்ளுக்குள்ள<br>மெல்ல முடியாம முழுங்க முடியாம<br>மூளையில் உருளுதடா<br><br>காட்டுல மேட்டுல மலையில மழையில<br>வீட்டுல தெருவுல சந்தைக்கு நடுவுல<br>மூலை முடுக்குல படுக்கையின் இடுக்குள்ள<br>மனசு உன்னத் தேடுதடா<br><br>ஓடுற அருவியும் கூவுற குருவியும்<br>பேசுற குழந்தையும் பாடுற பறவையும்<br>வானமும் பூமியும் வணங்குற சாமியும்<br>நீயில்லாம வாடுதடா !",
      "language" : {
        "name" : "Tamil",
        "code" : "ta"
      }
    },
    {
      "data" : "एलुम्इच्चम  पलम पोल <br>नी कंणुक्कुक कलरा तोनुरिये <br>पोडिप पैयन एनक्कुच <br>सोककुप पोडियप पोटटु ओडुरिये <br> <br>उन  नेनप्पुल तविचचि <br>नान एळचचु तुरुमपा करैयिरने <br>पैतियम्ए पुडिचचु <br>नान रावुम पगलुम पोलम्पुड़ने <br> <br>एय ! <br>नान सुमम्आ ताने केडन्द धेन  - एन? <br>एन उसुर नूला तिरिचच <br> <br>उन  म्एल वन्द द आसै एनो उल्ळुक्कुल्ळ <br>म्एलल म्उडियाम्अ म्उलुङ म्उडियाम्अ <br>म्ऊळैयिल उरुळुदडि <br> <br>काटटुल म्एट्टुल म्अलैयिल म्अलैयिल <br>वीटटुल तेरुवुल सन्द धैक्कु नडुवुल <br>म्ऊलै म्उडुक्कुल पडुक्कैयिन इडुक्कुल्ळ <br>म्अनसु उननत तेडुदडि <br>ओडुड़ अरुवियुम कूवुड़ कुरुवियुम <br>पेसुड़ कुलन्द धैयुम पाडुड़ पड़वैयुम <br>वानम्उम पूम्ईउम वंअङ्गुड़ साम्ईउम <br>नीयिल्लाम्अ वाडुदडि ! <br> <br>नान नान नान नान <br>पुदु म्अलैयिन सारले <br>म्ऊन्ड्ड़े निम्इडम वन्द दु <br>म्अंणै ननैक्कुम तुऴियैप पोले <br> <br>नान नान नान नान <br>पुदु पूविन वासम्ए <br>म्ऊन्ड्ड़े नोडियिल कार्ड़ोडु कलन्द दु म्अड़ैन्द दिडुवेने <br> <br>वानिन म्एगम एन तूदाय म्आड़ुधे <br>उन्द दन निलल तेडिप पोगुधे <br>तेनिन कनम कूड विशम्आय म्आड़ुधे <br>पिरिविल म्अनम वेगुधे <br> <br>काटटुल म्एट्टुल म्अलैयिल म्अलैयिल <br>वीटटुल तेरुवुल सन्द धैक्कु नडुवुल <br>म्ऊलै म्उडुक्कुल पडुक्कैयिन इडुक्कुल <br>म्अनसु उननत तेडुदडि <br> <br>ओडुड़ अरुवियुम कूवुड़ कुरुवियुम <br>पेसुड़ कुलन्द धैयुम पाडुड़ पड़वैयुम <br>वानम्उम पूम्ईउम वंअङ्गुड़ साम्ईउम <br>नीयिल्लाम्अ वाडुदडि ! <br> <br>एलुम्इच्चम पलम पोल नी नाककुल पटटा पुऴिक्किरिये <br>म्ऊन्ड्ड़ाम पिड़ै पडतिल वरुम कम्अलप पोल नडिक्किरिये <br>पैतियम्ए पुडिचचु नी रावुम पगलुम पोलम्पुरिये <br>सुमम्आ नान कलाचचा नी कोच्चिट्टु एङगो केळम्पुरिये <br> <br>एय ! <br>नान सुमम्आ ताने केडन्द धेन - एन ? <br>एन उसुर नूला तिरिचच <br>उन <br>म्एल वन्द द आसै एनो उल्ळुक्कुल्ळ <br>म्एलल म्उडियाम्अ म्उलुङ म्उडियाम्अ <br>म्ऊळैयिल उरुळुदडा <br> <br>काटटुल म्एट्टुल म्अलैयिल म्अलैयिल <br>वीटटुल तेरुवुल सन्द धैक्कु नडुवुल <br>म्ऊलै म्उडुक्कुल पडुक्कैयिन इडुक्कुल्ळ <br>म्अनसु उननत तेडुदडा <br> <br>ओडुड़ अरुवियुम कूवुड़ कुरुवियुम <br>पेसुड़ कुलन्द धैयुम पाडुड़ पड़वैयुम <br>वानम्उम पूम्ईउम वंअङ्गुड़ साम्ईउम <br>नीयिल्लाम्अ वाडुदडा !",
      "language" : {
        "name" : "Hindi",
        "code" : "hi"
      }
    },
    {
      "data" : "ఎలుమ్యిఛ్ఛమ్  పలమ్ పోల్ <br>నె కంణుక్కుక్ కలరా థోనుఱియే <br>పొదిప్ పైయన్ ఎనక్కుఛ్ <br>సొక్కుప్ పొదియప్ పోత్తు ఓదుఱియే <br> <br>ఉన్  నెనప్పుల థవిఛ్ఛి <br>నాన్ ఎళఛ్ఛు థురుమ్పా కరైయిరనే <br>పైథియమ్యే పుదిఛ్ఛు <br>నాన్ రావుమ్ పగలుమ్ పొలమ్పుఱనే <br> <br>ఏయ్ ! <br>నాన్ సుమ్మ్యా థానే కెదన్ధ్ధేన్  - ఏన్? <br>ఎన్ ఉసుర నూలా థిరిఛ్ఛ <br> <br>ఉన్  మ్యేల వన్ధ్ధ ఆసై ఏనో ఉళ్ళుక్కుళ్ళ <br>మ్యెల్ల మ్యుదియామ్య మ్యులుఙ మ్యుదియామ్య <br>మ్యూళైయిల్ ఉరుళుధది <br> <br>కాత్తుల మ్యేత్తుల మ్యలైయిల మ్యలైయిల <br>వీత్తుల థెరువుల సన్ధ్ధైక్కు నదువుల <br>మ్యూలై మ్యుదుక్కుల పదుక్కైయిన్ ఇదుక్కుళ్ళ <br>మ్యనసు ఉన్నథ్ థేదుధది <br>ఓదుఱ అరువియుమ్ కూవుఱ కురువియుమ్ <br>పేసుఱ కులన్ధ్ధైయుమ్ పాదుఱ పఱవైయుమ్ <br>వానమ్యుమ్ పూమ్ఇయ్యుమ్ వంయఙ్గుఱ సామ్ఇయ్యుమ్ <br>నెయిల్లామ్య వాదుధది ! <br> <br>నాన్ నాన్ నాన్ నాన్ <br>పుధు మ్యలైయిన్ సారలే <br>మ్యూన్ద్ఱే నిమ్యిదమ్ వన్ధ్ధు <br>మ్అంణై ననైక్కుమ్ థుళియైప్ పోలే <br> <br>నాన్ నాన్ నాన్ నాన్ <br>పుధు పూవిన్ వాసమ్యే <br>మ్యూన్ద్ఱే నొదియిల్ కాఱ్ఱోదు కలన్ధ్ధు మ్యఱైన్ధ్ధిదువేనే <br> <br>వానిన్ మ్యేగమ్ ఏన్ థూధాయ్ మ్యాఱుధే <br>ఉన్ధ్ధన్ నిలల్ థేదిప్ పోగుధే <br>థేనిన్ కనమ్ కూద విషమ్యాయ్ మ్యాఱుధే <br>పిరివిల్ మ్యనమ్ వేగుధే <br> <br>కాత్తుల మ్యేత్తుల మ్యలైయిల మ్యలైయిల <br>వీత్తుల థెరువుల సన్ధ్ధైక్కు నదువుల <br>మ్యూలై మ్యుదుక్కుల పదుక్కైయిన్ ఇదుక్కుల <br>మ్యనసు ఉన్నథ్ థేదుధది <br> <br>ఓదుఱ అరువియుమ్ కూవుఱ కురువియుమ్ <br>పేసుఱ కులన్ధ్ధైయుమ్ పాదుఱ పఱవైయుమ్ <br>వానమ్యుమ్ పూమ్ఇయ్యుమ్ వంయఙ్గుఱ సామ్ఇయ్యుమ్ <br>నెయిల్లామ్య వాదుధది ! <br> <br>ఎలుమ్యిఛ్ఛమ్ పలమ్ పోల్ నె నాక్కుల పత్తా పుళిక్కిఱియే <br>మ్యూన్ద్ఱామ్ పిఱై పదథిల్ వరుమ్ కమ్యలప్ పోల నదిక్కిఱియే <br>పైథియమ్యే పుదిఛ్ఛు నె రావుమ్ పగలుమ్ పొలమ్పుఱియే <br>సుమ్మ్యా నాన్ కలాఛ్ఛా నె కోఛ్ఛిత్తు ఎఙ్గో కెళమ్పుఱియే <br> <br>ఏయ్ ! <br>నాన్ సుమ్మ్యా థానే కెదన్ధ్ధేన్ - ఏన్ ? <br>ఎన్ ఉసుర నూలా థిరిఛ్ఛ <br>ఉన్ <br>మ్యేల వన్ధ్ధ ఆసై ఏనో ఉళ్ళుక్కుళ్ళ <br>మ్యెల్ల మ్యుదియామ్య మ్యులుఙ మ్యుదియామ్య <br>మ్యూళైయిల్ ఉరుళుధదా <br> <br>కాత్తుల మ్యేత్తుల మ్యలైయిల మ్యలైయిల <br>వీత్తుల థెరువుల సన్ధ్ధైక్కు నదువుల <br>మ్యూలై మ్యుదుక్కుల పదుక్కైయిన్ ఇదుక్కుళ్ళ <br>మ్యనసు ఉన్నథ్ థేదుధదా <br> <br>ఓదుఱ అరువియుమ్ కూవుఱ కురువియుమ్ <br>పేసుఱ కులన్ధ్ధైయుమ్ పాదుఱ పఱవైయుమ్ <br>వానమ్యుమ్ పూమ్ఇయ్యుమ్ వంయఙ్గుఱ సామ్ఇయ్యుమ్ <br>నెయిల్లామ్య వాదుధదా ! ",
      "language" : {
        "name" : "Telugu",
        "code" : "te"
      }
    },
    {
      "data" : "എലുമ്യിച്ചമ്  പഴമ് പോല് <br>നീ കംണുക്കുക് കലരാ ഥോനുറിയേ <br>പൊദിപ് പൈയന് എനക്കുച് <br>സൊക്കുപ് പൊദിയപ് പോത്തു ഓദുറിയേ <br> <br>ഉന്  നെനപ്പുല ഥവിച്ചി <br>നാന് എളച്ചു ഥുരുമ്പാ കരൈയിരനേ <br>പൈഥിയമ്യേ പുദിച്ചു <br>നാന് രാവുമ് പഗലുമ് പൊലമ്പുറനേ <br> <br>ഏയ് ! <br>നാന് സുമ്മ്യാ ഥാനേ കെദന്ധ്ധേന്  - ഏന്? <br>എന് ഉസുര നൂലാ ഥിരിച്ച <br> <br>ഉന്  മ്യേല വന്ധ്ധ ആസൈ ഏനോ ഉള്ളുക്കുള്ള <br>മ്യെല്ല മ്യുദിയാമ്യ മ്യുഴുങ മ്യുദിയാമ്യ <br>മ്യൂളൈയില് ഉരുളുധദി <br> <br>കാത്തുല മ്യേത്തുല മ്യലൈയില മ്യഴൈയില <br>വീത്തുല ഥെരുവുല സന്ധ്ധൈക്കു നദുവുല <br>മ്യൂലൈ മ്യുദുക്കുല പദുക്കൈയിന് ഇദുക്കുള്ള <br>മ്യനസു ഉന്നഥ് ഥേദുധദി <br>ഓദുറ അരുവിയുമ് കൂവുറ കുരുവിയുമ് <br>പേസുറ കുഴന്ധ്ധൈയുമ് പാദുറ പറവൈയുമ് <br>വാനമ്യുമ് പൂമ്ഇയ്യുമ് വംയങ്ഗുറ സാമ്ഇയ്യുമ് <br>നീയില്ലാമ്യ വാദുധദി ! <br> <br>നാന് നാന് നാന് നാന് <br>പുധു മ്യഴൈയിന് സാരലേ <br>മ്യൂന്ദ്റേ നിമ്യിദമ് വന്ധ്ധു <br>മ്അംണൈ നനൈക്കുമ് ഥുളിയൈപ് പോലേ <br> <br>നാന് നാന് നാന് നാന് <br>പുധു പൂവിന് വാസമ്യേ <br>മ്യൂന്ദ്റേ നൊദിയില് കാറ്റോദു കലന്ധ്ധു മ്യറൈന്ധ്ധിദുവേനേ <br> <br>വാനിന് മ്യേഗമ് ഏന് ഥൂധായ് മ്യാറുധേ <br>ഉന്ധ്ധന് നിഴല് ഥേദിപ് പോഗുധേ <br>ഥേനിന് കനമ് കൂദ വിഷമ്യായ് മ്യാറുധേ <br>പിരിവില് മ്യനമ് വേഗുധേ <br> <br>കാത്തുല മ്യേത്തുല മ്യലൈയില മ്യഴൈയില <br>വീത്തുല ഥെരുവുല സന്ധ്ധൈക്കു നദുവുല <br>മ്യൂലൈ മ്യുദുക്കുല പദുക്കൈയിന് ഇദുക്കുല <br>മ്യനസു ഉന്നഥ് ഥേദുധദി <br> <br>ഓദുറ അരുവിയുമ് കൂവുറ കുരുവിയുമ് <br>പേസുറ കുഴന്ധ്ധൈയുമ് പാദുറ പറവൈയുമ് <br>വാനമ്യുമ് പൂമ്ഇയ്യുമ് വംയങ്ഗുറ സാമ്ഇയ്യുമ് <br>നീയില്ലാമ്യ വാദുധദി ! <br> <br>എലുമ്യിച്ചമ് പഴമ് പോല് നീ നാക്കുല പത്താ പുളിക്കിറിയേ <br>മ്യൂന്ദ്റാമ് പിറൈ പദഥില് വരുമ് കമ്യലപ് പോല നദിക്കിറിയേ <br>പൈഥിയമ്യേ പുദിച്ചു നീ രാവുമ് പഗലുമ് പൊലമ്പുറിയേ <br>സുമ്മ്യാ നാന് കലാച്ചാ നീ കോച്ചിത്തു എങ്ഗോ കെളമ്പുറിയേ <br> <br>ഏയ് ! <br>നാന് സുമ്മ്യാ ഥാനേ കെദന്ധ്ധേന് - ഏന് ? <br>എന് ഉസുര നൂലാ ഥിരിച്ച <br>ഉന് <br>മ്യേല വന്ധ്ധ ആസൈ ഏനോ ഉള്ളുക്കുള്ള <br>മ്യെല്ല മ്യുദിയാമ്യ മ്യുഴുങ മ്യുദിയാമ്യ <br>മ്യൂളൈയില് ഉരുളുധദാ <br> <br>കാത്തുല മ്യേത്തുല മ്യലൈയില മ്യഴൈയില <br>വീത്തുല ഥെരുവുല സന്ധ്ധൈക്കു നദുവുല <br>മ്യൂലൈ മ്യുദുക്കുല പദുക്കൈയിന് ഇദുക്കുള്ള <br>മ്യനസു ഉന്നഥ് ഥേദുധദാ <br> <br>ഓദുറ അരുവിയുമ് കൂവുറ കുരുവിയുമ് <br>പേസുറ കുഴന്ധ്ധൈയുമ് പാദുറ പറവൈയുമ് <br>വാനമ്യുമ് പൂമ്ഇയ്യുമ് വംയങ്ഗുറ സാമ്ഇയ്യുമ് <br>നീയില്ലാമ്യ വാദുധദാ ! ",
      "language" : {
        "name" : "Malayalam",
        "code" : "ml"
      }
    },
    {
      "data" : "ಎಲುಮ್ಯಿಚ್ಚಮ್  ಪಲಮ್ ಪೋಲ್ <br>ನೀ ಕಂಣುಕ್ಕುಕ್ ಕಲರಾ ಥೋನುರಿಯೇ <br>ಪೊದಿಪ್ ಪೈಯನ್ ಎನಕ್ಕುಚ್ <br>ಸೊಕ್ಕುಪ್ ಪೊದಿಯಪ್ ಪೋತ್ತು ಓದುರಿಯೇ <br> <br>ಉನ್  ನೆನಪ್ಪುಲ ಥವಿಚ್ಚಿ <br>ನಾನ್ ಎಳಚ್ಚು ಥುರುಮ್ಪಾ ಕರೈಯಿರನೇ <br>ಪೈಥಿಯಮ್ಯೇ ಪುದಿಚ್ಚು <br>ನಾನ್ ರಾವುಮ್ ಪಗಲುಮ್ ಪೊಲಮ್ಪುರನೇ <br> <br>ಏಯ್ ! <br>ನಾನ್ ಸುಮ್ಮ್ಯಾ ಥಾನೇ ಕೆದನ್ಧ್ಧೇನ್  - ಏನ್? <br>ಎನ್ ಉಸುರ ನೂಲಾ ಥಿರಿಚ್ಚ <br> <br>ಉನ್  ಮ್ಯೇಲ ವನ್ಧ್ಧ ಆಸೈ ಏನೋ ಉಳ್ಳುಕ್ಕುಳ್ಳ <br>ಮ್ಯೆಲ್ಲ ಮ್ಯುದಿಯಾಮ್ಯ ಮ್ಯುಲುಙ ಮ್ಯುದಿಯಾಮ್ಯ <br>ಮ್ಯೂಳೈಯಿಲ್ ಉರುಳುಧದಿ <br> <br>ಕಾತ್ತುಲ ಮ್ಯೇತ್ತುಲ ಮ್ಯಲೈಯಿಲ ಮ್ಯಲೈಯಿಲ <br>ವೀತ್ತುಲ ಥೆರುವುಲ ಸನ್ಧ್ಧೈಕ್ಕು ನದುವುಲ <br>ಮ್ಯೂಲೈ ಮ್ಯುದುಕ್ಕುಲ ಪದುಕ್ಕೈಯಿನ್ ಇದುಕ್ಕುಳ್ಳ <br>ಮ್ಯನಸು ಉನ್ನಥ್ ಥೇದುಧದಿ <br>ಓದುರ ಅರುವಿಯುಮ್ ಕೂವುರ ಕುರುವಿಯುಮ್ <br>ಪೇಸುರ ಕುಲನ್ಧ್ಧೈಯುಮ್ ಪಾದುರ ಪರವೈಯುಮ್ <br>ವಾನಮ್ಯುಮ್ ಪೂಮ್ಇಯ್ಯುಮ್ ವಂಯಙ್ಗುರ ಸಾಮ್ಇಯ್ಯುಮ್ <br>ನೀಯಿಲ್ಲಾಮ್ಯ ವಾದುಧದಿ ! <br> <br>ನಾನ್ ನಾನ್ ನಾನ್ ನಾನ್ <br>ಪುಧು ಮ್ಯಲೈಯಿನ್ ಸಾರಲೇ <br>ಮ್ಯೂನ್ದ್ರೇ ನಿಮ್ಯಿದಮ್ ವನ್ಧ್ಧು <br>ಮ್ಅಂಣೈ ನನೈಕ್ಕುಮ್ ಥುಳಿಯೈಪ್ ಪೋಲೇ <br> <br>ನಾನ್ ನಾನ್ ನಾನ್ ನಾನ್ <br>ಪುಧು ಪೂವಿನ್ ವಾಸಮ್ಯೇ <br>ಮ್ಯೂನ್ದ್ರೇ ನೊದಿಯಿಲ್ ಕಾರ್ರೋದು ಕಲನ್ಧ್ಧು ಮ್ಯರೈನ್ಧ್ಧಿದುವೇನೇ <br> <br>ವಾನಿನ್ ಮ್ಯೇಗಮ್ ಏನ್ ಥೂಧಾಯ್ ಮ್ಯಾರುಧೇ <br>ಉನ್ಧ್ಧನ್ ನಿಲಲ್ ಥೇದಿಪ್ ಪೋಗುಧೇ <br>ಥೇನಿನ್ ಕನಮ್ ಕೂದ ವಿಶಮ್ಯಾಯ್ ಮ್ಯಾರುಧೇ <br>ಪಿರಿವಿಲ್ ಮ್ಯನಮ್ ವೇಗುಧೇ <br> <br>ಕಾತ್ತುಲ ಮ್ಯೇತ್ತುಲ ಮ್ಯಲೈಯಿಲ ಮ್ಯಲೈಯಿಲ <br>ವೀತ್ತುಲ ಥೆರುವುಲ ಸನ್ಧ್ಧೈಕ್ಕು ನದುವುಲ <br>ಮ್ಯೂಲೈ ಮ್ಯುದುಕ್ಕುಲ ಪದುಕ್ಕೈಯಿನ್ ಇದುಕ್ಕುಲ <br>ಮ್ಯನಸು ಉನ್ನಥ್ ಥೇದುಧದಿ <br> <br>ಓದುರ ಅರುವಿಯುಮ್ ಕೂವುರ ಕುರುವಿಯುಮ್ <br>ಪೇಸುರ ಕುಲನ್ಧ್ಧೈಯುಮ್ ಪಾದುರ ಪರವೈಯುಮ್ <br>ವಾನಮ್ಯುಮ್ ಪೂಮ್ಇಯ್ಯುಮ್ ವಂಯಙ್ಗುರ ಸಾಮ್ಇಯ್ಯುಮ್ <br>ನೀಯಿಲ್ಲಾಮ್ಯ ವಾದುಧದಿ ! <br> <br>ಎಲುಮ್ಯಿಚ್ಚಮ್ ಪಲಮ್ ಪೋಲ್ ನೀ ನಾಕ್ಕುಲ ಪತ್ತಾ ಪುಳಿಕ್ಕಿರಿಯೇ <br>ಮ್ಯೂನ್ದ್ರಾಮ್ ಪಿರೈ ಪದಥಿಲ್ ವರುಮ್ ಕಮ್ಯಲಪ್ ಪೋಲ ನದಿಕ್ಕಿರಿಯೇ <br>ಪೈಥಿಯಮ್ಯೇ ಪುದಿಚ್ಚು ನೀ ರಾವುಮ್ ಪಗಲುಮ್ ಪೊಲಮ್ಪುರಿಯೇ <br>ಸುಮ್ಮ್ಯಾ ನಾನ್ ಕಲಾಚ್ಚಾ ನೀ ಕೋಚ್ಚಿತ್ತು ಎಙ್ಗೋ ಕೆಳಮ್ಪುರಿಯೇ <br> <br>ಏಯ್ ! <br>ನಾನ್ ಸುಮ್ಮ್ಯಾ ಥಾನೇ ಕೆದನ್ಧ್ಧೇನ್ - ಏನ್ ? <br>ಎನ್ ಉಸುರ ನೂಲಾ ಥಿರಿಚ್ಚ <br>ಉನ್ <br>ಮ್ಯೇಲ ವನ್ಧ್ಧ ಆಸೈ ಏನೋ ಉಳ್ಳುಕ್ಕುಳ್ಳ <br>ಮ್ಯೆಲ್ಲ ಮ್ಯುದಿಯಾಮ್ಯ ಮ್ಯುಲುಙ ಮ್ಯುದಿಯಾಮ್ಯ <br>ಮ್ಯೂಳೈಯಿಲ್ ಉರುಳುಧದಾ <br> <br>ಕಾತ್ತುಲ ಮ್ಯೇತ್ತುಲ ಮ್ಯಲೈಯಿಲ ಮ್ಯಲೈಯಿಲ <br>ವೀತ್ತುಲ ಥೆರುವುಲ ಸನ್ಧ್ಧೈಕ್ಕು ನದುವುಲ <br>ಮ್ಯೂಲೈ ಮ್ಯುದುಕ್ಕುಲ ಪದುಕ್ಕೈಯಿನ್ ಇದುಕ್ಕುಳ್ಳ <br>ಮ್ಯನಸು ಉನ್ನಥ್ ಥೇದುಧದಾ <br> <br>ಓದುರ ಅರುವಿಯುಮ್ ಕೂವುರ ಕುರುವಿಯುಮ್ <br>ಪೇಸುರ ಕುಲನ್ಧ್ಧೈಯುಮ್ ಪಾದುರ ಪರವೈಯುಮ್ <br>ವಾನಮ್ಯುಮ್ ಪೂಮ್ಇಯ್ಯುಮ್ ವಂಯಙ್ಗುರ ಸಾಮ್ಇಯ್ಯುಮ್ <br>ನೀಯಿಲ್ಲಾಮ್ಯ ವಾದುಧದಾ ! ",
      "language" : {
        "name" : "Kanadam",
        "code" : "ka"
      }
    },
    {
      "data" : "এলুম্যিচ্চম্  পলম্ পোল্ <br>নী কঁণুক্কুক্ কলরা থোনুড়িযে <br>পোদিপ্ পৈযন্ এনক্কুচ্ <br>সোক্কুপ্ পোদিযপ্ পোত্তু ওদুড়িযে <br> <br>উন্  নেনপ্পুল থৱিচ্চি <br>নান্ এলচ্চু থুরুম্পা করৈযিরনে <br>পৈথিযম্যে পুদিচ্চু <br>নান্ রাৱুম্ পগলুম্ পোলম্পুড়নে <br> <br>এয্ ! <br>নান্ সুম্ম্যা থানে কেদন্ধ্ধেন্  - এন্? <br>এন্ উসুর নূলা থিরিচ্চ <br> <br>উন্  ম্যেল ৱন্ধ্ধ আসৈ এনো উল্লুক্কুল্ল <br>ম্যেল্ল ম্যুদিযাম্য ম্যুলুঙ ম্যুদিযাম্য <br>ম্যূলৈযিল্ উরুলুধদি <br> <br>কাত্তুল ম্যেত্তুল ম্যলৈযিল ম্যলৈযিল <br>ৱীত্তুল থেরুৱুল সন্ধ্ধৈক্কু নদুৱুল <br>ম্যূলৈ ম্যুদুক্কুল পদুক্কৈযিন্ ইদুক্কুল্ল <br>ম্যনসু উন্নথ্ থেদুধদি <br>ওদুড় অরুৱিযুম্ কূৱুড় কুরুৱিযুম্ <br>পেসুড় কুলন্ধ্ধৈযুম্ পাদুড় পড়ৱৈযুম্ <br>ৱানম্যুম্ পূম্ইয্যুম্ ৱঁযঙ্গুড় সাম্ইয্যুম্ <br>নীযিল্লাম্য ৱাদুধদি ! <br> <br>নান্ নান্ নান্ নান্ <br>পুধু ম্যলৈযিন্ সারলে <br>ম্যূন্দ্ড়ে নিম্যিদম্ ৱন্ধ্ধু <br>ম্অঁণৈ ননৈক্কুম্ থুলিযৈপ্ পোলে <br> <br>নান্ নান্ নান্ নান্ <br>পুধু পূৱিন্ ৱাসম্যে <br>ম্যূন্দ্ড়ে নোদিযিল্ কাড়্ড়োদু কলন্ধ্ধু ম্যড়ৈন্ধ্ধিদুৱেনে <br> <br>ৱানিন্ ম্যেগম্ এন্ থূধায্ ম্যাড়ুধে <br>উন্ধ্ধন্ নিলল্ থেদিপ্ পোগুধে <br>থেনিন্ কনম্ কূদ ৱিষম্যায্ ম্যাড়ুধে <br>পিরিৱিল্ ম্যনম্ ৱেগুধে <br> <br>কাত্তুল ম্যেত্তুল ম্যলৈযিল ম্যলৈযিল <br>ৱীত্তুল থেরুৱুল সন্ধ্ধৈক্কু নদুৱুল <br>ম্যূলৈ ম্যুদুক্কুল পদুক্কৈযিন্ ইদুক্কুল <br>ম্যনসু উন্নথ্ থেদুধদি <br> <br>ওদুড় অরুৱিযুম্ কূৱুড় কুরুৱিযুম্ <br>পেসুড় কুলন্ধ্ধৈযুম্ পাদুড় পড়ৱৈযুম্ <br>ৱানম্যুম্ পূম্ইয্যুম্ ৱঁযঙ্গুড় সাম্ইয্যুম্ <br>নীযিল্লাম্য ৱাদুধদি ! <br> <br>এলুম্যিচ্চম্ পলম্ পোল্ নী নাক্কুল পত্তা পুলিক্কিড়িযে <br>ম্যূন্দ্ড়াম্ পিড়ৈ পদথিল্ ৱরুম্ কম্যলপ্ পোল নদিক্কিড়িযে <br>পৈথিযম্যে পুদিচ্চু নী রাৱুম্ পগলুম্ পোলম্পুড়িযে <br>সুম্ম্যা নান্ কলাচ্চা নী কোচ্চিত্তু এঙ্গো কেলম্পুড়িযে <br> <br>এয্ ! <br>নান্ সুম্ম্যা থানে কেদন্ধ্ধেন্ - এন্ ? <br>এন্ উসুর নূলা থিরিচ্চ <br>উন্ <br>ম্যেল ৱন্ধ্ধ আসৈ এনো উল্লুক্কুল্ল <br>ম্যেল্ল ম্যুদিযাম্য ম্যুলুঙ ম্যুদিযাম্য <br>ম্যূলৈযিল্ উরুলুধদা <br> <br>কাত্তুল ম্যেত্তুল ম্যলৈযিল ম্যলৈযিল <br>ৱীত্তুল থেরুৱুল সন্ধ্ধৈক্কু নদুৱুল <br>ম্যূলৈ ম্যুদুক্কুল পদুক্কৈযিন্ ইদুক্কুল্ল <br>ম্যনসু উন্নথ্ থেদুধদা <br> <br>ওদুড় অরুৱিযুম্ কূৱুড় কুরুৱিযুম্ <br>পেসুড় কুলন্ধ্ধৈযুম্ পাদুড় পড়ৱৈযুম্ <br>ৱানম্যুম্ পূম্ইয্যুম্ ৱঁযঙ্গুড় সাম্ইয্যুম্ <br>নীযিল্লাম্য ৱাদুধদা ! ",
      "language" : {
        "name" : "Bengali",
        "code" : "be"
      }
    },
    {
      "data" : "એલુમ્યિચ્ચમ્  પલમ્ પૉલ્ <br>ણી કંણુક્કુક્ કલરા થૉનુરિયૅ <br>પોદિપ્ પૈયન્ એનક્કુચ્ <br>સોક્કુપ્ પોદિયપ્ પૉત્તુ ઑદુરિયૅ <br> <br>ઉન્  ણેનપ્પુલ થવિચ્ચિ <br>ણાન્ એળચ્ચુ થુરુમ્પા કરૈયિરનૅ <br>પૈથિયમ્યૅ પુદિચ્ચુ <br>ણાન્ રાવુમ્ પગલુમ્ પોલમ્પુરનૅ <br> <br>ઍય્ ! <br>ણાન્ સુમ્મ્યા થાનૅ કેદન્ધ્ધૅન્  - ઍન્? <br>એન્ ઉસુર ણૂલા થિરિચ્ચ <br> <br>ઉન્  મ્યૅલ વન્ધ્ધ આસૈ ઍનૉ ઉળ્ળુક્કુળ્ળ <br>મ્યેલ્લ મ્યુદિયામ્ય મ્યુલુઙ મ્યુદિયામ્ય <br>મ્યૂળૈયિલ્ ઉરુળુધદિ <br> <br>કાત્તુલ મ્યૅત્તુલ મ્યલૈયિલ મ્યલૈયિલ <br>વીત્તુલ થેરુવુલ સન્ધ્ધૈક્કુ ણદુવુલ <br>મ્યૂલૈ મ્યુદુક્કુલ પદુક્કૈયિન્ ઇદુક્કુળ્ળ <br>મ્યનસુ ઉન્નથ્ થૅદુધદિ <br>ઑદુર અરુવિયુમ્ કૂવુર કુરુવિયુમ્ <br>પૅસુર કુલન્ધ્ધૈયુમ્ પાદુર પરવૈયુમ્ <br>વાનમ્યુમ્ પૂમ્ઇય્યુમ્ વંયઙ્ગુર સામ્ઇય્યુમ્ <br>ણીયિલ્લામ્ય વાદુધદિ ! <br> <br>ણાન્ ણાન્ ણાન્ ણાન્ <br>પુધુ મ્યલૈયિન્ સારલૅ <br>મ્યૂન્દ્રૅ ણિમ્યિદમ્ વન્ધ્ધુ <br>મ્અંણૈ ણનૈક્કુમ્ થુળિયૈપ્ પૉલૅ <br> <br>ણાન્ ણાન્ ણાન્ ણાન્ <br>પુધુ પૂવિન્ વાસમ્યૅ <br>મ્યૂન્દ્રૅ ણોદિયિલ્ કાર્રૉદુ કલન્ધ્ધુ મ્યરૈન્ધ્ધિદુવૅનૅ <br> <br>વાનિન્ મ્યૅગમ્ ઍન્ થૂધાય્ મ્યારુધૅ <br>ઉન્ધ્ધન્ ણિલલ્ થૅદિપ્ પૉગુધૅ <br>થૅનિન્ કનમ્ કૂદ વિષમ્યાય્ મ્યારુધૅ <br>પિરિવિલ્ મ્યનમ્ વૅગુધૅ <br> <br>કાત્તુલ મ્યૅત્તુલ મ્યલૈયિલ મ્યલૈયિલ <br>વીત્તુલ થેરુવુલ સન્ધ્ધૈક્કુ ણદુવુલ <br>મ્યૂલૈ મ્યુદુક્કુલ પદુક્કૈયિન્ ઇદુક્કુલ <br>મ્યનસુ ઉન્નથ્ થૅદુધદિ <br> <br>ઑદુર અરુવિયુમ્ કૂવુર કુરુવિયુમ્ <br>પૅસુર કુલન્ધ્ધૈયુમ્ પાદુર પરવૈયુમ્ <br>વાનમ્યુમ્ પૂમ્ઇય્યુમ્ વંયઙ્ગુર સામ્ઇય્યુમ્ <br>ણીયિલ્લામ્ય વાદુધદિ ! <br> <br>એલુમ્યિચ્ચમ્ પલમ્ પૉલ્ ણી ણાક્કુલ પત્તા પુળિક્કિરિયૅ <br>મ્યૂન્દ્રામ્ પિરૈ પદથિલ્ વરુમ્ કમ્યલપ્ પૉલ ણદિક્કિરિયૅ <br>પૈથિયમ્યૅ પુદિચ્ચુ ણી રાવુમ્ પગલુમ્ પોલમ્પુરિયૅ <br>સુમ્મ્યા ણાન્ કલાચ્ચા ણી કૉચ્ચિત્તુ એઙ્ગૉ કેળમ્પુરિયૅ <br> <br>ઍય્ ! <br>ણાન્ સુમ્મ્યા થાનૅ કેદન્ધ્ધૅન્ - ઍન્ ? <br>એન્ ઉસુર ણૂલા થિરિચ્ચ <br>ઉન્ <br>મ્યૅલ વન્ધ્ધ આસૈ ઍનૉ ઉળ્ળુક્કુળ્ળ <br>મ્યેલ્લ મ્યુદિયામ્ય મ્યુલુઙ મ્યુદિયામ્ય <br>મ્યૂળૈયિલ્ ઉરુળુધદા <br> <br>કાત્તુલ મ્યૅત્તુલ મ્યલૈયિલ મ્યલૈયિલ <br>વીત્તુલ થેરુવુલ સન્ધ્ધૈક્કુ ણદુવુલ <br>મ્યૂલૈ મ્યુદુક્કુલ પદુક્કૈયિન્ ઇદુક્કુળ્ળ <br>મ્યનસુ ઉન્નથ્ થૅદુધદા <br> <br>ઑદુર અરુવિયુમ્ કૂવુર કુરુવિયુમ્ <br>પૅસુર કુલન્ધ્ધૈયુમ્ પાદુર પરવૈયુમ્ <br>વાનમ્યુમ્ પૂમ્ઇય્યુમ્ વંયઙ્ગુર સામ્ઇય્યુમ્ <br>ણીયિલ્લામ્ય વાદુધદા ! ",
      "language" : {
        "name" : "Gujarathi",
        "code" : "gu"
      }
    },
    {
      "data" : "एलुम्इच्चम  पलम पोल <br>नी कंणुक्कुक कलरा तोनुरिये <br>पोडिप पैयन एनक्कुच <br>सोककुप पोडियप पोटटु ओडुरिये <br> <br>उन  नेनप्पुल तविचचि <br>नान एळचचु तुरुमपा करैयिरने <br>पैतियम्ए पुडिचचु <br>नान रावुम पगलुम पोलम्पुड़ने <br> <br>एय ! <br>नान सुमम्आ ताने केडन्द धेन  - एन? <br>एन उसुर नूला तिरिचच <br> <br>उन  म्एल वन्द द आसै एनो उल्ळुक्कुल्ळ <br>म्एलल म्उडियाम्अ म्उलुङ म्उडियाम्अ <br>म्ऊळैयिल उरुळुदडि <br> <br>काटटुल म्एट्टुल म्अलैयिल म्अलैयिल <br>वीटटुल तेरुवुल सन्द धैक्कु नडुवुल <br>म्ऊलै म्उडुक्कुल पडुक्कैयिन इडुक्कुल्ळ <br>म्अनसु उननत तेडुदडि <br>ओडुड़ अरुवियुम कूवुड़ कुरुवियुम <br>पेसुड़ कुलन्द धैयुम पाडुड़ पड़वैयुम <br>वानम्उम पूम्ईउम वंअङ्गुड़ साम्ईउम <br>नीयिल्लाम्अ वाडुदडि ! <br> <br>नान नान नान नान <br>पुदु म्अलैयिन सारले <br>म्ऊन्ड्ड़े निम्इडम वन्द दु <br>म्अंणै ननैक्कुम तुऴियैप पोले <br> <br>नान नान नान नान <br>पुदु पूविन वासम्ए <br>म्ऊन्ड्ड़े नोडियिल कार्ड़ोडु कलन्द दु म्अड़ैन्द दिडुवेने <br> <br>वानिन म्एगम एन तूदाय म्आड़ुधे <br>उन्द दन निलल तेडिप पोगुधे <br>तेनिन कनम कूड विशम्आय म्आड़ुधे <br>पिरिविल म्अनम वेगुधे <br> <br>काटटुल म्एट्टुल म्अलैयिल म्अलैयिल <br>वीटटुल तेरुवुल सन्द धैक्कु नडुवुल <br>म्ऊलै म्उडुक्कुल पडुक्कैयिन इडुक्कुल <br>म्अनसु उननत तेडुदडि <br> <br>ओडुड़ अरुवियुम कूवुड़ कुरुवियुम <br>पेसुड़ कुलन्द धैयुम पाडुड़ पड़वैयुम <br>वानम्उम पूम्ईउम वंअङ्गुड़ साम्ईउम <br>नीयिल्लाम्अ वाडुदडि ! <br> <br>एलुम्इच्चम पलम पोल नी नाककुल पटटा पुऴिक्किरिये <br>म्ऊन्ड्ड़ाम पिड़ै पडतिल वरुम कम्अलप पोल नडिक्किरिये <br>पैतियम्ए पुडिचचु नी रावुम पगलुम पोलम्पुरिये <br>सुमम्आ नान कलाचचा नी कोच्चिट्टु एङगो केळम्पुरिये <br> <br>एय ! <br>नान सुमम्आ ताने केडन्द धेन - एन ? <br>एन उसुर नूला तिरिचच <br>उन <br>म्एल वन्द द आसै एनो उल्ळुक्कुल्ळ <br>म्एलल म्उडियाम्अ म्उलुङ म्उडियाम्अ <br>म्ऊळैयिल उरुळुदडा <br> <br>काटटुल म्एट्टुल म्अलैयिल म्अलैयिल <br>वीटटुल तेरुवुल सन्द धैक्कु नडुवुल <br>म्ऊलै म्उडुक्कुल पडुक्कैयिन इडुक्कुल्ळ <br>म्अनसु उननत तेडुदडा <br> <br>ओडुड़ अरुवियुम कूवुड़ कुरुवियुम <br>पेसुड़ कुलन्द धैयुम पाडुड़ पड़वैयुम <br>वानम्उम पूम्ईउम वंअङ्गुड़ साम्ईउम <br>नीयिल्लाम्अ वाडुदडा !",
      "language" : {
        "name" : "Marathi",
        "code" : "mr"
      }
    },
    {
      "data" : "ଏଳୁମ୍ଯିଚ୍ଚମ୍  ପଳମ୍ ପୋଳ୍ <br>ନୀ କଂଣୁକ୍କୁକ୍ କଳରା ଥୋନୁଡ଼ିଯେ <br>ପୋଦିପ୍ ପୈଯନ୍ ଏନକ୍କୁଚ୍ <br>ସୋକ୍କୁପ୍ ପୋଦିଯପ୍ ପୋତ୍ତୁ ଓଦୁଡ଼ିଯେ <br> <br>ଉନ୍  ନେନପ୍ପୁଳ ଥୱିଚ୍ଚି <br>ନାନ୍ ଏଲଚ୍ଚୁ ଥୁରୁମ୍ପା କରୈଯିରନେ <br>ପୈଥିଯମ୍ଯେ ପୁଦିଚ୍ଚୁ <br>ନାନ୍ ରାୱୁମ୍ ପଗଳୁମ୍ ପୋଳମ୍ପୁଡ଼ନେ <br> <br>ଏଯ୍ ! <br>ନାନ୍ ସୁମ୍ମ୍ଯା ଥାନେ କେଦନ୍ଧ୍ଧେନ୍  - ଏନ୍? <br>ଏନ୍ ଉସୁର ନୂଳା ଥିରିଚ୍ଚ <br> <br>ଉନ୍  ମ୍ଯେଳ ୱନ୍ଧ୍ଧ ଆସୈ ଏନୋ ଉଲ୍ଲୁକ୍କୁଲ୍ଲ <br>ମ୍ଯେଳ୍ଳ ମ୍ଯୁଦିଯାମ୍ଯ ମ୍ଯୁଳୁଙ ମ୍ଯୁଦିଯାମ୍ଯ <br>ମ୍ଯୂଲୈଯିଳ୍ ଉରୁଲୁଧଦି <br> <br>କାତ୍ତୁଳ ମ୍ଯେତ୍ତୁଳ ମ୍ଯଳୈଯିଳ ମ୍ଯଳୈଯିଳ <br>ୱୀତ୍ତୁଳ ଥେରୁୱୁଳ ସନ୍ଧ୍ଧୈକ୍କୁ ନଦୁୱୁଳ <br>ମ୍ଯୂଳୈ ମ୍ଯୁଦୁକ୍କୁଳ ପଦୁକ୍କୈଯିନ୍ ଇଦୁକ୍କୁଲ୍ଲ <br>ମ୍ଯନସୁ ଉନ୍ନଥ୍ ଥେଦୁଧଦି <br>ଓଦୁଡ଼ ଅରୁୱିଯୁମ୍ କୂୱୁଡ଼ କୁରୁୱିଯୁମ୍ <br>ପେସୁଡ଼ କୁଳନ୍ଧ୍ଧୈଯୁମ୍ ପାଦୁଡ଼ ପଡ଼ୱୈଯୁମ୍ <br>ୱାନମ୍ଯୁମ୍ ପୂମ୍ଇଯ୍ଯୁମ୍ ୱଂଯଙ୍ଗୁଡ଼ ସାମ୍ଇଯ୍ଯୁମ୍ <br>ନୀଯିଳ୍ଳାମ୍ଯ ୱାଦୁଧଦି ! <br> <br>ନାନ୍ ନାନ୍ ନାନ୍ ନାନ୍ <br>ପୁଧୁ ମ୍ଯଳୈଯିନ୍ ସାରଳେ <br>ମ୍ଯୂନ୍ଦ୍ଡ଼େ ନିମ୍ଯିଦମ୍ ୱନ୍ଧ୍ଧୁ <br>ମ୍ଅଂଣୈ ନନୈକ୍କୁମ୍ ଥୁଲିଯୈପ୍ ପୋଳେ <br> <br>ନାନ୍ ନାନ୍ ନାନ୍ ନାନ୍ <br>ପୁଧୁ ପୂୱିନ୍ ୱାସମ୍ଯେ <br>ମ୍ଯୂନ୍ଦ୍ଡ଼େ ନୋଦିଯିଳ୍ କାଡ଼୍ଡ଼ୋଦୁ କଳନ୍ଧ୍ଧୁ ମ୍ଯଡ଼ୈନ୍ଧ୍ଧିଦୁୱେନେ <br> <br>ୱାନିନ୍ ମ୍ଯେଗମ୍ ଏନ୍ ଥୂଧାଯ୍ ମ୍ଯାଡ଼ୁଧେ <br>ଉନ୍ଧ୍ଧନ୍ ନିଳଳ୍ ଥେଦିପ୍ ପୋଗୁଧେ <br>ଥେନିନ୍ କନମ୍ କୂଦ ୱିଶମ୍ଯାଯ୍ ମ୍ଯାଡ଼ୁଧେ <br>ପିରିୱିଳ୍ ମ୍ଯନମ୍ ୱେଗୁଧେ <br> <br>କାତ୍ତୁଳ ମ୍ଯେତ୍ତୁଳ ମ୍ଯଳୈଯିଳ ମ୍ଯଳୈଯିଳ <br>ୱୀତ୍ତୁଳ ଥେରୁୱୁଳ ସନ୍ଧ୍ଧୈକ୍କୁ ନଦୁୱୁଳ <br>ମ୍ଯୂଳୈ ମ୍ଯୁଦୁକ୍କୁଳ ପଦୁକ୍କୈଯିନ୍ ଇଦୁକ୍କୁଳ <br>ମ୍ଯନସୁ ଉନ୍ନଥ୍ ଥେଦୁଧଦି <br> <br>ଓଦୁଡ଼ ଅରୁୱିଯୁମ୍ କୂୱୁଡ଼ କୁରୁୱିଯୁମ୍ <br>ପେସୁଡ଼ କୁଳନ୍ଧ୍ଧୈଯୁମ୍ ପାଦୁଡ଼ ପଡ଼ୱୈଯୁମ୍ <br>ୱାନମ୍ଯୁମ୍ ପୂମ୍ଇଯ୍ଯୁମ୍ ୱଂଯଙ୍ଗୁଡ଼ ସାମ୍ଇଯ୍ଯୁମ୍ <br>ନୀଯିଳ୍ଳାମ୍ଯ ୱାଦୁଧଦି ! <br> <br>ଏଳୁମ୍ଯିଚ୍ଚମ୍ ପଳମ୍ ପୋଳ୍ ନୀ ନାକ୍କୁଳ ପତ୍ତା ପୁଲିକ୍କିଡ଼ିଯେ <br>ମ୍ଯୂନ୍ଦ୍ଡ଼ାମ୍ ପିଡ଼ୈ ପଦଥିଳ୍ ୱରୁମ୍ କମ୍ଯଳପ୍ ପୋଳ ନଦିକ୍କିଡ଼ିଯେ <br>ପୈଥିଯମ୍ଯେ ପୁଦିଚ୍ଚୁ ନୀ ରାୱୁମ୍ ପଗଳୁମ୍ ପୋଳମ୍ପୁଡ଼ିଯେ <br>ସୁମ୍ମ୍ଯା ନାନ୍ କଳାଚ୍ଚା ନୀ କୋଚ୍ଚିତ୍ତୁ ଏଙ୍ଗୋ କେଲମ୍ପୁଡ଼ିଯେ <br> <br>ଏଯ୍ ! <br>ନାନ୍ ସୁମ୍ମ୍ଯା ଥାନେ କେଦନ୍ଧ୍ଧେନ୍ - ଏନ୍ ? <br>ଏନ୍ ଉସୁର ନୂଳା ଥିରିଚ୍ଚ <br>ଉନ୍ <br>ମ୍ଯେଳ ୱନ୍ଧ୍ଧ ଆସୈ ଏନୋ ଉଲ୍ଲୁକ୍କୁଲ୍ଲ <br>ମ୍ଯେଳ୍ଳ ମ୍ଯୁଦିଯାମ୍ଯ ମ୍ଯୁଳୁଙ ମ୍ଯୁଦିଯାମ୍ଯ <br>ମ୍ଯୂଲୈଯିଳ୍ ଉରୁଲୁଧଦା <br> <br>କାତ୍ତୁଳ ମ୍ଯେତ୍ତୁଳ ମ୍ଯଳୈଯିଳ ମ୍ଯଳୈଯିଳ <br>ୱୀତ୍ତୁଳ ଥେରୁୱୁଳ ସନ୍ଧ୍ଧୈକ୍କୁ ନଦୁୱୁଳ <br>ମ୍ଯୂଳୈ ମ୍ଯୁଦୁକ୍କୁଳ ପଦୁକ୍କୈଯିନ୍ ଇଦୁକ୍କୁଲ୍ଲ <br>ମ୍ଯନସୁ ଉନ୍ନଥ୍ ଥେଦୁଧଦା <br> <br>ଓଦୁଡ଼ ଅରୁୱିଯୁମ୍ କୂୱୁଡ଼ କୁରୁୱିଯୁମ୍ <br>ପେସୁଡ଼ କୁଳନ୍ଧ୍ଧୈଯୁମ୍ ପାଦୁଡ଼ ପଡ଼ୱୈଯୁମ୍ <br>ୱାନମ୍ଯୁମ୍ ପୂମ୍ଇଯ୍ଯୁମ୍ ୱଂଯଙ୍ଗୁଡ଼ ସାମ୍ଇଯ୍ଯୁମ୍ <br>ନୀଯିଳ୍ଳାମ୍ଯ ୱାଦୁଧଦା ! ",
      "language" : {
        "name" : "Oriya",
        "code" : "or"
      }
    },
    {
      "data" : "एलुम्इच्चम  पलम पोल <br>नी कंणुक्कुक कलरा तोनुरिये <br>पोडिप पैयन एनक्कुच <br>सोककुप पोडियप पोटटु ओडुरिये <br> <br>उन  नेनप्पुल तविचचि <br>नान एळचचु तुरुमपा करैयिरने <br>पैतियम्ए पुडिचचु <br>नान रावुम पगलुम पोलम्पुड़ने <br> <br>एय ! <br>नान सुमम्आ ताने केडन्द धेन  - एन? <br>एन उसुर नूला तिरिचच <br> <br>उन  म्एल वन्द द आसै एनो उल्ळुक्कुल्ळ <br>म्एलल म्उडियाम्अ म्उलुङ म्उडियाम्अ <br>म्ऊळैयिल उरुळुदडि <br> <br>काटटुल म्एट्टुल म्अलैयिल म्अलैयिल <br>वीटटुल तेरुवुल सन्द धैक्कु नडुवुल <br>म्ऊलै म्उडुक्कुल पडुक्कैयिन इडुक्कुल्ळ <br>म्अनसु उननत तेडुदडि <br>ओडुड़ अरुवियुम कूवुड़ कुरुवियुम <br>पेसुड़ कुलन्द धैयुम पाडुड़ पड़वैयुम <br>वानम्उम पूम्ईउम वंअङ्गुड़ साम्ईउम <br>नीयिल्लाम्अ वाडुदडि ! <br> <br>नान नान नान नान <br>पुदु म्अलैयिन सारले <br>म्ऊन्ड्ड़े निम्इडम वन्द दु <br>म्अंणै ननैक्कुम तुऴियैप पोले <br> <br>नान नान नान नान <br>पुदु पूविन वासम्ए <br>म्ऊन्ड्ड़े नोडियिल कार्ड़ोडु कलन्द दु म्अड़ैन्द दिडुवेने <br> <br>वानिन म्एगम एन तूदाय म्आड़ुधे <br>उन्द दन निलल तेडिप पोगुधे <br>तेनिन कनम कूड विशम्आय म्आड़ुधे <br>पिरिविल म्अनम वेगुधे <br> <br>काटटुल म्एट्टुल म्अलैयिल म्अलैयिल <br>वीटटुल तेरुवुल सन्द धैक्कु नडुवुल <br>म्ऊलै म्उडुक्कुल पडुक्कैयिन इडुक्कुल <br>म्अनसु उननत तेडुदडि <br> <br>ओडुड़ अरुवियुम कूवुड़ कुरुवियुम <br>पेसुड़ कुलन्द धैयुम पाडुड़ पड़वैयुम <br>वानम्उम पूम्ईउम वंअङ्गुड़ साम्ईउम <br>नीयिल्लाम्अ वाडुदडि ! <br> <br>एलुम्इच्चम पलम पोल नी नाककुल पटटा पुऴिक्किरिये <br>म्ऊन्ड्ड़ाम पिड़ै पडतिल वरुम कम्अलप पोल नडिक्किरिये <br>पैतियम्ए पुडिचचु नी रावुम पगलुम पोलम्पुरिये <br>सुमम्आ नान कलाचचा नी कोच्चिट्टु एङगो केळम्पुरिये <br> <br>एय ! <br>नान सुमम्आ ताने केडन्द धेन - एन ? <br>एन उसुर नूला तिरिचच <br>उन <br>म्एल वन्द द आसै एनो उल्ळुक्कुल्ळ <br>म्एलल म्उडियाम्अ म्उलुङ म्उडियाम्अ <br>म्ऊळैयिल उरुळुदडा <br> <br>काटटुल म्एट्टुल म्अलैयिल म्अलैयिल <br>वीटटुल तेरुवुल सन्द धैक्कु नडुवुल <br>म्ऊलै म्उडुक्कुल पडुक्कैयिन इडुक्कुल्ळ <br>म्अनसु उननत तेडुदडा <br> <br>ओडुड़ अरुवियुम कूवुड़ कुरुवियुम <br>पेसुड़ कुलन्द धैयुम पाडुड़ पड़वैयुम <br>वानम्उम पूम्ईउम वंअङ्गुड़ साम्ईउम <br>नीयिल्लाम्अ वाडुदडा !",
      "language" : {
        "name" : "konkani",
        "code" : "ko"
      }
    }
  ],
  "mood" : {
    "slug" : "excited",
    "name" : "Excited"
  },
  "thumbnail" : "https:\/\/d1ua79hvv369a0.cloudfront.net\/reflection\/thumbnail\/26-April-2016\/Elumiccham_thumb.jpg",
  "language" : {
    "name" : "Tamil",
    "code" : "ta"
  },
  "slug" : "elumichcham",
  "info" : {
    "lyric_genres" : [
      {
        "name" : {
          "en" : "Romance",
          "hi" : "Romance",
          "te" : "Romance",
          "ta" : "காதல்"
        }
      }
    ],
    "thaalams" : [
      {
        "name" : {
          "en" : "Adi",
          "hi" : "Adi",
          "te" : "Adi",
          "ta" : "அடி"
        }
      }
    ],
    "lyric_languages" : [
      {
        "name" : {
          "en" : "Tamil",
          "hi" : "Tamil",
          "te" : "Tamil",
          "ta" : "தமிழ்"
        }
      }
    ],
    "lyric_moods" : [
      {
        "name" : {
          "en" : "Excited",
          "hi" : "Excited",
          "te" : "Excited",
          "ta" : "உற்சாகம்"
        }
      }
    ],
    "music_genres" : [
      {
        "name" : {
          "en" : "Folk Pop",
          "hi" : "Folk Pop",
          "te" : "Folk Pop",
          "ta" : "ஃபோக் பாப்"
        }
      }
    ],
    "best_seasons_to_listen" : [
      {
        "name" : {
          "en" : "Summer",
          "hi" : "Summer",
          "te" : "Summer",
          "ta" : "கோடைக் காலம்"
        }
      },
      {
        "name" : {
          "en" : "Spring",
          "hi" : "Spring",
          "te" : "Spring",
          "ta" : "வசந்தகாலம்"
        }
      }
    ],
    "launch_date" : {
      "en" : "27\/04\/2016",
      "hi" : "27\/04\/2016",
      "te" : "27\/04\/2016",
      "ta" : "27\/04\/2016"
    },
    "lyric_styles" : [
      {
        "name" : {
          "en" : "Contemporary",
          "hi" : "Contemporary",
          "te" : "Contemporary",
          "ta" : "சமகால நடை"
        }
      }
    ],
    "best_time_to_listen" : [
      {
        "name" : {
          "en" : "Evening",
          "hi" : "Evening",
          "te" : "Evening",
          "ta" : "மாலை"
        }
      },
      {
        "name" : {
          "en" : "Night",
          "hi" : "Night",
          "te" : "Night",
          "ta" : "இரவு"
        }
      }
    ],
    "duration" : 3.53,
    "raagams" : [
      {
        "name" : {
          "en" : "Kharaharapriya Scale",
          "hi" : "Kharaharapriya Scale",
          "te" : "Kharaharapriya Scale",
          "ta" : "கரஹரப்ரியா ஸ்கேல்"
        }
      }
    ],
    "instruments" : [
      {
        "name" : {
          "en" : "Electronic",
          "hi" : "Electronic",
          "te" : "Electronic",
          "ta" : "எலக்ட்ரானிக்"
        }
      }
    ]
  }
}