{
  "title" : {
    "en" : "Enadhazhage",
    "hi" : "Enadhazhage",
    "te" : "Enadhazhage",
    "ta" : "எனதழகே"
  },
  "credits" : {
    "mixers" : [
      {
        "name" : {
          "en" : "Pasan Liyanage",
          "hi" : "Pasan Liyanage",
          "te" : "Pasan Liyanage",
          "ta" : "பஸன் லியனேஜ்"
        }
      }
    ],
    "masters" : [
      {
        "name" : {
          "en" : "PG Ragesh",
          "hi" : "PG Ragesh",
          "te" : "PG Ragesh",
          "ta" : "PG ராகேஷ்"
        }
      }
    ],
    "composers" : [
      {
        "name" : {
          "en" : "Raj",
          "hi" : "Raj",
          "te" : "Raj",
          "ta" : "ராஜ்"
        }
      },
      {
        "name" : {
          "en" : "Kapil",
          "hi" : "Kapil",
          "te" : "Kapil",
          "ta" : "கபில்"
        }
      }
    ],
    "lyricists" : [
      {
        "name" : {
          "en" : "Karky",
          "hi" : "Karky",
          "te" : "Karky",
          "ta" : "கார்க்கி"
        }
      }
    ],
    "featuring" : [
      {
        "name" : {
          "en" : "Raj",
          "hi" : "Raj",
          "te" : "Raj",
          "ta" : "ராஜ்"
        }
      }
    ],
    "video_directed_by" : [
      {
        "name" : {
          "en" : "Ayesh Wijeratne",
          "hi" : "Ayesh Wijeratne",
          "te" : "Ayesh Wijeratne",
          "ta" : "ஆயிஷ் வைஜரட்னே"
        }
      }
    ],
    "arrangers" : [
      {
        "name" : {
          "en" : "Raj",
          "hi" : "Raj",
          "te" : "Raj",
          "ta" : "ராஜ்"
        }
      },
      {
        "name" : {
          "en" : "Kapil",
          "hi" : "Kapil",
          "te" : "Kapil",
          "ta" : "கபில்"
        }
      }
    ],
    "producers" : [
      {
        "name" : {
          "en" : "Raj",
          "hi" : "Raj",
          "te" : "Raj",
          "ta" : "ராஜ்"
        }
      },
      {
        "name" : {
          "en" : "Kapil",
          "hi" : "Kapil",
          "te" : "Kapil",
          "ta" : "கபில்"
        }
      }
    ],
    "singers" : [
      {
        "name" : {
          "en" : "Mihindu Ariyaratne",
          "hi" : "Mihindu Ariyaratne",
          "te" : "Mihindu Ariyaratne",
          "ta" : "மிஹிந்து அரியரத்னே"
        }
      }
    ],
    "video_production" : [
      {
        "name" : {
          "en" : "Colombo Films",
          "hi" : "Colombo Films",
          "te" : "Colombo Films",
          "ta" : "கொலம்போ ஃபில்ம்ஸ்"
        }
      }
    ],
    "lyric_video_senior_editor" : [
      {
        "name" : {
          "en" : "Shyam Sundar Murugesan",
          "hi" : "Shyam Sundar Murugesan",
          "te" : "Shyam Sundar Murugesan",
          "ta" : "ஷியாம் சுந்தர் முருகேசன்"
        }
      }
    ],
    "recorded_studios" : [
      {
        "name" : {
          "en" : "Amusync Entertainment Pvt Ltd",
          "hi" : "Amusync Entertainment Pvt Ltd",
          "te" : "Amusync Entertainment Pvt Ltd",
          "ta" : "அம்யூஸின்க் எண்டர்டெய்ன்மெண்ட்"
        }
      }
    ],
    "translator" : [
      {
        "name" : {
          "en" : "Jayashree Ramanujam",
          "hi" : "Jayashree Ramanujam",
          "te" : "Jayashree Ramanujam",
          "ta" : "ஜெயஸ்ரீ இராமானுஜம்"
        }
      }
    ],
    "manager_of_visual_content" : [
      {
        "name" : {
          "en" : "Gokula Krishnan R Vasugi, MFI",
          "hi" : "Gokula Krishnan R Vasugi, MFI",
          "te" : "Gokula Krishnan R Vasugi, MFI",
          "ta" : "கோகுல கிருஷ்ணன் R வாசுகி MFI"
        }
      }
    ],
    "sound_engineers" : [
      {
        "name" : {
          "en" : "Pasan Liyanage",
          "hi" : "Pasan Liyanage",
          "te" : "Pasan Liyanage",
          "ta" : "பஸன் லியனேஜ்"
        }
      },
      {
        "name" : {
          "en" : "PG Ragesh",
          "hi" : "PG Ragesh",
          "te" : "PG Ragesh",
          "ta" : "PG ராகேஷ்"
        }
      },
      {
        "name" : {
          "en" : "Thilina Boralessa",
          "hi" : "Thilina Boralessa",
          "te" : "Thilina Boralessa",
          "ta" : "திலினா பொரலெஸ்ஸா"
        }
      }
    ],
    "lyric_video_editor" : [
      {
        "name" : {
          "en" : "Mithran.B",
          "hi" : "Mithran.B",
          "te" : "Mithran.B",
          "ta" : "மித்திரன்.B"
        }
      }
    ]
  },
  "active" : true,
  "published_on" : "2016-05-27T12:30:00.000Z",
  "description" : {
    "en" : "Ever been in love, been betrayed, felt lost and gave up on life? To all of you who love deeply and sincerely, Enadhazhage is a tribute to you. Love stronger, cross the skies for them, brave the storm, it’s alright even if they don’t get it now, they will someday, in life or in death.",
    "hi" : "Ever been in love, been betrayed, felt lost and gave up on life? To all of you who love deeply and sincerely, Enadhazhage is a tribute to you. Love stronger, cross the skies for them, brave the storm, it’s alright even if they don’t get it now, they will someday, in life or in death.",
    "te" : "Ever been in love, been betrayed, felt lost and gave up on life? To all of you who love deeply and sincerely, Enadhazhage is a tribute to you. Love stronger, cross the skies for them, brave the storm, it’s alright even if they don’t get it now, they will someday, in life or in death.",
    "ta" : "Ever been in love, been betrayed, felt lost and gave up on life? To all of you who love deeply and sincerely, Enadhazhage is a tribute to you. Love stronger, cross the skies for them, brave the storm, it’s alright even if they don’t get it now, they will someday, in life or in death."
  },
  "poster" : "https:\/\/d1ua79hvv369a0.cloudfront.net\/reflection\/poster\/27-May-2016\/Enadhazhage_cover.jpg",
  "album" : {
    "title" : {
      "en" : "Enadhazhage",
      "hi" : "Enadhazhage",
      "te" : "Enadhazhage",
      "ta" : "Enadhazhage"
    },
    "id" : "45",
    "thumbnail" : "https:\/\/d1ua79hvv369a0.cloudfront.net\/reflection\/thumbnail\/27-May-2016\/Enadhazhage_thumb.jpg"
  },
  "critics" : [
    {
      "review" : {
        "instrument" : {
          "comment" : {
            "en" : "Straight forward sequencing and minimal usage of instruments makes it an ideal road song",
            "hi" : "Straight forward sequencing and minimal usage of instruments makes it an ideal road song",
            "te" : "Straight forward sequencing and minimal usage of instruments makes it an ideal road song",
            "ta" : "Straight forward sequencing and minimal usage of instruments makes it an ideal road song"
          },
          "score" : 11
        },
        "overall" : {
          "comment" : {
            "en" : "Journey to Mild Trance!",
            "hi" : "Journey to Mild Trance!",
            "te" : "Journey to Mild Trance!",
            "ta" : "Journey to Mild Trance!"
          },
          "score" : 10
        },
        "vocal" : {
          "comment" : {
            "en" : "Vocals focus on breeziness and relaxing nuances with a tinge of sultriness.",
            "hi" : "Vocals focus on breeziness and relaxing nuances with a tinge of sultriness.",
            "te" : "Vocals focus on breeziness and relaxing nuances with a tinge of sultriness.",
            "ta" : "Ballad like tune which has little scope for changeovers."
          },
          "score" : 10
        },
        "tune" : {
          "comment" : {
            "en" : "Ballad like tune which has little scope for changeovers.",
            "hi" : "Ballad like tune which has little scope for changeovers.",
            "te" : "Ballad like tune which has little scope for changeovers.",
            "ta" : "Ballad like tune which has little scope for changeovers."
          },
          "score" : 9
        },
        "lyric" : {
          "comment" : {
            "en" : "Soothing lyrics which touch the introspective aspect of love.",
            "hi" : "Soothing lyrics which touch the introspective aspect of love.",
            "te" : "Soothing lyrics which touch the introspective aspect of love.",
            "ta" : "Soothing lyrics which touch the introspective aspect of love."
          },
          "score" : 10
        }
      },
      "author" : {
        "name" : "Durga",
        "image" : "https:\/\/d1ua79hvv369a0.cloudfront.net\/reflection\/critic\/critic-durga.png"
      },
      "rating" : 10
    },
    {
      "review" : {
        "instrument" : {
          "comment" : {
            "en" : "Auto tune has an overwhelming presence in this song with little room for acoustic sounds.",
            "hi" : "Auto tune has an overwhelming presence in this song with little room for acoustic sounds.",
            "te" : "Auto tune has an overwhelming presence in this song with little room for acoustic sounds.",
            "ta" : "Auto tune has an overwhelming presence in this song with little room for acoustic sounds."
          },
          "score" : 4
        },
        "overall" : {
          "comment" : {
            "en" : "Nothing special on offer from this romance ballad.",
            "hi" : "Nothing special on offer from this romance ballad.",
            "te" : "Nothing special on offer from this romance ballad.",
            "ta" : "Nothing special on offer from this romance ballad."
          },
          "score" : 4.25
        },
        "vocal" : {
          "comment" : {
            "en" : "A Vishal Dadlani, Adnan Sami wannabe not just in the style of singing but also in diction.",
            "hi" : "A Vishal Dadlani, Adnan Sami wannabe not just in the style of singing but also in diction.",
            "te" : "A Vishal Dadlani, Adnan Sami wannabe not just in the style of singing but also in diction.",
            "ta" : "A romance ballad with nothing new to offer."
          },
          "score" : 4
        },
        "tune" : {
          "comment" : {
            "en" : "A romance ballad with nothing new to offer.",
            "hi" : "A romance ballad with nothing new to offer.",
            "te" : "A romance ballad with nothing new to offer.",
            "ta" : "A romance ballad with nothing new to offer."
          },
          "score" : 4
        },
        "lyric" : {
          "comment" : {
            "en" : "Of love failure and longing to hear from the loved one.",
            "hi" : "Of love failure and longing to hear from the loved one.",
            "te" : "Of love failure and longing to hear from the loved one.",
            "ta" : "Of love failure and longing to hear from the loved one."
          },
          "score" : 5
        }
      },
      "author" : {
        "name" : "Kaushik",
        "image" : "https:\/\/d1ua79hvv369a0.cloudfront.net\/reflection\/critic\/Kaushik-200x200.jpg"
      },
      "rating" : 4.25
    }
  ],
  "type" : {
    "slug" : "independent-music",
    "name" : "Independent Music"
  },
  "lyrics" : [
    {
      "data" : "எனதழகே நீயில்லாமலே<br>எதில் வாழுவேன்?<br>உனதிதயத் தீயில்லாமலே<br>எதில் வீழுவேன்?<br><br>இமை திறக்காது கிடப்பின்<br>எதில் எந்தன் வாசல் அமைப்பேன்?<br><br>உன் பார்வை இல்லாமல்<br>என் நாளை இங்கில்லை!<br>உன் வார்த்தையின்றி <br>காற்றும் மெய்யில்லை!<br><br>பெண்ணே நீ சொல்வாயா?<br>இங்கெல்லாமே பொய்யா?<br>என் கண்கள் இனி தேவையில்லை!<br><br>தோளில் துயில்கையில்<br>பேரை முனகினாய்<br>எனது இதயங்கிழிந்தேன்....<br><br>பொய்கள் தொடருவாய்<br>கோபத்தை எழுப்புவாய் <br>நான் என் இதயம் அறுந்தேன்<br><br>உனது விரல்களைக் கோக்க<br>அழைத்துச் செல் எனையும்...<br><br>உன் பார்வை இல்லாமல்<br>என் நாளை இங்கில்லை!<br>உன் வார்த்தையின்றி <br>காற்றும் மெய்யில்லை!<br><br>பெண்ணே நீ சொல்வாயா?<br>இங்கெல்லாமே பொய்யா?<br>என் கண்கள் இனி தேவையில்லை!<br><br>உடைந்து போன என்<br>உலகம் ஒன்றிலே<br>உன்னை விலக நினைத்தேன்<br><br>உன்னைப் பிரிவதும்<br>உயிரைப் பிரிவதும்<br>வேறு அல்ல உணர்ந்தேன்<br><br><br>பிரிந்த பிறகு அக் கோபம்<br>கொன்று என்னை புதைக்க...<br><br>உன் பார்வை இல்லாமல்<br>என் நாளை இங்கில்லை!<br>உன் வார்த்தையின்றி <br>காற்றும் மெய்யில்லை!<br><br>பெண்ணே நீ சொல்வாயா?<br>இங்கெல்லாமே பொய்யா?<br>என் கண்கள் இனி தேவையில்லை!",
      "language" : {
        "name" : "Tamil",
        "code" : "ta"
      }
    }
  ],
  "id" : "61",
  "phonetic_lyrics" : [
    {
      "data" : "enadhazhagae neeyillaamalae<br>edhil vaazhuvaen?<br>unadhidhayath theeyillaamalae<br>edhil veezhuvaen?<br><br>imai thiRakkaadhu kidappin<br>edhil endhdhan vaasal amaippaen?<br><br>un paarvai illaamal<br>en naaLai inggillai!<br>un vaarthaiyindRi<br>kaatRum meyyillai!<br><br>peNNae nee solvaayaa?<br>inggellaamae poyyaa?<br>en kaNkaL ini thaevaiyillai!<br><br>thoaLil thuyilkaiyil<br>paerai munaginaay<br>enadhu idhayanggizhindhdhaen....<br><br>poykaL thodaruvaay<br>koabathai ezhuppuvaay<br>naan en idhayam aRundhdhaen<br><br>unadhu viralkaLaik koakka<br>azhaithu chel enaiyum...<br><br>un paarvai illaamal<br>en naaLai inggillai!<br>un vaarthaiyindRi<br>kaatRum meyyillai!<br><br>peNNae nee solvaayaa?<br>inggellaamae poyyaa?<br>en kaNkaL ini thaevaiyillai!<br><br>udaindhdhu poana en<br>ulagam ondRilae<br>unnai vilaga ninaithaen<br><br>unnaip pirivadhum<br>uyiraip pirivadhum<br>vaeRu alla uNarndhdhaen<br><br><br>pirindhdha piRagu ak koabam<br>kondRu ennai pudhaikka...<br><br>un paarvai illaamal<br>en naaLai inggillai!<br>un vaarthaiyindRi<br>kaatRum meyyillai!<br><br>peNNae nee solvaayaa?<br>inggellaamae poyyaa?<br>en kaNkaL ini thaevaiyillai!",
      "language" : {
        "name" : "English",
        "code" : "en"
      }
    },
    {
      "data" : "எனதழகே நீயில்லாமலே<br>எதில் வாழுவேன்?<br>உனதிதயத் தீயில்லாமலே<br>எதில் வீழுவேன்?<br><br>இமை திறக்காது கிடப்பின்<br>எதில் எந்தன் வாசல் அமைப்பேன்?<br><br>உன் பார்வை இல்லாமல்<br>என் நாளை இங்கில்லை!<br>உன் வார்த்தையின்றி <br>காற்றும் மெய்யில்லை!<br><br>பெண்ணே நீ சொல்வாயா?<br>இங்கெல்லாமே பொய்யா?<br>என் கண்கள் இனி தேவையில்லை!<br><br>தோளில் துயில்கையில்<br>பேரை முனகினாய்<br>எனது இதயங்கிழிந்தேன்....<br><br>பொய்கள் தொடருவாய்<br>கோபத்தை எழுப்புவாய் <br>நான் என் இதயம் அறுந்தேன்<br><br>உனது விரல்களைக் கோக்க<br>அழைத்துச் செல் எனையும்...<br><br>உன் பார்வை இல்லாமல்<br>என் நாளை இங்கில்லை!<br>உன் வார்த்தையின்றி <br>காற்றும் மெய்யில்லை!<br><br>பெண்ணே நீ சொல்வாயா?<br>இங்கெல்லாமே பொய்யா?<br>என் கண்கள் இனி தேவையில்லை!<br><br>உடைந்து போன என்<br>உலகம் ஒன்றிலே<br>உன்னை விலக நினைத்தேன்<br><br>உன்னைப் பிரிவதும்<br>உயிரைப் பிரிவதும்<br>வேறு அல்ல உணர்ந்தேன்<br><br><br>பிரிந்த பிறகு அக் கோபம்<br>கொன்று என்னை புதைக்க...<br><br>உன் பார்வை இல்லாமல்<br>என் நாளை இங்கில்லை!<br>உன் வார்த்தையின்றி <br>காற்றும் மெய்யில்லை!<br><br>பெண்ணே நீ சொல்வாயா?<br>இங்கெல்லாமே பொய்யா?<br>என் கண்கள் இனி தேவையில்லை!",
      "language" : {
        "name" : "Tamil",
        "code" : "ta"
      }
    },
    {
      "data" : "एनदलगे नीयिल्लाम्अले <br>एदिल वालुवेन? <br>उनदिदयत तीयिल्लाम्अले <br>एदिल वीलुवेन? <br> <br>इम्ऐ तिड़क्कादु किडप्पिन <br>एदिल एन्द दन वासल अम्ऐप्पेन? <br> <br>उन पारवै इल्लाम्अल <br>एन नाळै इङ्गिल्लै! <br>उन वार्तैयिन्ड्रि <br>काटड़ुम म्एय्यिल्लै! <br> <br>पेंणे नी सोलवाया? <br>इङ्गेल्लाम्ए पोयया? <br>एन कंकल इनि तेवैयिल्लै! <br> <br>तोऴिल तुयिल्कैयिल <br>पेरै म्उनगिनाय <br>एनदु इदयङ्गिलिन्द धेन.... <br> <br>पोयकल तोडरुवाय <br>कोबतै एलुप्पुवाय <br>नान एन इदयम अड़ुन्द धेन <br> <br>उनदु विरल्कळैक कोकक <br>अलैतु चेल एनैयुम... <br> <br>उन पारवै इल्लाम्अल <br>एन नाळै इङ्गिल्लै! <br>उन वार्तैयिन्ड्रि <br>काटड़ुम म्एय्यिल्लै! <br> <br>पेंणे नी सोलवाया? <br>इङ्गेल्लाम्ए पोयया? <br>एन कंकल इनि तेवैयिल्लै! <br> <br>उडैन्द दु पोन एन <br>उलगम ओन्ड्रिले <br>उननै विलग निनैतेन <br> <br>उननैप पिरिवदुम <br>उयिरैप पिरिवदुम <br>वेड़ु अलल उंअर्न्द धेन <br> <br> <br>पिरिन्द द पिड़गु अक कोबम <br>कोनडड़ु एननै पुधैकक... <br> <br>उन पारवै इल्लाम्अल <br>एन नाळै इङ्गिल्लै! <br>उन वार्तैयिन्ड्रि <br>काटड़ुम म्एय्यिल्लै! <br> <br>पेंणे नी सोलवाया? <br>इङ्गेल्लाम्ए पोयया? <br>एन कंकल इनि तेवैयिल्लै!",
      "language" : {
        "name" : "Hindi",
        "code" : "hi"
      }
    },
    {
      "data" : "ఎనధలగే నెయిల్లామ్యలే <br>ఎధిల్ వాలువేన్? <br>ఉనధిధయథ్ థీయిల్లామ్యలే <br>ఎధిల్ వీలువేన్? <br> <br>ఇమ్యై థిఱక్కాధు కిదప్పిన్ <br>ఎధిల్ ఎన్ధ్ధన్ వాసల్ అమ్యైప్పేన్? <br> <br>ఉన్ పార్వై ఇల్లామ్యల్ <br>ఎన్ నాళై ఇఙ్గిల్లై! <br>ఉన్ వార్థైయిన్ద్ఱి <br>కాత్ఱుమ్ మ్యెయ్యిల్లై! <br> <br>పెంణే నె సొల్వాయా? <br>ఇఙ్గెల్లామ్యే పొయ్యా? <br>ఎన్ కంకళ్ ఇని థేవైయిల్లై! <br> <br>థోళిల్ థుయిల్కైయిల్ <br>పేరై మ్యునగినాయ్ <br>ఎనధు ఇధయఙ్గిలిన్ధ్ధేన్.... <br> <br>పొయ్కళ్ థొదరువాయ్ <br>కోబథై ఎలుప్పువాయ్ <br>నాన్ ఎన్ ఇధయమ్ అఱున్ధ్ధేన్ <br> <br>ఉనధు విరల్కళైక్ కోక్క <br>అలైథు ఛెల్ ఎనైయుమ్... <br> <br>ఉన్ పార్వై ఇల్లామ్యల్ <br>ఎన్ నాళై ఇఙ్గిల్లై! <br>ఉన్ వార్థైయిన్ద్ఱి <br>కాత్ఱుమ్ మ్యెయ్యిల్లై! <br> <br>పెంణే నె సొల్వాయా? <br>ఇఙ్గెల్లామ్యే పొయ్యా? <br>ఎన్ కంకళ్ ఇని థేవైయిల్లై! <br> <br>ఉదైన్ధ్ధు పోన ఎన్ <br>ఉలగమ్ ఒన్ద్ఱిలే <br>ఉన్నై విలగ నినైథేన్ <br> <br>ఉన్నైప్ పిరివధుమ్ <br>ఉయిరైప్ పిరివధుమ్ <br>వేఱు అల్ల ఉంయర్న్ధ్ధేన్ <br> <br> <br>పిరిన్ధ్ధ పిఱగు అక్ కోబమ్ <br>కొన్ద్ఱు ఎన్నై పుధైక్క... <br> <br>ఉన్ పార్వై ఇల్లామ్యల్ <br>ఎన్ నాళై ఇఙ్గిల్లై! <br>ఉన్ వార్థైయిన్ద్ఱి <br>కాత్ఱుమ్ మ్యెయ్యిల్లై! <br> <br>పెంణే నె సొల్వాయా? <br>ఇఙ్గెల్లామ్యే పొయ్యా? <br>ఎన్ కంకళ్ ఇని థేవైయిల్లై!",
      "language" : {
        "name" : "Telugu",
        "code" : "te"
      }
    },
    {
      "data" : "എനധഴഗേ നീയില്ലാമ്യലേ <br>എധില് വാഴുവേന്? <br>ഉനധിധയഥ് ഥീയില്ലാമ്യലേ <br>എധില് വീഴുവേന്? <br> <br>ഇമ്യൈ ഥിറക്കാധു കിദപ്പിന് <br>എധില് എന്ധ്ധന് വാസല് അമ്യൈപ്പേന്? <br> <br>ഉന് പാര്വൈ ഇല്ലാമ്യല് <br>എന് നാളൈ ഇങ്ഗില്ലൈ! <br>ഉന് വാര്ഥൈയിന്ദ്റി <br>കാത്റുമ് മ്യെയ്യില്ലൈ! <br> <br>പെംണേ നീ സൊല്വായാ? <br>ഇങ്ഗെല്ലാമ്യേ പൊയ്യാ? <br>എന് കംകള് ഇനി ഥേവൈയില്ലൈ! <br> <br>ഥോളില് ഥുയില്കൈയില് <br>പേരൈ മ്യുനഗിനായ് <br>എനധു ഇധയങ്ഗിഴിന്ധ്ധേന്.... <br> <br>പൊയ്കള് ഥൊദരുവായ് <br>കോബഥൈ എഴുപ്പുവായ് <br>നാന് എന് ഇധയമ് അറുന്ധ്ധേന് <br> <br>ഉനധു വിരല്കളൈക് കോക്ക <br>അഴൈഥു ചെല് എനൈയുമ്... <br> <br>ഉന് പാര്വൈ ഇല്ലാമ്യല് <br>എന് നാളൈ ഇങ്ഗില്ലൈ! <br>ഉന് വാര്ഥൈയിന്ദ്റി <br>കാത്റുമ് മ്യെയ്യില്ലൈ! <br> <br>പെംണേ നീ സൊല്വായാ? <br>ഇങ്ഗെല്ലാമ്യേ പൊയ്യാ? <br>എന് കംകള് ഇനി ഥേവൈയില്ലൈ! <br> <br>ഉദൈന്ധ്ധു പോന എന് <br>ഉലഗമ് ഒന്ദ്റിലേ <br>ഉന്നൈ വിലഗ നിനൈഥേന് <br> <br>ഉന്നൈപ് പിരിവധുമ് <br>ഉയിരൈപ് പിരിവധുമ് <br>വേറു അല്ല ഉംയര്ന്ധ്ധേന് <br> <br> <br>പിരിന്ധ്ധ പിറഗു അക് കോബമ് <br>കൊന്ദ്റു എന്നൈ പുധൈക്ക... <br> <br>ഉന് പാര്വൈ ഇല്ലാമ്യല് <br>എന് നാളൈ ഇങ്ഗില്ലൈ! <br>ഉന് വാര്ഥൈയിന്ദ്റി <br>കാത്റുമ് മ്യെയ്യില്ലൈ! <br> <br>പെംണേ നീ സൊല്വായാ? <br>ഇങ്ഗെല്ലാമ്യേ പൊയ്യാ? <br>എന് കംകള് ഇനി ഥേവൈയില്ലൈ!",
      "language" : {
        "name" : "Malayalam",
        "code" : "ml"
      }
    },
    {
      "data" : "ಎನಧಲಗೇ ನೀಯಿಲ್ಲಾಮ್ಯಲೇ <br>ಎಧಿಲ್ ವಾಲುವೇನ್? <br>ಉನಧಿಧಯಥ್ ಥೀಯಿಲ್ಲಾಮ್ಯಲೇ <br>ಎಧಿಲ್ ವೀಲುವೇನ್? <br> <br>ಇಮ್ಯೈ ಥಿರಕ್ಕಾಧು ಕಿದಪ್ಪಿನ್ <br>ಎಧಿಲ್ ಎನ್ಧ್ಧನ್ ವಾಸಲ್ ಅಮ್ಯೈಪ್ಪೇನ್? <br> <br>ಉನ್ ಪಾರ್ವೈ ಇಲ್ಲಾಮ್ಯಲ್ <br>ಎನ್ ನಾಳೈ ಇಙ್ಗಿಲ್ಲೈ! <br>ಉನ್ ವಾರ್ಥೈಯಿನ್ದ್ರಿ <br>ಕಾತ್ರುಮ್ ಮ್ಯೆಯ್ಯಿಲ್ಲೈ! <br> <br>ಪೆಂಣೇ ನೀ ಸೊಲ್ವಾಯಾ? <br>ಇಙ್ಗೆಲ್ಲಾಮ್ಯೇ ಪೊಯ್ಯಾ? <br>ಎನ್ ಕಂಕಳ್ ಇನಿ ಥೇವೈಯಿಲ್ಲೈ! <br> <br>ಥೋಳಿಲ್ ಥುಯಿಲ್ಕೈಯಿಲ್ <br>ಪೇರೈ ಮ್ಯುನಗಿನಾಯ್ <br>ಎನಧು ಇಧಯಙ್ಗಿಲಿನ್ಧ್ಧೇನ್.... <br> <br>ಪೊಯ್ಕಳ್ ಥೊದರುವಾಯ್ <br>ಕೋಬಥೈ ಎಲುಪ್ಪುವಾಯ್ <br>ನಾನ್ ಎನ್ ಇಧಯಮ್ ಅರುನ್ಧ್ಧೇನ್ <br> <br>ಉನಧು ವಿರಲ್ಕಳೈಕ್ ಕೋಕ್ಕ <br>ಅಲೈಥು ಚೆಲ್ ಎನೈಯುಮ್... <br> <br>ಉನ್ ಪಾರ್ವೈ ಇಲ್ಲಾಮ್ಯಲ್ <br>ಎನ್ ನಾಳೈ ಇಙ್ಗಿಲ್ಲೈ! <br>ಉನ್ ವಾರ್ಥೈಯಿನ್ದ್ರಿ <br>ಕಾತ್ರುಮ್ ಮ್ಯೆಯ್ಯಿಲ್ಲೈ! <br> <br>ಪೆಂಣೇ ನೀ ಸೊಲ್ವಾಯಾ? <br>ಇಙ್ಗೆಲ್ಲಾಮ್ಯೇ ಪೊಯ್ಯಾ? <br>ಎನ್ ಕಂಕಳ್ ಇನಿ ಥೇವೈಯಿಲ್ಲೈ! <br> <br>ಉದೈನ್ಧ್ಧು ಪೋನ ಎನ್ <br>ಉಲಗಮ್ ಒನ್ದ್ರಿಲೇ <br>ಉನ್ನೈ ವಿಲಗ ನಿನೈಥೇನ್ <br> <br>ಉನ್ನೈಪ್ ಪಿರಿವಧುಮ್ <br>ಉಯಿರೈಪ್ ಪಿರಿವಧುಮ್ <br>ವೇರು ಅಲ್ಲ ಉಂಯರ್ನ್ಧ್ಧೇನ್ <br> <br> <br>ಪಿರಿನ್ಧ್ಧ ಪಿರಗು ಅಕ್ ಕೋಬಮ್ <br>ಕೊನ್ದ್ರು ಎನ್ನೈ ಪುಧೈಕ್ಕ... <br> <br>ಉನ್ ಪಾರ್ವೈ ಇಲ್ಲಾಮ್ಯಲ್ <br>ಎನ್ ನಾಳೈ ಇಙ್ಗಿಲ್ಲೈ! <br>ಉನ್ ವಾರ್ಥೈಯಿನ್ದ್ರಿ <br>ಕಾತ್ರುಮ್ ಮ್ಯೆಯ್ಯಿಲ್ಲೈ! <br> <br>ಪೆಂಣೇ ನೀ ಸೊಲ್ವಾಯಾ? <br>ಇಙ್ಗೆಲ್ಲಾಮ್ಯೇ ಪೊಯ್ಯಾ? <br>ಎನ್ ಕಂಕಳ್ ಇನಿ ಥೇವೈಯಿಲ್ಲೈ!",
      "language" : {
        "name" : "Kanadam",
        "code" : "ka"
      }
    },
    {
      "data" : "এনধলগে নীযিল্লাম্যলে <br>এধিল্ ৱালুৱেন্? <br>উনধিধযথ্ থীযিল্লাম্যলে <br>এধিল্ ৱীলুৱেন্? <br> <br>ইম্যৈ থিড়ক্কাধু কিদপ্পিন্ <br>এধিল্ এন্ধ্ধন্ ৱাসল্ অম্যৈপ্পেন্? <br> <br>উন্ পার্ৱৈ ইল্লাম্যল্ <br>এন্ নালৈ ইঙ্গিল্লৈ! <br>উন্ ৱার্থৈযিন্দ্ড়ি <br>কাত্ড়ুম্ ম্যেয্যিল্লৈ! <br> <br>পেঁণে নী সোল্ৱাযা? <br>ইঙ্গেল্লাম্যে পোয্যা? <br>এন্ কঁকল্ ইনি থেৱৈযিল্লৈ! <br> <br>থোলিল্ থুযিল্কৈযিল্ <br>পেরৈ ম্যুনগিনায্ <br>এনধু ইধযঙ্গিলিন্ধ্ধেন্.... <br> <br>পোয্কল্ থোদরুৱায্ <br>কোবথৈ এলুপ্পুৱায্ <br>নান্ এন্ ইধযম্ অড়ুন্ধ্ধেন্ <br> <br>উনধু ৱিরল্কলৈক্ কোক্ক <br>অলৈথু চেল্ এনৈযুম্... <br> <br>উন্ পার্ৱৈ ইল্লাম্যল্ <br>এন্ নালৈ ইঙ্গিল্লৈ! <br>উন্ ৱার্থৈযিন্দ্ড়ি <br>কাত্ড়ুম্ ম্যেয্যিল্লৈ! <br> <br>পেঁণে নী সোল্ৱাযা? <br>ইঙ্গেল্লাম্যে পোয্যা? <br>এন্ কঁকল্ ইনি থেৱৈযিল্লৈ! <br> <br>উদৈন্ধ্ধু পোন এন্ <br>উলগম্ ওন্দ্ড়িলে <br>উন্নৈ ৱিলগ নিনৈথেন্ <br> <br>উন্নৈপ্ পিরিৱধুম্ <br>উযিরৈপ্ পিরিৱধুম্ <br>ৱেড়ু অল্ল উঁযর্ন্ধ্ধেন্ <br> <br> <br>পিরিন্ধ্ধ পিড়গু অক্ কোবম্ <br>কোন্দ্ড়ু এন্নৈ পুধৈক্ক... <br> <br>উন্ পার্ৱৈ ইল্লাম্যল্ <br>এন্ নালৈ ইঙ্গিল্লৈ! <br>উন্ ৱার্থৈযিন্দ্ড়ি <br>কাত্ড়ুম্ ম্যেয্যিল্লৈ! <br> <br>পেঁণে নী সোল্ৱাযা? <br>ইঙ্গেল্লাম্যে পোয্যা? <br>এন্ কঁকল্ ইনি থেৱৈযিল্লৈ!",
      "language" : {
        "name" : "Bengali",
        "code" : "be"
      }
    },
    {
      "data" : "એનધલગૅ ણીયિલ્લામ્યલૅ <br>એધિલ્ વાલુવૅન્? <br>ઉનધિધયથ્ થીયિલ્લામ્યલૅ <br>એધિલ્ વીલુવૅન્? <br> <br>ઇમ્યૈ થિરક્કાધુ કિદપ્પિન્ <br>એધિલ્ એન્ધ્ધન્ વાસલ્ અમ્યૈપ્પૅન્? <br> <br>ઉન્ પાર્વૈ ઇલ્લામ્યલ્ <br>એન્ ણાળૈ ઇઙ્ગિલ્લૈ! <br>ઉન્ વાર્થૈયિન્દ્રિ <br>કાત્રુમ્ મ્યેય્યિલ્લૈ! <br> <br>પેંણૅ ણી સોલ્વાયા? <br>ઇઙ્ગેલ્લામ્યૅ પોય્યા? <br>એન્ કંકળ્ ઇનિ થૅવૈયિલ્લૈ! <br> <br>થૉળિલ્ થુયિલ્કૈયિલ્ <br>પૅરૈ મ્યુનગિનાય્ <br>એનધુ ઇધયઙ્ગિલિન્ધ્ધૅન્.... <br> <br>પોય્કળ્ થોદરુવાય્ <br>કૉબથૈ એલુપ્પુવાય્ <br>ણાન્ એન્ ઇધયમ્ અરુન્ધ્ધૅન્ <br> <br>ઉનધુ વિરલ્કળૈક્ કૉક્ક <br>અલૈથુ ચેલ્ એનૈયુમ્... <br> <br>ઉન્ પાર્વૈ ઇલ્લામ્યલ્ <br>એન્ ણાળૈ ઇઙ્ગિલ્લૈ! <br>ઉન્ વાર્થૈયિન્દ્રિ <br>કાત્રુમ્ મ્યેય્યિલ્લૈ! <br> <br>પેંણૅ ણી સોલ્વાયા? <br>ઇઙ્ગેલ્લામ્યૅ પોય્યા? <br>એન્ કંકળ્ ઇનિ થૅવૈયિલ્લૈ! <br> <br>ઉદૈન્ધ્ધુ પૉન એન્ <br>ઉલગમ્ ઓન્દ્રિલૅ <br>ઉન્નૈ વિલગ ણિનૈથૅન્ <br> <br>ઉન્નૈપ્ પિરિવધુમ્ <br>ઉયિરૈપ્ પિરિવધુમ્ <br>વૅરુ અલ્લ ઉંયર્ન્ધ્ધૅન્ <br> <br> <br>પિરિન્ધ્ધ પિરગુ અક્ કૉબમ્ <br>કોન્દ્રુ એન્નૈ પુધૈક્ક... <br> <br>ઉન્ પાર્વૈ ઇલ્લામ્યલ્ <br>એન્ ણાળૈ ઇઙ્ગિલ્લૈ! <br>ઉન્ વાર્થૈયિન્દ્રિ <br>કાત્રુમ્ મ્યેય્યિલ્લૈ! <br> <br>પેંણૅ ણી સોલ્વાયા? <br>ઇઙ્ગેલ્લામ્યૅ પોય્યા? <br>એન્ કંકળ્ ઇનિ થૅવૈયિલ્લૈ!",
      "language" : {
        "name" : "Gujarathi",
        "code" : "gu"
      }
    },
    {
      "data" : "एनदलगे नीयिल्लाम्अले <br>एदिल वालुवेन? <br>उनदिदयत तीयिल्लाम्अले <br>एदिल वीलुवेन? <br> <br>इम्ऐ तिड़क्कादु किडप्पिन <br>एदिल एन्द दन वासल अम्ऐप्पेन? <br> <br>उन पारवै इल्लाम्अल <br>एन नाळै इङ्गिल्लै! <br>उन वार्तैयिन्ड्रि <br>काटड़ुम म्एय्यिल्लै! <br> <br>पेंणे नी सोलवाया? <br>इङ्गेल्लाम्ए पोयया? <br>एन कंकल इनि तेवैयिल्लै! <br> <br>तोऴिल तुयिल्कैयिल <br>पेरै म्उनगिनाय <br>एनदु इदयङ्गिलिन्द धेन.... <br> <br>पोयकल तोडरुवाय <br>कोबतै एलुप्पुवाय <br>नान एन इदयम अड़ुन्द धेन <br> <br>उनदु विरल्कळैक कोकक <br>अलैतु चेल एनैयुम... <br> <br>उन पारवै इल्लाम्अल <br>एन नाळै इङ्गिल्लै! <br>उन वार्तैयिन्ड्रि <br>काटड़ुम म्एय्यिल्लै! <br> <br>पेंणे नी सोलवाया? <br>इङ्गेल्लाम्ए पोयया? <br>एन कंकल इनि तेवैयिल्लै! <br> <br>उडैन्द दु पोन एन <br>उलगम ओन्ड्रिले <br>उननै विलग निनैतेन <br> <br>उननैप पिरिवदुम <br>उयिरैप पिरिवदुम <br>वेड़ु अलल उंअर्न्द धेन <br> <br> <br>पिरिन्द द पिड़गु अक कोबम <br>कोनडड़ु एननै पुधैकक... <br> <br>उन पारवै इल्लाम्अल <br>एन नाळै इङ्गिल्लै! <br>उन वार्तैयिन्ड्रि <br>काटड़ुम म्एय्यिल्लै! <br> <br>पेंणे नी सोलवाया? <br>इङ्गेल्लाम्ए पोयया? <br>एन कंकल इनि तेवैयिल्लै!",
      "language" : {
        "name" : "Marathi",
        "code" : "mr"
      }
    },
    {
      "data" : "ଏନଧଳଗେ ନୀଯିଳ୍ଳାମ୍ଯଳେ <br>ଏଧିଳ୍ ୱାଳୁୱେନ୍? <br>ଉନଧିଧଯଥ୍ ଥୀଯିଳ୍ଳାମ୍ଯଳେ <br>ଏଧିଳ୍ ୱୀଳୁୱେନ୍? <br> <br>ଇମ୍ଯୈ ଥିଡ଼କ୍କାଧୁ କିଦପ୍ପିନ୍ <br>ଏଧିଳ୍ ଏନ୍ଧ୍ଧନ୍ ୱାସଳ୍ ଅମ୍ଯୈପ୍ପେନ୍? <br> <br>ଉନ୍ ପାର୍ୱୈ ଇଳ୍ଳାମ୍ଯଳ୍ <br>ଏନ୍ ନାଲୈ ଇଙ୍ଗିଳ୍ଳୈ! <br>ଉନ୍ ୱାର୍ଥୈଯିନ୍ଦ୍ଡ଼ି <br>କାତ୍ଡ଼ୁମ୍ ମ୍ଯେଯ୍ଯିଳ୍ଳୈ! <br> <br>ପେଂଣେ ନୀ ସୋଳ୍ୱାଯା? <br>ଇଙ୍ଗେଳ୍ଳାମ୍ଯେ ପୋଯ୍ଯା? <br>ଏନ୍ କଂକଲ୍ ଇନି ଥେୱୈଯିଳ୍ଳୈ! <br> <br>ଥୋଲିଳ୍ ଥୁଯିଳ୍କୈଯିଳ୍ <br>ପେରୈ ମ୍ଯୁନଗିନାଯ୍ <br>ଏନଧୁ ଇଧଯଙ୍ଗିଳିନ୍ଧ୍ଧେନ୍.... <br> <br>ପୋଯ୍କଲ୍ ଥୋଦରୁୱାଯ୍ <br>କୋବଥୈ ଏଳୁପ୍ପୁୱାଯ୍ <br>ନାନ୍ ଏନ୍ ଇଧଯମ୍ ଅଡ଼ୁନ୍ଧ୍ଧେନ୍ <br> <br>ଉନଧୁ ୱିରଳ୍କଲୈକ୍ କୋକ୍କ <br>ଅଳୈଥୁ ଚେଳ୍ ଏନୈଯୁମ୍... <br> <br>ଉନ୍ ପାର୍ୱୈ ଇଳ୍ଳାମ୍ଯଳ୍ <br>ଏନ୍ ନାଲୈ ଇଙ୍ଗିଳ୍ଳୈ! <br>ଉନ୍ ୱାର୍ଥୈଯିନ୍ଦ୍ଡ଼ି <br>କାତ୍ଡ଼ୁମ୍ ମ୍ଯେଯ୍ଯିଳ୍ଳୈ! <br> <br>ପେଂଣେ ନୀ ସୋଳ୍ୱାଯା? <br>ଇଙ୍ଗେଳ୍ଳାମ୍ଯେ ପୋଯ୍ଯା? <br>ଏନ୍ କଂକଲ୍ ଇନି ଥେୱୈଯିଳ୍ଳୈ! <br> <br>ଉଦୈନ୍ଧ୍ଧୁ ପୋନ ଏନ୍ <br>ଉଳଗମ୍ ଓନ୍ଦ୍ଡ଼ିଳେ <br>ଉନ୍ନୈ ୱିଳଗ ନିନୈଥେନ୍ <br> <br>ଉନ୍ନୈପ୍ ପିରିୱଧୁମ୍ <br>ଉଯିରୈପ୍ ପିରିୱଧୁମ୍ <br>ୱେଡ଼ୁ ଅଳ୍ଳ ଉଂଯର୍ନ୍ଧ୍ଧେନ୍ <br> <br> <br>ପିରିନ୍ଧ୍ଧ ପିଡ଼ଗୁ ଅକ୍ କୋବମ୍ <br>କୋନ୍ଦ୍ଡ଼ୁ ଏନ୍ନୈ ପୁଧୈକ୍କ... <br> <br>ଉନ୍ ପାର୍ୱୈ ଇଳ୍ଳାମ୍ଯଳ୍ <br>ଏନ୍ ନାଲୈ ଇଙ୍ଗିଳ୍ଳୈ! <br>ଉନ୍ ୱାର୍ଥୈଯିନ୍ଦ୍ଡ଼ି <br>କାତ୍ଡ଼ୁମ୍ ମ୍ଯେଯ୍ଯିଳ୍ଳୈ! <br> <br>ପେଂଣେ ନୀ ସୋଳ୍ୱାଯା? <br>ଇଙ୍ଗେଳ୍ଳାମ୍ଯେ ପୋଯ୍ଯା? <br>ଏନ୍ କଂକଲ୍ ଇନି ଥେୱୈଯିଳ୍ଳୈ!",
      "language" : {
        "name" : "Oriya",
        "code" : "or"
      }
    },
    {
      "data" : "एनदलगे नीयिल्लाम्अले <br>एदिल वालुवेन? <br>उनदिदयत तीयिल्लाम्अले <br>एदिल वीलुवेन? <br> <br>इम्ऐ तिड़क्कादु किडप्पिन <br>एदिल एन्द दन वासल अम्ऐप्पेन? <br> <br>उन पारवै इल्लाम्अल <br>एन नाळै इङ्गिल्लै! <br>उन वार्तैयिन्ड्रि <br>काटड़ुम म्एय्यिल्लै! <br> <br>पेंणे नी सोलवाया? <br>इङ्गेल्लाम्ए पोयया? <br>एन कंकल इनि तेवैयिल्लै! <br> <br>तोऴिल तुयिल्कैयिल <br>पेरै म्उनगिनाय <br>एनदु इदयङ्गिलिन्द धेन.... <br> <br>पोयकल तोडरुवाय <br>कोबतै एलुप्पुवाय <br>नान एन इदयम अड़ुन्द धेन <br> <br>उनदु विरल्कळैक कोकक <br>अलैतु चेल एनैयुम... <br> <br>उन पारवै इल्लाम्अल <br>एन नाळै इङ्गिल्लै! <br>उन वार्तैयिन्ड्रि <br>काटड़ुम म्एय्यिल्लै! <br> <br>पेंणे नी सोलवाया? <br>इङ्गेल्लाम्ए पोयया? <br>एन कंकल इनि तेवैयिल्लै! <br> <br>उडैन्द दु पोन एन <br>उलगम ओन्ड्रिले <br>उननै विलग निनैतेन <br> <br>उननैप पिरिवदुम <br>उयिरैप पिरिवदुम <br>वेड़ु अलल उंअर्न्द धेन <br> <br> <br>पिरिन्द द पिड़गु अक कोबम <br>कोनडड़ु एननै पुधैकक... <br> <br>उन पारवै इल्लाम्अल <br>एन नाळै इङ्गिल्लै! <br>उन वार्तैयिन्ड्रि <br>काटड़ुम म्एय्यिल्लै! <br> <br>पेंणे नी सोलवाया? <br>इङ्गेल्लाम्ए पोयया? <br>एन कंकल इनि तेवैयिल्लै!",
      "language" : {
        "name" : "konkani",
        "code" : "ko"
      }
    }
  ],
  "mood" : {
    "slug" : "sad",
    "name" : "Sad"
  },
  "thumbnail" : "https:\/\/d1ua79hvv369a0.cloudfront.net\/reflection\/thumbnail\/27-May-2016\/Enadhazhage_thumb.jpg",
  "language" : {
    "name" : "Tamil",
    "code" : "ta"
  },
  "slug" : "enadhazhage",
  "info" : {
    "lyric_languages" : [
      {
        "name" : {
          "en" : "Tamil",
          "hi" : "Tamil",
          "te" : "Tamil",
          "ta" : "தமிழ்"
        }
      }
    ],
    "instruments" : [
      {
        "name" : {
          "en" : "Synths",
          "hi" : "Synths",
          "te" : "Synths",
          "ta" : "சிந்த்ஸ்"
        }
      }
    ],
    "thaalams" : [
      {
        "name" : {
          "en" : "Adhi",
          "hi" : "Adhi",
          "te" : "Adhi",
          "ta" : "ஆதி தாளம்"
        }
      }
    ],
    "lyric_moods" : [
      {
        "name" : {
          "en" : "Sad",
          "hi" : "Sad",
          "te" : "Sad",
          "ta" : "சோகம்"
        }
      }
    ],
    "music_genres" : [
      {
        "name" : {
          "en" : "New Age",
          "hi" : "New Age",
          "te" : "New Age",
          "ta" : "நியூ ஏஜ்"
        }
      },
      {
        "name" : {
          "en" : "Pop",
          "hi" : "Pop",
          "te" : "Pop",
          "ta" : "பாப்"
        }
      }
    ],
    "best_seasons_to_listen" : [
      {
        "name" : {
          "en" : "Winter",
          "hi" : "Winter",
          "te" : "Winter",
          "ta" : "குளிர்க் காலம்"
        }
      },
      {
        "name" : {
          "en" : "Spring",
          "hi" : "Spring",
          "te" : "Spring",
          "ta" : "வசந்தகாலம்"
        }
      },
      {
        "name" : {
          "en" : "Rain",
          "hi" : "Rain",
          "te" : "Rain",
          "ta" : "மழைக்காலம்"
        }
      }
    ],
    "duration" : 4.58,
    "lyric_styles" : [
      {
        "name" : {
          "en" : "Contemporary",
          "hi" : "Contemporary",
          "te" : "Contemporary",
          "ta" : "சமகால நடை"
        }
      }
    ],
    "lyric_genres" : [
      {
        "name" : {
          "en" : "Romance",
          "hi" : "Romance",
          "te" : "Romance",
          "ta" : "காதல்"
        }
      }
    ],
    "best_times_to_listen" : [
      {
        "name" : {
          "en" : "Evening",
          "hi" : "Evening",
          "te" : "Evening",
          "ta" : "மாலை"
        }
      },
      {
        "name" : {
          "en" : "Night",
          "hi" : "Night",
          "te" : "Night",
          "ta" : "இரவு"
        }
      }
    ],
    "launch_date" : {
      "en" : "27\/05\/2016",
      "hi" : "27\/05\/2016",
      "te" : "27\/05\/2016",
      "ta" : "27\/05\/2016"
    }
  }
}