{
  "title" : {
    "en" : "Enggae Undhdhan Harmonium",
    "hi" : "Enggae Undhdhan Harmonium",
    "te" : "Enggae Undhdhan Harmonium",
    "ta" : "எங்கே உந்தன் ஆர்மோனியம்"
  },
  "credits" : {
    "mixers" : [
      {
        "name" : {
          "en" : "Manoj",
          "hi" : "Manoj",
          "te" : "Manoj",
          "ta" : "மனோஜ்"
        }
      }
    ],
    "masters" : [
      {
        "name" : {
          "en" : "Manoj",
          "hi" : "Manoj",
          "te" : "Manoj",
          "ta" : "மனோஜ்"
        }
      }
    ],
    "composers" : [
      {
        "name" : {
          "en" : "MS Viswanathan",
          "hi" : "MS Viswanathan",
          "te" : "MS Viswanathan",
          "ta" : "M.S விஸ்வநாதன்"
        }
      }
    ],
    "lyricists" : [
      {
        "name" : {
          "en" : "Karky",
          "hi" : "Karky",
          "te" : "Karky",
          "ta" : "கார்க்கி"
        }
      }
    ],
    "singers" : [
      {
        "name" : {
          "en" : "Srinivas",
          "hi" : "Srinivas",
          "te" : "Srinivas",
          "ta" : "சீனிவாஸ்"
        }
      }
    ],
    "translator" : [
      {
        "name" : {
          "en" : "Jayashree Ramanujam",
          "hi" : "Jayashree Ramanujam",
          "te" : "Jayashree Ramanujam",
          "ta" : "ஜெயஸ்ரீ இராமானுஜம் "
        }
      }
    ],
    "arrangers" : [
      {
        "name" : {
          "en" : "Stephen Devassy",
          "hi" : "Stephen Devassy",
          "te" : "Stephen Devassy",
          "ta" : "ஸ்டீபன் தேவஸி"
        }
      },
      {
        "name" : {
          "en" : "Srinivas",
          "hi" : "Srinivas",
          "te" : "Srinivas",
          "ta" : "சீனிவாஸ்"
        }
      }
    ],
    "producers" : [
      {
        "name" : {
          "en" : "Srinivas",
          "hi" : "Srinivas",
          "te" : "Srinivas",
          "ta" : "சீனிவாஸ்"
        }
      }
    ],
    "lyric_video_senior_editor" : [
      {
        "name" : {
          "en" : "Shyam Sundar Murugesan",
          "hi" : "Shyam Sundar Murugesan",
          "te" : "Shyam Sundar Murugesan",
          "ta" : "ஷியாம் சுந்தர் முருகேசன்"
        }
      }
    ],
    "recorded_studios" : [
      {
        "name" : {
          "en" : "Studio Seven, chennai",
          "hi" : "Studio Seven, chennai",
          "te" : "Studio Seven, chennai",
          "ta" : "ஸ்டுடியோ செவன்,  சென்னை"
        }
      },
      {
        "name" : {
          "en" : "Sound tech media, chennai",
          "hi" : "Sound tech media, chennai",
          "te" : "Sound tech media, chennai",
          "ta" : "சவுண்ட் டெக் மீடியா, சென்னை"
        }
      }
    ],
    "lyric_art" : [
      {
        "name" : {
          "en" : "Shyam Sundar Murugesan",
          "hi" : "Shyam Sundar Murugesan",
          "te" : "Shyam Sundar Murugesan",
          "ta" : "ஷியாம் சுந்தர் முருகேசன்"
        }
      }
    ],
    "manager_of_visual_content" : [
      {
        "name" : {
          "en" : "Gokula Krishnan R Vasugi, MFI",
          "hi" : "Gokula Krishnan R Vasugi, MFI",
          "te" : "Gokula Krishnan R Vasugi, MFI",
          "ta" : "கோகுல கிருஷ்ணன் R வாசுகி (MFI) "
        }
      }
    ],
    "making_video_junior_cameraman" : [
      {
        "name" : {
          "en" : "Murali Manokar",
          "hi" : "Murali Manokar",
          "te" : "Murali Manokar",
          "ta" : "முரளி"
        }
      }
    ],
    "sound_engineers" : [
      {
        "name" : {
          "en" : "Manoj",
          "hi" : "Manoj",
          "te" : "Manoj",
          "ta" : "மனோஜ்"
        }
      }
    ],
    "lyric_video_editor" : [
      {
        "name" : {
          "en" : "Mithran",
          "hi" : "Mithran",
          "te" : "Mithran",
          "ta" : "மித்திரன் B"
        }
      }
    ]
  },
  "active" : true,
  "published_on" : "2016-04-20T12:30:00.000Z",
  "description" : {
    "en" : "Like a flowerless tree, a life without music is an empty place. Enge En Harmonium is a beautiful composition which tells the spirit of a musician and his deep sense of connection with his instrument. This song is an instant inspiration to all those who’ve grown in life through their pen, words, instruments and voice.",
    "hi" : "Like a flowerless tree, a life without music is an empty place. Enge En Harmonium is a beautiful composition which tells the spirit of a musician and his deep sense of connection with his instrument. This song is an instant inspiration to all those who’ve grown in life through their pen, words, instruments and voice.",
    "te" : "Like a flowerless tree, a life without music is an empty place. Enge En Harmonium is a beautiful composition which tells the spirit of a musician and his deep sense of connection with his instrument. This song is an instant inspiration to all those who’ve grown in life through their pen, words, instruments and voice.",
    "ta" : "மலரில்லாத மரத்தை யாராவது ரசிப்பார்களா? அதுபோல, இசையில்லாத வாழ்க்கை வெறும் காலியிடம்தான். 'எங்கே என் ஹார்மோனியம்' என்ற இந்த அழகிய பாடல், ஓர் இசைக்கலைஞரின் மனத்தைச் சொல்கிறது, தன் இசைக்கருவியுடன் அவர் கொண்டிருக்கிற ஆழமான பிணைப்பைச் சொல்கிறது. பேனா, சொற்கள், இசைக்கருவிகள், குரல்களோடு வளர்ந்த ஒவ்வொருவருக்கும் இந்தப் பாடல் உடனடியான மலர்ச்சியைத்தரும்."
  },
  "poster" : "https:\/\/d1ua79hvv369a0.cloudfront.net\/reflection\/poster\/MSV_cover_image.jpg",
  "album" : {
    "title" : {
      "en" : "Enggae Undhdhan Harmonium",
      "hi" : "Enggae Undhdhan Harmonium",
      "te" : "Enggae Undhdhan Harmonium",
      "ta" : "Enggae Undhdhan Harmonium"
    },
    "id" : "17",
    "thumbnail" : "https:\/\/d1ua79hvv369a0.cloudfront.net\/reflection\/poster\/MSV_cover_image.jpg"
  },
  "musics" : [
    {
      "players" : [
        {
          "name" : {
            "en" : "Stephen Devassy",
            "hi" : "Stephen Devassy",
            "te" : "Stephen Devassy",
            "ta" : "ஸ்டீபன் தேவஸி"
          }
        }
      ],
      "instrument" : {
        "name" : {
          "name" : {
            "en" : "Grand Piano",
            "hi" : "Grand Piano",
            "te" : "Grand Piano",
            "ta" : "கிராண்ட் பியானோ"
          }
        }
      }
    }
  ],
  "critics" : [
    {
      "review" : {
        "instrument" : {
          "comment" : {
            "en" : "Splendid piano backing all through the song that adds to the dash of retro to the tune.",
            "hi" : "Splendid piano backing all through the song that adds to the dash of retro to the tune.",
            "te" : "Splendid piano backing all through the song that adds to the dash of retro to the tune.",
            "ta" : "For a song that invokes the harmonium, it is totally devoid of harmonium’s sound! Splendid piano usage, however!"
          },
          "score" : 12
        },
        "overall" : {
          "comment" : {
            "en" : "Wonderful listen, and a wonderful mix of the child’s voice + retro pop.",
            "hi" : "Wonderful listen, and a wonderful mix of the child’s voice + retro pop.",
            "te" : "Wonderful listen, and a wonderful mix of the child’s voice + retro pop.",
            "ta" : "A very listenable song that fits within the soundtrack of A R rahman’s Duet, thematically."
          },
          "score" : 11
        },
        "vocal" : {
          "comment" : {
            "en" : "Excellent lead vocals by the child and equally good backing kids’ chorus.",
            "hi" : "Excellent lead vocals by the child and equally good backing kids’ chorus.",
            "te" : "Excellent lead vocals by the child and equally good backing kids’ chorus.",
            "ta" : "A lovely companion piece to Jathi Malli’s Marakka mudiyavillai, given the Maand raga usage."
          },
          "score" : 12
        },
        "tune" : {
          "comment" : {
            "en" : "A joyous tune that is apt for the children’s chorus styled vocals.",
            "hi" : "A joyous tune that is apt for the children’s chorus styled vocals.",
            "te" : "A joyous tune that is apt for the children’s chorus styled vocals.",
            "ta" : "A lovely companion piece to Jathi Malli’s Marakka mudiyavillai, given the Maand raga usage."
          },
          "score" : 9
        },
        "lyric" : {
          "comment" : {
            "en" : "Delightfully Tamil, and that too, a dialect, consistently used all across.",
            "hi" : "Delightfully Tamil, and that too, a dialect, consistently used all across.",
            "te" : "Delightfully Tamil, and that too, a dialect, consistently used all across.",
            "ta" : "Interesting wordplay, invoking a much-loved instrument as a metaphor for love."
          },
          "score" : 11
        }
      },
      "author" : {
        "name" : "Karthik",
        "image" : "https:\/\/d1ua79hvv369a0.cloudfront.net\/reflection\/critic\/critic-karthik.png"
      },
      "rating" : 11
    },
    {
      "review" : {
        "instrument" : {
          "comment" : {
            "en" : "The orchestration is wonderfully blended between Reggae, Jazz Drumming and nostalgic clarinet",
            "hi" : "The orchestration is wonderfully blended between Reggae, Jazz Drumming and nostalgic clarinet",
            "te" : "The orchestration is wonderfully blended between Reggae, Jazz Drumming and nostalgic clarinet",
            "ta" : "Simple yet impactful and sets the ambience perfectly."
          },
          "score" : 14
        },
        "overall" : {
          "comment" : {
            "en" : "Where Tamil folk meets American Reggae!",
            "hi" : "Where Tamil folk meets American Reggae!",
            "te" : "Where Tamil folk meets American Reggae!",
            "ta" : "Feel good and poetic!"
          },
          "score" : 13
        },
        "vocal" : {
          "comment" : {
            "en" : "Fresh and impressive vocals especially of the kid chorus.",
            "hi" : "Fresh and impressive vocals especially of the kid chorus.",
            "te" : "Fresh and impressive vocals especially of the kid chorus.",
            "ta" : "Despite familiarity the tune has its own unique impact of feel good nature."
          },
          "score" : 13
        },
        "tune" : {
          "comment" : {
            "en" : "The tune is instantly catchy and hummable and has an innocent flavor to it.",
            "hi" : "The tune is instantly catchy and hummable and has an innocent flavor to it.",
            "te" : "The tune is instantly catchy and hummable and has an innocent flavor to it.",
            "ta" : "Despite familiarity the tune has its own unique impact of feel good nature."
          },
          "score" : 12
        },
        "lyric" : {
          "comment" : {
            "en" : "Sweet and captivating lyrics which speak about simple pleasure in life.",
            "hi" : "Sweet and captivating lyrics which speak about simple pleasure in life.",
            "te" : "Sweet and captivating lyrics which speak about simple pleasure in life.",
            "ta" : "Introspective, inquisitive and riveting over the mind!"
          },
          "score" : 13
        }
      },
      "author" : {
        "name" : "Durga",
        "image" : "https:\/\/d1ua79hvv369a0.cloudfront.net\/reflection\/critic\/critic-durga.png"
      },
      "rating" : 13
    }
  ],
  "type" : {
    "slug" : "independent-music",
    "name" : "Independent Music"
  },
  "lyrics" : [
    {
      "data" : "Where's your melodeon?<br>Come to play it!<br>Come bring life!<br><br>Where's your art of wind?<br>with your hymns,<br>Come to limn!<br><br>Like a forest so flowerless,<br>there's famine for colours!<br>If at ears melody is hit,<br>it'll bloom a bit!<br>To listen to your song,<br>my zest is unrest!<br>Want to hear your voice...<br>Where are you?<br><br>Where's your melodeon?<br>Come to play it!<br>Come bring life!<br><br>As I voiced love<br>you created songs!<br>up my heart you scaled,<br>and did celebrate!<br><br>As I was disheartened,<br>you pepped me up<br>tears of my eyes,<br>you surceased!<br><br>I'm crying because,<br>there's no way<br>for you to compose a song<br>after this..<br>Will you again wipe my tears?<br><br>Where's your art of wind?<br>with your hymns,<br>Come to limn!<br><br>Like a forest so flowerless,<br>there's famine for colours!<br>If melody is heard,<br>it'll bloom a bit!<br>To listen to your song,<br>my zest is unrest!<br>Want to hear your voice...<br>Where are you?<br>",
      "language" : {
        "name" : "English",
        "code" : "en"
      }
    },
    {
      "data" : "எங்கே உந்தன் ஆர்மோனியம்?<br>வாசிக்க வா!<br>உயிர் கொண்டு வா!<br><br>எங்கே உந்தன் காற்றோவியம்?<br>ராகங்களாலே <br>நீ தீட்ட வா!<br><br>பூவற்ற காடாய்<br>நிறங்களின் பஞ்சம்!<br>மெல்லிசை கேட்டால்<br>மலர்ந்திடும் கொஞ்சம்!<br>உன் பாடல் கேட்க<br>துடிக்குது நெஞ்சம்!<br>குரல் கேட்க வேண்டும்....<br>எங்கே நீ....?<br><br>எங்கே உந்தன் ஆர்மோனியம்?<br>வாசிக்க வா!<br>உயிர் கொண்டு வா!<br><br>நான் காதல் சொல்ல<br>பாடல்கள் செய்தாய்!<br>என் உள்ளம் ஏறி<br>கொண்டாடினாய்!<br><br>நான் சோகம் கொள்ள<br>ஊக்கம் தந்தாய்<br>கண் கொண்ட நீரை<br>நீ போக்கினாய்!<br><br>இனி ஒரு பாடல்<br>நீ செய்யவே...<br>வழியில்லை என்றே<br>நான் அழுகின்றேன்....<br>மறுபடி வந்து துடைப்பாயா?<br>எங்கே உந்தன் காற்றோவியம்?<br>ராகங்களால்<br>நீ தீட்ட வா!<br><br>பூவற்ற காடாய்<br>நிறங்களின் பஞ்சம்!<br>மெல்லிசை கேட்டால்<br>மலர்ந்திடும் கொஞ்சம்!<br>உன் பாடல் கேட்க<br>துடிக்குது நெஞ்சம்!<br>குரல் கேட்க வேண்டும்....<br>எங்கே நீ....?",
      "language" : {
        "name" : "Tamil",
        "code" : "ta"
      }
    }
  ],
  "id" : "25",
  "phonetic_lyrics" : [
    {
      "data" : "enggae undhdhan aarmoaniyam?<br>vaasikka vaa!<br>uyir koNdu vaa!<br><br>enggae undhdhan kaaRRoaviyam?<br>raagangaLaalae<br>nee theetta vaa!<br><br>poovatRa kaadaay<br>niRangaLin panjam!<br>mellisai kaettaal<br>malarndhdhidum konjam!<br>un paadal kaetka<br>thudikkudhu nenjam!<br>kural kaetka vaeNdum....<br>enggae nee....?<br><br>enggae undhdhan aarmoaniyam?<br>vaasikka vaa!<br>uyir koNdu vaa!<br><br>naan kaadhal solla<br>paadalkaL seydhaay!<br>en uLLam aeRi<br>koNdaadinaay!<br><br>naan soagam koLLa<br>ookkam thandhdhaay<br>kaN koNda neerai<br>nee poakkinaay!<br><br>ini oru paadal<br>nee seyyavae...<br>vazhiyillai endRae<br>naan azhugindRaen....<br>maRubadi vandhdhu thudaippaayaa?<br>enggae undhdhan kaaRRoaviyam?<br>raagangaLaal<br>nee theetta vaa!<br><br>poovatRa kaadaay<br>niRangaLin panjam!<br>mellisai kaettaal<br>malarndhdhidum konjam!<br>un paadal kaetka<br>thudikkudhu nenjam!<br>kural kaetka vaeNdum....<br>enggae nee....?",
      "language" : {
        "name" : "English",
        "code" : "en"
      }
    },
    {
      "data" : "எங்கே உந்தன் ஆர்மோனியம்?<br>வாசிக்க வா!<br>உயிர் கொண்டு வா!<br><br>எங்கே உந்தன் காற்றோவியம்?<br>ராகங்களாலே <br>நீ தீட்ட வா!<br><br>பூவற்ற காடாய்<br>நிறங்களின் பஞ்சம்!<br>மெல்லிசை கேட்டால்<br>மலர்ந்திடும் கொஞ்சம்!<br>உன் பாடல் கேட்க<br>துடிக்குது நெஞ்சம்!<br>குரல் கேட்க வேண்டும்....<br>எங்கே நீ....?<br><br>எங்கே உந்தன் ஆர்மோனியம்?<br>வாசிக்க வா!<br>உயிர் கொண்டு வா!<br><br>நான் காதல் சொல்ல<br>பாடல்கள் செய்தாய்!<br>என் உள்ளம் ஏறி<br>கொண்டாடினாய்!<br><br>நான் சோகம் கொள்ள<br>ஊக்கம் தந்தாய்<br>கண் கொண்ட நீரை<br>நீ போக்கினாய்!<br><br>இனி ஒரு பாடல்<br>நீ செய்யவே...<br>வழியில்லை என்றே<br>நான் அழுகின்றேன்....<br>மறுபடி வந்து துடைப்பாயா?<br>எங்கே உந்தன் காற்றோவியம்?<br>ராகங்களால்<br>நீ தீட்ட வா!<br><br>பூவற்ற காடாய்<br>நிறங்களின் பஞ்சம்!<br>மெல்லிசை கேட்டால்<br>மலர்ந்திடும் கொஞ்சம்!<br>உன் பாடல் கேட்க<br>துடிக்குது நெஞ்சம்!<br>குரல் கேட்க வேண்டும்....<br>எங்கே நீ....?",
      "language" : {
        "name" : "Tamil",
        "code" : "ta"
      }
    },
    {
      "data" : "एङगे उन्द दन आर्म्ओनियम? <br>वासिकक वा! <br>उयिर कोंडु वा! <br> <br>एङगे उन्द दन कार्ड़ोवियम? <br>रागङऴाले <br>नी तीटट वा! <br> <br>पूवटड़ काडाय <br>निड़ङऴिन पञम! <br>म्एल्लिसै केटटाल <br>म्अलर्न्द दिडुम कोञम! <br>उन पाडल केटक <br>तुडिक्कुदु नेञम! <br>कुरल केटक वेंडुम.... <br>एङगे नी....? <br> <br>एङगे उन्द दन आर्म्ओनियम? <br>वासिकक वा! <br>उयिर कोंडु वा! <br> <br>नान कादल सोलल <br>पाडल्कल सेयदाय! <br>एन उलळम एरि <br>कोंडाडिनाय! <br> <br>नान सोगम कोलळ <br>ऊककम तन्द दाय <br>कं कोंड नीरै <br>नी पोक्किनाय! <br> <br>इनि ओरु पाडल <br>नी सेययवे... <br>वलियिल्लै एनडड़े <br>नान अलुगिन्ड्ड़ेन.... <br>म्अड़ुबडि वन्द दु तुडैप्पाया? <br>एङगे उन्द दन कार्ड़ोवियम? <br>रागङऴाल <br>नी तीटट वा! <br> <br>पूवटड़ काडाय <br>निड़ङऴिन पञम! <br>म्एल्लिसै केटटाल <br>म्अलर्न्द दिडुम कोञम! <br>उन पाडल केटक <br>तुडिक्कुदु नेञम! <br>कुरल केटक वेंडुम.... <br>एङगे नी....? ",
      "language" : {
        "name" : "Hindi",
        "code" : "hi"
      }
    },
    {
      "data" : "ఎఙ్గే ఉన్ధ్ధన్ ఆర్మ్యోనియమ్? <br>వాసిక్క వా! <br>ఉయిర్ కొందు వా! <br> <br>ఎఙ్గే ఉన్ధ్ధన్ కాఱ్ఱోవియమ్? <br>రాగఙళాలే <br>నె థీత్త వా! <br> <br>పూవత్ఱ కాదాయ్ <br>నిఱఙళిన్ పఞమ్! <br>మ్యెల్లిసై కేత్తాల్ <br>మ్యలర్న్ధ్ధిదుమ్ కొఞమ్! <br>ఉన్ పాదల్ కేత్క <br>థుదిక్కుధు నెఞమ్! <br>కురల్ కేత్క వేందుమ్.... <br>ఎఙ్గే నె....? <br> <br>ఎఙ్గే ఉన్ధ్ధన్ ఆర్మ్యోనియమ్? <br>వాసిక్క వా! <br>ఉయిర్ కొందు వా! <br> <br>నాన్ కాధల్ సొల్ల <br>పాదల్కళ్ సెయ్ధాయ్! <br>ఎన్ ఉళ్ళమ్ ఏఱి <br>కొందాదినాయ్! <br> <br>నాన్ సోగమ్ కొళ్ళ <br>ఊక్కమ్ థన్ధ్ధాయ్ <br>కం కొంద నెరై <br>నె పోక్కినాయ్! <br> <br>ఇని ఒరు పాదల్ <br>నె సెయ్యవే... <br>వలియిల్లై ఎన్ద్ఱే <br>నాన్ అలుగిన్ద్ఱేన్.... <br>మ్యఱుబది వన్ధ్ధు థుదైప్పాయా? <br>ఎఙ్గే ఉన్ధ్ధన్ కాఱ్ఱోవియమ్? <br>రాగఙళాల్ <br>నె థీత్త వా! <br> <br>పూవత్ఱ కాదాయ్ <br>నిఱఙళిన్ పఞమ్! <br>మ్యెల్లిసై కేత్తాల్ <br>మ్యలర్న్ధ్ధిదుమ్ కొఞమ్! <br>ఉన్ పాదల్ కేత్క <br>థుదిక్కుధు నెఞమ్! <br>కురల్ కేత్క వేందుమ్.... <br>ఎఙ్గే నె....? ",
      "language" : {
        "name" : "Telugu",
        "code" : "te"
      }
    },
    {
      "data" : "എങ്ഗേ ഉന്ധ്ധന് ആര്മ്യോനിയമ്? <br>വാസിക്ക വാ! <br>ഉയിര് കൊംദു വാ! <br> <br>എങ്ഗേ ഉന്ധ്ധന് കാറ്റോവിയമ്? <br>രാഗങളാലേ <br>നീ ഥീത്ത വാ! <br> <br>പൂവത്റ കാദായ് <br>നിറങളിന് പഞമ്! <br>മ്യെല്ലിസൈ കേത്താല് <br>മ്യലര്ന്ധ്ധിദുമ് കൊഞമ്! <br>ഉന് പാദല് കേത്ക <br>ഥുദിക്കുധു നെഞമ്! <br>കുരല് കേത്ക വേംദുമ്.... <br>എങ്ഗേ നീ....? <br> <br>എങ്ഗേ ഉന്ധ്ധന് ആര്മ്യോനിയമ്? <br>വാസിക്ക വാ! <br>ഉയിര് കൊംദു വാ! <br> <br>നാന് കാധല് സൊല്ല <br>പാദല്കള് സെയ്ധായ്! <br>എന് ഉള്ളമ് ഏറി <br>കൊംദാദിനായ്! <br> <br>നാന് സോഗമ് കൊള്ള <br>ഊക്കമ് ഥന്ധ്ധായ് <br>കം കൊംദ നീരൈ <br>നീ പോക്കിനായ്! <br> <br>ഇനി ഒരു പാദല് <br>നീ സെയ്യവേ... <br>വഴിയില്ലൈ എന്ദ്റേ <br>നാന് അഴുഗിന്ദ്റേന്.... <br>മ്യറുബദി വന്ധ്ധു ഥുദൈപ്പായാ? <br>എങ്ഗേ ഉന്ധ്ധന് കാറ്റോവിയമ്? <br>രാഗങളാല് <br>നീ ഥീത്ത വാ! <br> <br>പൂവത്റ കാദായ് <br>നിറങളിന് പഞമ്! <br>മ്യെല്ലിസൈ കേത്താല് <br>മ്യലര്ന്ധ്ധിദുമ് കൊഞമ്! <br>ഉന് പാദല് കേത്ക <br>ഥുദിക്കുധു നെഞമ്! <br>കുരല് കേത്ക വേംദുമ്.... <br>എങ്ഗേ നീ....? ",
      "language" : {
        "name" : "Malayalam",
        "code" : "ml"
      }
    },
    {
      "data" : "ಎಙ್ಗೇ ಉನ್ಧ್ಧನ್ ಆರ್ಮ್ಯೋನಿಯಮ್? <br>ವಾಸಿಕ್ಕ ವಾ! <br>ಉಯಿರ್ ಕೊಂದು ವಾ! <br> <br>ಎಙ್ಗೇ ಉನ್ಧ್ಧನ್ ಕಾರ್ರೋವಿಯಮ್? <br>ರಾಗಙಳಾಲೇ <br>ನೀ ಥೀತ್ತ ವಾ! <br> <br>ಪೂವತ್ರ ಕಾದಾಯ್ <br>ನಿರಙಳಿನ್ ಪಞಮ್! <br>ಮ್ಯೆಲ್ಲಿಸೈ ಕೇತ್ತಾಲ್ <br>ಮ್ಯಲರ್ನ್ಧ್ಧಿದುಮ್ ಕೊಞಮ್! <br>ಉನ್ ಪಾದಲ್ ಕೇತ್ಕ <br>ಥುದಿಕ್ಕುಧು ನೆಞಮ್! <br>ಕುರಲ್ ಕೇತ್ಕ ವೇಂದುಮ್.... <br>ಎಙ್ಗೇ ನೀ....? <br> <br>ಎಙ್ಗೇ ಉನ್ಧ್ಧನ್ ಆರ್ಮ್ಯೋನಿಯಮ್? <br>ವಾಸಿಕ್ಕ ವಾ! <br>ಉಯಿರ್ ಕೊಂದು ವಾ! <br> <br>ನಾನ್ ಕಾಧಲ್ ಸೊಲ್ಲ <br>ಪಾದಲ್ಕಳ್ ಸೆಯ್ಧಾಯ್! <br>ಎನ್ ಉಳ್ಳಮ್ ಏರಿ <br>ಕೊಂದಾದಿನಾಯ್! <br> <br>ನಾನ್ ಸೋಗಮ್ ಕೊಳ್ಳ <br>ಊಕ್ಕಮ್ ಥನ್ಧ್ಧಾಯ್ <br>ಕಂ ಕೊಂದ ನೀರೈ <br>ನೀ ಪೋಕ್ಕಿನಾಯ್! <br> <br>ಇನಿ ಒರು ಪಾದಲ್ <br>ನೀ ಸೆಯ್ಯವೇ... <br>ವಲಿಯಿಲ್ಲೈ ಎನ್ದ್ರೇ <br>ನಾನ್ ಅಲುಗಿನ್ದ್ರೇನ್.... <br>ಮ್ಯರುಬದಿ ವನ್ಧ್ಧು ಥುದೈಪ್ಪಾಯಾ? <br>ಎಙ್ಗೇ ಉನ್ಧ್ಧನ್ ಕಾರ್ರೋವಿಯಮ್? <br>ರಾಗಙಳಾಲ್ <br>ನೀ ಥೀತ್ತ ವಾ! <br> <br>ಪೂವತ್ರ ಕಾದಾಯ್ <br>ನಿರಙಳಿನ್ ಪಞಮ್! <br>ಮ್ಯೆಲ್ಲಿಸೈ ಕೇತ್ತಾಲ್ <br>ಮ್ಯಲರ್ನ್ಧ್ಧಿದುಮ್ ಕೊಞಮ್! <br>ಉನ್ ಪಾದಲ್ ಕೇತ್ಕ <br>ಥುದಿಕ್ಕುಧು ನೆಞಮ್! <br>ಕುರಲ್ ಕೇತ್ಕ ವೇಂದುಮ್.... <br>ಎಙ್ಗೇ ನೀ....? ",
      "language" : {
        "name" : "Kanadam",
        "code" : "ka"
      }
    },
    {
      "data" : "এঙ্গে উন্ধ্ধন্ আর্ম্যোনিযম্? <br>ৱাসিক্ক ৱা! <br>উযির্ কোঁদু ৱা! <br> <br>এঙ্গে উন্ধ্ধন্ কাড়্ড়োৱিযম্? <br>রাগঙলালে <br>নী থীত্ত ৱা! <br> <br>পূৱত্ড় কাদায্ <br>নিড়ঙলিন্ পঞম্! <br>ম্যেল্লিসৈ কেত্তাল্ <br>ম্যলর্ন্ধ্ধিদুম্ কোঞম্! <br>উন্ পাদল্ কেত্ক <br>থুদিক্কুধু নেঞম্! <br>কুরল্ কেত্ক ৱেঁদুম্.... <br>এঙ্গে নী....? <br> <br>এঙ্গে উন্ধ্ধন্ আর্ম্যোনিযম্? <br>ৱাসিক্ক ৱা! <br>উযির্ কোঁদু ৱা! <br> <br>নান্ কাধল্ সোল্ল <br>পাদল্কল্ সেয্ধায্! <br>এন্ উল্লম্ এড়ি <br>কোঁদাদিনায্! <br> <br>নান্ সোগম্ কোল্ল <br>ঊক্কম্ থন্ধ্ধায্ <br>কঁ কোঁদ নীরৈ <br>নী পোক্কিনায্! <br> <br>ইনি ওরু পাদল্ <br>নী সেয্যৱে... <br>ৱলিযিল্লৈ এন্দ্ড়ে <br>নান্ অলুগিন্দ্ড়েন্.... <br>ম্যড়ুবদি ৱন্ধ্ধু থুদৈপ্পাযা? <br>এঙ্গে উন্ধ্ধন্ কাড়্ড়োৱিযম্? <br>রাগঙলাল্ <br>নী থীত্ত ৱা! <br> <br>পূৱত্ড় কাদায্ <br>নিড়ঙলিন্ পঞম্! <br>ম্যেল্লিসৈ কেত্তাল্ <br>ম্যলর্ন্ধ্ধিদুম্ কোঞম্! <br>উন্ পাদল্ কেত্ক <br>থুদিক্কুধু নেঞম্! <br>কুরল্ কেত্ক ৱেঁদুম্.... <br>এঙ্গে নী....?",
      "language" : {
        "name" : "Bengali",
        "code" : "be"
      }
    },
    {
      "data" : "એઙ્ગૅ ઉન્ધ્ધન્ આર્મ્યૉનિયમ્? <br>વાસિક્ક વા! <br>ઉયિર્ કોંદુ વા! <br> <br>એઙ્ગૅ ઉન્ધ્ધન્ કાર્રૉવિયમ્? <br>રાગઙળાલૅ <br>ણી થીત્ત વા! <br> <br>પૂવત્ર કાદાય્ <br>ણિરઙળિન્ પઞમ્! <br>મ્યેલ્લિસૈ કૅત્તાલ્ <br>મ્યલર્ન્ધ્ધિદુમ્ કોઞમ્! <br>ઉન્ પાદલ્ કૅત્ક <br>થુદિક્કુધુ ણેઞમ્! <br>કુરલ્ કૅત્ક વૅંદુમ્.... <br>એઙ્ગૅ ણી....? <br> <br>એઙ્ગૅ ઉન્ધ્ધન્ આર્મ્યૉનિયમ્? <br>વાસિક્ક વા! <br>ઉયિર્ કોંદુ વા! <br> <br>ણાન્ કાધલ્ સોલ્લ <br>પાદલ્કળ્ સેય્ધાય્! <br>એન્ ઉળ્ળમ્ ઍરિ <br>કોંદાદિનાય્! <br> <br>ણાન્ સૉગમ્ કોળ્ળ <br>ઊક્કમ્ થન્ધ્ધાય્ <br>કં કોંદ ણીરૈ <br>ણી પૉક્કિનાય્! <br> <br>ઇનિ ઓરુ પાદલ્ <br>ણી સેય્યવૅ... <br>વલિયિલ્લૈ એન્દ્રૅ <br>ણાન્ અલુગિન્દ્રૅન્.... <br>મ્યરુબદિ વન્ધ્ધુ થુદૈપ્પાયા? <br>એઙ્ગૅ ઉન્ધ્ધન્ કાર્રૉવિયમ્? <br>રાગઙળાલ્ <br>ણી થીત્ત વા! <br> <br>પૂવત્ર કાદાય્ <br>ણિરઙળિન્ પઞમ્! <br>મ્યેલ્લિસૈ કૅત્તાલ્ <br>મ્યલર્ન્ધ્ધિદુમ્ કોઞમ્! <br>ઉન્ પાદલ્ કૅત્ક <br>થુદિક્કુધુ ણેઞમ્! <br>કુરલ્ કૅત્ક વૅંદુમ્.... <br>એઙ્ગૅ ણી....? ",
      "language" : {
        "name" : "Gujarathi",
        "code" : "gu"
      }
    },
    {
      "data" : "एङगे उन्द दन आर्म्ओनियम? <br>वासिकक वा! <br>उयिर कोंडु वा! <br> <br>एङगे उन्द दन कार्ड़ोवियम? <br>रागङऴाले <br>नी तीटट वा! <br> <br>पूवटड़ काडाय <br>निड़ङऴिन पञम! <br>म्एल्लिसै केटटाल <br>म्अलर्न्द दिडुम कोञम! <br>उन पाडल केटक <br>तुडिक्कुदु नेञम! <br>कुरल केटक वेंडुम.... <br>एङगे नी....? <br> <br>एङगे उन्द दन आर्म्ओनियम? <br>वासिकक वा! <br>उयिर कोंडु वा! <br> <br>नान कादल सोलल <br>पाडल्कल सेयदाय! <br>एन उलळम एरि <br>कोंडाडिनाय! <br> <br>नान सोगम कोलळ <br>ऊककम तन्द दाय <br>कं कोंड नीरै <br>नी पोक्किनाय! <br> <br>इनि ओरु पाडल <br>नी सेययवे... <br>वलियिल्लै एनडड़े <br>नान अलुगिन्ड्ड़ेन.... <br>म्अड़ुबडि वन्द दु तुडैप्पाया? <br>एङगे उन्द दन कार्ड़ोवियम? <br>रागङऴाल <br>नी तीटट वा! <br> <br>पूवटड़ काडाय <br>निड़ङऴिन पञम! <br>म्एल्लिसै केटटाल <br>म्अलर्न्द दिडुम कोञम! <br>उन पाडल केटक <br>तुडिक्कुदु नेञम! <br>कुरल केटक वेंडुम.... <br>एङगे नी....? ",
      "language" : {
        "name" : "Marathi",
        "code" : "mr"
      }
    },
    {
      "data" : "ଏଙ୍ଗେ ଉନ୍ଧ୍ଧନ୍ ଆର୍ମ୍ଯୋନିଯମ୍? <br>ୱାସିକ୍କ ୱା! <br>ଉଯିର୍ କୋଂଦୁ ୱା! <br> <br>ଏଙ୍ଗେ ଉନ୍ଧ୍ଧନ୍ କାଡ଼୍ଡ଼ୋୱିଯମ୍? <br>ରାଗଙଲାଳେ <br>ନୀ ଥୀତ୍ତ ୱା! <br> <br>ପୂୱତ୍ଡ଼ କାଦାଯ୍ <br>ନିଡ଼ଙଲିନ୍ ପଞମ୍! <br>ମ୍ଯେଳ୍ଳିସୈ କେତ୍ତାଳ୍ <br>ମ୍ଯଳର୍ନ୍ଧ୍ଧିଦୁମ୍ କୋଞମ୍! <br>ଉନ୍ ପାଦଳ୍ କେତ୍କ <br>ଥୁଦିକ୍କୁଧୁ ନେଞମ୍! <br>କୁରଳ୍ କେତ୍କ ୱେଂଦୁମ୍.... <br>ଏଙ୍ଗେ ନୀ....? <br> <br>ଏଙ୍ଗେ ଉନ୍ଧ୍ଧନ୍ ଆର୍ମ୍ଯୋନିଯମ୍? <br>ୱାସିକ୍କ ୱା! <br>ଉଯିର୍ କୋଂଦୁ ୱା! <br> <br>ନାନ୍ କାଧଳ୍ ସୋଳ୍ଳ <br>ପାଦଳ୍କଲ୍ ସେଯ୍ଧାଯ୍! <br>ଏନ୍ ଉଲ୍ଲମ୍ ଏଡ଼ି <br>କୋଂଦାଦିନାଯ୍! <br> <br>ନାନ୍ ସୋଗମ୍ କୋଲ୍ଲ <br>ଊକ୍କମ୍ ଥନ୍ଧ୍ଧାଯ୍ <br>କଂ କୋଂଦ ନୀରୈ <br>ନୀ ପୋକ୍କିନାଯ୍! <br> <br>ଇନି ଓରୁ ପାଦଳ୍ <br>ନୀ ସେଯ୍ଯୱେ... <br>ୱଳିଯିଳ୍ଳୈ ଏନ୍ଦ୍ଡ଼େ <br>ନାନ୍ ଅଳୁଗିନ୍ଦ୍ଡ଼େନ୍.... <br>ମ୍ଯଡ଼ୁବଦି ୱନ୍ଧ୍ଧୁ ଥୁଦୈପ୍ପାଯା? <br>ଏଙ୍ଗେ ଉନ୍ଧ୍ଧନ୍ କାଡ଼୍ଡ଼ୋୱିଯମ୍? <br>ରାଗଙଲାଳ୍ <br>ନୀ ଥୀତ୍ତ ୱା! <br> <br>ପୂୱତ୍ଡ଼ କାଦାଯ୍ <br>ନିଡ଼ଙଲିନ୍ ପଞମ୍! <br>ମ୍ଯେଳ୍ଳିସୈ କେତ୍ତାଳ୍ <br>ମ୍ଯଳର୍ନ୍ଧ୍ଧିଦୁମ୍ କୋଞମ୍! <br>ଉନ୍ ପାଦଳ୍ କେତ୍କ <br>ଥୁଦିକ୍କୁଧୁ ନେଞମ୍! <br>କୁରଳ୍ କେତ୍କ ୱେଂଦୁମ୍.... <br>ଏଙ୍ଗେ ନୀ....? ",
      "language" : {
        "name" : "Oriya",
        "code" : "or"
      }
    },
    {
      "data" : "एङगे उन्द दन आर्म्ओनियम? <br>वासिकक वा! <br>उयिर कोंडु वा! <br> <br>एङगे उन्द दन कार्ड़ोवियम? <br>रागङऴाले <br>नी तीटट वा! <br> <br>पूवटड़ काडाय <br>निड़ङऴिन पञम! <br>म्एल्लिसै केटटाल <br>म्अलर्न्द दिडुम कोञम! <br>उन पाडल केटक <br>तुडिक्कुदु नेञम! <br>कुरल केटक वेंडुम.... <br>एङगे नी....? <br> <br>एङगे उन्द दन आर्म्ओनियम? <br>वासिकक वा! <br>उयिर कोंडु वा! <br> <br>नान कादल सोलल <br>पाडल्कल सेयदाय! <br>एन उलळम एरि <br>कोंडाडिनाय! <br> <br>नान सोगम कोलळ <br>ऊककम तन्द दाय <br>कं कोंड नीरै <br>नी पोक्किनाय! <br> <br>इनि ओरु पाडल <br>नी सेययवे... <br>वलियिल्लै एनडड़े <br>नान अलुगिन्ड्ड़ेन.... <br>म्अड़ुबडि वन्द दु तुडैप्पाया? <br>एङगे उन्द दन कार्ड़ोवियम? <br>रागङऴाल <br>नी तीटट वा! <br> <br>पूवटड़ काडाय <br>निड़ङऴिन पञम! <br>म्एल्लिसै केटटाल <br>म्अलर्न्द दिडुम कोञम! <br>उन पाडल केटक <br>तुडिक्कुदु नेञम! <br>कुरल केटक वेंडुम.... <br>एङगे नी....? ",
      "language" : {
        "name" : "konkani",
        "code" : "ko"
      }
    }
  ],
  "mood" : {
    "slug" : "sad",
    "name" : "Sad"
  },
  "thumbnail" : "https:\/\/d1ua79hvv369a0.cloudfront.net\/reflection\/thumbnail\/Enge_unthan_armonium_thumbnail.jpg",
  "language" : {
    "name" : "Tamil",
    "code" : "ta"
  },
  "slug" : "enggae-undhdhan-harmonium",
  "info" : {
    "lyric_genres" : [
      {
        "name" : {
          "en" : "Relation",
          "hi" : "Relation",
          "te" : "Relation",
          "ta" : "உறவு"
        }
      }
    ],
    "thaalams" : [
      {
        "name" : {
          "en" : "Adi Taalam (4 by 4 in WCM)",
          "hi" : "Adi Taalam (4 by 4 in WCM)",
          "te" : "Adi Taalam (4 by 4 in WCM)",
          "ta" : "அடி தாளம்(4 by 4 in WCM)"
        }
      }
    ],
    "lyric_languages" : [
      {
        "name" : {
          "en" : "Tamil",
          "hi" : "Tamil",
          "te" : "Tamil",
          "ta" : "தமிழ்"
        }
      }
    ],
    "lyric_moods" : [
      {
        "name" : {
          "en" : "Sad",
          "hi" : "Sad",
          "te" : "Sad",
          "ta" : "சோகம்"
        }
      }
    ],
    "music_genres" : [
      {
        "name" : {
          "en" : "Contemporary",
          "hi" : "Contemporary",
          "te" : "Contemporary",
          "ta" : " கண்டெம்பரரி"
        }
      }
    ],
    "best_seasons_to_listen" : [
      {
        "name" : {
          "en" : "Spring",
          "hi" : "Spring",
          "te" : "Spring",
          "ta" : "வசந்த காலம்"
        }
      },
      {
        "name" : {
          "en" : "Summer",
          "hi" : "Summer",
          "te" : "Summer",
          "ta" : "கோடை காலம்"
        }
      }
    ],
    "launch_date" : {
      "en" : "20\/04\/2016",
      "hi" : "20\/04\/2016",
      "te" : "20\/04\/2016",
      "ta" : "20\/04\/2016"
    },
    "lyric_styles" : [
      {
        "name" : {
          "en" : "Traditional",
          "hi" : "Traditional",
          "te" : "Traditional",
          "ta" : "செம்மொழி நடை"
        }
      }
    ],
    "best_time_to_listen" : [
      {
        "name" : {
          "en" : "Morning",
          "hi" : "Morning",
          "te" : "Morning",
          "ta" : "காலை"
        }
      },
      {
        "name" : {
          "en" : "Evening",
          "hi" : "Evening",
          "te" : "Evening",
          "ta" : "மாலை"
        }
      }
    ],
    "duration" : 5.45,
    "raagams" : [
      {
        "name" : {
          "en" : "Shankarabharanam base (More of WCM C Major scale)",
          "hi" : "Shankarabharanam base (More of WCM C Major scale)",
          "te" : "Shankarabharanam base (More of WCM C Major scale)",
          "ta" : "சங்கராபரணம் (More of WCM C Major scale)"
        }
      }
    ],
    "instruments" : [
      {
        "name" : {
          "en" : "Grand Piano",
          "hi" : "Grand Piano",
          "te" : "Grand Piano",
          "ta" : "கிராண்ட் பியானோ"
        }
      }
    ]
  }
}