{
  "title" : {
    "en" : "En kadhal",
    "hi" : "En kadhal",
    "te" : "En kadhal",
    "ta" : "என் காதல்"
  },
  "credits" : {
    "mixers" : [
      {
        "name" : {
          "en" : "Mukund Ambarish",
          "hi" : "Mukund Ambarish",
          "te" : "Mukund Ambarish",
          "ta" : "முகுந்த் அம்பரிஷ்"
        }
      }
    ],
    "masters" : [
      {
        "name" : {
          "en" : "Mukund Ambarish",
          "hi" : "Mukund Ambarish",
          "te" : "Mukund Ambarish",
          "ta" : "முகுந்த் அம்பரிஷ்"
        }
      }
    ],
    "composers" : [
      {
        "name" : {
          "en" : "Mukund Ambarish",
          "hi" : "Mukund Ambarish",
          "te" : "Mukund Ambarish",
          "ta" : "முகுந்த் அம்பரிஷ்"
        }
      }
    ],
    "lyricists" : [
      {
        "name" : {
          "en" : "Adithi Deborah Chakravarthy",
          "hi" : "Adithi Deborah Chakravarthy",
          "te" : "Adithi Deborah Chakravarthy",
          "ta" : "அதிதி டெபோரா சக்கரவர்த்தி"
        }
      }
    ],
    "singers" : [
      {
        "name" : {
          "en" : "Arun Haridas Kamath",
          "hi" : "Arun Haridas Kamath",
          "te" : "Arun Haridas Kamath",
          "ta" : "அருண் ஹரிதாஸ் கர்மத்"
        }
      },
      {
        "name" : {
          "en" : "Sanjana",
          "hi" : "Sanjana",
          "te" : "Sanjana",
          "ta" : "சஞ்சனா"
        }
      }
    ],
    "translator" : [
      {
        "name" : {
          "en" : "Jayashree Ramanujam",
          "hi" : "Jayashree Ramanujam",
          "te" : "Jayashree Ramanujam",
          "ta" : "ஜெயஸ்ரீ இராமானுஜம்"
        }
      }
    ],
    "arrangers" : [
      {
        "name" : {
          "en" : "Mukund Ambarish",
          "hi" : "Mukund Ambarish",
          "te" : "Mukund Ambarish",
          "ta" : "முகுந்த் அம்பரிஷ்"
        }
      }
    ],
    "producers" : [
      {
        "name" : {
          "en" : "Mukund Ambarish",
          "hi" : "Mukund Ambarish",
          "te" : "Mukund Ambarish",
          "ta" : "முகுந்த் அம்பரிஷ்"
        }
      }
    ],
    "lyric_video_senior_editor" : [
      {
        "name" : {
          "en" : "Shyam Sundar Murugesan",
          "hi" : "Shyam Sundar Murugesan",
          "te" : "Shyam Sundar Murugesan",
          "ta" : "ஷியாம் சுந்தர் முருகேசன்"
        }
      }
    ],
    "recorded_studios" : [
      {
        "name" : {
          "en" : "The Red Pencil Company",
          "hi" : "The Red Pencil Company",
          "te" : "The Red Pencil Company",
          "ta" : "த ரெட் பென்சில்  கம்பெனி"
        }
      },
      {
        "name" : {
          "en" : "Kriya Records",
          "hi" : "Kriya Records",
          "te" : "Kriya Records",
          "ta" : "கிரியா ரெக்கார்ட்ஸ்"
        }
      }
    ],
    "lyric_art" : [
      {
        "name" : {
          "en" : "Muhilan",
          "hi" : "Muhilan",
          "te" : "Muhilan",
          "ta" : "முகிலன்"
        }
      }
    ],
    "manager_of_visual_content" : [
      {
        "name" : {
          "en" : "Gokula Krishnan R Vasugi, MFI",
          "hi" : "Gokula Krishnan R Vasugi, MFI",
          "te" : "Gokula Krishnan R Vasugi, MFI",
          "ta" : "கோகுல கிருஷ்ணன் R வாசுகி MFI"
        }
      }
    ],
    "sound_engineers" : [
      {
        "name" : {
          "en" : "Navneeth Balachandran",
          "hi" : "Navneeth Balachandran",
          "te" : "Navneeth Balachandran",
          "ta" : "நவ்நீத் பாலசந்தர்"
        }
      },
      {
        "name" : {
          "en" : "Mukund Ambarish",
          "hi" : "Mukund Ambarish",
          "te" : "Mukund Ambarish",
          "ta" : "முகுந்த் அம்பரிஷ்"
        }
      }
    ],
    "lyric_video_editor" : [
      {
        "name" : {
          "en" : "Mithran.B",
          "hi" : "Mithran.B",
          "te" : "Mithran.B",
          "ta" : "மித்திரன்.B"
        }
      }
    ]
  },
  "active" : true,
  "published_on" : "2016-05-25T12:30:00.000Z",
  "description" : {
    "en" : "Love is one of the most powerful emotions and what better way to express it than through music? En Kadhal is a mesmerising love melody made all the more beautiful by the breezy delivery of the male and female lead vocals. Listen to this song and delve into your love all over again.",
    "hi" : "Love is one of the most powerful emotions and what better way to express it than through music? En Kadhal is a mesmerising love melody made all the more beautiful by the breezy delivery of the male and female lead vocals. Listen to this song and delve into your love all over again.",
    "te" : "Love is one of the most powerful emotions and what better way to express it than through music? En Kadhal is a mesmerising love melody made all the more beautiful by the breezy delivery of the male and female lead vocals. Listen to this song and delve into your love all over again.",
    "ta" : "Love is one of the most powerful emotions and what better way to express it than through music? En Kadhal is a mesmerising love melody made all the more beautiful by the breezy delivery of the male and female lead vocals. Listen to this song and delve into your love all over again."
  },
  "poster" : "https:\/\/d1ua79hvv369a0.cloudfront.net\/reflection\/poster\/25-May-2016\/En_kadhal_cover.jpg",
  "album" : {
    "title" : {
      "en" : "En kadhal",
      "hi" : "En kadhal",
      "te" : "En kadhal",
      "ta" : "En kadhal"
    },
    "id" : "42",
    "thumbnail" : "https:\/\/d1ua79hvv369a0.cloudfront.net\/reflection\/thumbnail\/25-May-2016\/En_kadhal_thumb.jpg"
  },
  "musics" : [
    {
      "players" : [
        {
          "name" : {
            "en" : "John Praveen",
            "hi" : "John Praveen",
            "te" : "John Praveen",
            "ta" : "ஜான் பிரவீன்"
          }
        }
      ],
      "instrument" : {
        "name" : {
          "name" : {
            "en" : "Guitars",
            "hi" : "Guitars",
            "te" : "Guitars",
            "ta" : "கிட்டார்ஸ்"
          }
        }
      }
    }
  ],
  "critics" : [
    {
      "review" : {
        "instrument" : {
          "comment" : {
            "en" : "Typical unplugged style presentation interspersed with contemporary pop.",
            "hi" : "Typical unplugged style presentation interspersed with contemporary pop.",
            "te" : "Typical unplugged style presentation interspersed with contemporary pop.",
            "ta" : "Typical unplugged style presentation interspersed with contemporary pop."
          },
          "score" : 10
        },
        "overall" : {
          "comment" : {
            "en" : "Unplugged Blues!",
            "hi" : "Unplugged Blues!",
            "te" : "Unplugged Blues!",
            "ta" : "Unplugged Blues!"
          },
          "score" : 9.5
        },
        "vocal" : {
          "comment" : {
            "en" : "Quite good on the lower octaves by strain in the higher pitch.",
            "hi" : "Quite good on the lower octaves by strain in the higher pitch.",
            "te" : "Quite good on the lower octaves by strain in the higher pitch.",
            "ta" : "The tune primarily focuses on feel good aspect instead of novelty."
          },
          "score" : 9
        },
        "tune" : {
          "comment" : {
            "en" : "The tune primarily focuses on feel good aspect instead of novelty.",
            "hi" : "The tune primarily focuses on feel good aspect instead of novelty.",
            "te" : "The tune primarily focuses on feel good aspect instead of novelty.",
            "ta" : "The tune primarily focuses on feel good aspect instead of novelty."
          },
          "score" : 9
        },
        "lyric" : {
          "comment" : {
            "en" : "Trendy lyrics with a tinge of bygone classicism.",
            "hi" : "Trendy lyrics with a tinge of bygone classicism.",
            "te" : "Trendy lyrics with a tinge of bygone classicism.",
            "ta" : "Trendy lyrics with a tinge of bygone classicism."
          },
          "score" : 10
        }
      },
      "author" : {
        "name" : "Durga",
        "image" : "https:\/\/d1ua79hvv369a0.cloudfront.net\/reflection\/critic\/critic-durga.png"
      },
      "rating" : 9.5
    },
    {
      "review" : {
        "instrument" : {
          "comment" : {
            "en" : "Rahman’ish violins, and nothing much else that stands out.",
            "hi" : "Rahman’ish violins, and nothing much else that stands out.",
            "te" : "Rahman’ish violins, and nothing much else that stands out.",
            "ta" : "Rahman’ish violins, and nothing much else that stands out."
          },
          "score" : 6
        },
        "overall" : {
          "comment" : {
            "en" : "Awkward singing pulls down what could have been an above-average romantic duet.",
            "hi" : "Awkward singing pulls down what could have been an above-average romantic duet.",
            "te" : "Awkward singing pulls down what could have been an above-average romantic duet.",
            "ta" : "Awkward singing pulls down what could have been an above-average romantic duet."
          },
          "score" : 5.75
        },
        "vocal" : {
          "comment" : {
            "en" : "Pretty bad. The diction isn’t a problem, but the singers often contort their voice in the hope that it sounds fancy – it doesn’t.",
            "hi" : "Pretty bad. The diction isn’t a problem, but the singers often contort their voice in the hope that it sounds fancy – it doesn’t.",
            "te" : "Pretty bad. The diction isn’t a problem, but the singers often contort their voice in the hope that it sounds fancy – it doesn’t.",
            "ta" : "Decent enough pop melody with an early-Rahman influence"
          },
          "score" : 4
        },
        "tune" : {
          "comment" : {
            "en" : "Decent enough pop melody with an early-Rahman influence",
            "hi" : "Decent enough pop melody with an early-Rahman influence",
            "te" : "Decent enough pop melody with an early-Rahman influence",
            "ta" : "Decent enough pop melody with an early-Rahman influence"
          },
          "score" : 8
        },
        "lyric" : {
          "comment" : {
            "en" : "Simple, and functional",
            "hi" : "Simple, and functional",
            "te" : "Simple, and functional",
            "ta" : "Simple, and functional"
          },
          "score" : 5
        }
      },
      "author" : {
        "name" : "Karthik",
        "image" : "https:\/\/d1ua79hvv369a0.cloudfront.net\/reflection\/critic\/critic-karthik.png"
      },
      "rating" : 5.75
    },
    {
      "review" : {
        "instrument" : {
          "comment" : {
            "en" : "The guitar drives the song initially and a steady beat accompanies the song.",
            "hi" : "The guitar drives the song initially and a steady beat accompanies the song.",
            "te" : "The guitar drives the song initially and a steady beat accompanies the song.",
            "ta" : "The guitar drives the song initially and a steady beat accompanies the song."
          },
          "score" : 6
        },
        "overall" : {
          "comment" : {
            "en" : "This intense love song doesn’t make an impact. Ends abruptly too",
            "hi" : "This intense love song doesn’t make an impact. Ends abruptly too",
            "te" : "This intense love song doesn’t make an impact. Ends abruptly too",
            "ta" : "This intense love song doesn’t make an impact. Ends abruptly too"
          },
          "score" : 5.75
        },
        "vocal" : {
          "comment" : {
            "en" : "Both the singers sound raw and have some way to go. The male singer tries to do a Sid Sriram towards the end.",
            "hi" : "Both the singers sound raw and have some way to go. The male singer tries to do a Sid Sriram towards the end.",
            "te" : "Both the singers sound raw and have some way to go. The male singer tries to do a Sid Sriram towards the end.",
            "ta" : "An intense romance duet conveying passion. Short and doesn’t make an impact."
          },
          "score" : 5
        },
        "tune" : {
          "comment" : {
            "en" : "An intense romance duet conveying passion. Short and doesn’t make an impact.",
            "hi" : "An intense romance duet conveying passion. Short and doesn’t make an impact.",
            "te" : "An intense romance duet conveying passion. Short and doesn’t make an impact.",
            "ta" : "An intense romance duet conveying passion. Short and doesn’t make an impact."
          },
          "score" : 6
        },
        "lyric" : {
          "comment" : {
            "en" : "Of romantic feelings, longing and love failure.",
            "hi" : "Of romantic feelings, longing and love failure.",
            "te" : "Of romantic feelings, longing and love failure.",
            "ta" : "Of romantic feelings, longing and love failure."
          },
          "score" : 6
        }
      },
      "author" : {
        "name" : "Kaushik",
        "image" : "https:\/\/d1ua79hvv369a0.cloudfront.net\/reflection\/critic\/Kaushik-200x200.jpg"
      },
      "rating" : 5.75
    }
  ],
  "type" : {
    "slug" : "independent-music",
    "name" : "Independent Music"
  },
  "lyrics" : [
    {
      "data" : "என் காதல் உனைச் சேரும்<br>இந்தக் கவிதை அதைக் கூறும்<br>பெண்மை உருகுதே<br>தேகம் தீண்டுவாயா<br>மென்மை சிலிர்க்குதே<br>ஒன்றாய் அணைப்பாயா<br>என் உறவுக்கு மொழிக்கொடுத்தாயே<br>அதைக் காதலாய் மொழிப்பெயர்த்தாய்<br>தேவதை என் தேவதை<br> <br>என் விழிகள் தேடுதோ<br>உன் இதயம் சேரும் வழி<br>என் நெஞ்சம் சுமப்பதோ<br>நீ என்னைப் பிரியும் வலி<br>கண் மூடினால் உன் கனவுகள்<br>கண் விழித்தால் உன் நினைவுகள்<br>உன் கண்களில் என்கனவு<br>உன் மூச்சில் என் சுவாசம்<br>இதழில் என் புன்னகை<br>உன் தோளில் என் ஆறுதல்<br>இதயம் துடித்தால் உயிர் தொடரும்<br>பாவை நான் துடித்தால் காதல் உனக்குப் புரியும்<br> <br>கண் மூடினால் உன் கனவுகள்<br>கண் விழித்தால் உன் நினைவுகள்<br>என் நினைவுகள் நீ தொலைக்கலாம்<br>என் தோற்றம் கரையலாம்<br>என் காலமும் கடக்கலாம்<br>ஆனால் என் காதல் உனைச் சேரும்<br>இந்தக் கவிதை அதைக் கூறும்<br>என் காதல் உனைச் சேரும்<br>இந்தக் கவிதை அதைக் கூறும்",
      "language" : {
        "name" : "Tamil",
        "code" : "ta"
      }
    }
  ],
  "id" : "58",
  "phonetic_lyrics" : [
    {
      "data" : "en kaadhal unai chaerum<br>indhdhak kavidhai adhaik kooRum<br>peNmai urugudhae<br>thaegam theeNduvaayaa<br>menmai silirkkudhae<br>ondRaay aNaippaayaa<br>en uRavukku mozhikkoduthaayae<br>adhaik kaadhalaay mozhippeyarthaay<br>thaevadhai en thaevadhai<br><br>en vizhigaL thaedudhoa<br>un idhayam saerum vazhi<br>en nenjam sumappadhoa<br>nee ennaip piriyum vali<br>kaN moodinaal un kanavugaL<br>kaN vizhithaal un ninaivugaL<br>un kaNkaLil enganavu<br>un moochchil en suvaasam<br>idhazhil en punnagai<br>un thoaLil en aaRudhal<br>idhayam thudithaal uyir thodarum<br>paavai naan thudithaal kaadhal unakkup puriyum<br><br>kaN moodinaal un kanavugaL<br>kaN vizhithaal un ninaivugaL<br>en ninaivugaL nee tholaikkalaam<br>en thoatRam karaiyalaam<br>en kaalamum kadakkalaam<br>aanaal en kaadhal unai chaerum<br>indhdhak kavidhai adhaik kooRum<br>en kaadhal unai chaerum<br>indhdhak kavidhai adhaik kooRum",
      "language" : {
        "name" : "English",
        "code" : "en"
      }
    },
    {
      "data" : "என் காதல் உனைச் சேரும்<br>இந்தக் கவிதை அதைக் கூறும்<br>பெண்மை உருகுதே<br>தேகம் தீண்டுவாயா<br>மென்மை சிலிர்க்குதே<br>ஒன்றாய் அணைப்பாயா<br>என் உறவுக்கு மொழிக்கொடுத்தாயே<br>அதைக் காதலாய் மொழிப்பெயர்த்தாய்<br>தேவதை என் தேவதை<br> <br>என் விழிகள் தேடுதோ<br>உன் இதயம் சேரும் வழி<br>என் நெஞ்சம் சுமப்பதோ<br>நீ என்னைப் பிரியும் வலி<br>கண் மூடினால் உன் கனவுகள்<br>கண் விழித்தால் உன் நினைவுகள்<br>உன் கண்களில் என்கனவு<br>உன் மூச்சில் என் சுவாசம்<br>இதழில் என் புன்னகை<br>உன் தோளில் என் ஆறுதல்<br>இதயம் துடித்தால் உயிர் தொடரும்<br>பாவை நான் துடித்தால் காதல் உனக்குப் புரியும்<br> <br>கண் மூடினால் உன் கனவுகள்<br>கண் விழித்தால் உன் நினைவுகள்<br>என் நினைவுகள் நீ தொலைக்கலாம்<br>என் தோற்றம் கரையலாம்<br>என் காலமும் கடக்கலாம்<br>ஆனால் என் காதல் உனைச் சேரும்<br>இந்தக் கவிதை அதைக் கூறும்<br>என் காதல் உனைச் சேரும்<br>இந்தக் கவிதை அதைக் கூறும்",
      "language" : {
        "name" : "Tamil",
        "code" : "ta"
      }
    },
    {
      "data" : "एन कादल उनै चेरुम <br>इन्द दक कविधै अधैक कूड़ुम <br>पेंम्ऐ उरुगुधे <br>तेगम थींडुवाया <br>म्एन्म्ऐ सिलिर्क्कुधे <br>ओन्ड्ड़ाय अंऐप्पाया <br>एन उड़वुक्कु म्ओलिक्कोडुताये <br>अधैक कादलाय म्ओलिप्पेयर्ताय <br>तेवधै एन तेवधै <br> <br>एन विलिगल तेडुदो <br>उन इदयम सेरुम वलि <br>एन नेञम सुम्अप्पदो <br>नी एननैप पिरियुम वलि <br>कं म्ऊडिनाल उन कनवुगल <br>कं विलिताल उन निनैवुगल <br>उन कंकऴिल एङनवु <br>उन म्ऊच्चिल एन सुवासम <br>इदलिल एन पुननगै <br>उन तोऴिल एन आड़ुदल <br>इदयम तुडिताल उयिर तोडरुम <br>पावै नान तुडिताल कादल उनक्कुप पुरियुम <br> <br>कं म्ऊडिनाल उन कनवुगल <br>कं विलिताल उन निनैवुगल <br>एन निनैवुगल नी तोलैक्कलाम <br>एन तोटड़म करैयलाम <br>एन कालम्उम कडक्कलाम <br>आनाल एन कादल उनै चेरुम <br>इन्द दक कविधै अधैक कूड़ुम <br>एन कादल उनै चेरुम <br>इन्द दक कविधै अधैक कूड़ुम",
      "language" : {
        "name" : "Hindi",
        "code" : "hi"
      }
    },
    {
      "data" : "ఎన్ కాధల్ ఉనై ఛేరుమ్ <br>ఇన్ధ్ధక్ కవిధై అధైక్ కూఱుమ్ <br>పెంమ్యై ఉరుగుధే <br>థేగమ్ థీందువాయా <br>మ్యెన్మ్యై సిలిర్క్కుధే <br>ఒన్ద్ఱాయ్ అంయైప్పాయా <br>ఎన్ ఉఱవుక్కు మ్యొలిక్కొదుథాయే <br>అధైక్ కాధలాయ్ మ్యొలిప్పెయర్థాయ్ <br>థేవధై ఎన్ థేవధై <br> <br>ఎన్ విలిగళ్ థేదుధో <br>ఉన్ ఇధయమ్ సేరుమ్ వలి <br>ఎన్ నెఞమ్ సుమ్యప్పధో <br>నె ఎన్నైప్ పిరియుమ్ వలి <br>కం మ్యూదినాల్ ఉన్ కనవుగళ్ <br>కం విలిథాల్ ఉన్ నినైవుగళ్ <br>ఉన్ కంకళిల్ ఎఙనవు <br>ఉన్ మ్యూఛ్ఛిల్ ఎన్ సువాసమ్ <br>ఇధలిల్ ఎన్ పున్నగై <br>ఉన్ థోళిల్ ఎన్ ఆఱుధల్ <br>ఇధయమ్ థుదిథాల్ ఉయిర్ థొదరుమ్ <br>పావై నాన్ థుదిథాల్ కాధల్ ఉనక్కుప్ పురియుమ్ <br> <br>కం మ్యూదినాల్ ఉన్ కనవుగళ్ <br>కం విలిథాల్ ఉన్ నినైవుగళ్ <br>ఎన్ నినైవుగళ్ నె థొలైక్కలామ్ <br>ఎన్ థోత్ఱమ్ కరైయలామ్ <br>ఎన్ కాలమ్యుమ్ కదక్కలామ్ <br>ఆనాల్ ఎన్ కాధల్ ఉనై ఛేరుమ్ <br>ఇన్ధ్ధక్ కవిధై అధైక్ కూఱుమ్ <br>ఎన్ కాధల్ ఉనై ఛేరుమ్ <br>ఇన్ధ్ధక్ కవిధై అధైక్ కూఱుమ్",
      "language" : {
        "name" : "Telugu",
        "code" : "te"
      }
    },
    {
      "data" : "എന് കാധല് ഉനൈ ചേരുമ് <br>ഇന്ധ്ധക് കവിധൈ അധൈക് കൂറുമ് <br>പെംമ്യൈ ഉരുഗുധേ <br>ഥേഗമ് ഥീംദുവായാ <br>മ്യെന്മ്യൈ സിലിര്ക്കുധേ <br>ഒന്ദ്റായ് അംയൈപ്പായാ <br>എന് ഉറവുക്കു മ്യൊഴിക്കൊദുഥായേ <br>അധൈക് കാധലായ് മ്യൊഴിപ്പെയര്ഥായ് <br>ഥേവധൈ എന് ഥേവധൈ <br> <br>എന് വിഴിഗള് ഥേദുധോ <br>ഉന് ഇധയമ് സേരുമ് വഴി <br>എന് നെഞമ് സുമ്യപ്പധോ <br>നീ എന്നൈപ് പിരിയുമ് വലി <br>കം മ്യൂദിനാല് ഉന് കനവുഗള് <br>കം വിഴിഥാല് ഉന് നിനൈവുഗള് <br>ഉന് കംകളില് എങനവു <br>ഉന് മ്യൂച്ചില് എന് സുവാസമ് <br>ഇധഴില് എന് പുന്നഗൈ <br>ഉന് ഥോളില് എന് ആറുധല് <br>ഇധയമ് ഥുദിഥാല് ഉയിര് ഥൊദരുമ് <br>പാവൈ നാന് ഥുദിഥാല് കാധല് ഉനക്കുപ് പുരിയുമ് <br> <br>കം മ്യൂദിനാല് ഉന് കനവുഗള് <br>കം വിഴിഥാല് ഉന് നിനൈവുഗള് <br>എന് നിനൈവുഗള് നീ ഥൊലൈക്കലാമ് <br>എന് ഥോത്റമ് കരൈയലാമ് <br>എന് കാലമ്യുമ് കദക്കലാമ് <br>ആനാല് എന് കാധല് ഉനൈ ചേരുമ് <br>ഇന്ധ്ധക് കവിധൈ അധൈക് കൂറുമ് <br>എന് കാധല് ഉനൈ ചേരുമ് <br>ഇന്ധ്ധക് കവിധൈ അധൈക് കൂറുമ്",
      "language" : {
        "name" : "Malayalam",
        "code" : "ml"
      }
    },
    {
      "data" : "ಎನ್ ಕಾಧಲ್ ಉನೈ ಚೇರುಮ್ <br>ಇನ್ಧ್ಧಕ್ ಕವಿಧೈ ಅಧೈಕ್ ಕೂರುಮ್ <br>ಪೆಂಮ್ಯೈ ಉರುಗುಧೇ <br>ಥೇಗಮ್ ಥೀಂದುವಾಯಾ <br>ಮ್ಯೆನ್ಮ್ಯೈ ಸಿಲಿರ್ಕ್ಕುಧೇ <br>ಒನ್ದ್ರಾಯ್ ಅಂಯೈಪ್ಪಾಯಾ <br>ಎನ್ ಉರವುಕ್ಕು ಮ್ಯೊಲಿಕ್ಕೊದುಥಾಯೇ <br>ಅಧೈಕ್ ಕಾಧಲಾಯ್ ಮ್ಯೊಲಿಪ್ಪೆಯರ್ಥಾಯ್ <br>ಥೇವಧೈ ಎನ್ ಥೇವಧೈ <br> <br>ಎನ್ ವಿಲಿಗಳ್ ಥೇದುಧೋ <br>ಉನ್ ಇಧಯಮ್ ಸೇರುಮ್ ವಲಿ <br>ಎನ್ ನೆಞಮ್ ಸುಮ್ಯಪ್ಪಧೋ <br>ನೀ ಎನ್ನೈಪ್ ಪಿರಿಯುಮ್ ವಲಿ <br>ಕಂ ಮ್ಯೂದಿನಾಲ್ ಉನ್ ಕನವುಗಳ್ <br>ಕಂ ವಿಲಿಥಾಲ್ ಉನ್ ನಿನೈವುಗಳ್ <br>ಉನ್ ಕಂಕಳಿಲ್ ಎಙನವು <br>ಉನ್ ಮ್ಯೂಚ್ಚಿಲ್ ಎನ್ ಸುವಾಸಮ್ <br>ಇಧಲಿಲ್ ಎನ್ ಪುನ್ನಗೈ <br>ಉನ್ ಥೋಳಿಲ್ ಎನ್ ಆರುಧಲ್ <br>ಇಧಯಮ್ ಥುದಿಥಾಲ್ ಉಯಿರ್ ಥೊದರುಮ್ <br>ಪಾವೈ ನಾನ್ ಥುದಿಥಾಲ್ ಕಾಧಲ್ ಉನಕ್ಕುಪ್ ಪುರಿಯುಮ್ <br> <br>ಕಂ ಮ್ಯೂದಿನಾಲ್ ಉನ್ ಕನವುಗಳ್ <br>ಕಂ ವಿಲಿಥಾಲ್ ಉನ್ ನಿನೈವುಗಳ್ <br>ಎನ್ ನಿನೈವುಗಳ್ ನೀ ಥೊಲೈಕ್ಕಲಾಮ್ <br>ಎನ್ ಥೋತ್ರಮ್ ಕರೈಯಲಾಮ್ <br>ಎನ್ ಕಾಲಮ್ಯುಮ್ ಕದಕ್ಕಲಾಮ್ <br>ಆನಾಲ್ ಎನ್ ಕಾಧಲ್ ಉನೈ ಚೇರುಮ್ <br>ಇನ್ಧ್ಧಕ್ ಕವಿಧೈ ಅಧೈಕ್ ಕೂರುಮ್ <br>ಎನ್ ಕಾಧಲ್ ಉನೈ ಚೇರುಮ್ <br>ಇನ್ಧ್ಧಕ್ ಕವಿಧೈ ಅಧೈಕ್ ಕೂರುಮ್",
      "language" : {
        "name" : "Kanadam",
        "code" : "ka"
      }
    },
    {
      "data" : "এন্ কাধল্ উনৈ চেরুম্ <br>ইন্ধ্ধক্ কৱিধৈ অধৈক্ কূড়ুম্ <br>পেঁম্যৈ উরুগুধে <br>থেগম্ থীঁদুৱাযা <br>ম্যেন্ম্যৈ সিলির্ক্কুধে <br>ওন্দ্ড়ায্ অঁযৈপ্পাযা <br>এন্ উড়ৱুক্কু ম্যোলিক্কোদুথাযে <br>অধৈক্ কাধলায্ ম্যোলিপ্পেযর্থায্ <br>থেৱধৈ এন্ থেৱধৈ <br> <br>এন্ ৱিলিগল্ থেদুধো <br>উন্ ইধযম্ সেরুম্ ৱলি <br>এন্ নেঞম্ সুম্যপ্পধো <br>নী এন্নৈপ্ পিরিযুম্ ৱলি <br>কঁ ম্যূদিনাল্ উন্ কনৱুগল্ <br>কঁ ৱিলিথাল্ উন্ নিনৈৱুগল্ <br>উন্ কঁকলিল্ এঙনৱু <br>উন্ ম্যূচ্চিল্ এন্ সুৱাসম্ <br>ইধলিল্ এন্ পুন্নগৈ <br>উন্ থোলিল্ এন্ আড়ুধল্ <br>ইধযম্ থুদিথাল্ উযির্ থোদরুম্ <br>পাৱৈ নান্ থুদিথাল্ কাধল্ উনক্কুপ্ পুরিযুম্ <br> <br>কঁ ম্যূদিনাল্ উন্ কনৱুগল্ <br>কঁ ৱিলিথাল্ উন্ নিনৈৱুগল্ <br>এন্ নিনৈৱুগল্ নী থোলৈক্কলাম্ <br>এন্ থোত্ড়ম্ করৈযলাম্ <br>এন্ কালম্যুম্ কদক্কলাম্ <br>আনাল্ এন্ কাধল্ উনৈ চেরুম্ <br>ইন্ধ্ধক্ কৱিধৈ অধৈক্ কূড়ুম্ <br>এন্ কাধল্ উনৈ চেরুম্ <br>ইন্ধ্ধক্ কৱিধৈ অধৈক্ কূড়ুম্",
      "language" : {
        "name" : "Bengali",
        "code" : "be"
      }
    },
    {
      "data" : "એન્ કાધલ્ ઉનૈ ચૅરુમ્ <br>ઇન્ધ્ધક્ કવિધૈ અધૈક્ કૂરુમ્ <br>પેંમ્યૈ ઉરુગુધૅ <br>થૅગમ્ થીંદુવાયા <br>મ્યેન્મ્યૈ સિલિર્ક્કુધૅ <br>ઓન્દ્રાય્ અંયૈપ્પાયા <br>એન્ ઉરવુક્કુ મ્યોલિક્કોદુથાયૅ <br>અધૈક્ કાધલાય્ મ્યોલિપ્પેયર્થાય્ <br>થૅવધૈ એન્ થૅવધૈ <br> <br>એન્ વિલિગળ્ થૅદુધૉ <br>ઉન્ ઇધયમ્ સૅરુમ્ વલિ <br>એન્ ણેઞમ્ સુમ્યપ્પધૉ <br>ણી એન્નૈપ્ પિરિયુમ્ વલિ <br>કં મ્યૂદિનાલ્ ઉન્ કનવુગળ્ <br>કં વિલિથાલ્ ઉન્ ણિનૈવુગળ્ <br>ઉન્ કંકળિલ્ એઙનવુ <br>ઉન્ મ્યૂચ્ચિલ્ એન્ સુવાસમ્ <br>ઇધલિલ્ એન્ પુન્નગૈ <br>ઉન્ થૉળિલ્ એન્ આરુધલ્ <br>ઇધયમ્ થુદિથાલ્ ઉયિર્ થોદરુમ્ <br>પાવૈ ણાન્ થુદિથાલ્ કાધલ્ ઉનક્કુપ્ પુરિયુમ્ <br> <br>કં મ્યૂદિનાલ્ ઉન્ કનવુગળ્ <br>કં વિલિથાલ્ ઉન્ ણિનૈવુગળ્ <br>એન્ ણિનૈવુગળ્ ણી થોલૈક્કલામ્ <br>એન્ થૉત્રમ્ કરૈયલામ્ <br>એન્ કાલમ્યુમ્ કદક્કલામ્ <br>આનાલ્ એન્ કાધલ્ ઉનૈ ચૅરુમ્ <br>ઇન્ધ્ધક્ કવિધૈ અધૈક્ કૂરુમ્ <br>એન્ કાધલ્ ઉનૈ ચૅરુમ્ <br>ઇન્ધ્ધક્ કવિધૈ અધૈક્ કૂરુમ્",
      "language" : {
        "name" : "Gujarathi",
        "code" : "gu"
      }
    },
    {
      "data" : "एन कादल उनै चेरुम <br>इन्द दक कविधै अधैक कूड़ुम <br>पेंम्ऐ उरुगुधे <br>तेगम थींडुवाया <br>म्एन्म्ऐ सिलिर्क्कुधे <br>ओन्ड्ड़ाय अंऐप्पाया <br>एन उड़वुक्कु म्ओलिक्कोडुताये <br>अधैक कादलाय म्ओलिप्पेयर्ताय <br>तेवधै एन तेवधै <br> <br>एन विलिगल तेडुदो <br>उन इदयम सेरुम वलि <br>एन नेञम सुम्अप्पदो <br>नी एननैप पिरियुम वलि <br>कं म्ऊडिनाल उन कनवुगल <br>कं विलिताल उन निनैवुगल <br>उन कंकऴिल एङनवु <br>उन म्ऊच्चिल एन सुवासम <br>इदलिल एन पुननगै <br>उन तोऴिल एन आड़ुदल <br>इदयम तुडिताल उयिर तोडरुम <br>पावै नान तुडिताल कादल उनक्कुप पुरियुम <br> <br>कं म्ऊडिनाल उन कनवुगल <br>कं विलिताल उन निनैवुगल <br>एन निनैवुगल नी तोलैक्कलाम <br>एन तोटड़म करैयलाम <br>एन कालम्उम कडक्कलाम <br>आनाल एन कादल उनै चेरुम <br>इन्द दक कविधै अधैक कूड़ुम <br>एन कादल उनै चेरुम <br>इन्द दक कविधै अधैक कूड़ुम",
      "language" : {
        "name" : "Marathi",
        "code" : "mr"
      }
    },
    {
      "data" : "ଏନ୍ କାଧଳ୍ ଉନୈ ଚେରୁମ୍ <br>ଇନ୍ଧ୍ଧକ୍ କୱିଧୈ ଅଧୈକ୍ କୂଡ଼ୁମ୍ <br>ପେଂମ୍ଯୈ ଉରୁଗୁଧେ <br>ଥେଗମ୍ ଥୀଂଦୁୱାଯା <br>ମ୍ଯେନ୍ମ୍ଯୈ ସିଳିର୍କ୍କୁଧେ <br>ଓନ୍ଦ୍ଡ଼ାଯ୍ ଅଂଯୈପ୍ପାଯା <br>ଏନ୍ ଉଡ଼ୱୁକ୍କୁ ମ୍ଯୋଳିକ୍କୋଦୁଥାଯେ <br>ଅଧୈକ୍ କାଧଳାଯ୍ ମ୍ଯୋଳିପ୍ପେଯର୍ଥାଯ୍ <br>ଥେୱଧୈ ଏନ୍ ଥେୱଧୈ <br> <br>ଏନ୍ ୱିଳିଗଲ୍ ଥେଦୁଧୋ <br>ଉନ୍ ଇଧଯମ୍ ସେରୁମ୍ ୱଳି <br>ଏନ୍ ନେଞମ୍ ସୁମ୍ଯପ୍ପଧୋ <br>ନୀ ଏନ୍ନୈପ୍ ପିରିଯୁମ୍ ୱଳି <br>କଂ ମ୍ଯୂଦିନାଳ୍ ଉନ୍ କନୱୁଗଲ୍ <br>କଂ ୱିଳିଥାଳ୍ ଉନ୍ ନିନୈୱୁଗଲ୍ <br>ଉନ୍ କଂକଲିଳ୍ ଏଙନୱୁ <br>ଉନ୍ ମ୍ଯୂଚ୍ଚିଳ୍ ଏନ୍ ସୁୱାସମ୍ <br>ଇଧଳିଳ୍ ଏନ୍ ପୁନ୍ନଗୈ <br>ଉନ୍ ଥୋଲିଳ୍ ଏନ୍ ଆଡ଼ୁଧଳ୍ <br>ଇଧଯମ୍ ଥୁଦିଥାଳ୍ ଉଯିର୍ ଥୋଦରୁମ୍ <br>ପାୱୈ ନାନ୍ ଥୁଦିଥାଳ୍ କାଧଳ୍ ଉନକ୍କୁପ୍ ପୁରିଯୁମ୍ <br> <br>କଂ ମ୍ଯୂଦିନାଳ୍ ଉନ୍ କନୱୁଗଲ୍ <br>କଂ ୱିଳିଥାଳ୍ ଉନ୍ ନିନୈୱୁଗଲ୍ <br>ଏନ୍ ନିନୈୱୁଗଲ୍ ନୀ ଥୋଳୈକ୍କଳାମ୍ <br>ଏନ୍ ଥୋତ୍ଡ଼ମ୍ କରୈଯଳାମ୍ <br>ଏନ୍ କାଳମ୍ଯୁମ୍ କଦକ୍କଳାମ୍ <br>ଆନାଳ୍ ଏନ୍ କାଧଳ୍ ଉନୈ ଚେରୁମ୍ <br>ଇନ୍ଧ୍ଧକ୍ କୱିଧୈ ଅଧୈକ୍ କୂଡ଼ୁମ୍ <br>ଏନ୍ କାଧଳ୍ ଉନୈ ଚେରୁମ୍ <br>ଇନ୍ଧ୍ଧକ୍ କୱିଧୈ ଅଧୈକ୍ କୂଡ଼ୁମ୍",
      "language" : {
        "name" : "Oriya",
        "code" : "or"
      }
    },
    {
      "data" : "एन कादल उनै चेरुम <br>इन्द दक कविधै अधैक कूड़ुम <br>पेंम्ऐ उरुगुधे <br>तेगम थींडुवाया <br>म्एन्म्ऐ सिलिर्क्कुधे <br>ओन्ड्ड़ाय अंऐप्पाया <br>एन उड़वुक्कु म्ओलिक्कोडुताये <br>अधैक कादलाय म्ओलिप्पेयर्ताय <br>तेवधै एन तेवधै <br> <br>एन विलिगल तेडुदो <br>उन इदयम सेरुम वलि <br>एन नेञम सुम्अप्पदो <br>नी एननैप पिरियुम वलि <br>कं म्ऊडिनाल उन कनवुगल <br>कं विलिताल उन निनैवुगल <br>उन कंकऴिल एङनवु <br>उन म्ऊच्चिल एन सुवासम <br>इदलिल एन पुननगै <br>उन तोऴिल एन आड़ुदल <br>इदयम तुडिताल उयिर तोडरुम <br>पावै नान तुडिताल कादल उनक्कुप पुरियुम <br> <br>कं म्ऊडिनाल उन कनवुगल <br>कं विलिताल उन निनैवुगल <br>एन निनैवुगल नी तोलैक्कलाम <br>एन तोटड़म करैयलाम <br>एन कालम्उम कडक्कलाम <br>आनाल एन कादल उनै चेरुम <br>इन्द दक कविधै अधैक कूड़ुम <br>एन कादल उनै चेरुम <br>इन्द दक कविधै अधैक कूड़ुम",
      "language" : {
        "name" : "konkani",
        "code" : "ko"
      }
    }
  ],
  "mood" : {
    "slug" : "happy",
    "name" : "Happy"
  },
  "thumbnail" : "https:\/\/d1ua79hvv369a0.cloudfront.net\/reflection\/thumbnail\/25-May-2016\/En_kadhal_thumb.jpg",
  "language" : {
    "name" : "Tamil",
    "code" : "ta"
  },
  "slug" : "en-kadhal",
  "info" : {
    "lyric_genres" : [
      {
        "name" : {
          "en" : "Romance",
          "hi" : "Romance",
          "te" : "Romance",
          "ta" : "காதல்"
        }
      }
    ],
    "thaalams" : [
      {
        "name" : {
          "en" : "4 by 4 WCM",
          "hi" : "4 by 4 WCM",
          "te" : "4 by 4 WCM",
          "ta" : "4 x 4 WCM"
        }
      }
    ],
    "lyric_languages" : [
      {
        "name" : {
          "en" : "Tamil",
          "hi" : "Tamil",
          "te" : "Tamil",
          "ta" : "தமிழ்"
        }
      }
    ],
    "lyric_moods" : [
      {
        "name" : {
          "en" : "Happy",
          "hi" : "Happy",
          "te" : "Happy",
          "ta" : "மகிழ்ச்சி"
        }
      }
    ],
    "music_genres" : [
      {
        "name" : {
          "en" : "Contemporary Fusion",
          "hi" : "Contemporary Fusion",
          "te" : "Contemporary Fusion",
          "ta" : "சமகால கலவை"
        }
      }
    ],
    "best_seasons_to_listen" : [
      {
        "name" : {
          "en" : "Summer",
          "hi" : "Summer",
          "te" : "Summer",
          "ta" : "கோடைக்காலம்"
        }
      },
      {
        "name" : {
          "en" : "Rain",
          "hi" : "Rain",
          "te" : "Rain",
          "ta" : "மழைக்காலம்"
        }
      },
      {
        "name" : {
          "en" : "Spring",
          "hi" : "Spring",
          "te" : "Spring",
          "ta" : "வசந்த காலம்"
        }
      }
    ],
    "launch_date" : {
      "en" : "25\/05\/2016",
      "hi" : "25\/05\/2016",
      "te" : "25\/05\/2016",
      "ta" : "25\/05\/2016"
    },
    "lyric_styles" : [
      {
        "name" : {
          "en" : "Contemporary",
          "hi" : "Contemporary",
          "te" : "Contemporary",
          "ta" : "சமகால நடை"
        }
      }
    ],
    "duration" : 2.43,
    "raagams" : [
      {
        "name" : {
          "en" : "D Major Scale",
          "hi" : "D Major Scale",
          "te" : "D Major Scale",
          "ta" : "D மேஜர் ஸ்கேல்"
        }
      }
    ],
    "instruments" : [
      {
        "name" : {
          "en" : "Guitar",
          "hi" : "Guitar",
          "te" : "Guitar",
          "ta" : "கிட்டார்"
        }
      },
      {
        "name" : {
          "en" : "Bass",
          "hi" : "Bass",
          "te" : "Bass",
          "ta" : "பேஸ்"
        }
      },
      {
        "name" : {
          "en" : "Keyboards",
          "hi" : "Keyboards",
          "te" : "Keyboards",
          "ta" : "கீபோர்ட்"
        }
      },
      {
        "name" : {
          "en" : "Strings",
          "hi" : "Strings",
          "te" : "Strings",
          "ta" : "ஸ்ட்ரிங்ஸ்"
        }
      }
    ],
    "best_times_to_listen" : [
      {
        "name" : {
          "en" : "Evening",
          "hi" : "Evening",
          "te" : "Evening",
          "ta" : "மாலை"
        }
      },
      {
        "name" : {
          "en" : "Night",
          "hi" : "Night",
          "te" : "Night",
          "ta" : "இரவு"
        }
      }
    ]
  }
}