{
  "title" : {
    "en" : "Gananaadhane",
    "hi" : "Gananaadhane",
    "te" : "Gananaadhane",
    "ta" : "கணநாதனே"
  },
  "credits" : {
    "mixers" : [
      {
        "name" : {
          "en" : "U. K. Murali",
          "hi" : "U. K. Murali",
          "te" : "U. K. Murali",
          "ta" : "U. K. முரளி"
        }
      }
    ],
    "masters" : [
      {
        "name" : {
          "en" : "U. K. Murali",
          "hi" : "U. K. Murali",
          "te" : "U. K. Murali",
          "ta" : "U. K. முரளி"
        }
      }
    ],
    "composers" : [
      {
        "name" : {
          "en" : "U. K. Murali",
          "hi" : "U. K. Murali",
          "te" : "U. K. Murali",
          "ta" : "U. K. முரளி"
        }
      }
    ],
    "lyricists" : [
      {
        "name" : {
          "en" : "Ponmani",
          "hi" : "Ponmani",
          "te" : "Ponmani",
          "ta" : "பொன்மணி"
        }
      }
    ],
    "singers" : [
      {
        "name" : {
          "en" : "Jemon",
          "hi" : "Jemon",
          "te" : "Jemon",
          "ta" : "ஜெமோன்"
        }
      }
    ],
    "translator" : [
      {
        "name" : {
          "en" : "Jayashree Ramanujam",
          "hi" : "Jayashree Ramanujam",
          "te" : "Jayashree Ramanujam",
          "ta" : "ஜெயஸ்ரீ இராமானுஜம்"
        }
      }
    ],
    "arrangers" : [
      {
        "name" : {
          "en" : "Mohan Ram",
          "hi" : "Mohan Ram",
          "te" : "Mohan Ram",
          "ta" : "மோகன் ராம்"
        }
      }
    ],
    "producers" : [
      {
        "name" : {
          "en" : "Karky",
          "hi" : "Karky",
          "te" : "Karky",
          "ta" : "கார்க்கி"
        }
      }
    ],
    "recorded_studios" : [
      {
        "name" : {
          "en" : "U K Digital Studios",
          "hi" : "U K Digital Studios",
          "te" : "U K Digital Studios",
          "ta" : "U K டிஜிடல் ஸ்டுடியோ"
        }
      }
    ],
    "manager_of_visual_content" : [
      {
        "name" : {
          "en" : "Gokula Krishnan R Vasugi, MFI",
          "hi" : "Gokula Krishnan R Vasugi, MFI",
          "te" : "Gokula Krishnan R Vasugi, MFI",
          "ta" : "கோகுல கிருஷ்ணன் R வாசுகி MFI"
        }
      }
    ],
    "editor" : [
      {
        "name" : {
          "en" : "Mithran.B",
          "hi" : "Mithran.B",
          "te" : "Mithran.B",
          "ta" : "மித்திரன்.B"
        }
      }
    ],
    "senior_editor" : [
      {
        "name" : {
          "en" : "Shyam Sundar Murugesan",
          "hi" : "Shyam Sundar Murugesan",
          "te" : "Shyam Sundar Murugesan",
          "ta" : "ஷியாம் சுந்தர் முருகேசன்"
        }
      }
    ],
    "sound_engineers" : [
      {
        "name" : {
          "en" : "Katiravan",
          "hi" : "Katiravan",
          "te" : "Katiravan",
          "ta" : "கதிரவன்"
        }
      },
      {
        "name" : {
          "en" : "Natarajan",
          "hi" : "Natarajan",
          "te" : "Natarajan",
          "ta" : "நடராஜன்"
        }
      }
    ]
  },
  "active" : true,
  "published_on" : "2016-05-02T12:30:00.000Z",
  "description" : {
    "en" : "Gananaathane is a devotional song to the crowd's favourite God - Ganapathy. The song's easy lyrics constructed with a simple tune can be mouthed by devotees while offering their prayers.",
    "hi" : "Gananaathane is a devotional song to the crowd's favourite God - Ganapathy. The song's easy lyrics constructed with a simple tune can be mouthed by devotees while offering their prayers.",
    "te" : "Gananaathane is a devotional song to the crowd's favourite God - Ganapathy. The song's easy lyrics constructed with a simple tune can be mouthed by devotees while offering their prayers.",
    "ta" : "எல்லாருக்கும் பிடித்த கடவுள் கணபதி, அவரைப்போற்றும் பக்திப்பாடல்தான் ‘கணநாதனே’. எளிய வரிகள், இதமான மெட்டு, ஒவ்வொருவருடைய பிரார்த்தனையிலும் இடம்பெறக்கூடிய அழகிய பாடல் இது!"
  },
  "poster" : "https:\/\/d1ua79hvv369a0.cloudfront.net\/reflection\/poster\/02-May-2016\/gananaadhane_cover.jpg",
  "album" : {
    "title" : {
      "en" : "Gananaadhane",
      "hi" : "Gananaadhane",
      "te" : "Gananaadhane",
      "ta" : "கணநாதனே"
    },
    "id" : "19"
  },
  "musics" : [
    {
      "players" : [
        {
          "name" : {
            "en" : "Jai Kumar",
            "hi" : "Jai Kumar",
            "te" : "Jai Kumar",
            "ta" : "ஜெய் குமார்"
          }
        }
      ],
      "instrument" : {
        "name" : {
          "name" : {
            "en" : "Miruthangam",
            "hi" : "Miruthangam",
            "te" : "Miruthangam",
            "ta" : "மிருதங்கம்"
          }
        }
      }
    },
    {
      "players" : [
        {
          "name" : {
            "en" : "Sudhakar",
            "hi" : "Sudhakar",
            "te" : "Sudhakar",
            "ta" : "சுதாகர்"
          }
        }
      ],
      "instrument" : {
        "name" : {
          "name" : {
            "en" : "Tabla",
            "hi" : "Tabla",
            "te" : "Tabla",
            "ta" : "தபேலா"
          }
        }
      }
    },
    {
      "players" : [
        {
          "name" : {
            "en" : "Chandru",
            "hi" : "Chandru",
            "te" : "Chandru",
            "ta" : "சந்துரு"
          }
        }
      ],
      "instrument" : {
        "name" : {
          "name" : {
            "en" : "Flute",
            "hi" : "Flute",
            "te" : "Flute",
            "ta" : "புல்லாங்குழல்"
          }
        }
      }
    },
    {
      "players" : [
        {
          "name" : {
            "en" : "Diwan Kumar",
            "hi" : "Diwan Kumar",
            "te" : "Diwan Kumar",
            "ta" : "திவான் குமார்"
          }
        }
      ],
      "instrument" : {
        "name" : {
          "name" : {
            "en" : "Tambora",
            "hi" : "Tambora",
            "te" : "Tambora",
            "ta" : "தம்புரா"
          }
        }
      }
    },
    {
      "players" : [
        {
          "name" : {
            "en" : "Diwan Kumar",
            "hi" : "Diwan Kumar",
            "te" : "Diwan Kumar",
            "ta" : "திவான் குமார்"
          }
        }
      ],
      "instrument" : {
        "name" : {
          "name" : {
            "en" : "Kanjira",
            "hi" : "Kanjira",
            "te" : "Kanjira",
            "ta" : "கஞ்சிரா"
          }
        }
      }
    }
  ],
  "critics" : [
    {
      "review" : {
        "instrument" : {
          "comment" : {
            "en" : "The orchestration is simple yet striking with the right devotional touches in ample counter points.",
            "hi" : "The orchestration is simple yet striking with the right devotional touches in ample counter points.",
            "te" : "The orchestration is simple yet striking with the right devotional touches in ample counter points.",
            "ta" : "The orchestration is simple yet striking with the right devotional touches in ample counter points."
          },
          "score" : 10
        },
        "overall" : {
          "comment" : {
            "en" : "Devotional Hindolam!",
            "hi" : "Devotional Hindolam!",
            "te" : "Devotional Hindolam!",
            "ta" : "Devotional Hindolam!"
          },
          "score" : 11.25
        },
        "vocal" : {
          "comment" : {
            "en" : "The vocals are quite appealing but sound strained in the higher octaves.",
            "hi" : "The vocals are quite appealing but sound strained in the higher octaves.",
            "te" : "The vocals are quite appealing but sound strained in the higher octaves.",
            "ta" : "A classy tune with the right elevation of Raaga Hindolam."
          },
          "score" : 9
        },
        "tune" : {
          "comment" : {
            "en" : "A classy tune with the right elevation of Raaga Hindolam.",
            "hi" : "A classy tune with the right elevation of Raaga Hindolam.",
            "te" : "A classy tune with the right elevation of Raaga Hindolam.",
            "ta" : "A classy tune with the right elevation of Raaga Hindolam."
          },
          "score" : 13
        },
        "lyric" : {
          "comment" : {
            "en" : "Devotional, blissful and enchanting lyrics which set the ambience quick.",
            "hi" : "Devotional, blissful and enchanting lyrics which set the ambience quick.",
            "te" : "Devotional, blissful and enchanting lyrics which set the ambience quick.",
            "ta" : "Devotional, blissful and enchanting lyrics which set the ambience quick."
          },
          "score" : 13
        }
      },
      "author" : {
        "name" : "Durga",
        "image" : "https:\/\/d1ua79hvv369a0.cloudfront.net\/reflection\/critic\/critic-durga.png"
      },
      "rating" : 11.25
    },
    {
      "review" : {
        "instrument" : {
          "comment" : {
            "en" : "Basic and perfunctory at best.",
            "hi" : "Basic and perfunctory at best.",
            "te" : "Basic and perfunctory at best.",
            "ta" : "Basic and perfunctory at best."
          },
          "score" : 4
        },
        "overall" : {
          "comment" : {
            "en" : "Errible listen barring the fact the song is about Ganesha.",
            "hi" : "Errible listen barring the fact the song is about Ganesha.",
            "te" : "Errible listen barring the fact the song is about Ganesha.",
            "ta" : "Errible listen barring the fact the song is about Ganesha."
          },
          "score" : 4.25
        },
        "vocal" : {
          "comment" : {
            "en" : "Bad. Awkwardly sung with really unpleasant extensions. Sounds more like an amateur",
            "hi" : "Bad. Awkwardly sung with really unpleasant extensions. Sounds more like an amateur",
            "te" : "Bad. Awkwardly sung with really unpleasant extensions. Sounds more like an amateur",
            "ta" : "Standard devotional song template tune."
          },
          "score" : 3
        },
        "tune" : {
          "comment" : {
            "en" : "Standard devotional song template tune.",
            "hi" : "Standard devotional song template tune.",
            "te" : "Standard devotional song template tune.",
            "ta" : "Standard devotional song template tune."
          },
          "score" : 4
        },
        "lyric" : {
          "comment" : {
            "en" : "Functional",
            "hi" : "Functional",
            "te" : "Functional",
            "ta" : "Functional"
          },
          "score" : 6
        }
      },
      "author" : {
        "name" : "Karthik",
        "image" : "https:\/\/d1ua79hvv369a0.cloudfront.net\/reflection\/critic\/critic-karthik.png"
      },
      "rating" : 4.25
    }
  ],
  "type" : {
    "slug" : "independent-music",
    "name" : "Independent Music"
  },
  "lyrics" : [
    {
      "data" : "Oh Lord Ganesha!<br>Lord Ganesha oh our Lord Ganesha! <br>Lord Ganesha oh our Lord Ganesha! <br>Lord Ganesha oh our Lord Ganesha! <br>Lord Ganesha oh our Lord Ganesha! <br>Oh Lord Ganesha!<br><br>All that we pursue<br>All that we pursue<br>Oh holy master, it's your deed!<br><br>Substance of all that's sung,<br>Oh is you, the absolute God!<br>Substance of all that's sung,<br>Oh is you, the absolute God!<br><br>Lord Ganesha oh our Lord Ganesha! <br>Lord Ganesha oh our Lord Ganesha! <br>Lord Ganesha oh our Lord Ganesha! <br>Lord Ganesha oh our Lord Ganesha! <br>Oh Lord Ganesha!<br><br>Oh Lord Shiva’s son, worshipping you<br>Oh Lord Shiva’s son, worshipping you<br>procreates hope!<br>Barring any troubles,<br>trunk will safely superimpose!<br><br>Barring any troubles,<br>that trunk safeguards!<br><br>Lord Ganesha oh our Lord Ganesha! <br>Lord Ganesha oh our Lord Ganesha! <br>Lord Ganesha oh our Lord Ganesha! <br>Lord Ganesha oh our Lord Ganesha! <br>Oh Lord Ganesha!",
      "language" : {
        "name" : "English",
        "code" : "en"
      }
    },
    {
      "data" : "கணநாதனே !<br>கணநாதனே எங்கள் கணநாதனே !<br>கணநாதனே எங்கள் கணநாதனே !<br>கணநாதனே எங்கள் கணநாதனே !<br>கணநாதனே எங்கள் கணநாதனே !<br>கணநாதனே !<br><br>நாடும் செயல் யாவும்<br>நாடும் செயல் யாவும்<br>நாதன் உன் செயலாகும் !<br>பாடும் பொருள் யாவும்<br>பரம்பொருளே நீயாகும் !<br>பாடும் பொருள் யாவும்<br>பரம்பொருளே நீயாகும் !<br><br>கணநாதனே எங்கள் கணநாதனே !<br>கணநாதனே எங்கள் கணநாதனே !<br>கணநாதனே எங்கள் கணநாதனே !<br>கணநாதனே எங்கள் கணநாதனே !<br>கணநாதனே !<br><br>பிள்ளையே உனைத்தொழுதால்<br>பிள்ளையே உனைத்தொழுதால்<br>நம்பிக்கை பிறக்குமே !<br>தொல்லையே வாராமல்<br>தும்பிக்கை காக்குமே !<br><br>தொல்லையே வாராமல்<br>தும்பிக்கை காக்குமே !<br><br>கணநாதனே எங்கள் கணநாதனே !<br>கணநாதனே எங்கள் கணநாதனே !<br>கணநாதனே எங்கள் கணநாதனே !<br>கணநாதனே எங்கள் கணநாதனே !<br>கணநாதனே எங்கள் கணநாதனே !<br>கணநாதனே ! புரியும்",
      "language" : {
        "name" : "Tamil",
        "code" : "ta"
      }
    }
  ],
  "id" : "37",
  "phonetic_lyrics" : [
    {
      "data" : "kaNanaadhanae !<br>kaNanaadhanae engaL kaNanaadhanae !<br>kaNanaadhanae engaL kaNanaadhanae !<br>kaNanaadhanae engaL kaNanaadhanae !<br>kaNanaadhanae engaL kaNanaadhanae !<br>kaNanaadhanae !<br><br>naadum seyal yaavum<br>naadum seyal yaavum<br>naadhan un seyalaagum !<br>paadum poruL yaavum<br>paramporuLae neeyaagum !<br>paadum poruL yaavum<br>paramporuLae neeyaagum !<br><br>kaNanaadhanae engaL kaNanaadhanae !<br>kaNanaadhanae engaL kaNanaadhanae !<br>kaNanaadhanae engaL kaNanaadhanae !<br>kaNanaadhanae engaL kaNanaadhanae !<br>kaNanaadhanae !<br><br>piLLaiyae unaithozhudhaal<br>piLLaiyae unaithozhudhaal<br>nampikkai piRakkumae !<br>thollaiyae vaaraamal<br>thumpikkai kaakkumae !<br><br>thollaiyae vaaraamal<br>thumpikkai kaakkumae !<br><br>kaNanaadhanae engaL kaNanaadhanae !<br>kaNanaadhanae engaL kaNanaadhanae !<br>kaNanaadhanae engaL kaNanaadhanae !<br>kaNanaadhanae engaL kaNanaadhanae !<br>kaNanaadhanae engaL kaNanaadhanae !<br>kaNanaadhanae !",
      "language" : {
        "name" : "English",
        "code" : "en"
      }
    },
    {
      "data" : "கணநாதனே !<br>கணநாதனே எங்கள் கணநாதனே !<br>கணநாதனே எங்கள் கணநாதனே !<br>கணநாதனே எங்கள் கணநாதனே !<br>கணநாதனே எங்கள் கணநாதனே !<br>கணநாதனே !<br><br>நாடும் செயல் யாவும்<br>நாடும் செயல் யாவும்<br>நாதன் உன் செயலாகும் !<br>பாடும் பொருள் யாவும்<br>பரம்பொருளே நீயாகும் !<br>பாடும் பொருள் யாவும்<br>பரம்பொருளே நீயாகும் !<br><br>கணநாதனே எங்கள் கணநாதனே !<br>கணநாதனே எங்கள் கணநாதனே !<br>கணநாதனே எங்கள் கணநாதனே !<br>கணநாதனே எங்கள் கணநாதனே !<br>கணநாதனே !<br><br>பிள்ளையே உனைத்தொழுதால்<br>பிள்ளையே உனைத்தொழுதால்<br>நம்பிக்கை பிறக்குமே !<br>தொல்லையே வாராமல்<br>தும்பிக்கை காக்குமே !<br><br>தொல்லையே வாராமல்<br>தும்பிக்கை காக்குமே !<br><br>கணநாதனே எங்கள் கணநாதனே !<br>கணநாதனே எங்கள் கணநாதனே !<br>கணநாதனே எங்கள் கணநாதனே !<br>கணநாதனே எங்கள் கணநாதனே !<br>கணநாதனே எங்கள் கணநாதனே !<br>கணநாதனே !",
      "language" : {
        "name" : "Tamil",
        "code" : "ta"
      }
    },
    {
      "data" : "कंअनादने ! <br>कंअनादने एङल कंअनादने ! <br>कंअनादने एङल कंअनादने ! <br>कंअनादने एङल कंअनादने ! <br>कंअनादने एङल कंअनादने ! <br>कंअनादने ! <br> <br>नाडुम सेयल यावुम <br>नाडुम सेयल यावुम <br>नादन उन सेयलागुम ! <br>पाडुम पोरुल यावुम <br>परम्पोरुऴे नीयागुम ! <br>पाडुम पोरुल यावुम <br>परम्पोरुऴे नीयागुम ! <br> <br>कंअनादने एङल कंअनादने ! <br>कंअनादने एङल कंअनादने ! <br>कंअनादने एङल कंअनादने ! <br>कंअनादने एङल कंअनादने ! <br>कंअनादने ! <br> <br>पिलळैये उनैतोलुदाल <br>पिलळैये उनैतोलुदाल <br>नम्पिक्कै पिड़क्कुम्ए ! <br>तोललैये वाराम्अल <br>तुम्पिक्कै काक्कुम्ए ! <br> <br>तोललैये वाराम्अल <br>तुम्पिक्कै काक्कुम्ए ! <br> <br>कंअनादने एङल कंअनादने ! <br>कंअनादने एङल कंअनादने ! <br>कंअनादने एङल कंअनादने ! <br>कंअनादने एङल कंअनादने ! <br>कंअनादने एङल कंअनादने ! <br>कंअनादने ! ",
      "language" : {
        "name" : "Hindi",
        "code" : "hi"
      }
    },
    {
      "data" : "కంయనాధనే ! <br>కంయనాధనే ఎఙళ్ కంయనాధనే ! <br>కంయనాధనే ఎఙళ్ కంయనాధనే ! <br>కంయనాధనే ఎఙళ్ కంయనాధనే ! <br>కంయనాధనే ఎఙళ్ కంయనాధనే ! <br>కంయనాధనే ! <br> <br>నాదుమ్ సెయల్ యావుమ్ <br>నాదుమ్ సెయల్ యావుమ్ <br>నాధన్ ఉన్ సెయలాగుమ్ ! <br>పాదుమ్ పొరుళ్ యావుమ్ <br>పరమ్పొరుళే నెయాగుమ్ ! <br>పాదుమ్ పొరుళ్ యావుమ్ <br>పరమ్పొరుళే నెయాగుమ్ ! <br> <br>కంయనాధనే ఎఙళ్ కంయనాధనే ! <br>కంయనాధనే ఎఙళ్ కంయనాధనే ! <br>కంయనాధనే ఎఙళ్ కంయనాధనే ! <br>కంయనాధనే ఎఙళ్ కంయనాధనే ! <br>కంయనాధనే ! <br> <br>పిళ్ళైయే ఉనైథొలుధాల్ <br>పిళ్ళైయే ఉనైథొలుధాల్ <br>నమ్పిక్కై పిఱక్కుమ్యే ! <br>థొల్లైయే వారామ్యల్ <br>థుమ్పిక్కై కాక్కుమ్యే ! <br> <br>థొల్లైయే వారామ్యల్ <br>థుమ్పిక్కై కాక్కుమ్యే ! <br> <br>కంయనాధనే ఎఙళ్ కంయనాధనే ! <br>కంయనాధనే ఎఙళ్ కంయనాధనే ! <br>కంయనాధనే ఎఙళ్ కంయనాధనే ! <br>కంయనాధనే ఎఙళ్ కంయనాధనే ! <br>కంయనాధనే ఎఙళ్ కంయనాధనే ! <br>కంయనాధనే !",
      "language" : {
        "name" : "Telugu",
        "code" : "te"
      }
    },
    {
      "data" : "കംയനാധനേ ! <br>കംയനാധനേ എങള് കംയനാധനേ ! <br>കംയനാധനേ എങള് കംയനാധനേ ! <br>കംയനാധനേ എങള് കംയനാധനേ ! <br>കംയനാധനേ എങള് കംയനാധനേ ! <br>കംയനാധനേ ! <br> <br>നാദുമ് സെയല് യാവുമ് <br>നാദുമ് സെയല് യാവുമ് <br>നാധന് ഉന് സെയലാഗുമ് ! <br>പാദുമ് പൊരുള് യാവുമ് <br>പരമ്പൊരുളേ നീയാഗുമ് ! <br>പാദുമ് പൊരുള് യാവുമ് <br>പരമ്പൊരുളേ നീയാഗുമ് ! <br> <br>കംയനാധനേ എങള് കംയനാധനേ ! <br>കംയനാധനേ എങള് കംയനാധനേ ! <br>കംയനാധനേ എങള് കംയനാധനേ ! <br>കംയനാധനേ എങള് കംയനാധനേ ! <br>കംയനാധനേ ! <br> <br>പിള്ളൈയേ ഉനൈഥൊഴുധാല് <br>പിള്ളൈയേ ഉനൈഥൊഴുധാല് <br>നമ്പിക്കൈ പിറക്കുമ്യേ ! <br>ഥൊല്ലൈയേ വാരാമ്യല് <br>ഥുമ്പിക്കൈ കാക്കുമ്യേ ! <br> <br>ഥൊല്ലൈയേ വാരാമ്യല് <br>ഥുമ്പിക്കൈ കാക്കുമ്യേ ! <br> <br>കംയനാധനേ എങള് കംയനാധനേ ! <br>കംയനാധനേ എങള് കംയനാധനേ ! <br>കംയനാധനേ എങള് കംയനാധനേ ! <br>കംയനാധനേ എങള് കംയനാധനേ ! <br>കംയനാധനേ എങള് കംയനാധനേ ! <br>കംയനാധനേ !",
      "language" : {
        "name" : "Malayalam",
        "code" : "ml"
      }
    },
    {
      "data" : "ಕಂಯನಾಧನೇ ! <br>ಕಂಯನಾಧನೇ ಎಙಳ್ ಕಂಯನಾಧನೇ ! <br>ಕಂಯನಾಧನೇ ಎಙಳ್ ಕಂಯನಾಧನೇ ! <br>ಕಂಯನಾಧನೇ ಎಙಳ್ ಕಂಯನಾಧನೇ ! <br>ಕಂಯನಾಧನೇ ಎಙಳ್ ಕಂಯನಾಧನೇ ! <br>ಕಂಯನಾಧನೇ ! <br> <br>ನಾದುಮ್ ಸೆಯಲ್ ಯಾವುಮ್ <br>ನಾದುಮ್ ಸೆಯಲ್ ಯಾವುಮ್ <br>ನಾಧನ್ ಉನ್ ಸೆಯಲಾಗುಮ್ ! <br>ಪಾದುಮ್ ಪೊರುಳ್ ಯಾವುಮ್ <br>ಪರಮ್ಪೊರುಳೇ ನೀಯಾಗುಮ್ ! <br>ಪಾದುಮ್ ಪೊರುಳ್ ಯಾವುಮ್ <br>ಪರಮ್ಪೊರುಳೇ ನೀಯಾಗುಮ್ ! <br> <br>ಕಂಯನಾಧನೇ ಎಙಳ್ ಕಂಯನಾಧನೇ ! <br>ಕಂಯನಾಧನೇ ಎಙಳ್ ಕಂಯನಾಧನೇ ! <br>ಕಂಯನಾಧನೇ ಎಙಳ್ ಕಂಯನಾಧನೇ ! <br>ಕಂಯನಾಧನೇ ಎಙಳ್ ಕಂಯನಾಧನೇ ! <br>ಕಂಯನಾಧನೇ ! <br> <br>ಪಿಳ್ಳೈಯೇ ಉನೈಥೊಲುಧಾಲ್ <br>ಪಿಳ್ಳೈಯೇ ಉನೈಥೊಲುಧಾಲ್ <br>ನಮ್ಪಿಕ್ಕೈ ಪಿರಕ್ಕುಮ್ಯೇ ! <br>ಥೊಲ್ಲೈಯೇ ವಾರಾಮ್ಯಲ್ <br>ಥುಮ್ಪಿಕ್ಕೈ ಕಾಕ್ಕುಮ್ಯೇ ! <br> <br>ಥೊಲ್ಲೈಯೇ ವಾರಾಮ್ಯಲ್ <br>ಥುಮ್ಪಿಕ್ಕೈ ಕಾಕ್ಕುಮ್ಯೇ ! <br> <br>ಕಂಯನಾಧನೇ ಎಙಳ್ ಕಂಯನಾಧನೇ ! <br>ಕಂಯನಾಧನೇ ಎಙಳ್ ಕಂಯನಾಧನೇ ! <br>ಕಂಯನಾಧನೇ ಎಙಳ್ ಕಂಯನಾಧನೇ ! <br>ಕಂಯನಾಧನೇ ಎಙಳ್ ಕಂಯನಾಧನೇ ! <br>ಕಂಯನಾಧನೇ ಎಙಳ್ ಕಂಯನಾಧನೇ ! <br>ಕಂಯನಾಧನೇ ! ",
      "language" : {
        "name" : "Kanadam",
        "code" : "ka"
      }
    },
    {
      "data" : "কঁযনাধনে ! <br>কঁযনাধনে এঙল্ কঁযনাধনে ! <br>কঁযনাধনে এঙল্ কঁযনাধনে ! <br>কঁযনাধনে এঙল্ কঁযনাধনে ! <br>কঁযনাধনে এঙল্ কঁযনাধনে ! <br>কঁযনাধনে ! <br> <br>নাদুম্ সেযল্ যাৱুম্ <br>নাদুম্ সেযল্ যাৱুম্ <br>নাধন্ উন্ সেযলাগুম্ ! <br>পাদুম্ পোরুল্ যাৱুম্ <br>পরম্পোরুলে নীযাগুম্ ! <br>পাদুম্ পোরুল্ যাৱুম্ <br>পরম্পোরুলে নীযাগুম্ ! <br> <br>কঁযনাধনে এঙল্ কঁযনাধনে ! <br>কঁযনাধনে এঙল্ কঁযনাধনে ! <br>কঁযনাধনে এঙল্ কঁযনাধনে ! <br>কঁযনাধনে এঙল্ কঁযনাধনে ! <br>কঁযনাধনে ! <br> <br>পিল্লৈযে উনৈথোলুধাল্ <br>পিল্লৈযে উনৈথোলুধাল্ <br>নম্পিক্কৈ পিড়ক্কুম্যে ! <br>থোল্লৈযে ৱারাম্যল্ <br>থুম্পিক্কৈ কাক্কুম্যে ! <br> <br>থোল্লৈযে ৱারাম্যল্ <br>থুম্পিক্কৈ কাক্কুম্যে ! <br> <br>কঁযনাধনে এঙল্ কঁযনাধনে ! <br>কঁযনাধনে এঙল্ কঁযনাধনে ! <br>কঁযনাধনে এঙল্ কঁযনাধনে ! <br>কঁযনাধনে এঙল্ কঁযনাধনে ! <br>কঁযনাধনে এঙল্ কঁযনাধনে ! <br>কঁযনাধনে ! ",
      "language" : {
        "name" : "Bengali",
        "code" : "be"
      }
    },
    {
      "data" : "કંયનાધનૅ ! <br>કંયનાધનૅ એઙળ્ કંયનાધનૅ ! <br>કંયનાધનૅ એઙળ્ કંયનાધનૅ ! <br>કંયનાધનૅ એઙળ્ કંયનાધનૅ ! <br>કંયનાધનૅ એઙળ્ કંયનાધનૅ ! <br>કંયનાધનૅ ! <br> <br>ણાદુમ્ સેયલ્ યાવુમ્ <br>ણાદુમ્ સેયલ્ યાવુમ્ <br>ણાધન્ ઉન્ સેયલાગુમ્ ! <br>પાદુમ્ પોરુળ્ યાવુમ્ <br>પરમ્પોરુળૅ ણીયાગુમ્ ! <br>પાદુમ્ પોરુળ્ યાવુમ્ <br>પરમ્પોરુળૅ ણીયાગુમ્ ! <br> <br>કંયનાધનૅ એઙળ્ કંયનાધનૅ ! <br>કંયનાધનૅ એઙળ્ કંયનાધનૅ ! <br>કંયનાધનૅ એઙળ્ કંયનાધનૅ ! <br>કંયનાધનૅ એઙળ્ કંયનાધનૅ ! <br>કંયનાધનૅ ! <br> <br>પિળ્ળૈયૅ ઉનૈથોલુધાલ્ <br>પિળ્ળૈયૅ ઉનૈથોલુધાલ્ <br>ણમ્પિક્કૈ પિરક્કુમ્યૅ ! <br>થોલ્લૈયૅ વારામ્યલ્ <br>થુમ્પિક્કૈ કાક્કુમ્યૅ ! <br> <br>થોલ્લૈયૅ વારામ્યલ્ <br>થુમ્પિક્કૈ કાક્કુમ્યૅ ! <br> <br>કંયનાધનૅ એઙળ્ કંયનાધનૅ ! <br>કંયનાધનૅ એઙળ્ કંયનાધનૅ ! <br>કંયનાધનૅ એઙળ્ કંયનાધનૅ ! <br>કંયનાધનૅ એઙળ્ કંયનાધનૅ ! <br>કંયનાધનૅ એઙળ્ કંયનાધનૅ ! <br>કંયનાધનૅ !",
      "language" : {
        "name" : "Gujarathi",
        "code" : "gu"
      }
    },
    {
      "data" : "कंअनादने ! <br>कंअनादने एङल कंअनादने ! <br>कंअनादने एङल कंअनादने ! <br>कंअनादने एङल कंअनादने ! <br>कंअनादने एङल कंअनादने ! <br>कंअनादने ! <br> <br>नाडुम सेयल यावुम <br>नाडुम सेयल यावुम <br>नादन उन सेयलागुम ! <br>पाडुम पोरुल यावुम <br>परम्पोरुऴे नीयागुम ! <br>पाडुम पोरुल यावुम <br>परम्पोरुऴे नीयागुम ! <br> <br>कंअनादने एङल कंअनादने ! <br>कंअनादने एङल कंअनादने ! <br>कंअनादने एङल कंअनादने ! <br>कंअनादने एङल कंअनादने ! <br>कंअनादने ! <br> <br>पिलळैये उनैतोलुदाल <br>पिलळैये उनैतोलुदाल <br>नम्पिक्कै पिड़क्कुम्ए ! <br>तोललैये वाराम्अल <br>तुम्पिक्कै काक्कुम्ए ! <br> <br>तोललैये वाराम्अल <br>तुम्पिक्कै काक्कुम्ए ! <br> <br>कंअनादने एङल कंअनादने ! <br>कंअनादने एङल कंअनादने ! <br>कंअनादने एङल कंअनादने ! <br>कंअनादने एङल कंअनादने ! <br>कंअनादने एङल कंअनादने ! <br>कंअनादने ! ",
      "language" : {
        "name" : "Marathi",
        "code" : "mr"
      }
    },
    {
      "data" : "କଂଯନାଧନେ ! <br>କଂଯନାଧନେ ଏଙଲ୍ କଂଯନାଧନେ ! <br>କଂଯନାଧନେ ଏଙଲ୍ କଂଯନାଧନେ ! <br>କଂଯନାଧନେ ଏଙଲ୍ କଂଯନାଧନେ ! <br>କଂଯନାଧନେ ଏଙଲ୍ କଂଯନାଧନେ ! <br>କଂଯନାଧନେ ! <br> <br>ନାଦୁମ୍ ସେଯଳ୍ ଯାୱୁମ୍ <br>ନାଦୁମ୍ ସେଯଳ୍ ଯାୱୁମ୍ <br>ନାଧନ୍ ଉନ୍ ସେଯଳାଗୁମ୍ ! <br>ପାଦୁମ୍ ପୋରୁଲ୍ ଯାୱୁମ୍ <br>ପରମ୍ପୋରୁଲେ ନୀଯାଗୁମ୍ ! <br>ପାଦୁମ୍ ପୋରୁଲ୍ ଯାୱୁମ୍ <br>ପରମ୍ପୋରୁଲେ ନୀଯାଗୁମ୍ ! <br> <br>କଂଯନାଧନେ ଏଙଲ୍ କଂଯନାଧନେ ! <br>କଂଯନାଧନେ ଏଙଲ୍ କଂଯନାଧନେ ! <br>କଂଯନାଧନେ ଏଙଲ୍ କଂଯନାଧନେ ! <br>କଂଯନାଧନେ ଏଙଲ୍ କଂଯନାଧନେ ! <br>କଂଯନାଧନେ ! <br> <br>ପିଲ୍ଲୈଯେ ଉନୈଥୋଳୁଧାଳ୍ <br>ପିଲ୍ଲୈଯେ ଉନୈଥୋଳୁଧାଳ୍ <br>ନମ୍ପିକ୍କୈ ପିଡ଼କ୍କୁମ୍ଯେ ! <br>ଥୋଳ୍ଳୈଯେ ୱାରାମ୍ଯଳ୍ <br>ଥୁମ୍ପିକ୍କୈ କାକ୍କୁମ୍ଯେ ! <br> <br>ଥୋଳ୍ଳୈଯେ ୱାରାମ୍ଯଳ୍ <br>ଥୁମ୍ପିକ୍କୈ କାକ୍କୁମ୍ଯେ ! <br> <br>କଂଯନାଧନେ ଏଙଲ୍ କଂଯନାଧନେ ! <br>କଂଯନାଧନେ ଏଙଲ୍ କଂଯନାଧନେ ! <br>କଂଯନାଧନେ ଏଙଲ୍ କଂଯନାଧନେ ! <br>କଂଯନାଧନେ ଏଙଲ୍ କଂଯନାଧନେ ! <br>କଂଯନାଧନେ ଏଙଲ୍ କଂଯନାଧନେ ! <br>କଂଯନାଧନେ !",
      "language" : {
        "name" : "Oriya",
        "code" : "or"
      }
    },
    {
      "data" : "कंअनादने ! <br>कंअनादने एङल कंअनादने ! <br>कंअनादने एङल कंअनादने ! <br>कंअनादने एङल कंअनादने ! <br>कंअनादने एङल कंअनादने ! <br>कंअनादने ! <br> <br>नाडुम सेयल यावुम <br>नाडुम सेयल यावुम <br>नादन उन सेयलागुम ! <br>पाडुम पोरुल यावुम <br>परम्पोरुऴे नीयागुम ! <br>पाडुम पोरुल यावुम <br>परम्पोरुऴे नीयागुम ! <br> <br>कंअनादने एङल कंअनादने ! <br>कंअनादने एङल कंअनादने ! <br>कंअनादने एङल कंअनादने ! <br>कंअनादने एङल कंअनादने ! <br>कंअनादने ! <br> <br>पिलळैये उनैतोलुदाल <br>पिलळैये उनैतोलुदाल <br>नम्पिक्कै पिड़क्कुम्ए ! <br>तोललैये वाराम्अल <br>तुम्पिक्कै काक्कुम्ए ! <br> <br>तोललैये वाराम्अल <br>तुम्पिक्कै काक्कुम्ए ! <br> <br>कंअनादने एङल कंअनादने ! <br>कंअनादने एङल कंअनादने ! <br>कंअनादने एङल कंअनादने ! <br>कंअनादने एङल कंअनादने ! <br>कंअनादने एङल कंअनादने ! <br>कंअनादने ! ",
      "language" : {
        "name" : "konkani",
        "code" : "ko"
      }
    }
  ],
  "mood" : {
    "slug" : "excited",
    "name" : "Excited"
  },
  "thumbnail" : "https:\/\/d1ua79hvv369a0.cloudfront.net\/reflection\/thumbnail\/02-May-2016\/gananaadhane_thumb.jpg",
  "language" : {
    "name" : "Tamil",
    "code" : "ta"
  },
  "slug" : "gananaadhane",
  "info" : {
    "lyric_genres" : [
      {
        "name" : {
          "en" : "Character",
          "hi" : "Character",
          "te" : "Character",
          "ta" : "பாத்திரம்"
        }
      }
    ],
    "thaalams" : [
      {
        "name" : {
          "en" : "Adi Thalam",
          "hi" : "Adi Thalam",
          "te" : "Adi Thalam",
          "ta" : "அடி தாளம்"
        }
      }
    ],
    "lyric_languages" : [
      {
        "name" : {
          "en" : "Tamil",
          "hi" : "Tamil",
          "te" : "Tamil",
          "ta" : "தமிழ்"
        }
      }
    ],
    "lyric_moods" : [
      {
        "name" : {
          "en" : "Excited",
          "hi" : "Excited",
          "te" : "Excited",
          "ta" : "உற்சாகம்"
        }
      }
    ],
    "music_genres" : [
      {
        "name" : {
          "en" : "Classical",
          "hi" : "Classical",
          "te" : "Classical",
          "ta" : "கிளாசிக்கல்"
        }
      }
    ],
    "best_seasons_to_listen" : [
      {
        "name" : {
          "en" : "All",
          "hi" : "All",
          "te" : "All",
          "ta" : "அனைத்தும்"
        }
      }
    ],
    "launch_date" : {
      "en" : "02\/05\/2016",
      "hi" : "02\/05\/2016",
      "te" : "02\/05\/2016",
      "ta" : "02\/05\/2016"
    },
    "lyric_styles" : [
      {
        "name" : {
          "en" : "Traditional",
          "hi" : "Traditional",
          "te" : "Traditional",
          "ta" : "செம்மொழி நடை"
        }
      }
    ],
    "best_time_to_listen" : [
      {
        "name" : {
          "en" : "Morning",
          "hi" : "Morning",
          "te" : "Morning",
          "ta" : "காலை"
        }
      },
      {
        "name" : {
          "en" : "Evening",
          "hi" : "Evening",
          "te" : "Evening",
          "ta" : "மாலை"
        }
      }
    ],
    "duration" : 3.05,
    "raagams" : [
      {
        "name" : {
          "en" : "Sudha dhanyasi",
          "hi" : "Sudha dhanyasi",
          "te" : "Sudha dhanyasi",
          "ta" : "சுதா தன்யசி"
        }
      }
    ],
    "instruments" : [
      {
        "name" : {
          "en" : "Veena",
          "hi" : "Veena",
          "te" : "Veena",
          "ta" : "வீணை"
        }
      },
      {
        "name" : {
          "en" : "Mridangam",
          "hi" : "Mridangam",
          "te" : "Mridangam",
          "ta" : "மிருதங்கம்"
        }
      }
    ]
  }
}