{
  "title" : {
    "en" : "Haasini",
    "hi" : "Haasini",
    "te" : "Haasini",
    "ta" : "ஹாசினி"
  },
  "credits" : {
    "mixers" : [
      {
        "name" : {
          "en" : "Ganesan Sekar",
          "hi" : "Ganesan Sekar",
          "te" : "Ganesan Sekar",
          "ta" : "கணேசன் சேகர்"
        }
      }
    ],
    "masters" : [
      {
        "name" : {
          "en" : "Ganesan Sekar",
          "hi" : "Ganesan Sekar",
          "te" : "Ganesan Sekar",
          "ta" : "கணேசன் சேகர்"
        }
      }
    ],
    "composers" : [
      {
        "name" : {
          "en" : "Phani Kalyan",
          "hi" : "Phani Kalyan",
          "te" : "Phani Kalyan",
          "ta" : "பனி கல்யாண்"
        }
      }
    ],
    "singers" : [
      {
        "name" : {
          "en" : "Abinav",
          "hi" : "Abinav",
          "te" : "Abinav",
          "ta" : "அபிநவ்"
        }
      },
      {
        "name" : {
          "en" : "Neha Nair",
          "hi" : "Neha Nair",
          "te" : "Neha Nair",
          "ta" : "நேஹா நாயர்"
        }
      }
    ],
    "lyricists" : [
      {
        "name" : {
          "en" : "Arivu",
          "hi" : "Arivu",
          "te" : "Arivu",
          "ta" : "அறிவு"
        }
      }
    ],
    "translator" : [
      {
        "name" : {
          "en" : "Jayashree Ramanujam",
          "hi" : "Jayashree Ramanujam",
          "te" : "Jayashree Ramanujam",
          "ta" : "ஜெயஸ்ரீ இராமானுஜம்"
        }
      }
    ],
    "producers" : [
      {
        "name" : {
          "en" : "Phani Kalyan",
          "hi" : "Phani Kalyan",
          "te" : "Phani Kalyan",
          "ta" : "பனி கல்யாண்"
        }
      }
    ],
    "lyric_video_senior_editor" : [
      {
        "name" : {
          "en" : "Shyam Sundar Murugesan",
          "hi" : "Shyam Sundar Murugesan",
          "te" : "Shyam Sundar Murugesan",
          "ta" : "ஷியாம் சுந்தர் முருகேசன்"
        }
      }
    ],
    "recorded_studios" : [
      {
        "name" : {
          "en" : "KF Studios, Chennai",
          "hi" : "KF Studios, Chennai",
          "te" : "KF Studios, Chennai",
          "ta" : "KF ஸ்டுடியோஸ்"
        }
      }
    ],
    "manager_of_visual_content" : [
      {
        "name" : {
          "en" : "Gokula Krishnan R Vasugi, MFI",
          "hi" : "Gokula Krishnan R Vasugi, MFI",
          "te" : "Gokula Krishnan R Vasugi, MFI",
          "ta" : "கோகுல கிருஷ்ணன் R வாசுகி MFI"
        }
      }
    ],
    "sound_engineers" : [
      {
        "name" : {
          "en" : "Ganesan sekar",
          "hi" : "Ganesan sekar",
          "te" : "Ganesan sekar",
          "ta" : "கணேசன் சேகர்"
        }
      }
    ],
    "lyric_video_editor" : [
      {
        "name" : {
          "en" : "Mithran.B",
          "hi" : "Mithran.B",
          "te" : "Mithran.B",
          "ta" : "மித்திரன்.B"
        }
      }
    ]
  },
  "active" : true,
  "published_on" : "2016-06-07T12:30:00.000Z",
  "description" : {
    "en" : "A beautiful love medley between a couple with the female lyrics talking about the poetic moments of night and dreams and the mesmerising feel of love and the male lead emphasising on the need to touch, feel, kiss and experience his love beyond words. Listen to this cute love song now.",
    "hi" : "A beautiful love medley between a couple with the female lyrics talking about the poetic moments of night and dreams and the mesmerising feel of love and the male lead emphasising on the need to touch, feel, kiss and experience his love beyond words. Listen to this cute love song now.",
    "te" : "A beautiful love medley between a couple with the female lyrics talking about the poetic moments of night and dreams and the mesmerising feel of love and the male lead emphasising on the need to touch, feel, kiss and experience his love beyond words. Listen to this cute love song now.",
    "ta" : "A beautiful love medley between a couple with the female lyrics talking about the poetic moments of night and dreams and the mesmerising feel of love and the male lead emphasising on the need to touch, feel, kiss and experience his love beyond words. Listen to this cute love song now."
  },
  "poster" : "https:\/\/d1ua79hvv369a0.cloudfront.net\/reflection\/poster\/June\/07\/Haasini_cover.jpg",
  "album" : {
    "title" : {
      "en" : "Haasini",
      "hi" : "Haasini",
      "te" : "Haasini",
      "ta" : "ஹாசினி"
    },
    "id" : "54"
  },
  "musics" : [
    {
      "players" : [
        {
          "name" : {
            "en" : "V.S Bharan",
            "hi" : "V.S Bharan",
            "te" : "V.S Bharan",
            "ta" : "V.S பரண்"
          }
        }
      ],
      "instrument" : {
        "name" : {
          "name" : {
            "en" : "Keys",
            "hi" : "Keys",
            "te" : "Keys",
            "ta" : "கீஸ்"
          }
        }
      }
    }
  ],
  "critics" : [
    {
      "review" : {
        "instrument" : {
          "comment" : {
            "en" : "Impressive mélange between ballad, modern jazz and Indian melody",
            "hi" : "Impressive mélange between ballad, modern jazz and Indian melody",
            "te" : "Impressive mélange between ballad, modern jazz and Indian melody",
            "ta" : "Impressive mélange between ballad, modern jazz and Indian melody"
          },
          "score" : 11
        },
        "overall" : {
          "comment" : {
            "en" : "Newfound meaning for feel good romance",
            "hi" : "Newfound meaning for feel good romance",
            "te" : "Newfound meaning for feel good romance",
            "ta" : "Newfound meaning for feel good romance"
          },
          "score" : 10.5
        },
        "vocal" : {
          "comment" : {
            "en" : "Feel good vocals but the female vocals scores an edge over the male vocals.",
            "hi" : "Feel good vocals but the female vocals scores an edge over the male vocals.",
            "te" : "Feel good vocals but the female vocals scores an edge over the male vocals.",
            "ta" : "Tender, lovable and sweet tune with right riffs."
          },
          "score" : 10
        },
        "tune" : {
          "comment" : {
            "en" : "Tender, lovable and sweet tune with right riffs.",
            "hi" : "Tender, lovable and sweet tune with right riffs.",
            "te" : "Tender, lovable and sweet tune with right riffs.",
            "ta" : "Tender, lovable and sweet tune with right riffs."
          },
          "score" : 10
        },
        "lyric" : {
          "comment" : {
            "en" : "Swift usage of words with poetic nature.",
            "hi" : "Swift usage of words with poetic nature.",
            "te" : "Swift usage of words with poetic nature.",
            "ta" : "Swift usage of words with poetic nature."
          },
          "score" : 11
        }
      },
      "author" : {
        "name" : "Durga",
        "image" : "https:\/\/d1ua79hvv369a0.cloudfront.net\/reflection\/critic\/critic-durga.png"
      },
      "rating" : 10.5
    },
    {
      "review" : {
        "instrument" : {
          "comment" : {
            "en" : "Matches the tune’s datedness. Some of the phrases are quite Raja’ish too!",
            "hi" : "Matches the tune’s datedness. Some of the phrases are quite Raja’ish too!",
            "te" : "Matches the tune’s datedness. Some of the phrases are quite Raja’ish too!",
            "ta" : "Matches the tune’s datedness. Some of the phrases are quite Raja’ish too!"
          },
          "score" : 9
        },
        "overall" : {
          "comment" : {
            "en" : "Blast from the past!",
            "hi" : "Blast from the past!",
            "te" : "Blast from the past!",
            "ta" : "Blast from the past!"
          },
          "score" : 9
        },
        "vocal" : {
          "comment" : {
            "en" : "Patchy and a bit amateurish, but goes fairly well with the tune.",
            "hi" : "Patchy and a bit amateurish, but goes fairly well with the tune.",
            "te" : "Patchy and a bit amateurish, but goes fairly well with the tune.",
            "ta" : "A pleasant, almost 80s style melody – you could almost imagine actor Karthik and Suhasini lip-syncing for this song!"
          },
          "score" : 8
        },
        "tune" : {
          "comment" : {
            "en" : "A pleasant, almost 80s style melody – you could almost imagine actor Karthik and Suhasini lip-syncing for this song!",
            "hi" : "A pleasant, almost 80s style melody – you could almost imagine actor Karthik and Suhasini lip-syncing for this song!",
            "te" : "A pleasant, almost 80s style melody – you could almost imagine actor Karthik and Suhasini lip-syncing for this song!",
            "ta" : "A pleasant, almost 80s style melody – you could almost imagine actor Karthik and Suhasini lip-syncing for this song!"
          },
          "score" : 10
        },
        "lyric" : {
          "comment" : {
            "en" : "Very quaint and almost 80s, talking about flowers, day and night, to fill in for love!",
            "hi" : "Very quaint and almost 80s, talking about flowers, day and night, to fill in for love!",
            "te" : "Very quaint and almost 80s, talking about flowers, day and night, to fill in for love!",
            "ta" : "Very quaint and almost 80s, talking about flowers, day and night, to fill in for love!"
          },
          "score" : 9
        }
      },
      "author" : {
        "name" : "Karthik",
        "image" : "https:\/\/d1ua79hvv369a0.cloudfront.net\/reflection\/critic\/critic-karthik.png"
      },
      "rating" : 9
    },
    {
      "review" : {
        "instrument" : {
          "comment" : {
            "en" : "The tabla percussions provide good rhythm variation to this peppy number. We also have a guitar loop running in the background and prominent string orchestration towards the end.",
            "hi" : "The tabla percussions provide good rhythm variation to this peppy number. We also have a guitar loop running in the background and prominent string orchestration towards the end.",
            "te" : "The tabla percussions provide good rhythm variation to this peppy number. We also have a guitar loop running in the background and prominent string orchestration towards the end.",
            "ta" : "The tabla percussions provide good rhythm variation to this peppy number. We also have a guitar loop running in the background and prominent string orchestration towards the end."
          },
          "score" : 6
        },
        "overall" : {
          "comment" : {
            "en" : "romance duet which sparkles in patches.",
            "hi" : "romance duet which sparkles in patches.",
            "te" : "romance duet which sparkles in patches.",
            "ta" : "romance duet which sparkles in patches."
          },
          "score" : 5.75
        },
        "vocal" : {
          "comment" : {
            "en" : "The classical finish by the female singer is the highlight in the vocal part, which is above average otherwise.",
            "hi" : "The classical finish by the female singer is the highlight in the vocal part, which is above average otherwise.",
            "te" : "The classical finish by the female singer is the highlight in the vocal part, which is above average otherwise.",
            "ta" : "This peppy melody duet has a catchy intro line and classical shades."
          },
          "score" : 6
        },
        "tune" : {
          "comment" : {
            "en" : "This peppy melody duet has a catchy intro line and classical shades.",
            "hi" : "This peppy melody duet has a catchy intro line and classical shades.",
            "te" : "This peppy melody duet has a catchy intro line and classical shades.",
            "ta" : "This peppy melody duet has a catchy intro line and classical shades."
          },
          "score" : 6
        },
        "lyric" : {
          "comment" : {
            "en" : "Flowery lines about romance.",
            "hi" : "Flowery lines about romance.",
            "te" : "Flowery lines about romance.",
            "ta" : "Flowery lines about romance."
          },
          "score" : 5
        }
      },
      "author" : {
        "name" : "Kaushik",
        "image" : "https:\/\/d1ua79hvv369a0.cloudfront.net\/reflection\/critic\/Kaushik-200x200.jpg"
      },
      "rating" : 5.75
    },
    {
      "review" : {
        "instrument" : {
          "comment" : {
            "en" : "Introduction of tabla in the first interlude makes it interesting. Strings section needed to be little more professional and could have been programmed better. Absence of a lead instrument in the interludes is evident.",
            "hi" : "Introduction of tabla in the first interlude makes it interesting. Strings section needed to be little more professional and could have been programmed better. Absence of a lead instrument in the interludes is evident.",
            "te" : "Introduction of tabla in the first interlude makes it interesting. Strings section needed to be little more professional and could have been programmed better. Absence of a lead instrument in the interludes is evident.",
            "ta" : "Introduction of tabla in the first interlude makes it interesting. Strings section needed to be little more professional and could have been programmed better. Absence of a lead instrument in the interludes is evident."
          },
          "score" : 7
        },
        "overall" : {
          "comment" : {
            "en" : "The track starts off on a promising note. Though there is potential in the tune, stronger programming, inclusion of a predominant lead instrument for interludes and string section, instead of sound effects, would have provided the much needed lift.",
            "hi" : "The track starts off on a promising note. Though there is potential in the tune, stronger programming, inclusion of a predominant lead instrument for interludes and string section, instead of sound effects, would have provided the much needed lift.",
            "te" : "The track starts off on a promising note. Though there is potential in the tune, stronger programming, inclusion of a predominant lead instrument for interludes and string section, instead of sound effects, would have provided the much needed lift.",
            "ta" : "The track starts off on a promising note. Though there is potential in the tune, stronger programming, inclusion of a predominant lead instrument for interludes and string section, instead of sound effects, would have provided the much needed lift."
          },
          "score" : 7.5
        },
        "vocal" : {
          "comment" : {
            "en" : "Good rendition with the right emotions",
            "hi" : "Good rendition with the right emotions",
            "te" : "Good rendition with the right emotions",
            "ta" : "There is potential in the tune and could have gone a notch higher especially in the charanam"
          },
          "score" : 8
        },
        "tune" : {
          "comment" : {
            "en" : "There is potential in the tune and could have gone a notch higher especially in the charanam",
            "hi" : "There is potential in the tune and could have gone a notch higher especially in the charanam",
            "te" : "There is potential in the tune and could have gone a notch higher especially in the charanam",
            "ta" : "There is potential in the tune and could have gone a notch higher especially in the charanam"
          },
          "score" : 8
        },
        "lyric" : {
          "comment" : {
            "en" : "The lyrics blend with the mood of the song and a little more focus on the metre (syllable weight) in the charanam would have been apt",
            "hi" : "The lyrics blend with the mood of the song and a little more focus on the metre (syllable weight) in the charanam would have been apt",
            "te" : "The lyrics blend with the mood of the song and a little more focus on the metre (syllable weight) in the charanam would have been apt",
            "ta" : "The lyrics blend with the mood of the song and a little more focus on the metre (syllable weight) in the charanam would have been apt"
          },
          "score" : 7
        }
      },
      "author" : {
        "name" : "Ashok",
        "image" : "https:\/\/d1ua79hvv369a0.cloudfront.net\/reflection\/critic\/Ashok_thumb.png"
      },
      "rating" : 7.5
    }
  ],
  "type" : {
    "slug" : "independent-music",
    "name" : "Independent Music"
  },
  "lyrics" : [
    {
      "data" : "ஹாசினி... ஹாசினி...ஹாசினி...ஹாசினி...<br>உயிருக்குள் வந்து ஏதோ ஒன்று சொல்லிட<br>திடுக்கென இனித்தது மயக்குதே<br>நினைவுக்குள் நின்று எனை வென்ற மலர்களே<br>இமையெனும் ஊஞ்சலில் மிதக்குதே<br>பகலோ இது இரவோ இல்லை கனவோ...<br>ஹாசினி... ஹாசினி...ஹாசினி...ஹாசினி...<br> <br>மூங்கிலிலை முனையில் துளிகளாய்ச் சிந்துதே எதுக்கு?<br>உன் கூந்தலைத் தழுவ துளிகளாய் வந்ததே அதுக்குச்<br>சுவாசத்தில் வாசனை தந்து போனாய்<br>மேகத்தில் மிதந்திடுவேன்<br>நான் பிச்சிப் பிச்சி கன்னங்களைப் பறிச்சிக்கவா<br>அதில் இச்சி இச்சி தினம் வந்து பொரிச்சிக்கவா...<br> <br>மனசுக்குள் மழை வந்து பொழிகிற நிமிஷங்கள்<br>எனக்குள்ளே  நீ வர பிறக்குதே<br>புதுப்புது  இரவுகள் புதுப்புது நிலவுகள்  <br>விடியலும் எனக்கிங்கு கசக்குதே<br>நீயடா என் துயில் சேரடா  எனதுயிர்<br>நான் பிச்ச பிச்சி கன்னங்களை பறிச்சிக்கவா<br>அதில்  இச்சி இச்சி தினம் வந்து பொரிச்சிக்கவா.<br> <br>உயிருக்குள் வந்து ஏதோ ஒன்று சொல்லிட<br>திடுக்கென இனித்தது மயக்குதே<br>நினைவுக்குள் நின்று எனை வென்ற மலர்களே<br>இமையெனும் ஊஞ்சலில் மிதக்குதே<br>பகலோ இது இரவோ இல்லை கனவோ...<br>ஹாசினி... ஹாசினி...ஹாசினி...ஹாசினி... ஹாசினி...",
      "language" : {
        "name" : "Tamil",
        "code" : "ta"
      }
    }
  ],
  "id" : "69",
  "phonetic_lyrics" : [
    {
      "data" : "Haasini... Haasini...Haasini...Haasini...<br>uyirukkuL vandhdhu aedhoa ondRu sollida<br>thidukkena inithadhu mayakkudhae<br>ninaivukkuL nindRu enai vendRa malarkaLae<br>imaiyenum oonjalil midhakkudhae<br>pagaloa idhu iravoa illai kanavoa...<br>Haasini... Haasini...Haasini...Haasini...<br><br>moonggililai munaiyil thuLigaLaay chindhdhudhae edhukku?<br>un koondhdhalaith thazhuva thuLigaLaay vandhdhadhae adhukkuch<br>suvaasathil vaasanai thandhdhu poanaay<br>maegathil midhandhdhiduvaen<br>naan pichchip pichchi kannangaLaip paRichchikkavaa<br>adhil ichchi ichchi thinam vandhdhu porichchikkavaa...<br><br>manasukkuL mazhai vandhdhu pozhigiRa nimishangaL<br>enakkuLLae  nee vara piRakkudhae<br>pudhuppudhu  iravugaL pudhuppudhu nilavugaL<br>vidiyalum enakkinggu kasakkudhae<br>neeyadaa en thuyil saeradaa  enadhuyir<br>naan pichcha pichchi kannangaLai paRichchikkavaa<br>adhil  ichchi ichchi thinam vandhdhu porichchikkavaa.<br><br>uyirukkuL vandhdhu aedhoa ondRu sollida<br>thidukkena inithadhu mayakkudhae<br>ninaivukkuL nindRu enai vendRa malarkaLae<br>imaiyenum oonjalil midhakkudhae<br>pagaloa idhu iravoa illai kanavoa...<br>Haasini... Haasini...Haasini...Haasini... Haasini...",
      "language" : {
        "name" : "English",
        "code" : "en"
      }
    },
    {
      "data" : "ஹாசினி... ஹாசினி...ஹாசினி...ஹாசினி...<br>உயிருக்குள் வந்து ஏதோ ஒன்று சொல்லிட<br>திடுக்கென இனித்தது மயக்குதே<br>நினைவுக்குள் நின்று எனை வென்ற மலர்களே<br>இமையெனும் ஊஞ்சலில் மிதக்குதே<br>பகலோ இது இரவோ இல்லை கனவோ...<br>ஹாசினி... ஹாசினி...ஹாசினி...ஹாசினி...<br> <br>மூங்கிலிலை முனையில் துளிகளாய்ச் சிந்துதே எதுக்கு?<br>உன் கூந்தலைத் தழுவ துளிகளாய் வந்ததே அதுக்குச்<br>சுவாசத்தில் வாசனை தந்து போனாய்<br>மேகத்தில் மிதந்திடுவேன்<br>நான் பிச்சிப் பிச்சி கன்னங்களைப் பறிச்சிக்கவா<br>அதில் இச்சி இச்சி தினம் வந்து பொரிச்சிக்கவா...<br> <br>மனசுக்குள் மழை வந்து பொழிகிற நிமிஷங்கள்<br>எனக்குள்ளே  நீ வர பிறக்குதே<br>புதுப்புது  இரவுகள் புதுப்புது நிலவுகள்  <br>விடியலும் எனக்கிங்கு கசக்குதே<br>நீயடா என் துயில் சேரடா  எனதுயிர்<br>நான் பிச்ச பிச்சி கன்னங்களை பறிச்சிக்கவா<br>அதில்  இச்சி இச்சி தினம் வந்து பொரிச்சிக்கவா.<br> <br>உயிருக்குள் வந்து ஏதோ ஒன்று சொல்லிட<br>திடுக்கென இனித்தது மயக்குதே<br>நினைவுக்குள் நின்று எனை வென்ற மலர்களே<br>இமையெனும் ஊஞ்சலில் மிதக்குதே<br>பகலோ இது இரவோ இல்லை கனவோ...<br>ஹாசினி... ஹாசினி...ஹாசினி...ஹாசினி... ஹாசினி...",
      "language" : {
        "name" : "Tamil",
        "code" : "ta"
      }
    },
    {
      "data" : "हासिनि... हासिनि...हासिनि...हासिनि... <br>उयिरुक्कुल वन्द दु एदो ओनडड़ु सोललिड <br>तिडुक्केन इनितदु म्अयक्कुधे <br>निनैवुक्कुल निनडड़ु एनै वेनडड़ म्अलर्कऴे <br>इम्ऐयेनुम ऊञलिल म्इदक्कुधे <br>पगलो इदु इरवो इललै कनवो... <br>हासिनि... हासिनि...हासिनि...हासिनि... <br> <br>म्ऊङ्गिलिलै म्उनैयिल तुऴिगऴाय चिन्द दुधे एदुककु? <br>उन कून्द दलैत तलुव तुऴिगऴाय वन्द दधे अदुक्कुच <br>सुवासतिल वासनै तन्द दु पोनाय <br>म्एगतिल म्इदन्द दिडुवेन <br>नान पिचचिप पिचचि कन्नङळैप परिच्चिक्कवा <br>अदिल इचचि इचचि तिनम वन्द दु पोरिच्चिक्कवा... <br> <br>म्अनसुक्कुल म्अलै वन्द दु पोलिगिड़ निम्इशङल <br>एनक्कुल्ऴे  नी वर पिड़क्कुधे <br>पुदुप्पुदु  इरवुगल पुदुप्पुदु निलवुगल <br>विडियलुम एनक्किङ्गु कसक्कुधे <br>नीयडा एन तुयिल सेरडा  एनदुयिर <br>नान पिचच पिचचि कन्नङळै परिच्चिक्कवा <br>अदिल  इचचि इचचि तिनम वन्द दु पोरिच्चिक्कवा. <br> <br>उयिरुक्कुल वन्द दु एदो ओनडड़ु सोललिड <br>तिडुक्केन इनितदु म्अयक्कुधे <br>निनैवुक्कुल निनडड़ु एनै वेनडड़ म्अलर्कऴे <br>इम्ऐयेनुम ऊञलिल म्इदक्कुधे <br>पगलो इदु इरवो इललै कनवो... <br>हासिनि... हासिनि...हासिनि...हासिनि... हासिनि...",
      "language" : {
        "name" : "Hindi",
        "code" : "hi"
      }
    },
    {
      "data" : "హాసిని... హాసిని...హాసిని...హాసిని... <br>ఉయిరుక్కుళ్ వన్ధ్ధు ఏధో ఒన్ద్ఱు సొల్లిద <br>థిదుక్కెన ఇనిథధు మ్యయక్కుధే <br>నినైవుక్కుళ్ నిన్ద్ఱు ఎనై వెన్ద్ఱ మ్యలర్కళే <br>ఇమ్యైయెనుమ్ ఊఞలిల్ మ్యిధక్కుధే <br>పగలో ఇధు ఇరవో ఇల్లై కనవో... <br>హాసిని... హాసిని...హాసిని...హాసిని... <br> <br>మ్యూఙ్గిలిలై మ్యునైయిల్ థుళిగళాయ్ ఛిన్ధ్ధుధే ఎధుక్కు? <br>ఉన్ కూన్ధ్ధలైథ్ థలువ థుళిగళాయ్ వన్ధ్ధధే అధుక్కుఛ్ <br>సువాసథిల్ వాసనై థన్ధ్ధు పోనాయ్ <br>మ్యేగథిల్ మ్యిధన్ధ్ధిదువేన్ <br>నాన్ పిఛ్ఛిప్ పిఛ్ఛి కన్నఙళైప్ పఱిఛ్ఛిక్కవా <br>అధిల్ ఇఛ్ఛి ఇఛ్ఛి థినమ్ వన్ధ్ధు పొరిఛ్ఛిక్కవా... <br> <br>మ్యనసుక్కుళ్ మ్యలై వన్ధ్ధు పొలిగిఱ నిమ్యిషఙళ్ <br>ఎనక్కుళ్ళే  నె వర పిఱక్కుధే <br>పుధుప్పుధు  ఇరవుగళ్ పుధుప్పుధు నిలవుగళ్ <br>విదియలుమ్ ఎనక్కిఙ్గు కసక్కుధే <br>నెయదా ఎన్ థుయిల్ సేరదా  ఎనధుయిర్ <br>నాన్ పిఛ్ఛ పిఛ్ఛి కన్నఙళై పఱిఛ్ఛిక్కవా <br>అధిల్  ఇఛ్ఛి ఇఛ్ఛి థినమ్ వన్ధ్ధు పొరిఛ్ఛిక్కవా. <br> <br>ఉయిరుక్కుళ్ వన్ధ్ధు ఏధో ఒన్ద్ఱు సొల్లిద <br>థిదుక్కెన ఇనిథధు మ్యయక్కుధే <br>నినైవుక్కుళ్ నిన్ద్ఱు ఎనై వెన్ద్ఱ మ్యలర్కళే <br>ఇమ్యైయెనుమ్ ఊఞలిల్ మ్యిధక్కుధే <br>పగలో ఇధు ఇరవో ఇల్లై కనవో... <br>హాసిని... హాసిని...హాసిని...హాసిని... హాసిని...",
      "language" : {
        "name" : "Telugu",
        "code" : "te"
      }
    },
    {
      "data" : "ഹാസിനി... ഹാസിനി...ഹാസിനി...ഹാസിനി... <br>ഉയിരുക്കുള് വന്ധ്ധു ഏധോ ഒന്ദ്റു സൊല്ലിദ <br>ഥിദുക്കെന ഇനിഥധു മ്യയക്കുധേ <br>നിനൈവുക്കുള് നിന്ദ്റു എനൈ വെന്ദ്റ മ്യലര്കളേ <br>ഇമ്യൈയെനുമ് ഊഞലില് മ്യിധക്കുധേ <br>പഗലോ ഇധു ഇരവോ ഇല്ലൈ കനവോ... <br>ഹാസിനി... ഹാസിനി...ഹാസിനി...ഹാസിനി... <br> <br>മ്യൂങ്ഗിലിലൈ മ്യുനൈയില് ഥുളിഗളായ് ചിന്ധ്ധുധേ എധുക്കു? <br>ഉന് കൂന്ധ്ധലൈഥ് ഥഴുവ ഥുളിഗളായ് വന്ധ്ധധേ അധുക്കുച് <br>സുവാസഥില് വാസനൈ ഥന്ധ്ധു പോനായ് <br>മ്യേഗഥില് മ്യിധന്ധ്ധിദുവേന് <br>നാന് പിച്ചിപ് പിച്ചി കന്നങളൈപ് പറിച്ചിക്കവാ <br>അധില് ഇച്ചി ഇച്ചി ഥിനമ് വന്ധ്ധു പൊരിച്ചിക്കവാ... <br> <br>മ്യനസുക്കുള് മ്യഴൈ വന്ധ്ധു പൊഴിഗിറ നിമ്യിഷങള് <br>എനക്കുള്ളേ  നീ വര പിറക്കുധേ <br>പുധുപ്പുധു  ഇരവുഗള് പുധുപ്പുധു നിലവുഗള് <br>വിദിയലുമ് എനക്കിങ്ഗു കസക്കുധേ <br>നീയദാ എന് ഥുയില് സേരദാ  എനധുയിര് <br>നാന് പിച്ച പിച്ചി കന്നങളൈ പറിച്ചിക്കവാ <br>അധില്  ഇച്ചി ഇച്ചി ഥിനമ് വന്ധ്ധു പൊരിച്ചിക്കവാ. <br> <br>ഉയിരുക്കുള് വന്ധ്ധു ഏധോ ഒന്ദ്റു സൊല്ലിദ <br>ഥിദുക്കെന ഇനിഥധു മ്യയക്കുധേ <br>നിനൈവുക്കുള് നിന്ദ്റു എനൈ വെന്ദ്റ മ്യലര്കളേ <br>ഇമ്യൈയെനുമ് ഊഞലില് മ്യിധക്കുധേ <br>പഗലോ ഇധു ഇരവോ ഇല്ലൈ കനവോ... <br>ഹാസിനി... ഹാസിനി...ഹാസിനി...ഹാസിനി... ഹാസിനി...",
      "language" : {
        "name" : "Malayalam",
        "code" : "ml"
      }
    },
    {
      "data" : "ಹಾಸಿನಿ... ಹಾಸಿನಿ...ಹಾಸಿನಿ...ಹಾಸಿನಿ... <br>ಉಯಿರುಕ್ಕುಳ್ ವನ್ಧ್ಧು ಏಧೋ ಒನ್ದ್ರು ಸೊಲ್ಲಿದ <br>ಥಿದುಕ್ಕೆನ ಇನಿಥಧು ಮ್ಯಯಕ್ಕುಧೇ <br>ನಿನೈವುಕ್ಕುಳ್ ನಿನ್ದ್ರು ಎನೈ ವೆನ್ದ್ರ ಮ್ಯಲರ್ಕಳೇ <br>ಇಮ್ಯೈಯೆನುಮ್ ಊಞಲಿಲ್ ಮ್ಯಿಧಕ್ಕುಧೇ <br>ಪಗಲೋ ಇಧು ಇರವೋ ಇಲ್ಲೈ ಕನವೋ... <br>ಹಾಸಿನಿ... ಹಾಸಿನಿ...ಹಾಸಿನಿ...ಹಾಸಿನಿ... <br> <br>ಮ್ಯೂಙ್ಗಿಲಿಲೈ ಮ್ಯುನೈಯಿಲ್ ಥುಳಿಗಳಾಯ್ ಚಿನ್ಧ್ಧುಧೇ ಎಧುಕ್ಕು? <br>ಉನ್ ಕೂನ್ಧ್ಧಲೈಥ್ ಥಲುವ ಥುಳಿಗಳಾಯ್ ವನ್ಧ್ಧಧೇ ಅಧುಕ್ಕುಚ್ <br>ಸುವಾಸಥಿಲ್ ವಾಸನೈ ಥನ್ಧ್ಧು ಪೋನಾಯ್ <br>ಮ್ಯೇಗಥಿಲ್ ಮ್ಯಿಧನ್ಧ್ಧಿದುವೇನ್ <br>ನಾನ್ ಪಿಚ್ಚಿಪ್ ಪಿಚ್ಚಿ ಕನ್ನಙಳೈಪ್ ಪರಿಚ್ಚಿಕ್ಕವಾ <br>ಅಧಿಲ್ ಇಚ್ಚಿ ಇಚ್ಚಿ ಥಿನಮ್ ವನ್ಧ್ಧು ಪೊರಿಚ್ಚಿಕ್ಕವಾ... <br> <br>ಮ್ಯನಸುಕ್ಕುಳ್ ಮ್ಯಲೈ ವನ್ಧ್ಧು ಪೊಲಿಗಿರ ನಿಮ್ಯಿಶಙಳ್ <br>ಎನಕ್ಕುಳ್ಳೇ  ನೀ ವರ ಪಿರಕ್ಕುಧೇ <br>ಪುಧುಪ್ಪುಧು  ಇರವುಗಳ್ ಪುಧುಪ್ಪುಧು ನಿಲವುಗಳ್ <br>ವಿದಿಯಲುಮ್ ಎನಕ್ಕಿಙ್ಗು ಕಸಕ್ಕುಧೇ <br>ನೀಯದಾ ಎನ್ ಥುಯಿಲ್ ಸೇರದಾ  ಎನಧುಯಿರ್ <br>ನಾನ್ ಪಿಚ್ಚ ಪಿಚ್ಚಿ ಕನ್ನಙಳೈ ಪರಿಚ್ಚಿಕ್ಕವಾ <br>ಅಧಿಲ್  ಇಚ್ಚಿ ಇಚ್ಚಿ ಥಿನಮ್ ವನ್ಧ್ಧು ಪೊರಿಚ್ಚಿಕ್ಕವಾ. <br> <br>ಉಯಿರುಕ್ಕುಳ್ ವನ್ಧ್ಧು ಏಧೋ ಒನ್ದ್ರು ಸೊಲ್ಲಿದ <br>ಥಿದುಕ್ಕೆನ ಇನಿಥಧು ಮ್ಯಯಕ್ಕುಧೇ <br>ನಿನೈವುಕ್ಕುಳ್ ನಿನ್ದ್ರು ಎನೈ ವೆನ್ದ್ರ ಮ್ಯಲರ್ಕಳೇ <br>ಇಮ್ಯೈಯೆನುಮ್ ಊಞಲಿಲ್ ಮ್ಯಿಧಕ್ಕುಧೇ <br>ಪಗಲೋ ಇಧು ಇರವೋ ಇಲ್ಲೈ ಕನವೋ... <br>ಹಾಸಿನಿ... ಹಾಸಿನಿ...ಹಾಸಿನಿ...ಹಾಸಿನಿ... ಹಾಸಿನಿ...",
      "language" : {
        "name" : "Kanadam",
        "code" : "ka"
      }
    },
    {
      "data" : "হাসিনি... হাসিনি...হাসিনি...হাসিনি... <br>উযিরুক্কুল্ ৱন্ধ্ধু এধো ওন্দ্ড়ু সোল্লিদ <br>থিদুক্কেন ইনিথধু ম্যযক্কুধে <br>নিনৈৱুক্কুল্ নিন্দ্ড়ু এনৈ ৱেন্দ্ড় ম্যলর্কলে <br>ইম্যৈযেনুম্ ঊঞলিল্ ম্যিধক্কুধে <br>পগলো ইধু ইরৱো ইল্লৈ কনৱো... <br>হাসিনি... হাসিনি...হাসিনি...হাসিনি... <br> <br>ম্যূঙ্গিলিলৈ ম্যুনৈযিল্ থুলিগলায্ চিন্ধ্ধুধে এধুক্কু? <br>উন্ কূন্ধ্ধলৈথ্ থলুৱ থুলিগলায্ ৱন্ধ্ধধে অধুক্কুচ্ <br>সুৱাসথিল্ ৱাসনৈ থন্ধ্ধু পোনায্ <br>ম্যেগথিল্ ম্যিধন্ধ্ধিদুৱেন্ <br>নান্ পিচ্চিপ্ পিচ্চি কন্নঙলৈপ্ পড়িচ্চিক্কৱা <br>অধিল্ ইচ্চি ইচ্চি থিনম্ ৱন্ধ্ধু পোরিচ্চিক্কৱা... <br> <br>ম্যনসুক্কুল্ ম্যলৈ ৱন্ধ্ধু পোলিগিড় নিম্যিষঙল্ <br>এনক্কুল্লে  নী ৱর পিড়ক্কুধে <br>পুধুপ্পুধু  ইরৱুগল্ পুধুপ্পুধু নিলৱুগল্ <br>ৱিদিযলুম্ এনক্কিঙ্গু কসক্কুধে <br>নীযদা এন্ থুযিল্ সেরদা  এনধুযির্ <br>নান্ পিচ্চ পিচ্চি কন্নঙলৈ পড়িচ্চিক্কৱা <br>অধিল্  ইচ্চি ইচ্চি থিনম্ ৱন্ধ্ধু পোরিচ্চিক্কৱা. <br> <br>উযিরুক্কুল্ ৱন্ধ্ধু এধো ওন্দ্ড়ু সোল্লিদ <br>থিদুক্কেন ইনিথধু ম্যযক্কুধে <br>নিনৈৱুক্কুল্ নিন্দ্ড়ু এনৈ ৱেন্দ্ড় ম্যলর্কলে <br>ইম্যৈযেনুম্ ঊঞলিল্ ম্যিধক্কুধে <br>পগলো ইধু ইরৱো ইল্লৈ কনৱো... <br>হাসিনি... হাসিনি...হাসিনি...হাসিনি... হাসিনি...",
      "language" : {
        "name" : "Bengali",
        "code" : "be"
      }
    },
    {
      "data" : "હાસિનિ... હાસિનિ...હાસિનિ...હાસિનિ... <br>ઉયિરુક્કુળ્ વન્ધ્ધુ ઍધૉ ઓન્દ્રુ સોલ્લિદ <br>થિદુક્કેન ઇનિથધુ મ્યયક્કુધૅ <br>ણિનૈવુક્કુળ્ ણિન્દ્રુ એનૈ વેન્દ્ર મ્યલર્કળૅ <br>ઇમ્યૈયેનુમ્ ઊઞલિલ્ મ્યિધક્કુધૅ <br>પગલૉ ઇધુ ઇરવૉ ઇલ્લૈ કનવૉ... <br>હાસિનિ... હાસિનિ...હાસિનિ...હાસિનિ... <br> <br>મ્યૂઙ્ગિલિલૈ મ્યુનૈયિલ્ થુળિગળાય્ ચિન્ધ્ધુધૅ એધુક્કુ? <br>ઉન્ કૂન્ધ્ધલૈથ્ થલુવ થુળિગળાય્ વન્ધ્ધધૅ અધુક્કુચ્ <br>સુવાસથિલ્ વાસનૈ થન્ધ્ધુ પૉનાય્ <br>મ્યૅગથિલ્ મ્યિધન્ધ્ધિદુવૅન્ <br>ણાન્ પિચ્ચિપ્ પિચ્ચિ કન્નઙળૈપ્ પરિચ્ચિક્કવા <br>અધિલ્ ઇચ્ચિ ઇચ્ચિ થિનમ્ વન્ધ્ધુ પોરિચ્ચિક્કવા... <br> <br>મ્યનસુક્કુળ્ મ્યલૈ વન્ધ્ધુ પોલિગિર ણિમ્યિષઙળ્ <br>એનક્કુળ્ળૅ  ણી વર પિરક્કુધૅ <br>પુધુપ્પુધુ  ઇરવુગળ્ પુધુપ્પુધુ ણિલવુગળ્ <br>વિદિયલુમ્ એનક્કિઙ્ગુ કસક્કુધૅ <br>ણીયદા એન્ થુયિલ્ સૅરદા  એનધુયિર્ <br>ણાન્ પિચ્ચ પિચ્ચિ કન્નઙળૈ પરિચ્ચિક્કવા <br>અધિલ્  ઇચ્ચિ ઇચ્ચિ થિનમ્ વન્ધ્ધુ પોરિચ્ચિક્કવા. <br> <br>ઉયિરુક્કુળ્ વન્ધ્ધુ ઍધૉ ઓન્દ્રુ સોલ્લિદ <br>થિદુક્કેન ઇનિથધુ મ્યયક્કુધૅ <br>ણિનૈવુક્કુળ્ ણિન્દ્રુ એનૈ વેન્દ્ર મ્યલર્કળૅ <br>ઇમ્યૈયેનુમ્ ઊઞલિલ્ મ્યિધક્કુધૅ <br>પગલૉ ઇધુ ઇરવૉ ઇલ્લૈ કનવૉ... <br>હાસિનિ... હાસિનિ...હાસિનિ...હાસિનિ... હાસિનિ...",
      "language" : {
        "name" : "Gujarathi",
        "code" : "gu"
      }
    },
    {
      "data" : "हासिनि... हासिनि...हासिनि...हासिनि... <br>उयिरुक्कुल वन्द दु एदो ओनडड़ु सोललिड <br>तिडुक्केन इनितदु म्अयक्कुधे <br>निनैवुक्कुल निनडड़ु एनै वेनडड़ म्अलर्कऴे <br>इम्ऐयेनुम ऊञलिल म्इदक्कुधे <br>पगलो इदु इरवो इललै कनवो... <br>हासिनि... हासिनि...हासिनि...हासिनि... <br> <br>म्ऊङ्गिलिलै म्उनैयिल तुऴिगऴाय चिन्द दुधे एदुककु? <br>उन कून्द दलैत तलुव तुऴिगऴाय वन्द दधे अदुक्कुच <br>सुवासतिल वासनै तन्द दु पोनाय <br>म्एगतिल म्इदन्द दिडुवेन <br>नान पिचचिप पिचचि कन्नङळैप परिच्चिक्कवा <br>अदिल इचचि इचचि तिनम वन्द दु पोरिच्चिक्कवा... <br> <br>म्अनसुक्कुल म्अलै वन्द दु पोलिगिड़ निम्इशङल <br>एनक्कुल्ऴे  नी वर पिड़क्कुधे <br>पुदुप्पुदु  इरवुगल पुदुप्पुदु निलवुगल <br>विडियलुम एनक्किङ्गु कसक्कुधे <br>नीयडा एन तुयिल सेरडा  एनदुयिर <br>नान पिचच पिचचि कन्नङळै परिच्चिक्कवा <br>अदिल  इचचि इचचि तिनम वन्द दु पोरिच्चिक्कवा. <br> <br>उयिरुक्कुल वन्द दु एदो ओनडड़ु सोललिड <br>तिडुक्केन इनितदु म्अयक्कुधे <br>निनैवुक्कुल निनडड़ु एनै वेनडड़ म्अलर्कऴे <br>इम्ऐयेनुम ऊञलिल म्इदक्कुधे <br>पगलो इदु इरवो इललै कनवो... <br>हासिनि... हासिनि...हासिनि...हासिनि... हासिनि...",
      "language" : {
        "name" : "Marathi",
        "code" : "mr"
      }
    },
    {
      "data" : "ହାସିନି... ହାସିନି...ହାସିନି...ହାସିନି... <br>ଉଯିରୁକ୍କୁଲ୍ ୱନ୍ଧ୍ଧୁ ଏଧୋ ଓନ୍ଦ୍ଡ଼ୁ ସୋଳ୍ଳିଦ <br>ଥିଦୁକ୍କେନ ଇନିଥଧୁ ମ୍ଯଯକ୍କୁଧେ <br>ନିନୈୱୁକ୍କୁଲ୍ ନିନ୍ଦ୍ଡ଼ୁ ଏନୈ ୱେନ୍ଦ୍ଡ଼ ମ୍ଯଳର୍କଲେ <br>ଇମ୍ଯୈଯେନୁମ୍ ଊଞଳିଳ୍ ମ୍ଯିଧକ୍କୁଧେ <br>ପଗଳୋ ଇଧୁ ଇରୱୋ ଇଳ୍ଳୈ କନୱୋ... <br>ହାସିନି... ହାସିନି...ହାସିନି...ହାସିନି... <br> <br>ମ୍ଯୂଙ୍ଗିଳିଳୈ ମ୍ଯୁନୈଯିଳ୍ ଥୁଲିଗଲାଯ୍ ଚିନ୍ଧ୍ଧୁଧେ ଏଧୁକ୍କୁ? <br>ଉନ୍ କୂନ୍ଧ୍ଧଳୈଥ୍ ଥଳୁୱ ଥୁଲିଗଲାଯ୍ ୱନ୍ଧ୍ଧଧେ ଅଧୁକ୍କୁଚ୍ <br>ସୁୱାସଥିଳ୍ ୱାସନୈ ଥନ୍ଧ୍ଧୁ ପୋନାଯ୍ <br>ମ୍ଯେଗଥିଳ୍ ମ୍ଯିଧନ୍ଧ୍ଧିଦୁୱେନ୍ <br>ନାନ୍ ପିଚ୍ଚିପ୍ ପିଚ୍ଚି କନ୍ନଙଲୈପ୍ ପଡ଼ିଚ୍ଚିକ୍କୱା <br>ଅଧିଳ୍ ଇଚ୍ଚି ଇଚ୍ଚି ଥିନମ୍ ୱନ୍ଧ୍ଧୁ ପୋରିଚ୍ଚିକ୍କୱା... <br> <br>ମ୍ଯନସୁକ୍କୁଲ୍ ମ୍ଯଳୈ ୱନ୍ଧ୍ଧୁ ପୋଳିଗିଡ଼ ନିମ୍ଯିଶଙଲ୍ <br>ଏନକ୍କୁଲ୍ଲେ  ନୀ ୱର ପିଡ଼କ୍କୁଧେ <br>ପୁଧୁପ୍ପୁଧୁ  ଇରୱୁଗଲ୍ ପୁଧୁପ୍ପୁଧୁ ନିଳୱୁଗଲ୍ <br>ୱିଦିଯଳୁମ୍ ଏନକ୍କିଙ୍ଗୁ କସକ୍କୁଧେ <br>ନୀଯଦା ଏନ୍ ଥୁଯିଳ୍ ସେରଦା  ଏନଧୁଯିର୍ <br>ନାନ୍ ପିଚ୍ଚ ପିଚ୍ଚି କନ୍ନଙଲୈ ପଡ଼ିଚ୍ଚିକ୍କୱା <br>ଅଧିଳ୍  ଇଚ୍ଚି ଇଚ୍ଚି ଥିନମ୍ ୱନ୍ଧ୍ଧୁ ପୋରିଚ୍ଚିକ୍କୱା. <br> <br>ଉଯିରୁକ୍କୁଲ୍ ୱନ୍ଧ୍ଧୁ ଏଧୋ ଓନ୍ଦ୍ଡ଼ୁ ସୋଳ୍ଳିଦ <br>ଥିଦୁକ୍କେନ ଇନିଥଧୁ ମ୍ଯଯକ୍କୁଧେ <br>ନିନୈୱୁକ୍କୁଲ୍ ନିନ୍ଦ୍ଡ଼ୁ ଏନୈ ୱେନ୍ଦ୍ଡ଼ ମ୍ଯଳର୍କଲେ <br>ଇମ୍ଯୈଯେନୁମ୍ ଊଞଳିଳ୍ ମ୍ଯିଧକ୍କୁଧେ <br>ପଗଳୋ ଇଧୁ ଇରୱୋ ଇଳ୍ଳୈ କନୱୋ... <br>ହାସିନି... ହାସିନି...ହାସିନି...ହାସିନି... ହାସିନି...",
      "language" : {
        "name" : "Oriya",
        "code" : "or"
      }
    },
    {
      "data" : "हासिनि... हासिनि...हासिनि...हासिनि... <br>उयिरुक्कुल वन्द दु एदो ओनडड़ु सोललिड <br>तिडुक्केन इनितदु म्अयक्कुधे <br>निनैवुक्कुल निनडड़ु एनै वेनडड़ म्अलर्कऴे <br>इम्ऐयेनुम ऊञलिल म्इदक्कुधे <br>पगलो इदु इरवो इललै कनवो... <br>हासिनि... हासिनि...हासिनि...हासिनि... <br> <br>म्ऊङ्गिलिलै म्उनैयिल तुऴिगऴाय चिन्द दुधे एदुककु? <br>उन कून्द दलैत तलुव तुऴिगऴाय वन्द दधे अदुक्कुच <br>सुवासतिल वासनै तन्द दु पोनाय <br>म्एगतिल म्इदन्द दिडुवेन <br>नान पिचचिप पिचचि कन्नङळैप परिच्चिक्कवा <br>अदिल इचचि इचचि तिनम वन्द दु पोरिच्चिक्कवा... <br> <br>म्अनसुक्कुल म्अलै वन्द दु पोलिगिड़ निम्इशङल <br>एनक्कुल्ऴे  नी वर पिड़क्कुधे <br>पुदुप्पुदु  इरवुगल पुदुप्पुदु निलवुगल <br>विडियलुम एनक्किङ्गु कसक्कुधे <br>नीयडा एन तुयिल सेरडा  एनदुयिर <br>नान पिचच पिचचि कन्नङळै परिच्चिक्कवा <br>अदिल  इचचि इचचि तिनम वन्द दु पोरिच्चिक्कवा. <br> <br>उयिरुक्कुल वन्द दु एदो ओनडड़ु सोललिड <br>तिडुक्केन इनितदु म्अयक्कुधे <br>निनैवुक्कुल निनडड़ु एनै वेनडड़ म्अलर्कऴे <br>इम्ऐयेनुम ऊञलिल म्इदक्कुधे <br>पगलो इदु इरवो इललै कनवो... <br>हासिनि... हासिनि...हासिनि...हासिनि... हासिनि...",
      "language" : {
        "name" : "konkani",
        "code" : "ko"
      }
    }
  ],
  "mood" : {
    "slug" : "happy",
    "name" : "Happy"
  },
  "thumbnail" : "https:\/\/d1ua79hvv369a0.cloudfront.net\/reflection\/thumbnail\/June\/07\/Haasini_thumb.jpg",
  "language" : {
    "name" : "Tamil",
    "code" : "ta"
  },
  "slug" : "haasini",
  "info" : {
    "lyric_genres" : [
      {
        "name" : {
          "en" : "Romance",
          "hi" : "Romance",
          "te" : "Romance",
          "ta" : "காதல்"
        }
      }
    ],
    "thaalams" : [
      {
        "name" : {
          "en" : "Aadi",
          "hi" : "Aadi",
          "te" : "Aadi",
          "ta" : "ஆதி தாளம்"
        }
      }
    ],
    "lyric_languages" : [
      {
        "name" : {
          "en" : "Tamil",
          "hi" : "Tamil",
          "te" : "Tamil",
          "ta" : "தமிழ்"
        }
      }
    ],
    "lyric_moods" : [
      {
        "name" : {
          "en" : "Happy",
          "hi" : "Happy",
          "te" : "Happy",
          "ta" : "மகிழ்ச்சி"
        }
      }
    ],
    "music_genres" : [
      {
        "name" : {
          "en" : "Melody",
          "hi" : "Melody",
          "te" : "Melody",
          "ta" : "மெல்லிசை"
        }
      },
      {
        "name" : {
          "en" : "Ballad",
          "hi" : "Ballad",
          "te" : "Ballad",
          "ta" : "பேலட்"
        }
      }
    ],
    "best_seasons_to_listen" : [
      {
        "name" : {
          "en" : "All",
          "hi" : "All",
          "te" : "All",
          "ta" : "எப்பொழுதும்"
        }
      }
    ],
    "launch_date" : {
      "en" : "07\/06\/2016",
      "hi" : "07\/06\/2016",
      "te" : "07\/06\/2016",
      "ta" : "07\/06\/2016"
    },
    "lyric_styles" : [
      {
        "name" : {
          "en" : "Contemporary",
          "hi" : "Contemporary",
          "te" : "Contemporary",
          "ta" : "சமகால நடை"
        }
      }
    ],
    "duration" : 5.14,
    "raagams" : [
      {
        "name" : {
          "en" : "Natabhairava Janya",
          "hi" : "Natabhairava Janya",
          "te" : "Natabhairava Janya",
          "ta" : "நடபைரவி ஜன்ய"
        }
      }
    ],
    "instruments" : [
      {
        "name" : {
          "en" : "Keys",
          "hi" : "Keys",
          "te" : "Keys",
          "ta" : "கீஸ்"
        }
      }
    ],
    "best_times_to_listen" : [
      {
        "name" : {
          "en" : "Evening",
          "hi" : "Evening",
          "te" : "Evening",
          "ta" : "மாலை"
        }
      },
      {
        "name" : {
          "en" : "Night",
          "hi" : "Night",
          "te" : "Night",
          "ta" : "இரவு"
        }
      }
    ]
  }
}