{
  "title" : {
    "en" : "I will run to you",
    "hi" : "I will run to you",
    "te" : "I will run to you",
    "ta" : "ஐ வில் ரன் டு யு"
  },
  "credits" : {
    "mixers" : [
      {
        "name" : {
          "en" : "Ajith A George",
          "hi" : "Ajith A George",
          "te" : "Ajith A George",
          "ta" : "அஜித் A ஜார்ஜ்"
        }
      }
    ],
    "masters" : [
      {
        "name" : {
          "en" : "Ajith A George",
          "hi" : "Ajith A George",
          "te" : "Ajith A George",
          "ta" : "அஜித் A ஜார்ஜ்"
        }
      }
    ],
    "composers" : [
      {
        "name" : {
          "en" : "Alphons Joseph",
          "hi" : "Alphons Joseph",
          "te" : "Alphons Joseph",
          "ta" : "அல்போன்ஸ் ஜோஸப்"
        }
      }
    ],
    "singers" : [
      {
        "name" : {
          "en" : "Alphons Joseph",
          "hi" : "Alphons Joseph",
          "te" : "Alphons Joseph",
          "ta" : "அல்போன்ஸ் ஜோஸப்"
        }
      },
      {
        "name" : {
          "en" : "Rexband",
          "hi" : "Rexband",
          "te" : "Rexband",
          "ta" : "ரெக்ஸ்பேண்ட்"
        }
      }
    ],
    "lyricists" : [
      {
        "name" : {
          "en" : "Shelton Pinheiro",
          "hi" : "Shelton Pinheiro",
          "te" : "Shelton Pinheiro",
          "ta" : "ஷெல்டன் பின்ஹெய்ரொ"
        }
      }
    ],
    "producers" : [
      {
        "name" : {
          "en" : "Rexband",
          "hi" : "Rexband",
          "te" : "Rexband",
          "ta" : "ரெக்ஸ்பேண்ட்"
        }
      }
    ],
    "arrangers" : [
      {
        "name" : {
          "en" : "Stephan Devassy",
          "hi" : "Stephan Devassy",
          "te" : "Stephan Devassy",
          "ta" : "ஸ்டீபன் டெவஸ்ஸி"
        }
      },
      {
        "name" : {
          "en" : "Alphons Joseph",
          "hi" : "Alphons Joseph",
          "te" : "Alphons Joseph",
          "ta" : "அல்போன்ஸ் ஜோசப்"
        }
      }
    ],
    "lyric_video_senior_editor" : [
      {
        "name" : {
          "en" : "Shyam Sundar Murugesan",
          "hi" : "Shyam Sundar Murugesan",
          "te" : "Shyam Sundar Murugesan",
          "ta" : "ஷியாம் சுந்தர் முருகேசன்"
        }
      }
    ],
    "recorded_studios" : [
      {
        "name" : {
          "en" : "Chetana Thrissur",
          "hi" : "Chetana Thrissur",
          "te" : "Chetana Thrissur",
          "ta" : "சேத்தன்னா திரிச்சூர்"
        }
      },
      {
        "name" : {
          "en" : "Marian Digital Chennai",
          "hi" : "Marian Digital Chennai",
          "te" : "Marian Digital Chennai",
          "ta" : "மரியன் டிஜிட்டல் சென்னை"
        }
      }
    ],
    "manager_of_visual_content" : [
      {
        "name" : {
          "en" : "Gokula Krishnan R Vasugi, MFI",
          "hi" : "Gokula Krishnan R Vasugi, MFI",
          "te" : "Gokula Krishnan R Vasugi, MFI",
          "ta" : "கோகுல கிருஷ்ணன் R வாசுகி MFI"
        }
      }
    ],
    "sound_engineers" : [
      {
        "name" : {
          "en" : "Saji |Chetana|",
          "hi" : "Saji |Chetana|",
          "te" : "Saji |Chetana|",
          "ta" : "சஜி சேத்தன்"
        }
      },
      {
        "name" : {
          "en" : "Antony |Marian Digital|",
          "hi" : "Antony |Marian Digital|",
          "te" : "Antony |Marian Digital|",
          "ta" : "ஆண்டனி மரியன் டிஜிடல்"
        }
      }
    ],
    "lyric_video_editor" : [
      {
        "name" : {
          "en" : "Mithran.B",
          "hi" : "Mithran.B",
          "te" : "Mithran.B",
          "ta" : "மித்திரன்.B"
        }
      }
    ]
  },
  "active" : true,
  "published_on" : "2016-05-18T12:30:00.000Z",
  "description" : {
    "en" : "With the God  almighty beside you, you have nothing to fear. Tell people this, or, you can play them this uplifting hymn that will instantly enrich their view of life and uplift their spirits.  “Though the mighty storms arise, I’ll be safe beneath his wings!”",
    "hi" : "With the God  almighty beside you, you have nothing to fear. Tell people this, or, you can play them this uplifting hymn that will instantly enrich their view of life and uplift their spirits.  “Though the mighty storms arise, I’ll be safe beneath his wings!”",
    "te" : "With the God  almighty beside you, you have nothing to fear. Tell people this, or, you can play them this uplifting hymn that will instantly enrich their view of life and uplift their spirits.  “Though the mighty storms arise, I’ll be safe beneath his wings!”",
    "ta" : "'இறைவன் அருகிலிருக்கும்போது, நாம் எதைக்கண்டு பயப்படவேண்டும்?' என்று நீங்கள் ஒவ்வொருவரிடமும் நம்பிக்கையோடு சொல்லலாம், அல்லது, இந்த நம்பிக்கை தரும் அருமையான பாடலை அவர்களுக்கு ஒலிக்கவிடலாம். இதைக் கேட்டவுடன், அவர்களது வாழ்க்கைபற்றிய பார்வை மேம்படும், ஊக்கம் பெருகும், 'பெரிய புயல்கள் வரட்டுமே, நான் அவனது சிறகுகளின்கீழ் பாதுகாப்பாக இருப்பேன்!'"
  },
  "poster" : "https:\/\/d1ua79hvv369a0.cloudfront.net\/reflection\/poster\/18-May-2016\/I_will_run_to_you_cover.jpg",
  "album" : {
    "title" : {
      "en" : "I will run to you",
      "hi" : "I will run to you",
      "te" : "I will run to you",
      "ta" : "I will run to you"
    },
    "id" : "36",
    "thumbnail" : "https:\/\/d1ua79hvv369a0.cloudfront.net\/reflection\/thumbnail\/18-May-2016\/I_will_run_to_u_thumb.jpg"
  },
  "musics" : [
    {
      "players" : [
        {
          "name" : {
            "en" : "Naveen",
            "hi" : "Naveen",
            "te" : "Naveen",
            "ta" : "நவீன்"
          }
        }
      ],
      "instrument" : {
        "name" : {
          "name" : {
            "en" : "Flute",
            "hi" : "Flute",
            "te" : "Flute",
            "ta" : "புல்லாங்குழல்"
          }
        }
      }
    },
    {
      "players" : [
        {
          "name" : {
            "en" : "Amalraj",
            "hi" : "Amalraj",
            "te" : "Amalraj",
            "ta" : "அமல்ராஜ்"
          }
        }
      ],
      "instrument" : {
        "name" : {
          "name" : {
            "en" : "Guitars",
            "hi" : "Guitars",
            "te" : "Guitars",
            "ta" : "கிட்டார்ஸ்"
          }
        }
      }
    },
    {
      "players" : [
        {
          "name" : {
            "en" : "Amalraj",
            "hi" : "Amalraj",
            "te" : "Amalraj",
            "ta" : "அமல்ராஜ்"
          }
        }
      ],
      "instrument" : {
        "name" : {
          "name" : {
            "en" : "Strings",
            "hi" : "Strings",
            "te" : "Strings",
            "ta" : "ஸ்ட்ரிங்ஸ்"
          }
        }
      }
    }
  ],
  "critics" : [
    {
      "review" : {
        "instrument" : {
          "comment" : {
            "en" : "A brilliant feast between the golden triangle of genres- Western Pop, Carnatic and Modern Jazz",
            "hi" : "A brilliant feast between the golden triangle of genres- Western Pop, Carnatic and Modern Jazz",
            "te" : "A brilliant feast between the golden triangle of genres- Western Pop, Carnatic and Modern Jazz",
            "ta" : "A brilliant feast between the golden triangle of genres- Western Pop, Carnatic and Modern Jazz"
          },
          "score" : 13
        },
        "overall" : {
          "comment" : {
            "en" : "Feel good ballad!",
            "hi" : "Feel good ballad!",
            "te" : "Feel good ballad!",
            "ta" : "Feel good ballad!"
          },
          "score" : 11.5
        },
        "vocal" : {
          "comment" : {
            "en" : "The vocals have a perfect balance between tremolo and silkiness.",
            "hi" : "The vocals have a perfect balance between tremolo and silkiness.",
            "te" : "The vocals have a perfect balance between tremolo and silkiness.",
            "ta" : "Interesting tune which fuses the nuances of ballad and carnatic music."
          },
          "score" : 12
        },
        "tune" : {
          "comment" : {
            "en" : "Interesting tune which fuses the nuances of ballad and carnatic music.",
            "hi" : "Interesting tune which fuses the nuances of ballad and carnatic music.",
            "te" : "Interesting tune which fuses the nuances of ballad and carnatic music.",
            "ta" : "Interesting tune which fuses the nuances of ballad and carnatic music."
          },
          "score" : 10
        },
        "lyric" : {
          "comment" : {
            "en" : "Passionate and riveting usage of words to set the right mood.",
            "hi" : "Passionate and riveting usage of words to set the right mood.",
            "te" : "Passionate and riveting usage of words to set the right mood.",
            "ta" : "Passionate and riveting usage of words to set the right mood."
          },
          "score" : 11
        }
      },
      "author" : {
        "name" : "Durga",
        "image" : "https:\/\/d1ua79hvv369a0.cloudfront.net\/reflection\/critic\/critic-durga.png"
      },
      "rating" : 11.5
    },
    {
      "review" : {
        "instrument" : {
          "comment" : {
            "en" : "80s pop style, with a lot of Indian infusion, like the lovey flute.",
            "hi" : "80s pop style, with a lot of Indian infusion, like the lovey flute.",
            "te" : "80s pop style, with a lot of Indian infusion, like the lovey flute.",
            "ta" : "80s pop style, with a lot of Indian infusion, like the lovey flute."
          },
          "score" : 10
        },
        "overall" : {
          "comment" : {
            "en" : "Enjoyable and listenable religious song, regardless of your religious orientation.",
            "hi" : "Enjoyable and listenable religious song, regardless of your religious orientation.",
            "te" : "Enjoyable and listenable religious song, regardless of your religious orientation.",
            "ta" : "Enjoyable and listenable religious song, regardless of your religious orientation."
          },
          "score" : 9.5
        },
        "vocal" : {
          "comment" : {
            "en" : "Particularly well sung, with a definite Jackson twang. Excellent chorus towards the end.",
            "hi" : "Particularly well sung, with a definite Jackson twang. Excellent chorus towards the end.",
            "te" : "Particularly well sung, with a definite Jackson twang. Excellent chorus towards the end.",
            "ta" : "A nice pop’py Michael Jackson-style Christian religious song with a dash of carnatic classicial."
          },
          "score" : 10
        },
        "tune" : {
          "comment" : {
            "en" : "A nice pop’py Michael Jackson-style Christian religious song with a dash of carnatic classicial.",
            "hi" : "A nice pop’py Michael Jackson-style Christian religious song with a dash of carnatic classicial.",
            "te" : "A nice pop’py Michael Jackson-style Christian religious song with a dash of carnatic classicial.",
            "ta" : "A nice pop’py Michael Jackson-style Christian religious song with a dash of carnatic classicial."
          },
          "score" : 10
        },
        "lyric" : {
          "comment" : {
            "en" : "On expected lines, for a religious song, but is aptly modern and sing-along’ish",
            "hi" : "On expected lines, for a religious song, but is aptly modern and sing-along’ish",
            "te" : "On expected lines, for a religious song, but is aptly modern and sing-along’ish",
            "ta" : "On expected lines, for a religious song, but is aptly modern and sing-along’ish"
          },
          "score" : 8
        }
      },
      "author" : {
        "name" : "Karthik",
        "image" : "https:\/\/d1ua79hvv369a0.cloudfront.net\/reflection\/critic\/critic-karthik.png"
      },
      "rating" : 9.5
    },
    {
      "review" : {
        "instrument" : {
          "comment" : {
            "en" : "Lots of impressive segments with the flute, veena, guitar and piano. The instrumental interludes are rich in general.",
            "hi" : "Lots of impressive segments with the flute, veena, guitar and piano. The instrumental interludes are rich in general.",
            "te" : "Lots of impressive segments with the flute, veena, guitar and piano. The instrumental interludes are rich in general.",
            "ta" : "Lots of impressive segments with the flute, veena, guitar and piano. The instrumental interludes are rich in general."
          },
          "score" : 10
        },
        "overall" : {
          "comment" : {
            "en" : "Good fusion experiment. Refreshing to listen to such an eclectic spiritual number.",
            "hi" : "Good fusion experiment. Refreshing to listen to such an eclectic spiritual number.",
            "te" : "Good fusion experiment. Refreshing to listen to such an eclectic spiritual number.",
            "ta" : "Good fusion experiment. Refreshing to listen to such an eclectic spiritual number."
          },
          "score" : 7.75
        },
        "vocal" : {
          "comment" : {
            "en" : "The female lead singer has a stylish, westernized, unconventional, robust voice. The male chorus is feel-good.",
            "hi" : "The female lead singer has a stylish, westernized, unconventional, robust voice. The male chorus is feel-good.",
            "te" : "The female lead singer has a stylish, westernized, unconventional, robust voice. The male chorus is feel-good.",
            "ta" : "A fusion based English spiritual song, on the lines of what the Colonial Cousins came up with. A bridge between Western and Indian classical"
          },
          "score" : 8
        },
        "tune" : {
          "comment" : {
            "en" : "A fusion based English spiritual song, on the lines of what the Colonial Cousins came up with. A bridge between Western and Indian classical",
            "hi" : "A fusion based English spiritual song, on the lines of what the Colonial Cousins came up with. A bridge between Western and Indian classical",
            "te" : "A fusion based English spiritual song, on the lines of what the Colonial Cousins came up with. A bridge between Western and Indian classical",
            "ta" : "A fusion based English spiritual song, on the lines of what the Colonial Cousins came up with. A bridge between Western and Indian classical"
          },
          "score" : 7
        },
        "lyric" : {
          "comment" : {
            "en" : "The lines sing praise of the Lord Almighty.",
            "hi" : "The lines sing praise of the Lord Almighty.",
            "te" : "The lines sing praise of the Lord Almighty.",
            "ta" : "The lines sing praise of the Lord Almighty."
          },
          "score" : 6
        }
      },
      "author" : {
        "name" : "Kaushik",
        "image" : "https:\/\/d1ua79hvv369a0.cloudfront.net\/reflection\/critic\/Kaushik-200x200.jpg"
      },
      "rating" : 7.75
    }
  ],
  "type" : {
    "slug" : "independent-music",
    "name" : "Independent Music"
  },
  "lyrics" : [
    {
      "data" : "Nothing seemed to go my way<br>Dunno what to say yeah<br>Like a leaf upon a stream<br>I kept drifting everyday<br>Dunno what to say yeah<br><br>Trapped in a roller coaster life<br>On a never ending scream<br>But now I know that I have another way<br>Because the son of God has dawned<br>Like a million stars ablaze<br><br>Oh oh yeah<br>And I’m never gonna be afraid<br>Because the mighty one is on my side<br><br>Oh oh oh oh Nothing will I fear<br>Oh oh oh oh You can shelter me<br>Oh oh oh oh I will run to you<br><br>When the Lord is walking by<br>Life is like a lovely song<br>Living every day<br>Though the mighty storms arise<br>I’ll be safe beneath his wings<br><br>Oh yeah the narrow stony road<br>Is a better way ahead<br>His love is more than the world can<br>Ever give because he hung upon a tree<br>For a sinner man like me<br><br>Oh oh yeah<br>And I’m gonna talk about his mighty love<br>Every morning, every noon and night<br>Because He set me free<br><br>Oh oh oh oh Nothing will I fear<br>Oh oh oh oh You can shelter me<br>Oh oh oh oh I will run to you  (4)",
      "language" : {
        "name" : "English",
        "code" : "en"
      }
    },
    {
      "data" : "நோதிங் சிம்ட் டு கோ மை வே <br>தன்னோ வாட் டு ஸே யி <br>லைக் அ லிஃப் அபோன் அ ஸ்ட்ரிம் <br>ஐ கெப்ட் ட்ரிஃப்டிங் எவெரிடே <br>தன்னோ வாட் டு ஸே யி <br><br>டிரப்ப்ட் இன் அ ரோலெர் கோஸ்டெர் லைஃப் <br>ஓன் அ நெவெர் என்டிங் ஸ்க்ரிம் <br>பட் நௌ ஐ நோ தேட் ஐ ஹேவ் அனதெர் வே <br>பிகோஸ் த ஸன் அஃப் கோட் ஹஸ் டௌன்ட் <br>லைக் அ மிலியன் ஸ்டார்ஸ் அப்லேஸ் <br><br>ஓ ஓ யி <br>அன்ட் இ’ம் நெவெர் கோன்ன பி அஃப்ரேயிட் <br>பிகோஸ் த மைடி வொன் இஸ் ஓன் மை ஸைட் <br><br>ஓ ஓ ஓ ஓ நோதிங் வில் ஐ ஃபிர் <br>ஓ ஓ ஓ ஓ யு கன் ஷெல்டெர் மி <br>ஓ ஓ ஓ ஓ ஐ வில் ரன் டு யு <br><br>வென் த லோர்ட் இஸ் வோகிங் பை <br>லைஃப் இஸ் லைக் அ லோவ்லி ஸோங் <br>லைவிங் எவெரி டே <br>தோ த மைடி ஸ்டோர்ம்ஸ் அரைஸ் <br>இ’ல் பி ஸேஃப் பினித் ஹிஸ் விங்ஸ் <br><br>ஓ யி த நேரோ ஸ்டோனி ரோட் <br>இஸ் அ பெட்டெர் வே ஏஹ்யெட் <br>ஹிஸ் லோவ் இஸ் மோர் தேன் த வெர்ல்ட் கன் <br>எவெர் கிவ் பிகோஸ் ஹி ஹங் அபோன் அ ட்ரி <br>ஃபொயர் அ சின்னெர் மன் லைக் மி <br><br>ஓ ஓ யி <br>அன்ட் இ’ம் கோன்ன டோக் அபௌட் ஹிஸ் மைடி லோவ் <br>எவெரி மோர்னிங், எவெரி நுன் அன்ட் நைட் <br>பிகோஸ் ஹி ஸெட் மி ஃப்ரி <br><br>ஓ ஓ ஓ ஓ நோதிங் வில் ஐ ஃபிர் <br>ஓ ஓ ஓ ஓ யு கன் ஷெல்டெர் மி <br>ஓ ஓ ஓ ஓ ஐ வில் ரன் டு யு (4)",
      "language" : {
        "name" : "Tamil",
        "code" : "ta"
      }
    }
  ],
  "id" : "52",
  "phonetic_lyrics" : [
    {
      "data" : "noathing SiMd tu goa Mai vae <br>dannoa vaat tu Sae yi <br>laik a lif apoan a StriM <br>ai kept drifting everidae <br>dannoa vaat tu Sae yi <br><br>trappt in a roaler koaSter laif <br>oan a never ending SkriM <br>bat nau ai noa dhaet ai Haev anadher vae <br>bikoaS dha San af goad HaS daund <br>laik a Milian StaarS ablaeS <br> <br>oa oa yi <br>and i’M never goanna bi afraeid <br>bikoaS dha Maiti von iS oan Mai Said <br> <br>oa oa oa oa noathing vil ai fir <br>oa oa oa oa yu kan Shelter Mi <br>oa oa oa oa ai vil ran tu yu <br> <br>ven dha loard iS voaking bai <br>laif iS laik a loavli Soang <br>laiving everi dae <br>dhoa dha Maiti StoarMS araiS <br>i’l bi Saef binith HiS vingS <br> <br>oa yi dha naeroa Stoani road <br>iS a better vae aehed <br>HiS loav iS Moar dhaen dha verld kan <br>ever giv bikoaS Hi Hang apoan a tri <br>foar a Sinner Man laik Mi <br> <br>oa oa yi <br>and i’M goanna toak abaut HiS Maiti loav <br>everi Moarning, everi nun and nait <br>bikoaS Hi Set Mi fri <br> <br>oa oa oa oa noathing vil ai fir <br>oa oa oa oa yu kan Shelter Mi <br>oa oa oa oa ai vil ran tu yu (4)",
      "language" : {
        "name" : "English",
        "code" : "en"
      }
    },
    {
      "data" : "நோதிங் சிம்ட் டு கோ மை வே <br>தன்னோ வாட் டு ஸே யி <br>லைக் அ லிஃப் அபோன் அ ஸ்ட்ரிம் <br>ஐ கெப்ட் ட்ரிஃப்டிங் எவெரிடே <br>தன்னோ வாட் டு ஸே யி <br><br>டிரப்ப்ட் இன் அ ரோலெர் கோஸ்டெர் லைஃப் <br>ஓன் அ நெவெர் என்டிங் ஸ்க்ரிம் <br>பட் நௌ ஐ நோ தேட் ஐ ஹேவ் அனதெர் வே <br>பிகோஸ் த ஸன் அஃப் கோட் ஹஸ் டௌன்ட் <br>லைக் அ மிலியன் ஸ்டார்ஸ் அப்லேஸ் <br><br>ஓ ஓ யி <br>அன்ட் இ’ம் நெவெர் கோன்ன பி அஃப்ரேயிட் <br>பிகோஸ் த மைடி வொன் இஸ் ஓன் மை ஸைட் <br><br>ஓ ஓ ஓ ஓ நோதிங் வில் ஐ ஃபிர் <br>ஓ ஓ ஓ ஓ யு கன் ஷெல்டெர் மி <br>ஓ ஓ ஓ ஓ ஐ வில் ரன் டு யு <br><br>வென் த லோர்ட் இஸ் வோகிங் பை <br>லைஃப் இஸ் லைக் அ லோவ்லி ஸோங் <br>லைவிங் எவெரி டே <br>தோ த மைடி ஸ்டோர்ம்ஸ் அரைஸ் <br>இ’ல் பி ஸேஃப் பினித் ஹிஸ் விங்ஸ் <br><br>ஓ யி த நேரோ ஸ்டோனி ரோட் <br>இஸ் அ பெட்டெர் வே ஏஹ்யெட் <br>ஹிஸ் லோவ் இஸ் மோர் தேன் த வெர்ல்ட் கன் <br>எவெர் கிவ் பிகோஸ் ஹி ஹங் அபோன் அ ட்ரி <br>ஃபொயர் அ சின்னெர் மன் லைக் மி <br><br>ஓ ஓ யி <br>அன்ட் இ’ம் கோன்ன டோக் அபௌட் ஹிஸ் மைடி லோவ் <br>எவெரி மோர்னிங், எவெரி நுன் அன்ட் நைட் <br>பிகோஸ் ஹி ஸெட் மி ஃப்ரி <br><br>ஓ ஓ ஓ ஓ நோதிங் வில் ஐ ஃபிர் <br>ஓ ஓ ஓ ஓ யு கன் ஷெல்டெர் மி <br>ஓ ஓ ஓ ஓ ஐ வில் ரன் டு யு (4)",
      "language" : {
        "name" : "Tamil",
        "code" : "ta"
      }
    },
    {
      "data" : "नोतिङ सिम्ड टु गो मै वे <br>डननो वाट टु से यि <br>लैक अ लिफ़ अपोन अ स्तृम <br>ऐ केप्ट दृफ़टिङ एवेरिडे <br>डननो वाट टु से यि <br><br>ट्रप्प्ट इन अ रोलेर कोसटेर लैफ़ <br>ओन अ नेवेर एनडिङ स्कृम <br>बट नौ ऐ नो धेट ऐ हेव अनदेर वे <br>बिकोस द सान अफ़ गोड हस डौन्ड <br>लैक अ मिलिअन स्टार्स अबलेस <br><br>ओ ओ यि <br>अन्ड इ’म् नेवेर गोनन बि अफ़्रेइड <br>बिकोस द मैटि वोन इस ओन मै सैड <br><br>ओ ओ ओ ओ नोतिङ विल ऐ फ़िर <br>ओ ओ ओ ओ यु कन षेलटेर मि <br>ओ ओ ओ ओ ऐ विल रन टु यु <br><br>वेन द लोर्ड इस वोकिङ बै <br>लैफ़ इस लैक अ लोवलि सोङ <br>लैविङ एवेरि डे <br>दो द मैटि स्तोर्म्स अरैस <br>इ’ल् बि सेफ़ बिनित हिस विङ्स <br><br>ओ यि द नेरो स्तोनि रोड <br>इस अ बेटटेर वे एःएड <br>हिस लोव इस मोर धेन द वेरल्ड कन <br>एवेर गिव बिकोस हि हङ अपोन अ तृ <br>फ़ोअर अ सिननेर मन लैक मि <br><br>ओ ओ यि <br>अन्ड इ’म् गोनन तोक अबौट हिस मैटि लोव <br>एवेरि मोरनिङ, एवेरि नुन अन्ड नैट <br>बिकोस हि सेट मि फ़ृ <br><br>ओ ओ ओ ओ नोतिङ विल ऐ फ़िर <br>ओ ओ ओ ओ यु कन षेलटेर मि <br>ओ ओ ओ ओ ऐ विल रन टु यु (4)",
      "language" : {
        "name" : "Hindi",
        "code" : "hi"
      }
    },
    {
      "data" : "నోథిఙ్ సిమ్ద్ తు గో మై వే <br>దన్నో వాత్ తు సే యి <br>లైక్ అ లిప్ అపోన్ అ స్త్రిమ్ <br>ఐ కెప్త్ ద్రిప్తిఙ్ ఎవెరిదే <br>దన్నో వాత్ తు సే యి <br><br>త్రప్ప్త్ ఇన్ అ రోలెర్ కోస్తెర్ లైప్ <br>ఓన్ అ నెవెర్ ఎన్దిఙ్ స్క్రిమ్ <br>బత్ నౌ ఐ నో ధేత్ ఐ హేవ్ అనధెర్ వే <br>బికోస్ ధ సన్ అప్ గోద్ హస్ దౌన్ద్ <br>లైక్ అ మిలియన్ స్తార్స్ అబ్లేస్ <br><br>ఓ ఓ యి <br>అన్ద్ ఇ’మ్ నెవెర్ గోన్న బి అప్రేయిద్ <br>బికోస్ ధ మైతి వొన్ ఇస్ ఓన్ మై సైద్ <br><br>ఓ ఓ ఓ ఓ నోథిఙ్ విల్ ఐ పిర్ <br>ఓ ఓ ఓ ఓ యు కన్ శెల్తెర్ మి <br>ఓ ఓ ఓ ఓ ఐ విల్ రన్ తు యు <br><br>వెన్ ధ లోర్ద్ ఇస్ వోకిఙ్ బై <br>లైప్ ఇస్ లైక్ అ లోవ్లి సోఙ్ <br>లైవిఙ్ ఎవెరి దే <br>ధో ధ మైతి స్తోర్మ్స్ అరైస్ <br>ఇ’ల్ బి సేప్ బినిథ్ హిస్ విఙ్స్ <br><br>ఓ యి ధ నేరో స్తోని రోద్ <br>ఇస్ అ బెత్తెర్ వే ఏఃయెద్ <br>హిస్ లోవ్ ఇస్ మోర్ ధేన్ ధ వెర్ల్ద్ కన్ <br>ఎవెర్ గివ్ బికోస్ హి హఙ్ అపోన్ అ త్రి <br>పొయర్ అ సిన్నెర్ మన్ లైక్ మి <br><br>ఓ ఓ యి <br>అన్ద్ ఇ’మ్ గోన్న తోక్ అబౌత్ హిస్ మైతి లోవ్ <br>ఎవెరి మోర్నిఙ్, ఎవెరి నున్ అన్ద్ నైత్ <br>బికోస్ హి సెత్ మి ప్రి <br><br>ఓ ఓ ఓ ఓ నోథిఙ్ విల్ ఐ పిర్ <br>ఓ ఓ ఓ ఓ యు కన్ శెల్తెర్ మి <br>ఓ ఓ ఓ ఓ ఐ విల్ రన్ తు యు (4)",
      "language" : {
        "name" : "Telugu",
        "code" : "te"
      }
    },
    {
      "data" : "നോഥിങ് സിമ്ദ് തു ഗോ മൈ വേ <br>ദന്നോ വാത് തു സേ യി <br>ലൈക് അ ലിപ് അപോന് അ സ്തൃമ് <br>ഐ കെപ്ത് ദൃപ്തിങ് എവെരിദേ <br>ദന്നോ വാത് തു സേ യി <br><br>ത്രപ്പ്ത് ഇന് അ രോലെര് കോസ്തെര് ലൈപ് <br>ഓന് അ നെവെര് എന്ദിങ് സ്കൃമ് <br>ബത് നൌ ഐ നോ ധേത് ഐ ഹേവ് അനധെര് വേ <br>ബികോസ് ധ സന് അപ് ഗോദ് ഹസ് ദൌന്ദ് <br>ലൈക് അ മിലിയന് സ്താര്സ് അബ്ലേസ് <br><br>ഓ ഓ യി <br>അന്ദ് ഇ’മ് നെവെര് ഗോന്ന ബി അപ്രേയിദ് <br>ബികോസ് ധ മൈതി വൊന് ഇസ് ഓന് മൈ സൈദ് <br><br>ഓ ഓ ഓ ഓ നോഥിങ് വില് ഐ പിര് <br>ഓ ഓ ഓ ഓ യു കന് ശെല്തെര് മി <br>ഓ ഓ ഓ ഓ ഐ വില് രന് തു യു <br><br>വെന് ധ ലോര്ദ് ഇസ് വോകിങ് ബൈ <br>ലൈപ് ഇസ് ലൈക് അ ലോവ്ലി സോങ് <br>ലൈവിങ് എവെരി ദേ <br>ധോ ധ മൈതി സ്തോര്മ്സ് അരൈസ് <br>ഇ’ല് ബി സേപ് ബിനിഥ് ഹിസ് വിങ്സ് <br><br>ഓ യി ധ നേരോ സ്തോനി രോദ് <br>ഇസ് അ ബെത്തെര് വേ ഏഃയെദ് <br>ഹിസ് ലോവ് ഇസ് മോര് ധേന് ധ വെര്ല്ദ് കന് <br>എവെര് ഗിവ് ബികോസ് ഹി ഹങ് അപോന് അ തൃ <br>പൊയര് അ സിന്നെര് മന് ലൈക് മി <br><br>ഓ ഓ യി <br>അന്ദ് ഇ’മ് ഗോന്ന തോക് അബൌത് ഹിസ് മൈതി ലോവ് <br>എവെരി മോര്നിങ്, എവെരി നുന് അന്ദ് നൈത് <br>ബികോസ് ഹി സെത് മി പൃ <br><br>ഓ ഓ ഓ ഓ നോഥിങ് വില് ഐ പിര് <br>ഓ ഓ ഓ ഓ യു കന് ശെല്തെര് മി <br>ഓ ഓ ഓ ഓ ഐ വില് രന് തു യു (4)",
      "language" : {
        "name" : "Malayalam",
        "code" : "ml"
      }
    },
    {
      "data" : "ನೋಥಿಙ್ ಷಿಮ್ದ್ ತು ಗೋ ಮೈ ವೇ <br>ದನ್ನೋ ವಾತ್ ತು ಷೇ ಯಿ <br>ಲೈಕ್ ಅ ಲಿಪ್ ಅಪೋನ್ ಅ ಷ್ತ್ರಿಮ್ <br>ಐ ಕೆಪ್ತ್ ದ್ರಿಪ್ತಿಙ್ ಎವೆರಿದೇ <br>ದನ್ನೋ ವಾತ್ ತು ಷೇ ಯಿ <br><br>ತ್ರಪ್ಪ್ತ್ ಇನ್ ಅ ರೋಲೆರ್ ಕೋಷ್ತೆರ್ ಲೈಪ್ <br>ಓನ್ ಅ ನೆವೆರ್ ಎನ್ದಿಙ್ ಷ್ಕ್ರಿಮ್ <br>ಬತ್ ನೌ ಐ ನೋ ಧೇತ್ ಐ ಹೇವ್ ಅನಧೆರ್ ವೇ <br>ಬಿಕೋಷ್ ಧ ಷನ್ ಅಪ್ ಗೋದ್ ಹಷ್ ದೌನ್ದ್ <br>ಲೈಕ್ ಅ ಮಿಲಿಯನ್ ಷ್ತಾರ್ಷ್ ಅಬ್ಲೇಷ್ <br><br>ಓ ಓ ಯಿ <br>ಅನ್ದ್ ಇ’ಮ್ ನೆವೆರ್ ಗೋನ್ನ ಬಿ ಅಪ್ರೇಯಿದ್ <br>ಬಿಕೋಷ್ ಧ ಮೈತಿ ವೊನ್ ಇಷ್ ಓನ್ ಮೈ ಷೈದ್ <br><br>ಓ ಓ ಓ ಓ ನೋಥಿಙ್ ವಿಲ್ ಐ ಪಿರ್ <br>ಓ ಓ ಓ ಓ ಯು ಕನ್ ಶೆಲ್ತೆರ್ ಮಿ <br>ಓ ಓ ಓ ಓ ಐ ವಿಲ್ ರನ್ ತು ಯು <br><br>ವೆನ್ ಧ ಲೋರ್ದ್ ಇಷ್ ವೋಕಿಙ್ ಬೈ <br>ಲೈಪ್ ಇಷ್ ಲೈಕ್ ಅ ಲೋವ್ಲಿ ಷೋಙ್ <br>ಲೈವಿಙ್ ಎವೆರಿ ದೇ <br>ಧೋ ಧ ಮೈತಿ ಷ್ತೋರ್ಮ್ಷ್ ಅರೈಷ್ <br>ಇ’ಲ್ ಬಿ ಷೇಪ್ ಬಿನಿಥ್ ಹಿಷ್ ವಿಙ್ಷ್ <br><br>ಓ ಯಿ ಧ ನೇರೋ ಷ್ತೋನಿ ರೋದ್ <br>ಇಷ್ ಅ ಬೆತ್ತೆರ್ ವೇ ಏಃಯೆದ್ <br>ಹಿಷ್ ಲೋವ್ ಇಷ್ ಮೋರ್ ಧೇನ್ ಧ ವೆರ್ಲ್ದ್ ಕನ್ <br>ಎವೆರ್ ಗಿವ್ ಬಿಕೋಷ್ ಹಿ ಹಙ್ ಅಪೋನ್ ಅ ತ್ರಿ <br>ಪೊಯರ್ ಅ ಷಿನ್ನೆರ್ ಮನ್ ಲೈಕ್ ಮಿ <br><br>ಓ ಓ ಯಿ <br>ಅನ್ದ್ ಇ’ಮ್ ಗೋನ್ನ ತೋಕ್ ಅಬೌತ್ ಹಿಷ್ ಮೈತಿ ಲೋವ್ <br>ಎವೆರಿ ಮೋರ್ನಿಙ್, ಎವೆರಿ ನುನ್ ಅನ್ದ್ ನೈತ್ <br>ಬಿಕೋಷ್ ಹಿ ಷೆತ್ ಮಿ ಪ್ರಿ <br><br>ಓ ಓ ಓ ಓ ನೋಥಿಙ್ ವಿಲ್ ಐ ಪಿರ್ <br>ಓ ಓ ಓ ಓ ಯು ಕನ್ ಶೆಲ್ತೆರ್ ಮಿ <br>ಓ ಓ ಓ ಓ ಐ ವಿಲ್ ರನ್ ತು ಯು (4)",
      "language" : {
        "name" : "Kanadam",
        "code" : "ka"
      }
    },
    {
      "data" : "নোথিঙ্ সিম্দ্ তু গো মৈ ৱে <br>দন্নো ৱাত্ তু সে যি <br>লৈক্ অ লিপ্ অপোন্ অ স্তৃম্ <br>ঐ কেপ্ত্ দৃপ্তিঙ্ এৱেরিদে <br>দন্নো ৱাত্ তু সে যি <br><br>ত্রপ্প্ত্ ইন্ অ রোলের্ কোস্তের্ লৈপ্ <br>ওন্ অ নেৱের্ এন্দিঙ্ স্কৃম্ <br>বত্ নৌ ঐ নো ধেত্ ঐ হেৱ্ অনধের্ ৱে <br>বিকোস্ ধ সন্ অপ্ গোদ্ হস্ দৌন্দ্ <br>লৈক্ অ মিলিযন্ স্তার্স্ অব্লেস্ <br><br>ও ও যি <br>অন্দ্ ই’ম্ নেৱের্ গোন্ন বি অপ্রেযিদ্ <br>বিকোস্ ধ মৈতি ৱোন্ ইস্ ওন্ মৈ সৈদ্ <br><br>ও ও ও ও নোথিঙ্ ৱিল্ ঐ পির্ <br>ও ও ও ও যু কন্ শেল্তের্ মি <br>ও ও ও ও ঐ ৱিল্ রন্ তু যু <br><br>ৱেন্ ধ লোর্দ্ ইস্ ৱোকিঙ্ বৈ <br>লৈপ্ ইস্ লৈক্ অ লোৱ্লি সোঙ্ <br>লৈৱিঙ্ এৱেরি দে <br>ধো ধ মৈতি স্তোর্ম্স্ অরৈস্ <br>ই’ল্ বি সেপ্ বিনিথ্ হিস্ ৱিঙ্স্ <br><br>ও যি ধ নেরো স্তোনি রোদ্ <br>ইস্ অ বেত্তের্ ৱে এঃযেদ্ <br>হিস্ লোৱ্ ইস্ মোর্ ধেন্ ধ ৱের্ল্দ্ কন্ <br>এৱের্ গিৱ্ বিকোস্ হি হঙ্ অপোন্ অ তৃ <br>পোযর্ অ সিন্নের্ মন্ লৈক্ মি <br><br>ও ও যি <br>অন্দ্ ই’ম্ গোন্ন তোক্ অবৌত্ হিস্ মৈতি লোৱ্ <br>এৱেরি মোর্নিঙ্, এৱেরি নুন্ অন্দ্ নৈত্ <br>বিকোস্ হি সেত্ মি পৃ <br><br>ও ও ও ও নোথিঙ্ ৱিল্ ঐ পির্ <br>ও ও ও ও যু কন্ শেল্তের্ মি <br>ও ও ও ও ঐ ৱিল্ রন্ তু যু (4)",
      "language" : {
        "name" : "Bengali",
        "code" : "be"
      }
    },
    {
      "data" : "ણૉથિઙ્ ષિમ્દ્ તુ ગૉ મૈ વૅ <br>દન્નૉ વાત્ તુ ષૅ યિ <br>લૈક્ અ લિપ્ અપૉન્ અ ષ્ત્રિમ્ <br>ઐ કેપ્ત્ દ્રિપ્તિઙ્ એવેરિદૅ <br>દન્નૉ વાત્ તુ ષૅ યિ <br><br>ત્રપ્પ્ત્ ઇન્ અ રૉલેર્ કૉષ્તેર્ લૈપ્ <br>ઑન્ અ ણેવેર્ એન્દિઙ્ ષ્ક્રિમ્ <br>બત્ ણઉ ઐ ણૉ ધૅત્ ઐ હૅવ્ અનધેર્ વૅ <br>બિકૉષ્ ધ ષન્ અપ્ ગૉદ્ હષ્ દઉન્દ્ <br>લૈક્ અ મિલિયન્ ષ્તાર્ષ્ અબ્લૅષ્ <br><br>ઑ ઑ યિ <br>અન્દ્ ઇ’મ્ ણેવેર્ ગૉન્ન બિ અપ્રૅયિદ્ <br>બિકૉષ્ ધ મૈતિ વોન્ ઇષ્ ઑન્ મૈ ષૈદ્ <br><br>ઑ ઑ ઑ ઑ ણૉથિઙ્ વિલ્ ઐ પિર્ <br>ઑ ઑ ઑ ઑ યુ કન્ શેલ્તેર્ મિ <br>ઑ ઑ ઑ ઑ ઐ વિલ્ રન્ તુ યુ <br><br>વેન્ ધ લૉર્દ્ ઇષ્ વૉકિઙ્ બૈ <br>લૈપ્ ઇષ્ લૈક્ અ લૉવ્લિ ષૉઙ્ <br>લૈવિઙ્ એવેરિ દૅ <br>ધૉ ધ મૈતિ ષ્તૉર્મ્ષ્ અરૈષ્ <br>ઇ’લ્ બિ ષૅપ્ બિનિથ્ હિષ્ વિઙ્ષ્ <br><br>ઑ યિ ધ ણૅરૉ ષ્તૉનિ રૉદ્ <br>ઇષ્ અ બેત્તેર્ વૅ ઍઃયેદ્ <br>હિષ્ લૉવ્ ઇષ્ મૉર્ ધૅન્ ધ વેર્લ્દ્ કન્ <br>એવેર્ ગિવ્ બિકૉષ્ હિ હઙ્ અપૉન્ અ ત્રિ <br>પોયર્ અ ષિન્નેર્ મન્ લૈક્ મિ <br><br>ઑ ઑ યિ <br>અન્દ્ ઇ’મ્ ગૉન્ન તૉક્ અબઉત્ હિષ્ મૈતિ લૉવ્ <br>એવેરિ મૉર્નિઙ્, એવેરિ ણુન્ અન્દ્ ણૈત્ <br>બિકૉષ્ હિ ષેત્ મિ પ્રિ <br><br>ઑ ઑ ઑ ઑ ણૉથિઙ્ વિલ્ ઐ પિર્ <br>ઑ ઑ ઑ ઑ યુ કન્ શેલ્તેર્ મિ <br>ઑ ઑ ઑ ઑ ઐ વિલ્ રન્ તુ યુ (4)",
      "language" : {
        "name" : "Gujarathi",
        "code" : "gu"
      }
    },
    {
      "data" : "नोतिङ सिम्ड टु गो मै वे <br>डननो वाट टु से यि <br>लैक अ लिफ़ अपोन अ स्तृम <br>ऐ केप्ट दृफ़टिङ एवेरिडे <br>डननो वाट टु से यि <br><br>ट्रप्प्ट इन अ रोलेर कोसटेर लैफ़ <br>ओन अ नेवेर एनडिङ स्कृम <br>बट नौ ऐ नो धेट ऐ हेव अनदेर वे <br>बिकोस द सान अफ़ गोड हस डौन्ड <br>लैक अ मिलिअन स्टार्स अबलेस <br><br>ओ ओ यि <br>अन्ड इ’म् नेवेर गोनन बि अफ़्रेइड <br>बिकोस द मैटि वोन इस ओन मै सैड <br><br>ओ ओ ओ ओ नोतिङ विल ऐ फ़िर <br>ओ ओ ओ ओ यु कन षेलटेर मि <br>ओ ओ ओ ओ ऐ विल रन टु यु <br><br>वेन द लोर्ड इस वोकिङ बै <br>लैफ़ इस लैक अ लोवलि सोङ <br>लैविङ एवेरि डे <br>दो द मैटि स्तोर्म्स अरैस <br>इ’ल् बि सेफ़ बिनित हिस विङ्स <br><br>ओ यि द नेरो स्तोनि रोड <br>इस अ बेटटेर वे एःएड <br>हिस लोव इस मोर धेन द वेरल्ड कन <br>एवेर गिव बिकोस हि हङ अपोन अ तृ <br>फ़ोअर अ सिननेर मन लैक मि <br><br>ओ ओ यि <br>अन्ड इ’म् गोनन तोक अबौट हिस मैटि लोव <br>एवेरि मोरनिङ, एवेरि नुन अन्ड नैट <br>बिकोस हि सेट मि फ़ृ <br><br>ओ ओ ओ ओ नोतिङ विल ऐ फ़िर <br>ओ ओ ओ ओ यु कन षेलटेर मि <br>ओ ओ ओ ओ ऐ विल रन टु यु (4)",
      "language" : {
        "name" : "Marathi",
        "code" : "mr"
      }
    },
    {
      "data" : "ନୋଥିଙ୍ ଷିମ୍ଦ୍ ତୁ ଗୋ ମୈ ୱେ <br>ଦନ୍ନୋ ୱାତ୍ ତୁ ଷେ ଯି <br>ଳୈକ୍ ଅ ଳିପ୍ ଅପୋନ୍ ଅ ଷ୍ତ୍ରିମ୍ <br>ଐ କେପ୍ତ୍ ଦ୍ରିପ୍ତିଙ୍ ଏୱେରିଦେ <br>ଦନ୍ନୋ ୱାତ୍ ତୁ ଷେ ଯି <br><br>ତ୍ରପ୍ପ୍ତ୍ ଇନ୍ ଅ ରୋଳେର୍ କୋଷ୍ତେର୍ ଳୈପ୍ <br>ଓନ୍ ଅ ନେୱେର୍ ଏନ୍ଦିଙ୍ ଷ୍କ୍ରିମ୍ <br>ବତ୍ ନୌ ଐ ନୋ ଧେତ୍ ଐ ହେୱ୍ ଅନଧେର୍ ୱେ <br>ବିକୋଷ୍ ଧ ଷନ୍ ଅପ୍ ଗୋଦ୍ ହଷ୍ ଦୌନ୍ଦ୍ <br>ଳୈକ୍ ଅ ମିଳିଯନ୍ ଷ୍ତାର୍ଷ୍ ଅବ୍ଳେଷ୍ <br><br>ଓ ଓ ଯି <br>ଅନ୍ଦ୍ ଇ’ମ୍ ନେୱେର୍ ଗୋନ୍ନ ବି ଅପ୍ରେଯିଦ୍ <br>ବିକୋଷ୍ ଧ ମୈତି ୱୋନ୍ ଇଷ୍ ଓନ୍ ମୈ ଷୈଦ୍ <br><br>ଓ ଓ ଓ ଓ ନୋଥିଙ୍ ୱିଳ୍ ଐ ପିର୍ <br>ଓ ଓ ଓ ଓ ଯୁ କନ୍ ଶେଳ୍ତେର୍ ମି <br>ଓ ଓ ଓ ଓ ଐ ୱିଳ୍ ରନ୍ ତୁ ଯୁ <br><br>ୱେନ୍ ଧ ଳୋର୍ଦ୍ ଇଷ୍ ୱୋକିଙ୍ ବୈ <br>ଳୈପ୍ ଇଷ୍ ଳୈକ୍ ଅ ଳୋୱ୍ଳି ଷୋଙ୍ <br>ଳୈୱିଙ୍ ଏୱେରି ଦେ <br>ଧୋ ଧ ମୈତି ଷ୍ତୋର୍ମ୍ଷ୍ ଅରୈଷ୍ <br>ଇ’ଳ୍ ବି ଷେପ୍ ବିନିଥ୍ ହିଷ୍ ୱିଙ୍ଷ୍ <br><br>ଓ ଯି ଧ ନେରୋ ଷ୍ତୋନି ରୋଦ୍ <br>ଇଷ୍ ଅ ବେତ୍ତେର୍ ୱେ ଏଃଯେଦ୍ <br>ହିଷ୍ ଳୋୱ୍ ଇଷ୍ ମୋର୍ ଧେନ୍ ଧ ୱେର୍ଳ୍ଦ୍ କନ୍ <br>ଏୱେର୍ ଗିୱ୍ ବିକୋଷ୍ ହି ହଙ୍ ଅପୋନ୍ ଅ ତ୍ରି <br>ପୋଯର୍ ଅ ଷିନ୍ନେର୍ ମନ୍ ଳୈକ୍ ମି <br><br>ଓ ଓ ଯି <br>ଅନ୍ଦ୍ ଇ’ମ୍ ଗୋନ୍ନ ତୋକ୍ ଅବୌତ୍ ହିଷ୍ ମୈତି ଳୋୱ୍ <br>ଏୱେରି ମୋର୍ନିଙ୍, ଏୱେରି ନୁନ୍ ଅନ୍ଦ୍ ନୈତ୍ <br>ବିକୋଷ୍ ହି ଷେତ୍ ମି ପ୍ରି <br><br>ଓ ଓ ଓ ଓ ନୋଥିଙ୍ ୱିଳ୍ ଐ ପିର୍ <br>ଓ ଓ ଓ ଓ ଯୁ କନ୍ ଶେଳ୍ତେର୍ ମି <br>ଓ ଓ ଓ ଓ ଐ ୱିଳ୍ ରନ୍ ତୁ ଯୁ (4)",
      "language" : {
        "name" : "Oriya",
        "code" : "or"
      }
    },
    {
      "data" : "नोतिङ सिम्ड टु गो मै वे <br>डननो वाट टु से यि <br>लैक अ लिफ़ अपोन अ स्तृम <br>ऐ केप्ट दृफ़टिङ एवेरिडे <br>डननो वाट टु से यि <br><br>ट्रप्प्ट इन अ रोलेर कोसटेर लैफ़ <br>ओन अ नेवेर एनडिङ स्कृम <br>बट नौ ऐ नो धेट ऐ हेव अनदेर वे <br>बिकोस द सान अफ़ गोड हस डौन्ड <br>लैक अ मिलिअन स्टार्स अबलेस <br><br>ओ ओ यि <br>अन्ड इ’म् नेवेर गोनन बि अफ़्रेइड <br>बिकोस द मैटि वोन इस ओन मै सैड <br><br>ओ ओ ओ ओ नोतिङ विल ऐ फ़िर <br>ओ ओ ओ ओ यु कन षेलटेर मि <br>ओ ओ ओ ओ ऐ विल रन टु यु <br><br>वेन द लोर्ड इस वोकिङ बै <br>लैफ़ इस लैक अ लोवलि सोङ <br>लैविङ एवेरि डे <br>दो द मैटि स्तोर्म्स अरैस <br>इ’ल् बि सेफ़ बिनित हिस विङ्स <br><br>ओ यि द नेरो स्तोनि रोड <br>इस अ बेटटेर वे एःएड <br>हिस लोव इस मोर धेन द वेरल्ड कन <br>एवेर गिव बिकोस हि हङ अपोन अ तृ <br>फ़ोअर अ सिननेर मन लैक मि <br><br>ओ ओ यि <br>अन्ड इ’म् गोनन तोक अबौट हिस मैटि लोव <br>एवेरि मोरनिङ, एवेरि नुन अन्ड नैट <br>बिकोस हि सेट मि फ़ृ <br><br>ओ ओ ओ ओ नोतिङ विल ऐ फ़िर <br>ओ ओ ओ ओ यु कन षेलटेर मि <br>ओ ओ ओ ओ ऐ विल रन टु यु (4)",
      "language" : {
        "name" : "konkani",
        "code" : "ko"
      }
    }
  ],
  "mood" : {
    "slug" : "excited",
    "name" : "Excited"
  },
  "thumbnail" : "https:\/\/d1ua79hvv369a0.cloudfront.net\/reflection\/thumbnail\/18-May-2016\/I_will_run_to_u_thumb.jpg",
  "language" : {
    "name" : "Tamil",
    "code" : "ta"
  },
  "slug" : "i-will-run-to-you",
  "info" : {
    "lyric_genres" : [
      {
        "name" : {
          "en" : "Character",
          "hi" : "Character",
          "te" : "Character",
          "ta" : "பாத்திரம்"
        }
      }
    ],
    "thaalams" : [
      {
        "name" : {
          "en" : "4 by 4 WCM",
          "hi" : "4 by 4 WCM",
          "te" : "4 by 4 WCM",
          "ta" : "4 x 4 WCM"
        }
      }
    ],
    "lyric_languages" : [
      {
        "name" : {
          "en" : "English",
          "hi" : "English",
          "te" : "English",
          "ta" : "ஆங்கிலம்"
        }
      }
    ],
    "lyric_moods" : [
      {
        "name" : {
          "en" : "Excited",
          "hi" : "Excited",
          "te" : "Excited",
          "ta" : "உற்சாகம்"
        }
      }
    ],
    "music_genres" : [
      {
        "name" : {
          "en" : "Pop Fusion",
          "hi" : "Pop Fusion",
          "te" : "Pop Fusion",
          "ta" : "பாப் ஃபுயூசன்"
        }
      }
    ],
    "best_seasons_to_listen" : [
      {
        "name" : {
          "en" : "Summer",
          "hi" : "Summer",
          "te" : "Summer",
          "ta" : "கோடைக்காலம்"
        }
      },
      {
        "name" : {
          "en" : "Rain",
          "hi" : "Rain",
          "te" : "Rain",
          "ta" : "மழை"
        }
      }
    ],
    "launch_date" : {
      "en" : "18\/05\/2016",
      "hi" : "18\/05\/2016",
      "te" : "18\/05\/2016",
      "ta" : "18\/05\/2016"
    },
    "lyric_styles" : [
      {
        "name" : {
          "en" : "Contemporary",
          "hi" : "Contemporary",
          "te" : "Contemporary",
          "ta" : "சமகால நடை"
        }
      }
    ],
    "best_time_to_listen" : [
      {
        "name" : {
          "en" : "Evening",
          "hi" : "Evening",
          "te" : "Evening",
          "ta" : "மாலை"
        }
      },
      {
        "name" : {
          "en" : "Night",
          "hi" : "Night",
          "te" : "Night",
          "ta" : "இரவு"
        }
      }
    ],
    "duration" : 5.49,
    "raagams" : [
      {
        "name" : {
          "en" : "WCM C Major (Notes of Mohana Raagam are heard more prominent)",
          "hi" : "WCM C Major (Notes of Mohana Raagam are heard more prominent)",
          "te" : "WCM C Major (Notes of Mohana Raagam are heard more prominent)",
          "ta" : "WCM C (மேஜர் நோட்ஸ் ஆஃப் மோகன ராகம் ஆர் ஹேர்ட் மோர் பிராமிணண்ட்  )"
        }
      }
    ],
    "instruments" : [
      {
        "name" : {
          "en" : "Flute",
          "hi" : "Flute",
          "te" : "Flute",
          "ta" : "புல்லாங்குழல்"
        }
      },
      {
        "name" : {
          "en" : "Guitars",
          "hi" : "Guitars",
          "te" : "Guitars",
          "ta" : "கிட்டார்ஸ்"
        }
      },
      {
        "name" : {
          "en" : "Strings",
          "hi" : "Strings",
          "te" : "Strings",
          "ta" : "ஸ்ட்ரிங்ஸ்"
        }
      }
    ]
  }
}