{
  "title" : {
    "en" : "Kadhalikka Neram Illai",
    "hi" : "Kadhalikka Neram Illai",
    "te" : "Kadhalikka Neram Illai",
    "ta" : "காதலிக்க நேரம் இல்லை"
  },
  "credits" : {
    "mixers" : [
      {
        "name" : {
          "en" : "Navneeth Balachanderan",
          "hi" : "Navneeth Balachanderan",
          "te" : "Navneeth Balachanderan",
          "ta" : "நவநீத் பாலசந்திரன்"
        }
      }
    ],
    "masters" : [
      {
        "name" : {
          "en" : "Studio 301, Sydney",
          "hi" : "Studio 301, Sydney",
          "te" : "Studio 301, Sydney",
          "ta" : "ஸ்டுடியோ 301, சிட்னி"
        }
      }
    ],
    "composers" : [
      {
        "name" : {
          "en" : "Suchi",
          "hi" : "Suchi",
          "te" : "Suchi",
          "ta" : "சுசி"
        }
      },
      {
        "name" : {
          "en" : "Ranjith",
          "hi" : "Ranjith",
          "te" : "Ranjith",
          "ta" : "ரஞ்சித்"
        }
      }
    ],
    "lyricists" : [
      {
        "name" : {
          "en" : "Suchi",
          "hi" : "Suchi",
          "te" : "Suchi",
          "ta" : "சுசி"
        }
      },
      {
        "name" : {
          "en" : "Ranjith",
          "hi" : "Ranjith",
          "te" : "Ranjith",
          "ta" : "ரஞ்சித்"
        }
      }
    ],
    "featuring" : [
      {
        "name" : {
          "en" : "Suchi",
          "hi" : "Suchi",
          "te" : "Suchi",
          "ta" : "சுசி"
        }
      },
      {
        "name" : {
          "en" : "Ranjith",
          "hi" : "Ranjith",
          "te" : "Ranjith",
          "ta" : "ரஞ்சித்"
        }
      }
    ],
    "singers" : [
      {
        "name" : {
          "en" : "Suchi",
          "hi" : "Suchi",
          "te" : "Suchi",
          "ta" : "சுசி"
        }
      },
      {
        "name" : {
          "en" : "Ranjith",
          "hi" : "Ranjith",
          "te" : "Ranjith",
          "ta" : "ரஞ்சித்"
        }
      }
    ],
    "arrangers" : [
      {
        "name" : {
          "en" : "Suchi",
          "hi" : "Suchi",
          "te" : "Suchi",
          "ta" : "சுசி"
        }
      },
      {
        "name" : {
          "en" : "Ranjith",
          "hi" : "Ranjith",
          "te" : "Ranjith",
          "ta" : "ரஞ்சித்"
        }
      }
    ],
    "producers" : [
      {
        "name" : {
          "en" : "Suchi",
          "hi" : "Suchi",
          "te" : "Suchi",
          "ta" : "சுசி"
        }
      },
      {
        "name" : {
          "en" : "Ranjith",
          "hi" : "Ranjith",
          "te" : "Ranjith",
          "ta" : "ரஞ்சித்"
        }
      }
    ],
    "lyric_video_senior_editor" : [
      {
        "name" : {
          "en" : "Shyam Sundar Murugesan",
          "hi" : "Shyam Sundar Murugesan",
          "te" : "Shyam Sundar Murugesan",
          "ta" : "ஷியாம் சுந்தர் முருகேசன்"
        }
      }
    ],
    "recorded_studios" : [
      {
        "name" : {
          "en" : "THE Studio",
          "hi" : "THE Studio",
          "te" : "THE Studio",
          "ta" : "தி ஸ்டுடியோ"
        }
      }
    ],
    "translator" : [
      {
        "name" : {
          "en" : "Jayashree Ramanujam",
          "hi" : "Jayashree Ramanujam",
          "te" : "Jayashree Ramanujam",
          "ta" : "ஜெயஸ்ரீ இராமானுஜம்"
        }
      }
    ],
    "manager_of_visual_content" : [
      {
        "name" : {
          "en" : "Gokula Krishnan R Vasugi, MFI",
          "hi" : "Gokula Krishnan R Vasugi, MFI",
          "te" : "Gokula Krishnan R Vasugi, MFI",
          "ta" : "கோகுல கிருஷ்ணன் R வாசுகி MFI"
        }
      }
    ],
    "sound_engineers" : [
      {
        "name" : {
          "en" : "Navneeth Balachanderan",
          "hi" : "Navneeth Balachanderan",
          "te" : "Navneeth Balachanderan",
          "ta" : "நவநீத் பாலசந்திரன்"
        }
      }
    ],
    "lyric_video_editor" : [
      {
        "name" : {
          "en" : "Mithran.B",
          "hi" : "Mithran.B",
          "te" : "Mithran.B",
          "ta" : "மித்திரன்.B"
        }
      }
    ]
  },
  "active" : true,
  "published_on" : "2016-06-05T12:30:00.000Z",
  "description" : {
    "en" : "Kadhalikka Neramillaiya is a peppy argumentative song between a girl who wants to love, deeply, strongly while the world is still alive and a guy who wants to live in the moment, enjoy, with no worries of love and such commitments. A guaranteed addictive listen, Kadhalikka Neramillaiya will soon become a song that will turn into conversation-replacer between couples.",
    "hi" : "Kadhalikka Neramillaiya is a peppy argumentative song between a girl who wants to love, deeply, strongly while the world is still alive and a guy who wants to live in the moment, enjoy, with no worries of love and such commitments. A guaranteed addictive listen, Kadhalikka Neramillaiya will soon become a song that will turn into conversation-replacer between couples.",
    "te" : "Kadhalikka Neramillaiya is a peppy argumentative song between a girl who wants to love, deeply, strongly while the world is still alive and a guy who wants to live in the moment, enjoy, with no worries of love and such commitments. A guaranteed addictive listen, Kadhalikka Neramillaiya will soon become a song that will turn into conversation-replacer between couples.",
    "ta" : "அவளோ, ஒவ்வொரு நொடியும் ஆழமான, வலுவான காதலில் மூழ்கித் திளைக்க விரும்புகிறாள், அவனோ, காதல்பற்றிய கவலையே இன்று வாழ்க்கையை அனுபவிக்க விரும்புகிறான், காதலில் சிக்கிக்கொள்ளமாட்டேன் என்கிறான், இவர்கள் இருவருக்கும் இடையிலான விவாதங்களைத் துள்ளலாகக் காட்சிப்படுத்தும் பாடல்தான், ‘காதலிக்க நேரமில்லையா’. இதைக் கேட்கக்கேட்க உங்களுக்குப் பிடித்துப்போகும், விரைவில், பல காதலர்களுக்கிடையிலான உரையாடலாகவே இந்தப் பாடல் மாறிப்போகும்!"
  },
  "poster" : "https:\/\/d1ua79hvv369a0.cloudfront.net\/reflection\/poster\/06-May-2016\/Kadhalikka_Neram_Illai_poster.jpg",
  "album" : {
    "title" : {
      "en" : "Kadhalikka Neram Illai",
      "hi" : "Kadhalikka Neram Illai",
      "te" : "Kadhalikka Neram Illai",
      "ta" : "Kadhalikka Neram Illai"
    },
    "id" : "26",
    "thumbnail" : "https:\/\/d1ua79hvv369a0.cloudfront.net\/reflection\/thumbnail\/06-May-2016\/Kadhalikka_Neram_Illai_thumb.jpg"
  },
  "musics" : [
    {
      "players" : [
        {
          "name" : {
            "en" : "Ranjith",
            "hi" : "Ranjith",
            "te" : "Ranjith",
            "ta" : "ரஞ்சித்"
          }
        }
      ],
      "instrument" : {
        "name" : {
          "name" : {
            "en" : "Keys",
            "hi" : "Keys",
            "te" : "Keys",
            "ta" : "கீஸ்"
          }
        }
      }
    },
    {
      "players" : [
        {
          "name" : {
            "en" : "Keba Jeremiah",
            "hi" : "Keba Jeremiah",
            "te" : "Keba Jeremiah",
            "ta" : "கேபா ஜெர்மியா"
          }
        }
      ],
      "instrument" : {
        "name" : {
          "name" : {
            "en" : "Guitars",
            "hi" : "Guitars",
            "te" : "Guitars",
            "ta" : "கிட்டார்ஸ்"
          }
        }
      }
    },
    {
      "players" : [
        {
          "name" : {
            "en" : "Aalaap Raju",
            "hi" : "Aalaap Raju",
            "te" : "Aalaap Raju",
            "ta" : "ஆலாப் ராஜு"
          }
        }
      ],
      "instrument" : {
        "name" : {
          "name" : {
            "en" : "Bass",
            "hi" : "Bass",
            "te" : "Bass",
            "ta" : "பேஸ்"
          }
        }
      }
    },
    {
      "players" : [
        {
          "name" : {
            "en" : "David Joseph",
            "hi" : "David Joseph",
            "te" : "David Joseph",
            "ta" : "டேவிட் ஜோஸப்"
          }
        }
      ],
      "instrument" : {
        "name" : {
          "name" : {
            "en" : "Drums",
            "hi" : "Drums",
            "te" : "Drums",
            "ta" : "டிரம்ஸ்"
          }
        }
      }
    },
    {
      "players" : [
        {
          "name" : {
            "en" : "David Joseph",
            "hi" : "David Joseph",
            "te" : "David Joseph",
            "ta" : "டேவிட் ஜோஸப்"
          }
        }
      ],
      "instrument" : {
        "name" : {
          "name" : {
            "en" : "Percussion",
            "hi" : "Percussion",
            "te" : "Percussion",
            "ta" : "தாள வாத்திய கருவிகள்"
          }
        }
      }
    }
  ],
  "critics" : [
    {
      "review" : {
        "instrument" : {
          "comment" : {
            "en" : "The effective usage of keyboard throughout the composition is the highlight.",
            "hi" : "The effective usage of keyboard throughout the composition is the highlight.",
            "te" : "The effective usage of keyboard throughout the composition is the highlight.",
            "ta" : "The effective usage of keyboard throughout the composition is the highlight."
          },
          "score" : 14
        },
        "overall" : {
          "comment" : {
            "en" : "Jazzy Evening Conversation!",
            "hi" : "Jazzy Evening Conversation!",
            "te" : "Jazzy Evening Conversation!",
            "ta" : "Jazzy Evening Conversation!"
          },
          "score" : 13.25
        },
        "vocal" : {
          "comment" : {
            "en" : "The velvety and silky vocals have a tinge of carnatic flavor with the main Jazz genre.",
            "hi" : "The velvety and silky vocals have a tinge of carnatic flavor with the main Jazz genre.",
            "te" : "The velvety and silky vocals have a tinge of carnatic flavor with the main Jazz genre.",
            "ta" : "A fresh jazzy tune with the right counterpoints needed for the genre."
          },
          "score" : 13
        },
        "tune" : {
          "comment" : {
            "en" : "A fresh jazzy tune with the right counterpoints needed for the genre.",
            "hi" : "A fresh jazzy tune with the right counterpoints needed for the genre.",
            "te" : "A fresh jazzy tune with the right counterpoints needed for the genre.",
            "ta" : "A fresh jazzy tune with the right counterpoints needed for the genre."
          },
          "score" : 13
        },
        "lyric" : {
          "comment" : {
            "en" : "The impressive conversational style of lyrics sets the right mood.",
            "hi" : "The impressive conversational style of lyrics sets the right mood.",
            "te" : "The impressive conversational style of lyrics sets the right mood.",
            "ta" : "The impressive conversational style of lyrics sets the right mood."
          },
          "score" : 13
        }
      },
      "author" : {
        "name" : "Durga",
        "image" : "https:\/\/d1ua79hvv369a0.cloudfront.net\/reflection\/critic\/critic-durga.png"
      },
      "rating" : 13.25
    },
    {
      "review" : {
        "instrument" : {
          "comment" : {
            "en" : "Light, frothy and captivating, with a lovely layer of guitar and accordion.",
            "hi" : "Light, frothy and captivating, with a lovely layer of guitar and accordion.",
            "te" : "Light, frothy and captivating, with a lovely layer of guitar and accordion.",
            "ta" : "Light, frothy and captivating, with a lovely layer of guitar and accordion."
          },
          "score" : 12
        },
        "overall" : {
          "comment" : {
            "en" : "Great listen – good mix of entertaining tune and likeable lyrics.",
            "hi" : "Great listen – good mix of entertaining tune and likeable lyrics.",
            "te" : "Great listen – good mix of entertaining tune and likeable lyrics.",
            "ta" : "Great listen – good mix of entertaining tune and likeable lyrics."
          },
          "score" : 12
        },
        "vocal" : {
          "comment" : {
            "en" : "Pitch perfect and keeping the banter-style narrative of the song alive.",
            "hi" : "Pitch perfect and keeping the banter-style narrative of the song alive.",
            "te" : "Pitch perfect and keeping the banter-style narrative of the song alive.",
            "ta" : "A lively, conversational and entertaining tune that fits right into the soundtrack of Vaayai Moodi Pesavum!"
          },
          "score" : 12
        },
        "tune" : {
          "comment" : {
            "en" : "A lively, conversational and entertaining tune that fits right into the soundtrack of Vaayai Moodi Pesavum!",
            "hi" : "A lively, conversational and entertaining tune that fits right into the soundtrack of Vaayai Moodi Pesavum!",
            "te" : "A lively, conversational and entertaining tune that fits right into the soundtrack of Vaayai Moodi Pesavum!",
            "ta" : "A lively, conversational and entertaining tune that fits right into the soundtrack of Vaayai Moodi Pesavum!"
          },
          "score" : 12
        },
        "lyric" : {
          "comment" : {
            "en" : "Wonderfully imaginative and the English words flow well within the context of the song, creating some inventive lyrical phrases!",
            "hi" : "Wonderfully imaginative and the English words flow well within the context of the song, creating some inventive lyrical phrases!",
            "te" : "Wonderfully imaginative and the English words flow well within the context of the song, creating some inventive lyrical phrases!",
            "ta" : "Wonderfully imaginative and the English words flow well within the context of the song, creating some inventive lyrical phrases!"
          },
          "score" : 12
        }
      },
      "author" : {
        "name" : "Karthik",
        "image" : "https:\/\/d1ua79hvv369a0.cloudfront.net\/reflection\/critic\/critic-karthik.png"
      },
      "rating" : 12
    },
    {
      "review" : {
        "instrument" : {
          "comment" : {
            "en" : "Guitars, brief harmonica and keyboard sounds and the foot tapping rhythm from the drums. Elegant arrangement.",
            "hi" : "Guitars, brief harmonica and keyboard sounds and the foot tapping rhythm from the drums. Elegant arrangement.",
            "te" : "Guitars, brief harmonica and keyboard sounds and the foot tapping rhythm from the drums. Elegant arrangement.",
            "ta" : "Guitars, brief harmonica and keyboard sounds and the foot tapping rhythm from the drums. Elegant arrangement."
          },
          "score" : 8
        },
        "overall" : {
          "comment" : {
            "en" : "A relaxing duet with interesting lyrics.",
            "hi" : "A relaxing duet with interesting lyrics.",
            "te" : "A relaxing duet with interesting lyrics.",
            "ta" : "A relaxing duet with interesting lyrics."
          },
          "score" : 8.25
        },
        "vocal" : {
          "comment" : {
            "en" : "Ranjith and Suchithra form a good pair behind the mic. Their experience shows.",
            "hi" : "Ranjith and Suchithra form a good pair behind the mic. Their experience shows.",
            "te" : "Ranjith and Suchithra form a good pair behind the mic. Their experience shows.",
            "ta" : "A breezy melody duet with an old world charm to it. The jazz flavour is striking."
          },
          "score" : 8
        },
        "tune" : {
          "comment" : {
            "en" : "A breezy melody duet with an old world charm to it. The jazz flavour is striking.",
            "hi" : "A breezy melody duet with an old world charm to it. The jazz flavour is striking.",
            "te" : "A breezy melody duet with an old world charm to it. The jazz flavour is striking.",
            "ta" : "A breezy melody duet with an old world charm to it. The jazz flavour is striking."
          },
          "score" : 9
        },
        "lyric" : {
          "comment" : {
            "en" : "The lyrics are about a pair, with contrasting ideologies, conversing with each other over their love. Interesting lines.",
            "hi" : "The lyrics are about a pair, with contrasting ideologies, conversing with each other over their love. Interesting lines.",
            "te" : "The lyrics are about a pair, with contrasting ideologies, conversing with each other over their love. Interesting lines.",
            "ta" : "The lyrics are about a pair, with contrasting ideologies, conversing with each other over their love. Interesting lines."
          },
          "score" : 8
        }
      },
      "author" : {
        "name" : "Kaushik",
        "image" : "https:\/\/d1ua79hvv369a0.cloudfront.net\/reflection\/critic\/Kaushik-200x200.jpg"
      },
      "rating" : 8.25
    }
  ],
  "type" : {
    "slug" : "independent-music",
    "name" : "Independent Music"
  },
  "lyrics" : [
    {
      "data" : "காலைப் பூக்கள் பூத்திருக்கு<br>சாலை ஓரம் காத்திருக்கு<br>இன்னும் என்ன காதலிக்க நேரம் இல்லையா?<br> <br>க்ளாக்கின் முள்ளும் ஓட ஓட<br>பித்த நரைகள் கூட கூட<br>இன்னும் என்ன காதலிக்க நேரம் இல்லையா?<br> <br>உதட்டின் ஓரம் இன்னும் சற்று<br>தயங்கி நிற்கும் கேள்வி ஒன்று<br>மாய்ந்து போகும் தகவல் உனக்குக் கிடைக்கவில்லையா?<br> <br>உலக வெப்பம் கூடி கூடி<br>பனி கரைந்து வெள்ளம் ஆகி<br>மனித இனமே அழியும் என்று தோன்றவில்லையா?<br> <br>ஆயுள் ரேகை தேய தேய<br>ஆசை நெஞ்சில் காய காய<br>சூடு சொரணை இன்றி நீயும் இருப்பதேன்<br> <br>நாளு பூக்கள் வாடிப் போகும்<br>நூறு மொட்டு மலர்கள் ஆகும்<br>இன்னும் கொஞ்சம் காத்திருக்க நேரம் இல்லையா?<br> <br>உலகம் அழிய டைம் இருக்கு<br>அத நெனச்சு பயம் எதுக்கு<br>இன்னும் கொஞ்சம் காத்திருக்க நேரம் இல்லையா?<br> <br>வயச சொல்லி மெரட்டி மெரட்டி<br>மனசுக்குள்ள குழப்பி குழப்பி<br>இந்த நொடியின் இனிமை நீயும் காணவில்லையா?<br> <br>என்னை இப்போ டென்ஷன் பண்ணி<br>சம்பலம் விட்டு பென்ஷன் என்னும்<br>கான்வர்சேஷன் போரிங் என்று தோனவில்லையா?<br> <br>கவலை எல்லாம் சுட்டுப் போடு<br>கணக்கை மூட்டை கட்டிப் போடு<br>காதல் கீதல் இப்பொ எதுக்குச் செல்லமே?<br> <br>நதி....நிலா...நிலம்<br>நிலைக்காதென்று உன்... பதட்டம்...வெறும் ஓர்<br>விதண்டாவாதம் !<br> <br>ஆமாம் உன் பேச்சில்<br>இருக்கு ஏதோ ஞாயம்<br>ஆனால் காதலில்<br>விழுந்தால் படுமா காயம்?<br> <br>அம்மா தாயே !<br>ஆர்க்யுமெண்ட் செய்ய நேரம் இல்லை<br> <br>காலைப் பூக்கள் பூத்திருக்கு<br>சாலை ஓரம் காத்திருக்கு<br>இன்னும் என்ன காதலிக்க நேரம் இல்லையா?<br> <br>நாளு பூக்கள் வாடிப் போகும்<br>நூறு மொட்டு மலர்கள் ஆகும்<br>இன்னும் கொஞ்சம் காத்திருக்க...............<br> <br>உந்தன் உதட்டின் ஓரம் சற்று முன்பு<br>தயங்கி நின்ற கேள்வி ஒன்று<br> <br>அந்தக் கேள்வி எச்சிலோடு கரைந்து விட்டதே<br>இந்த நிமிடம் கரையும் முன்னே<br> <br>இந்தச் சிரிப்பு மறையும் முன்னே<br> <br>ஸ்ட்ராங்கா ரெண்டு டீ குடிக்க நேரம் இல்லையா?<br> <br>கவலை எல்லாம் சுட்டுப் போடு<br>கணக்கை மூட்டை கட்டிப் போடு<br>காதல் கீதல் இப்பொ எதுக்குச் செல்லமே?",
      "language" : {
        "name" : "Tamil",
        "code" : "ta"
      }
    }
  ],
  "id" : "41",
  "phonetic_lyrics" : [
    {
      "data" : "kaalaip pookkaL poothirukku<br>saalai oaram kaathirukku<br>innum enna kaadhalikka naeram illaiyaa?<br><br>kLaakkin muLLum oada oada<br>pitha naraigaL kooda kooda<br>innum enna kaadhalikka naeram illaiyaa?<br><br>udhattin oaram innum satRu<br>thayanggi niRkum kaeLvi ondRu<br>maayndhdhu poagum thagaval unakkuk kidaikkavillaiyaa?<br><br>ulaga veppam koodi koodi<br>pani karaindhdhu veLLam aagi<br>manidha inamae azhiyum endRu thoandRavillaiyaa?<br><br>aayuL raegai thaeya thaeya<br>aasai nenjjil kaaya kaaya<br>soodu soraNai indRi neeyum iruppadhaen<br><br>naaLu pookkaL vaadip poagum<br>nooRu mottu malarkaL aagum<br>innum konjam kaathirukka naeram illaiyaa?<br><br>ulagam azhiya taim irukku<br>adha nenachchu payam edhukku<br>innum konjam kaathirukka naeram illaiyaa?<br><br>vayasa solli meratti meratti<br>manasukkuLLa kuzhappi kuzhappi<br>indhdha nodiyin inimai neeyum kaaNavillaiyaa?<br><br>ennai ippoa tenshan paNNi<br>sampalam vittu penshan ennum<br>kaanvarchaeshan poaring endRu thoanavillaiyaa?<br><br>kavalai ellaam suttup poadu<br>kaNakkai moottai kattip poadu<br>kaadhal keedhal ippo edhukku chellamae?<br><br>nadhi....nilaa...nilam<br>nilaikkaadhendRu un... padhattam...veRum oar<br>vidhaNdaavaadham !<br><br>aamaam un paechchil<br>irukku aedhoa nYaayam<br>aanaal kaadhalil<br>vizhundhdhaal padumaa kaayam?<br><br>ammaa thaayae !<br>aarkyumeNt seyya naeram illai<br><br>kaalaip pookkaL poothirukku<br>saalai oaram kaathirukku<br>innum enna kaadhalikka naeram illaiyaa?<br><br>naaLu pookkaL vaadip poagum<br>nooRu mottu malarkaL aagum<br>innum konjam kaathirukka...............<br><br>undhdhan udhattin oaram satRu munpu<br>thayanggi nindRa kaeLvi ondRu<br><br>andhdhak kaeLvi echchiloadu karaindhdhu vittadhae<br>indhdha nimidam karaiyum munnae<br><br>indhdha chirippu maRaiyum munnae<br><br>Straanggaa reNdu tee kudikka naeram illaiyaa?<br><br>kavalai ellaam suttup poadu<br>kaNakkai moottai kattip poadu<br>kaadhal keedhal ippo edhukku chellamae?",
      "language" : {
        "name" : "English",
        "code" : "en"
      }
    },
    {
      "data" : "காலைப் பூக்கள் பூத்திருக்கு<br>சாலை ஓரம் காத்திருக்கு<br>இன்னும் என்ன காதலிக்க நேரம் இல்லையா?<br> <br>க்ளாக்கின் முள்ளும் ஓட ஓட<br>பித்த நரைகள் கூட கூட<br>இன்னும் என்ன காதலிக்க நேரம் இல்லையா?<br> <br>உதட்டின் ஓரம் இன்னும் சற்று<br>தயங்கி நிற்கும் கேள்வி ஒன்று<br>மாய்ந்து போகும் தகவல் உனக்குக் கிடைக்கவில்லையா?<br> <br>உலக வெப்பம் கூடி கூடி<br>பனி கரைந்து வெள்ளம் ஆகி<br>மனித இனமே அழியும் என்று தோன்றவில்லையா?<br> <br>ஆயுள் ரேகை தேய தேய<br>ஆசை நெஞ்சில் காய காய<br>சூடு சொரணை இன்றி நீயும் இருப்பதேன்<br> <br>நாளு பூக்கள் வாடிப் போகும்<br>நூறு மொட்டு மலர்கள் ஆகும்<br>இன்னும் கொஞ்சம் காத்திருக்க நேரம் இல்லையா?<br> <br>உலகம் அழிய டைம் இருக்கு<br>அத நெனச்சு பயம் எதுக்கு<br>இன்னும் கொஞ்சம் காத்திருக்க நேரம் இல்லையா?<br> <br>வயச சொல்லி மெரட்டி மெரட்டி<br>மனசுக்குள்ள குழப்பி குழப்பி<br>இந்த நொடியின் இனிமை நீயும் காணவில்லையா?<br> <br>என்னை இப்போ டென்ஷன் பண்ணி<br>சம்பலம் விட்டு பென்ஷன் என்னும்<br>கான்வர்சேஷன் போரிங் என்று தோனவில்லையா?<br> <br>கவலை எல்லாம் சுட்டுப் போடு<br>கணக்கை மூட்டை கட்டிப் போடு<br>காதல் கீதல் இப்பொ எதுக்குச் செல்லமே?<br> <br>நதி....நிலா...நிலம்<br>நிலைக்காதென்று உன்... பதட்டம்...வெறும் ஓர்<br>விதண்டாவாதம் !<br> <br>ஆமாம் உன் பேச்சில்<br>இருக்கு ஏதோ ஞாயம்<br>ஆனால் காதலில்<br>விழுந்தால் படுமா காயம்?<br> <br>அம்மா தாயே !<br>ஆர்க்யுமெண்ட் செய்ய நேரம் இல்லை<br> <br>காலைப் பூக்கள் பூத்திருக்கு<br>சாலை ஓரம் காத்திருக்கு<br>இன்னும் என்ன காதலிக்க நேரம் இல்லையா?<br> <br>நாளு பூக்கள் வாடிப் போகும்<br>நூறு மொட்டு மலர்கள் ஆகும்<br>இன்னும் கொஞ்சம் காத்திருக்க...............<br> <br>உந்தன் உதட்டின் ஓரம் சற்று முன்பு<br>தயங்கி நின்ற கேள்வி ஒன்று<br> <br>அந்தக் கேள்வி எச்சிலோடு கரைந்து விட்டதே<br>இந்த நிமிடம் கரையும் முன்னே<br> <br>இந்தச் சிரிப்பு மறையும் முன்னே<br> <br>ஸ்ட்ராங்கா ரெண்டு டீ குடிக்க நேரம் இல்லையா?<br> <br>கவலை எல்லாம் சுட்டுப் போடு<br>கணக்கை மூட்டை கட்டிப் போடு<br>காதல் கீதல் இப்பொ எதுக்குச் செல்லமே?",
      "language" : {
        "name" : "Tamil",
        "code" : "ta"
      }
    },
    {
      "data" : "कालैप पूककल पूतिरुक्कु <br>सालै ओरम कातिरुक्कु <br>इननुम एनन कादलिक्क नेरम इललैया? <br> <br>क्ऴाक्किन म्उल्ळुम ओड ओड <br>पित नरैगल कूड कूड <br>इननुम एनन कादलिक्क नेरम इललैया? <br> <br>उदट्टिन ओरम इननुम सटड़ु <br>तयङगि निर्कुम केलवि ओनडड़ु <br>म्आय्न्द दु पोगुम तगवल उनक्कुक किडैक्कविल्लैया? <br> <br>उलग वेपपम कूडि कूडि <br>पनि करैन्द दु वेलळम आगि <br>म्अनिद इनम्ए अलियुम एनडड़ु तोन्ड्ड़विल्लैया? <br> <br>आयुल रेगै तेय तेय <br>आसै नेञजिल काय काय <br>सूडु सोरंऐ इनडरि नीयुम इरुप्पधेन <br> <br>नाळु पूककल वाडिप पोगुम <br>नूड़ु म्ओटटु म्अलर्कल आगुम <br>इननुम कोञम कातिरुक्क नेरम इललैया? <br> <br>उलगम अलिय टैम इरुककु <br>अद नेनचचु पयम एदुककु <br>इननुम कोञम कातिरुक्क नेरम इललैया? <br> <br>वयस सोललि म्र्अट्टि म्र्अट्टि <br>म्अनसुक्कुल्ळ कुलपपि कुलपपि <br>इन्द द नोडियिन इनिम्ऐ नीयुम कांअविल्लैया? <br> <br>एननै इपपो टेनशन पंणि <br>सम्पलम विटटु पेनशन एननुम <br>कान्वर्चेशन पोरिङ एनडड़ु तोनविल्लैया? <br> <br>कवलै एललाम सुटटुप पोडु <br>कंअककै म्ऊटटै कटटिप पोडु <br>कादल कीदल इपपो एदुककु चेल्लम्ए? <br> <br>नदि....निला...निलम् <br>निलैक्कादेन्ड्ड़ु उन... पदट्टम्...वेड़ुम् ओर <br>विधंडावादम ! <br> <br>आमआम उन पेचचिल <br>इरुककु एदो न्ग़ायम <br>आनाल कादलिल <br>विलुन्द दाल पडुम्आ कायम? <br> <br>अमम्आ ताये ! <br>आर्क्युम्एंट सेयय नेरम इललै <br> <br>कालैप पूककल पूतिरुक्कु <br>सालै ओरम कातिरुक्कु <br>इननुम एनन कादलिक्क नेरम इललैया? <br> <br>नाळु पूककल वाडिप पोगुम <br>नूड़ु म्ओटटु म्अलर्कल आगुम <br>इननुम कोञम कातिरुक्क............... <br> <br>उन्द दन उदट्टिन ओरम सटड़ु म्उनपु <br>तयङगि निनडड़ केलवि ओनडड़ु <br> <br>अन्द दक केलवि एच्चिलोडु करैन्द दु विटटधे <br>इन्द द निम्इडम करैयुम म्उनने <br> <br>इन्द द चिरिपपु म्अड़ैयुम म्उनने <br> <br>स्ट्राङ्गा ऱेंडु टी कुडिकक नेरम इललैया? <br> <br>कवलै एललाम सुटटुप पोडु <br>कंअककै म्ऊटटै कटटिप पोडु <br>कादल कीदल इपपो एदुककु चेल्लम्ए? ",
      "language" : {
        "name" : "Hindi",
        "code" : "hi"
      }
    },
    {
      "data" : "కాలైప్ పూక్కళ్ పూథిరుక్కు <br>సాలై ఓరమ్ కాథిరుక్కు <br>ఇన్నుమ్ ఎన్న కాధలిక్క నేరమ్ ఇల్లైయా? <br> <br>క్ళాక్కిన్ మ్యుళ్ళుమ్ ఓద ఓద <br>పిథ నరైగళ్ కూద కూద <br>ఇన్నుమ్ ఎన్న కాధలిక్క నేరమ్ ఇల్లైయా? <br> <br>ఉధత్తిన్ ఓరమ్ ఇన్నుమ్ సత్ఱు <br>థయఙ్గి నిఱ్కుమ్ కేళ్వి ఒన్ద్ఱు <br>మ్యాయ్న్ధ్ధు పోగుమ్ థగవల్ ఉనక్కుక్ కిదైక్కవిల్లైయా? <br> <br>ఉలగ వెప్పమ్ కూది కూది <br>పని కరైన్ధ్ధు వెళ్ళమ్ ఆగి <br>మ్యనిధ ఇనమ్యే అలియుమ్ ఎన్ద్ఱు థోన్ద్ఱవిల్లైయా? <br> <br>ఆయుళ్ రేగై థేయ థేయ <br>ఆసై నెఞ్జిల్ కాయ కాయ <br>సూదు సొరంయై ఇన్ద్ఱి నెయుమ్ ఇరుప్పధేన్ <br> <br>నాళు పూక్కళ్ వాదిప్ పోగుమ్ <br>నూఱు మ్యొత్తు మ్యలర్కళ్ ఆగుమ్ <br>ఇన్నుమ్ కొఞమ్ కాథిరుక్క నేరమ్ ఇల్లైయా? <br> <br>ఉలగమ్ అలియ తైమ్ ఇరుక్కు <br>అధ నెనఛ్ఛు పయమ్ ఎధుక్కు <br>ఇన్నుమ్ కొఞమ్ కాథిరుక్క నేరమ్ ఇల్లైయా? <br> <br>వయస సొల్లి మ్ఎర్యత్తి మ్ఎర్యత్తి <br>మ్యనసుక్కుళ్ళ కులప్పి కులప్పి <br>ఇన్ధ్ధ నొదియిన్ ఇనిమ్యై నెయుమ్ కాంయవిల్లైయా? <br> <br>ఎన్నై ఇప్పో తెన్షన్ పంణి <br>సమ్పలమ్ విత్తు పెన్షన్ ఎన్నుమ్ <br>కాన్వర్ఛేషన్ పోరిఙ్ ఎన్ద్ఱు థోనవిల్లైయా? <br> <br>కవలై ఎల్లామ్ సుత్తుప్ పోదు <br>కంయక్కై మ్యూత్తై కత్తిప్ పోదు <br>కాధల్ కీధల్ ఇప్పొ ఎధుక్కు ఛెల్లమ్యే? <br> <br>నధి....నిలా...నిలమ్ <br>నిలైక్కాధెన్ద్ఱు ఉన్... పధత్తమ్...వెఱుమ్ ఓర్ <br>విధందావాధమ్ ! <br> <br>ఆమ్యామ్ ఉన్ పేఛ్ఛిల్ <br>ఇరుక్కు ఏధో nయాయమ్ <br>ఆనాల్ కాధలిల్ <br>విలున్ధ్ధాల్ పదుమ్యా కాయమ్? <br> <br>అమ్మ్యా థాయే ! <br>ఆర్క్యుమ్ఎంత్ సెయ్య నేరమ్ ఇల్లై <br> <br>కాలైప్ పూక్కళ్ పూథిరుక్కు <br>సాలై ఓరమ్ కాథిరుక్కు <br>ఇన్నుమ్ ఎన్న కాధలిక్క నేరమ్ ఇల్లైయా? <br> <br>నాళు పూక్కళ్ వాదిప్ పోగుమ్ <br>నూఱు మ్యొత్తు మ్యలర్కళ్ ఆగుమ్ <br>ఇన్నుమ్ కొఞమ్ కాథిరుక్క............... <br> <br>ఉన్ధ్ధన్ ఉధత్తిన్ ఓరమ్ సత్ఱు మ్యున్పు <br>థయఙ్గి నిన్ద్ఱ కేళ్వి ఒన్ద్ఱు <br> <br>అన్ధ్ధక్ కేళ్వి ఎఛ్ఛిలోదు కరైన్ధ్ధు విత్తధే <br>ఇన్ధ్ధ నిమ్యిదమ్ కరైయుమ్ మ్యున్నే <br> <br>ఇన్ధ్ధ ఛిరిప్పు మ్యఱైయుమ్ మ్యున్నే <br> <br>స్త్రాఙ్గా రెందు తీ కుదిక్క నేరమ్ ఇల్లైయా? <br> <br>కవలై ఎల్లామ్ సుత్తుప్ పోదు <br>కంయక్కై మ్యూత్తై కత్తిప్ పోదు <br>కాధల్ కీధల్ ఇప్పొ ఎధుక్కు ఛెల్లమ్యే? ",
      "language" : {
        "name" : "Telugu",
        "code" : "te"
      }
    },
    {
      "data" : "കാലൈപ് പൂക്കള് പൂഥിരുക്കു <br>സാലൈ ഓരമ് കാഥിരുക്കു <br>ഇന്നുമ് എന്ന കാധലിക്ക നേരമ് ഇല്ലൈയാ? <br> <br>ക്ളാക്കിന് മ്യുള്ളുമ് ഓദ ഓദ <br>പിഥ നരൈഗള് കൂദ കൂദ <br>ഇന്നുമ് എന്ന കാധലിക്ക നേരമ് ഇല്ലൈയാ? <br> <br>ഉധത്തിന് ഓരമ് ഇന്നുമ് സത്റു <br>ഥയങ്ഗി നിറ്കുമ് കേള്വി ഒന്ദ്റു <br>മ്യായ്ന്ധ്ധു പോഗുമ് ഥഗവല് ഉനക്കുക് കിദൈക്കവില്ലൈയാ? <br> <br>ഉലഗ വെപ്പമ് കൂദി കൂദി <br>പനി കരൈന്ധ്ധു വെള്ളമ് ആഗി <br>മ്യനിധ ഇനമ്യേ അഴിയുമ് എന്ദ്റു ഥോന്ദ്റവില്ലൈയാ? <br> <br>ആയുള് രേഗൈ ഥേയ ഥേയ <br>ആസൈ നെഞ്ജില് കായ കായ <br>സൂദു സൊരംയൈ ഇന്ദ്റി നീയുമ് ഇരുപ്പധേന് <br> <br>നാളു പൂക്കള് വാദിപ് പോഗുമ് <br>നൂറു മ്യൊത്തു മ്യലര്കള് ആഗുമ് <br>ഇന്നുമ് കൊഞമ് കാഥിരുക്ക നേരമ് ഇല്ലൈയാ? <br> <br>ഉലഗമ് അഴിയ തൈമ് ഇരുക്കു <br>അധ നെനച്ചു പയമ് എധുക്കു <br>ഇന്നുമ് കൊഞമ് കാഥിരുക്ക നേരമ് ഇല്ലൈയാ? <br> <br>വയസ സൊല്ലി മ്എര്യത്തി മ്എര്യത്തി <br>മ്യനസുക്കുള്ള കുഴപ്പി കുഴപ്പി <br>ഇന്ധ്ധ നൊദിയിന് ഇനിമ്യൈ നീയുമ് കാംയവില്ലൈയാ? <br> <br>എന്നൈ ഇപ്പോ തെന്ഷന് പംണി <br>സമ്പലമ് വിത്തു പെന്ഷന് എന്നുമ് <br>കാന്വര്ചേഷന് പോരിങ് എന്ദ്റു ഥോനവില്ലൈയാ? <br> <br>കവലൈ എല്ലാമ് സുത്തുപ് പോദു <br>കംയക്കൈ മ്യൂത്തൈ കത്തിപ് പോദു <br>കാധല് കീധല് ഇപ്പൊ എധുക്കു ചെല്ലമ്യേ? <br> <br>നധി....നിലാ...നിലമ് <br>നിലൈക്കാധെന്ദ്റു ഉന്... പധത്തമ്...വെറുമ് ഓര് <br>വിധംദാവാധമ് ! <br> <br>ആമ്യാമ് ഉന് പേച്ചില് <br>ഇരുക്കു ഏധോ nയായമ് <br>ആനാല് കാധലില് <br>വിഴുന്ധ്ധാല് പദുമ്യാ കായമ്? <br> <br>അമ്മ്യാ ഥായേ ! <br>ആര്ക്യുമ്എംത് സെയ്യ നേരമ് ഇല്ലൈ <br> <br>കാലൈപ് പൂക്കള് പൂഥിരുക്കു <br>സാലൈ ഓരമ് കാഥിരുക്കു <br>ഇന്നുമ് എന്ന കാധലിക്ക നേരമ് ഇല്ലൈയാ? <br> <br>നാളു പൂക്കള് വാദിപ് പോഗുമ് <br>നൂറു മ്യൊത്തു മ്യലര്കള് ആഗുമ് <br>ഇന്നുമ് കൊഞമ് കാഥിരുക്ക............... <br> <br>ഉന്ധ്ധന് ഉധത്തിന് ഓരമ് സത്റു മ്യുന്പു <br>ഥയങ്ഗി നിന്ദ്റ കേള്വി ഒന്ദ്റു <br> <br>അന്ധ്ധക് കേള്വി എച്ചിലോദു കരൈന്ധ്ധു വിത്തധേ <br>ഇന്ധ്ധ നിമ്യിദമ് കരൈയുമ് മ്യുന്നേ <br> <br>ഇന്ധ്ധ ചിരിപ്പു മ്യറൈയുമ് മ്യുന്നേ <br> <br>സ്ത്രാങ്ഗാ രെംദു തീ കുദിക്ക നേരമ് ഇല്ലൈയാ? <br> <br>കവലൈ എല്ലാമ് സുത്തുപ് പോദു <br>കംയക്കൈ മ്യൂത്തൈ കത്തിപ് പോദു <br>കാധല് കീധല് ഇപ്പൊ എധുക്കു ചെല്ലമ്യേ?",
      "language" : {
        "name" : "Malayalam",
        "code" : "ml"
      }
    },
    {
      "data" : "ಕಾಲೈಪ್ ಪೂಕ್ಕಳ್ ಪೂಥಿರುಕ್ಕು <br>ಸಾಲೈ ಓರಮ್ ಕಾಥಿರುಕ್ಕು <br>ಇನ್ನುಮ್ ಎನ್ನ ಕಾಧಲಿಕ್ಕ ನೇರಮ್ ಇಲ್ಲೈಯಾ? <br> <br>ಕ್ಳಾಕ್ಕಿನ್ ಮ್ಯುಳ್ಳುಮ್ ಓದ ಓದ <br>ಪಿಥ ನರೈಗಳ್ ಕೂದ ಕೂದ <br>ಇನ್ನುಮ್ ಎನ್ನ ಕಾಧಲಿಕ್ಕ ನೇರಮ್ ಇಲ್ಲೈಯಾ? <br> <br>ಉಧತ್ತಿನ್ ಓರಮ್ ಇನ್ನುಮ್ ಸತ್ರು <br>ಥಯಙ್ಗಿ ನಿರ್ಕುಮ್ ಕೇಳ್ವಿ ಒನ್ದ್ರು <br>ಮ್ಯಾಯ್ನ್ಧ್ಧು ಪೋಗುಮ್ ಥಗವಲ್ ಉನಕ್ಕುಕ್ ಕಿದೈಕ್ಕವಿಲ್ಲೈಯಾ? <br> <br>ಉಲಗ ವೆಪ್ಪಮ್ ಕೂದಿ ಕೂದಿ <br>ಪನಿ ಕರೈನ್ಧ್ಧು ವೆಳ್ಳಮ್ ಆಗಿ <br>ಮ್ಯನಿಧ ಇನಮ್ಯೇ ಅಲಿಯುಮ್ ಎನ್ದ್ರು ಥೋನ್ದ್ರವಿಲ್ಲೈಯಾ? <br> <br>ಆಯುಳ್ ರೇಗೈ ಥೇಯ ಥೇಯ <br>ಆಸೈ ನೆಞ್ಜಿಲ್ ಕಾಯ ಕಾಯ <br>ಸೂದು ಸೊರಂಯೈ ಇನ್ದ್ರಿ ನೀಯುಮ್ ಇರುಪ್ಪಧೇನ್ <br> <br>ನಾಳು ಪೂಕ್ಕಳ್ ವಾದಿಪ್ ಪೋಗುಮ್ <br>ನೂರು ಮ್ಯೊತ್ತು ಮ್ಯಲರ್ಕಳ್ ಆಗುಮ್ <br>ಇನ್ನುಮ್ ಕೊಞಮ್ ಕಾಥಿರುಕ್ಕ ನೇರಮ್ ಇಲ್ಲೈಯಾ? <br> <br>ಉಲಗಮ್ ಅಲಿಯ ತೈಮ್ ಇರುಕ್ಕು <br>ಅಧ ನೆನಚ್ಚು ಪಯಮ್ ಎಧುಕ್ಕು <br>ಇನ್ನುಮ್ ಕೊಞಮ್ ಕಾಥಿರುಕ್ಕ ನೇರಮ್ ಇಲ್ಲೈಯಾ? <br> <br>ವಯಸ ಸೊಲ್ಲಿ ಮ್ಎರ್ಯತ್ತಿ ಮ್ಎರ್ಯತ್ತಿ <br>ಮ್ಯನಸುಕ್ಕುಳ್ಳ ಕುಲಪ್ಪಿ ಕುಲಪ್ಪಿ <br>ಇನ್ಧ್ಧ ನೊದಿಯಿನ್ ಇನಿಮ್ಯೈ ನೀಯುಮ್ ಕಾಂಯವಿಲ್ಲೈಯಾ? <br> <br>ಎನ್ನೈ ಇಪ್ಪೋ ತೆನ್ಶನ್ ಪಂಣಿ <br>ಸಮ್ಪಲಮ್ ವಿತ್ತು ಪೆನ್ಶನ್ ಎನ್ನುಮ್ <br>ಕಾನ್ವರ್ಚೇಶನ್ ಪೋರಿಙ್ ಎನ್ದ್ರು ಥೋನವಿಲ್ಲೈಯಾ? <br> <br>ಕವಲೈ ಎಲ್ಲಾಮ್ ಸುತ್ತುಪ್ ಪೋದು <br>ಕಂಯಕ್ಕೈ ಮ್ಯೂತ್ತೈ ಕತ್ತಿಪ್ ಪೋದು <br>ಕಾಧಲ್ ಕೀಧಲ್ ಇಪ್ಪೊ ಎಧುಕ್ಕು ಚೆಲ್ಲಮ್ಯೇ? <br> <br>ನಧಿ....ನಿಲಾ...ನಿಲಮ್ <br>ನಿಲೈಕ್ಕಾಧೆನ್ದ್ರು ಉನ್... ಪಧತ್ತಮ್...ವೆರುಮ್ ಓರ್ <br>ವಿಧಂದಾವಾಧಮ್ ! <br> <br>ಆಮ್ಯಾಮ್ ಉನ್ ಪೇಚ್ಚಿಲ್ <br>ಇರುಕ್ಕು ಏಧೋ nಯಾಯಮ್ <br>ಆನಾಲ್ ಕಾಧಲಿಲ್ <br>ವಿಲುನ್ಧ್ಧಾಲ್ ಪದುಮ್ಯಾ ಕಾಯಮ್? <br> <br>ಅಮ್ಮ್ಯಾ ಥಾಯೇ ! <br>ಆರ್ಕ್ಯುಮ್ಎಂತ್ ಸೆಯ್ಯ ನೇರಮ್ ಇಲ್ಲೈ <br> <br>ಕಾಲೈಪ್ ಪೂಕ್ಕಳ್ ಪೂಥಿರುಕ್ಕು <br>ಸಾಲೈ ಓರಮ್ ಕಾಥಿರುಕ್ಕು <br>ಇನ್ನುಮ್ ಎನ್ನ ಕಾಧಲಿಕ್ಕ ನೇರಮ್ ಇಲ್ಲೈಯಾ? <br> <br>ನಾಳು ಪೂಕ್ಕಳ್ ವಾದಿಪ್ ಪೋಗುಮ್ <br>ನೂರು ಮ್ಯೊತ್ತು ಮ್ಯಲರ್ಕಳ್ ಆಗುಮ್ <br>ಇನ್ನುಮ್ ಕೊಞಮ್ ಕಾಥಿರುಕ್ಕ............... <br> <br>ಉನ್ಧ್ಧನ್ ಉಧತ್ತಿನ್ ಓರಮ್ ಸತ್ರು ಮ್ಯುನ್ಪು <br>ಥಯಙ್ಗಿ ನಿನ್ದ್ರ ಕೇಳ್ವಿ ಒನ್ದ್ರು <br> <br>ಅನ್ಧ್ಧಕ್ ಕೇಳ್ವಿ ಎಚ್ಚಿಲೋದು ಕರೈನ್ಧ್ಧು ವಿತ್ತಧೇ <br>ಇನ್ಧ್ಧ ನಿಮ್ಯಿದಮ್ ಕರೈಯುಮ್ ಮ್ಯುನ್ನೇ <br> <br>ಇನ್ಧ್ಧ ಚಿರಿಪ್ಪು ಮ್ಯರೈಯುಮ್ ಮ್ಯುನ್ನೇ <br> <br>ಷ್ತ್ರಾಙ್ಗಾ ರೆಂದು ತೀ ಕುದಿಕ್ಕ ನೇರಮ್ ಇಲ್ಲೈಯಾ? <br> <br>ಕವಲೈ ಎಲ್ಲಾಮ್ ಸುತ್ತುಪ್ ಪೋದು <br>ಕಂಯಕ್ಕೈ ಮ್ಯೂತ್ತೈ ಕತ್ತಿಪ್ ಪೋದು <br>ಕಾಧಲ್ ಕೀಧಲ್ ಇಪ್ಪೊ ಎಧುಕ್ಕು ಚೆಲ್ಲಮ್ಯೇ? ",
      "language" : {
        "name" : "Kanadam",
        "code" : "ka"
      }
    },
    {
      "data" : "কালৈপ্ পূক্কল্ পূথিরুক্কু <br>সালৈ ওরম্ কাথিরুক্কু <br>ইন্নুম্ এন্ন কাধলিক্ক নেরম্ ইল্লৈযা? <br> <br>ক্লাক্কিন্ ম্যুল্লুম্ ওদ ওদ <br>পিথ নরৈগল্ কূদ কূদ <br>ইন্নুম্ এন্ন কাধলিক্ক নেরম্ ইল্লৈযা? <br> <br>উধত্তিন্ ওরম্ ইন্নুম্ সত্ড়ু <br>থযঙ্গি নিড়্কুম্ কেল্ৱি ওন্দ্ড়ু <br>ম্যায্ন্ধ্ধু পোগুম্ থগৱল্ উনক্কুক্ কিদৈক্কৱিল্লৈযা? <br> <br>উলগ ৱেপ্পম্ কূদি কূদি <br>পনি করৈন্ধ্ধু ৱেল্লম্ আগি <br>ম্যনিধ ইনম্যে অলিযুম্ এন্দ্ড়ু থোন্দ্ড়ৱিল্লৈযা? <br> <br>আযুল্ রেগৈ থেয থেয <br>আসৈ নেঞ্জিল্ কায কায <br>সূদু সোরঁযৈ ইন্দ্ড়ি নীযুম্ ইরুপ্পধেন্ <br> <br>নালু পূক্কল্ ৱাদিপ্ পোগুম্ <br>নূড়ু ম্যোত্তু ম্যলর্কল্ আগুম্ <br>ইন্নুম্ কোঞম্ কাথিরুক্ক নেরম্ ইল্লৈযা? <br> <br>উলগম্ অলিয তৈম্ ইরুক্কু <br>অধ নেনচ্চু পযম্ এধুক্কু <br>ইন্নুম্ কোঞম্ কাথিরুক্ক নেরম্ ইল্লৈযা? <br> <br>ৱযস সোল্লি ম্এর্যত্তি ম্এর্যত্তি <br>ম্যনসুক্কুল্ল কুলপ্পি কুলপ্পি <br>ইন্ধ্ধ নোদিযিন্ ইনিম্যৈ নীযুম্ কাঁযৱিল্লৈযা? <br> <br>এন্নৈ ইপ্পো তেন্ষন্ পঁণি <br>সম্পলম্ ৱিত্তু পেন্ষন্ এন্নুম্ <br>কান্ৱর্চেষন্ পোরিঙ্ এন্দ্ড়ু থোনৱিল্লৈযা? <br> <br>কৱলৈ এল্লাম্ সুত্তুপ্ পোদু <br>কঁযক্কৈ ম্যূত্তৈ কত্তিপ্ পোদু <br>কাধল্ কীধল্ ইপ্পো এধুক্কু চেল্লম্যে? <br> <br>নধি....নিলা...নিলম্ <br>নিলৈক্কাধেন্দ্ড়ু উন্... পধত্তম্...ৱেড়ুম্ ওর্ <br>ৱিধঁদাৱাধম্ ! <br> <br>আম্যাম্ উন্ পেচ্চিল্ <br>ইরুক্কু এধো nয়াযম্ <br>আনাল্ কাধলিল্ <br>ৱিলুন্ধ্ধাল্ পদুম্যা কাযম্? <br> <br>অম্ম্যা থাযে ! <br>আর্ক্যুম্এঁত্ সেয্য নেরম্ ইল্লৈ <br> <br>কালৈপ্ পূক্কল্ পূথিরুক্কু <br>সালৈ ওরম্ কাথিরুক্কু <br>ইন্নুম্ এন্ন কাধলিক্ক নেরম্ ইল্লৈযা? <br> <br>নালু পূক্কল্ ৱাদিপ্ পোগুম্ <br>নূড়ু ম্যোত্তু ম্যলর্কল্ আগুম্ <br>ইন্নুম্ কোঞম্ কাথিরুক্ক............... <br> <br>উন্ধ্ধন্ উধত্তিন্ ওরম্ সত্ড়ু ম্যুন্পু <br>থযঙ্গি নিন্দ্ড় কেল্ৱি ওন্দ্ড়ু <br> <br>অন্ধ্ধক্ কেল্ৱি এচ্চিলোদু করৈন্ধ্ধু ৱিত্তধে <br>ইন্ধ্ধ নিম্যিদম্ করৈযুম্ ম্যুন্নে <br> <br>ইন্ধ্ধ চিরিপ্পু ম্যড়ৈযুম্ ম্যুন্নে <br> <br>স্ত্রাঙ্গা রেঁদু তী কুদিক্ক নেরম্ ইল্লৈযা? <br> <br>কৱলৈ এল্লাম্ সুত্তুপ্ পোদু <br>কঁযক্কৈ ম্যূত্তৈ কত্তিপ্ পোদু <br>কাধল্ কীধল্ ইপ্পো এধুক্কু চেল্লম্যে? ",
      "language" : {
        "name" : "Bengali",
        "code" : "be"
      }
    },
    {
      "data" : "કાલૈપ્ પૂક્કળ્ પૂથિરુક્કુ <br>સાલૈ ઑરમ્ કાથિરુક્કુ <br>ઇન્નુમ્ એન્ન કાધલિક્ક ણૅરમ્ ઇલ્લૈયા? <br> <br>ક્ળાક્કિન્ મ્યુળ્ળુમ્ ઑદ ઑદ <br>પિથ ણરૈગળ્ કૂદ કૂદ <br>ઇન્નુમ્ એન્ન કાધલિક્ક ણૅરમ્ ઇલ્લૈયા? <br> <br>ઉધત્તિન્ ઑરમ્ ઇન્નુમ્ સત્રુ <br>થયઙ્ગિ ણિર્કુમ્ કૅળ્વિ ઓન્દ્રુ <br>મ્યાય્ન્ધ્ધુ પૉગુમ્ થગવલ્ ઉનક્કુક્ કિદૈક્કવિલ્લૈયા? <br> <br>ઉલગ વેપ્પમ્ કૂદિ કૂદિ <br>પનિ કરૈન્ધ્ધુ વેળ્ળમ્ આગિ <br>મ્યનિધ ઇનમ્યૅ અલિયુમ્ એન્દ્રુ થૉન્દ્રવિલ્લૈયા? <br> <br>આયુળ્ રૅગૈ થૅય થૅય <br>આસૈ ણેઞ્જિલ્ કાય કાય <br>સૂદુ સોરંયૈ ઇન્દ્રિ ણીયુમ્ ઇરુપ્પધૅન્ <br> <br>ણાળુ પૂક્કળ્ વાદિપ્ પૉગુમ્ <br>ણૂરુ મ્યોત્તુ મ્યલર્કળ્ આગુમ્ <br>ઇન્નુમ્ કોઞમ્ કાથિરુક્ક ણૅરમ્ ઇલ્લૈયા? <br> <br>ઉલગમ્ અલિય તૈમ્ ઇરુક્કુ <br>અધ ણેનચ્ચુ પયમ્ એધુક્કુ <br>ઇન્નુમ્ કોઞમ્ કાથિરુક્ક ણૅરમ્ ઇલ્લૈયા? <br> <br>વયસ સોલ્લિ મ્એર્યત્તિ મ્એર્યત્તિ <br>મ્યનસુક્કુળ્ળ કુલપ્પિ કુલપ્પિ <br>ઇન્ધ્ધ ણોદિયિન્ ઇનિમ્યૈ ણીયુમ્ કાંયવિલ્લૈયા? <br> <br>એન્નૈ ઇપ્પૉ તેન્ષન્ પંણિ <br>સમ્પલમ્ વિત્તુ પેન્ષન્ એન્નુમ્ <br>કાન્વર્ચૅષન્ પૉરિઙ્ એન્દ્રુ થૉનવિલ્લૈયા? <br> <br>કવલૈ એલ્લામ્ સુત્તુપ્ પૉદુ <br>કંયક્કૈ મ્યૂત્તૈ કત્તિપ્ પૉદુ <br>કાધલ્ કીધલ્ ઇપ્પો એધુક્કુ ચેલ્લમ્યૅ? <br> <br>ણધિ....ણિલા...ણિલમ્ <br>ણિલૈક્કાધેન્દ્રુ ઉન્... પધત્તમ્...વેરુમ્ ઑર્ <br>વિધંદાવાધમ્ ! <br> <br>આમ્યામ્ ઉન્ પૅચ્ચિલ્ <br>ઇરુક્કુ ઍધૉ nયાયમ્ <br>આનાલ્ કાધલિલ્ <br>વિલુન્ધ્ધાલ્ પદુમ્યા કાયમ્? <br> <br>અમ્મ્યા થાયૅ ! <br>આર્ક્યુમ્એંત્ સેય્ય ણૅરમ્ ઇલ્લૈ <br> <br>કાલૈપ્ પૂક્કળ્ પૂથિરુક્કુ <br>સાલૈ ઑરમ્ કાથિરુક્કુ <br>ઇન્નુમ્ એન્ન કાધલિક્ક ણૅરમ્ ઇલ્લૈયા? <br> <br>ણાળુ પૂક્કળ્ વાદિપ્ પૉગુમ્ <br>ણૂરુ મ્યોત્તુ મ્યલર્કળ્ આગુમ્ <br>ઇન્નુમ્ કોઞમ્ કાથિરુક્ક............... <br> <br>ઉન્ધ્ધન્ ઉધત્તિન્ ઑરમ્ સત્રુ મ્યુન્પુ <br>થયઙ્ગિ ણિન્દ્ર કૅળ્વિ ઓન્દ્રુ <br> <br>અન્ધ્ધક્ કૅળ્વિ એચ્ચિલૉદુ કરૈન્ધ્ધુ વિત્તધૅ <br>ઇન્ધ્ધ ણિમ્યિદમ્ કરૈયુમ્ મ્યુન્નૅ <br> <br>ઇન્ધ્ધ ચિરિપ્પુ મ્યરૈયુમ્ મ્યુન્નૅ <br> <br>ષ્ત્રાઙ્ગા રેંદુ તી કુદિક્ક ણૅરમ્ ઇલ્લૈયા? <br> <br>કવલૈ એલ્લામ્ સુત્તુપ્ પૉદુ <br>કંયક્કૈ મ્યૂત્તૈ કત્તિપ્ પૉદુ <br>કાધલ્ કીધલ્ ઇપ્પો એધુક્કુ ચેલ્લમ્યૅ? ",
      "language" : {
        "name" : "Gujarathi",
        "code" : "gu"
      }
    },
    {
      "data" : "कालैप पूककल पूतिरुक्कु <br>सालै ओरम कातिरुक्कु <br>इननुम एनन कादलिक्क नेरम इललैया? <br> <br>क्ऴाक्किन म्उल्ळुम ओड ओड <br>पित नरैगल कूड कूड <br>इननुम एनन कादलिक्क नेरम इललैया? <br> <br>उदट्टिन ओरम इननुम सटड़ु <br>तयङगि निर्कुम केलवि ओनडड़ु <br>म्आय्न्द दु पोगुम तगवल उनक्कुक किडैक्कविल्लैया? <br> <br>उलग वेपपम कूडि कूडि <br>पनि करैन्द दु वेलळम आगि <br>म्अनिद इनम्ए अलियुम एनडड़ु तोन्ड्ड़विल्लैया? <br> <br>आयुल रेगै तेय तेय <br>आसै नेञजिल काय काय <br>सूडु सोरंऐ इनडरि नीयुम इरुप्पधेन <br> <br>नाळु पूककल वाडिप पोगुम <br>नूड़ु म्ओटटु म्अलर्कल आगुम <br>इननुम कोञम कातिरुक्क नेरम इललैया? <br> <br>उलगम अलिय टैम इरुककु <br>अद नेनचचु पयम एदुककु <br>इननुम कोञम कातिरुक्क नेरम इललैया? <br> <br>वयस सोललि म्र्अट्टि म्र्अट्टि <br>म्अनसुक्कुल्ळ कुलपपि कुलपपि <br>इन्द द नोडियिन इनिम्ऐ नीयुम कांअविल्लैया? <br> <br>एननै इपपो टेनशन पंणि <br>सम्पलम विटटु पेनशन एननुम <br>कान्वर्चेशन पोरिङ एनडड़ु तोनविल्लैया? <br> <br>कवलै एललाम सुटटुप पोडु <br>कंअककै म्ऊटटै कटटिप पोडु <br>कादल कीदल इपपो एदुककु चेल्लम्ए? <br> <br>नदि....निला...निलम् <br>निलैक्कादेन्ड्ड़ु उन... पदट्टम्...वेड़ुम् ओर <br>विधंडावादम ! <br> <br>आमआम उन पेचचिल <br>इरुककु एदो न्ग़ायम <br>आनाल कादलिल <br>विलुन्द दाल पडुम्आ कायम? <br> <br>अमम्आ ताये ! <br>आर्क्युम्एंट सेयय नेरम इललै <br> <br>कालैप पूककल पूतिरुक्कु <br>सालै ओरम कातिरुक्कु <br>इननुम एनन कादलिक्क नेरम इललैया? <br> <br>नाळु पूककल वाडिप पोगुम <br>नूड़ु म्ओटटु म्अलर्कल आगुम <br>इननुम कोञम कातिरुक्क............... <br> <br>उन्द दन उदट्टिन ओरम सटड़ु म्उनपु <br>तयङगि निनडड़ केलवि ओनडड़ु <br> <br>अन्द दक केलवि एच्चिलोडु करैन्द दु विटटधे <br>इन्द द निम्इडम करैयुम म्उनने <br> <br>इन्द द चिरिपपु म्अड़ैयुम म्उनने <br> <br>स्ट्राङ्गा ऱेंडु टी कुडिकक नेरम इललैया? <br> <br>कवलै एललाम सुटटुप पोडु <br>कंअककै म्ऊटटै कटटिप पोडु <br>कादल कीदल इपपो एदुककु चेल्लम्ए? ",
      "language" : {
        "name" : "Marathi",
        "code" : "mr"
      }
    },
    {
      "data" : "କାଳୈପ୍ ପୂକ୍କଲ୍ ପୂଥିରୁକ୍କୁ <br>ସାଳୈ ଓରମ୍ କାଥିରୁକ୍କୁ <br>ଇନ୍ନୁମ୍ ଏନ୍ନ କାଧଳିକ୍କ ନେରମ୍ ଇଳ୍ଳୈଯା? <br> <br>କ୍ଲାକ୍କିନ୍ ମ୍ଯୁଲ୍ଲୁମ୍ ଓଦ ଓଦ <br>ପିଥ ନରୈଗଲ୍ କୂଦ କୂଦ <br>ଇନ୍ନୁମ୍ ଏନ୍ନ କାଧଳିକ୍କ ନେରମ୍ ଇଳ୍ଳୈଯା? <br> <br>ଉଧତ୍ତିନ୍ ଓରମ୍ ଇନ୍ନୁମ୍ ସତ୍ଡ଼ୁ <br>ଥଯଙ୍ଗି ନିଡ଼୍କୁମ୍ କେଲ୍ୱି ଓନ୍ଦ୍ଡ଼ୁ <br>ମ୍ଯାଯ୍ନ୍ଧ୍ଧୁ ପୋଗୁମ୍ ଥଗୱଳ୍ ଉନକ୍କୁକ୍ କିଦୈକ୍କୱିଳ୍ଳୈଯା? <br> <br>ଉଳଗ ୱେପ୍ପମ୍ କୂଦି କୂଦି <br>ପନି କରୈନ୍ଧ୍ଧୁ ୱେଲ୍ଲମ୍ ଆଗି <br>ମ୍ଯନିଧ ଇନମ୍ଯେ ଅଳିଯୁମ୍ ଏନ୍ଦ୍ଡ଼ୁ ଥୋନ୍ଦ୍ଡ଼ୱିଳ୍ଳୈଯା? <br> <br>ଆଯୁଲ୍ ରେଗୈ ଥେଯ ଥେଯ <br>ଆସୈ ନେଞ୍ଜିଳ୍ କାଯ କାଯ <br>ସୂଦୁ ସୋରଂଯୈ ଇନ୍ଦ୍ଡ଼ି ନୀଯୁମ୍ ଇରୁପ୍ପଧେନ୍ <br> <br>ନାଲୁ ପୂକ୍କଲ୍ ୱାଦିପ୍ ପୋଗୁମ୍ <br>ନୂଡ଼ୁ ମ୍ଯୋତ୍ତୁ ମ୍ଯଳର୍କଲ୍ ଆଗୁମ୍ <br>ଇନ୍ନୁମ୍ କୋଞମ୍ କାଥିରୁକ୍କ ନେରମ୍ ଇଳ୍ଳୈଯା? <br> <br>ଉଳଗମ୍ ଅଳିଯ ତୈମ୍ ଇରୁକ୍କୁ <br>ଅଧ ନେନଚ୍ଚୁ ପଯମ୍ ଏଧୁକ୍କୁ <br>ଇନ୍ନୁମ୍ କୋଞମ୍ କାଥିରୁକ୍କ ନେରମ୍ ଇଳ୍ଳୈଯା? <br> <br>ୱଯସ ସୋଳ୍ଳି ମ୍ଏର୍ଯତ୍ତି ମ୍ଏର୍ଯତ୍ତି <br>ମ୍ଯନସୁକ୍କୁଲ୍ଲ କୁଳପ୍ପି କୁଳପ୍ପି <br>ଇନ୍ଧ୍ଧ ନୋଦିଯିନ୍ ଇନିମ୍ଯୈ ନୀଯୁମ୍ କାଂଯୱିଳ୍ଳୈଯା? <br> <br>ଏନ୍ନୈ ଇପ୍ପୋ ତେନ୍ଶନ୍ ପଂଣି <br>ସମ୍ପଳମ୍ ୱିତ୍ତୁ ପେନ୍ଶନ୍ ଏନ୍ନୁମ୍ <br>କାନ୍ୱର୍ଚେଶନ୍ ପୋରିଙ୍ ଏନ୍ଦ୍ଡ଼ୁ ଥୋନୱିଳ୍ଳୈଯା? <br> <br>କୱଳୈ ଏଳ୍ଳାମ୍ ସୁତ୍ତୁପ୍ ପୋଦୁ <br>କଂଯକ୍କୈ ମ୍ଯୂତ୍ତୈ କତ୍ତିପ୍ ପୋଦୁ <br>କାଧଳ୍ କୀଧଳ୍ ଇପ୍ପୋ ଏଧୁକ୍କୁ ଚେଳ୍ଳମ୍ଯେ? <br> <br>ନଧି....ନିଳା...ନିଳମ୍ <br>ନିଳୈକ୍କାଧେନ୍ଦ୍ଡ଼ୁ ଉନ୍... ପଧତ୍ତମ୍...ୱେଡ଼ୁମ୍ ଓର୍ <br>ୱିଧଂଦାୱାଧମ୍ ! <br> <br>ଆମ୍ଯାମ୍ ଉନ୍ ପେଚ୍ଚିଳ୍ <br>ଇରୁକ୍କୁ ଏଧୋ nୟାଯମ୍ <br>ଆନାଳ୍ କାଧଳିଳ୍ <br>ୱିଳୁନ୍ଧ୍ଧାଳ୍ ପଦୁମ୍ଯା କାଯମ୍? <br> <br>ଅମ୍ମ୍ଯା ଥାଯେ ! <br>ଆର୍କ୍ଯୁମ୍ଏଂତ୍ ସେଯ୍ଯ ନେରମ୍ ଇଳ୍ଳୈ <br> <br>କାଳୈପ୍ ପୂକ୍କଲ୍ ପୂଥିରୁକ୍କୁ <br>ସାଳୈ ଓରମ୍ କାଥିରୁକ୍କୁ <br>ଇନ୍ନୁମ୍ ଏନ୍ନ କାଧଳିକ୍କ ନେରମ୍ ଇଳ୍ଳୈଯା? <br> <br>ନାଲୁ ପୂକ୍କଲ୍ ୱାଦିପ୍ ପୋଗୁମ୍ <br>ନୂଡ଼ୁ ମ୍ଯୋତ୍ତୁ ମ୍ଯଳର୍କଲ୍ ଆଗୁମ୍ <br>ଇନ୍ନୁମ୍ କୋଞମ୍ କାଥିରୁକ୍କ............... <br> <br>ଉନ୍ଧ୍ଧନ୍ ଉଧତ୍ତିନ୍ ଓରମ୍ ସତ୍ଡ଼ୁ ମ୍ଯୁନ୍ପୁ <br>ଥଯଙ୍ଗି ନିନ୍ଦ୍ଡ଼ କେଲ୍ୱି ଓନ୍ଦ୍ଡ଼ୁ <br> <br>ଅନ୍ଧ୍ଧକ୍ କେଲ୍ୱି ଏଚ୍ଚିଳୋଦୁ କରୈନ୍ଧ୍ଧୁ ୱିତ୍ତଧେ <br>ଇନ୍ଧ୍ଧ ନିମ୍ଯିଦମ୍ କରୈଯୁମ୍ ମ୍ଯୁନ୍ନେ <br> <br>ଇନ୍ଧ୍ଧ ଚିରିପ୍ପୁ ମ୍ଯଡ଼ୈଯୁମ୍ ମ୍ଯୁନ୍ନେ <br> <br>ଷ୍ତ୍ରାଙ୍ଗା ରେଂଦୁ ତୀ କୁଦିକ୍କ ନେରମ୍ ଇଳ୍ଳୈଯା? <br> <br>କୱଳୈ ଏଳ୍ଳାମ୍ ସୁତ୍ତୁପ୍ ପୋଦୁ <br>କଂଯକ୍କୈ ମ୍ଯୂତ୍ତୈ କତ୍ତିପ୍ ପୋଦୁ <br>କାଧଳ୍ କୀଧଳ୍ ଇପ୍ପୋ ଏଧୁକ୍କୁ ଚେଳ୍ଳମ୍ଯେ?",
      "language" : {
        "name" : "Oriya",
        "code" : "or"
      }
    },
    {
      "data" : "कालैप पूककल पूतिरुक्कु <br>सालै ओरम कातिरुक्कु <br>इननुम एनन कादलिक्क नेरम इललैया? <br> <br>क्ऴाक्किन म्उल्ळुम ओड ओड <br>पित नरैगल कूड कूड <br>इननुम एनन कादलिक्क नेरम इललैया? <br> <br>उदट्टिन ओरम इननुम सटड़ु <br>तयङगि निर्कुम केलवि ओनडड़ु <br>म्आय्न्द दु पोगुम तगवल उनक्कुक किडैक्कविल्लैया? <br> <br>उलग वेपपम कूडि कूडि <br>पनि करैन्द दु वेलळम आगि <br>म्अनिद इनम्ए अलियुम एनडड़ु तोन्ड्ड़विल्लैया? <br> <br>आयुल रेगै तेय तेय <br>आसै नेञजिल काय काय <br>सूडु सोरंऐ इनडरि नीयुम इरुप्पधेन <br> <br>नाळु पूककल वाडिप पोगुम <br>नूड़ु म्ओटटु म्अलर्कल आगुम <br>इननुम कोञम कातिरुक्क नेरम इललैया? <br> <br>उलगम अलिय टैम इरुककु <br>अद नेनचचु पयम एदुककु <br>इननुम कोञम कातिरुक्क नेरम इललैया? <br> <br>वयस सोललि म्र्अट्टि म्र्अट्टि <br>म्अनसुक्कुल्ळ कुलपपि कुलपपि <br>इन्द द नोडियिन इनिम्ऐ नीयुम कांअविल्लैया? <br> <br>एननै इपपो टेनशन पंणि <br>सम्पलम विटटु पेनशन एननुम <br>कान्वर्चेशन पोरिङ एनडड़ु तोनविल्लैया? <br> <br>कवलै एललाम सुटटुप पोडु <br>कंअककै म्ऊटटै कटटिप पोडु <br>कादल कीदल इपपो एदुककु चेल्लम्ए? <br> <br>नदि....निला...निलम् <br>निलैक्कादेन्ड्ड़ु उन... पदट्टम्...वेड़ुम् ओर <br>विधंडावादम ! <br> <br>आमआम उन पेचचिल <br>इरुककु एदो न्ग़ायम <br>आनाल कादलिल <br>विलुन्द दाल पडुम्आ कायम? <br> <br>अमम्आ ताये ! <br>आर्क्युम्एंट सेयय नेरम इललै <br> <br>कालैप पूककल पूतिरुक्कु <br>सालै ओरम कातिरुक्कु <br>इननुम एनन कादलिक्क नेरम इललैया? <br> <br>नाळु पूककल वाडिप पोगुम <br>नूड़ु म्ओटटु म्अलर्कल आगुम <br>इननुम कोञम कातिरुक्क............... <br> <br>उन्द दन उदट्टिन ओरम सटड़ु म्उनपु <br>तयङगि निनडड़ केलवि ओनडड़ु <br> <br>अन्द दक केलवि एच्चिलोडु करैन्द दु विटटधे <br>इन्द द निम्इडम करैयुम म्उनने <br> <br>इन्द द चिरिपपु म्अड़ैयुम म्उनने <br> <br>स्ट्राङ्गा ऱेंडु टी कुडिकक नेरम इललैया? <br> <br>कवलै एललाम सुटटुप पोडु <br>कंअककै म्ऊटटै कटटिप पोडु <br>कादल कीदल इपपो एदुककु चेल्लम्ए? ",
      "language" : {
        "name" : "konkani",
        "code" : "ko"
      }
    }
  ],
  "mood" : {
    "slug" : "happy",
    "name" : "Happy"
  },
  "thumbnail" : "https:\/\/d1ua79hvv369a0.cloudfront.net\/reflection\/thumbnail\/06-May-2016\/Kadhalikka_Neram_Illai_thumb.jpg",
  "language" : {
    "name" : "Tamil",
    "code" : "ta"
  },
  "slug" : "kadhalikka-neram-illai",
  "info" : {
    "lyric_genres" : [
      {
        "name" : {
          "en" : "Romance",
          "hi" : "Romance",
          "te" : "Romance",
          "ta" : "காதல்"
        }
      }
    ],
    "thaalams" : [
      {
        "name" : {
          "en" : "4 by 4 WCM with syncopated Jazz rhythm",
          "hi" : "4 by 4 WCM with syncopated Jazz rhythm",
          "te" : "4 by 4 WCM with syncopated Jazz rhythm",
          "ta" : "4 x 4 WCM வித் சின்கொபேட்டட் ஜாஸ் ரிதம்"
        }
      }
    ],
    "lyric_languages" : [
      {
        "name" : {
          "en" : "Tamil",
          "hi" : "Tamil",
          "te" : "Tamil",
          "ta" : "தமிழ் "
        }
      }
    ],
    "lyric_moods" : [
      {
        "name" : {
          "en" : "Happy",
          "hi" : "Happy",
          "te" : "Happy",
          "ta" : "மகிழ்ச்சி"
        }
      }
    ],
    "music_genres" : [
      {
        "name" : {
          "en" : "Pop blues",
          "hi" : "Pop blues",
          "te" : "Pop blues",
          "ta" : "பாப் ப்ளூஸ்"
        }
      }
    ],
    "best_seasons_to_listen" : [
      {
        "name" : {
          "en" : "Summer",
          "hi" : "Summer",
          "te" : "Summer",
          "ta" : "கோடைக் காலம்"
        }
      },
      {
        "name" : {
          "en" : "Spring",
          "hi" : "Spring",
          "te" : "Spring",
          "ta" : "வசந்தகாலம்"
        }
      }
    ],
    "launch_date" : {
      "en" : "05\/06\/2016",
      "hi" : "05\/06\/2016",
      "te" : "05\/06\/2016",
      "ta" : "05\/06\/2016"
    },
    "lyric_styles" : [
      {
        "name" : {
          "en" : "Contemporary",
          "hi" : "Contemporary",
          "te" : "Contemporary",
          "ta" : "சமகால நடை"
        }
      }
    ],
    "best_time_to_listen" : [
      {
        "name" : {
          "en" : "Evening",
          "hi" : "Evening",
          "te" : "Evening",
          "ta" : "மாலை"
        }
      },
      {
        "name" : {
          "en" : "Noon",
          "hi" : "Noon",
          "te" : "Noon",
          "ta" : "நண்பகல்"
        }
      }
    ],
    "duration" : 3.55,
    "raagams" : [
      {
        "name" : {
          "en" : "Blues in Amajor",
          "hi" : "Blues in Amajor",
          "te" : "Blues in Amajor",
          "ta" : "ப்ளூஸ் இன் அமேஜர்"
        }
      }
    ],
    "instruments" : [
      {
        "name" : {
          "en" : "Keys",
          "hi" : "Keys",
          "te" : "Keys",
          "ta" : "கீஸ்"
        }
      },
      {
        "name" : {
          "en" : "Guitars",
          "hi" : "Guitars",
          "te" : "Guitars",
          "ta" : "கிட்டார்ஸ்"
        }
      },
      {
        "name" : {
          "en" : "Bass",
          "hi" : "Bass",
          "te" : "Bass",
          "ta" : "பேஸ்"
        }
      },
      {
        "name" : {
          "en" : "Drums",
          "hi" : "Drums",
          "te" : "Drums",
          "ta" : "டிரம்ஸ்"
        }
      },
      {
        "name" : {
          "en" : "Percussion",
          "hi" : "Percussion",
          "te" : "Percussion",
          "ta" : "தாள வாத்திய கருவிகள்"
        }
      }
    ]
  }
}