{
  "title" : {
    "en" : "Kirukka",
    "hi" : "Kirukka",
    "te" : "Kirukka",
    "ta" : "கிறுக்கா"
  },
  "credits" : {
    "mixers" : [
      {
        "name" : {
          "en" : "Shadab(Mumbai)",
          "hi" : "Shadab(Mumbai)",
          "te" : "Shadab(Mumbai)",
          "ta" : "ஷதாப் (மும்பை)"
        }
      }
    ],
    "masters" : [
      {
        "name" : {
          "en" : "Shadab(Mumbai)",
          "hi" : "Shadab(Mumbai)",
          "te" : "Shadab(Mumbai)",
          "ta" : "ஷதாப் (மும்பை)"
        }
      }
    ],
    "composers" : [
      {
        "name" : {
          "en" : "C. Sathya",
          "hi" : "C. Sathya",
          "te" : "C. Sathya",
          "ta" : "C. சத்யா"
        }
      }
    ],
    "chorus" : [
      {
        "name" : {
          "en" : "Sudarshan",
          "hi" : "Sudarshan",
          "te" : "Sudarshan",
          "ta" : "சுதர்ஷன்"
        }
      },
      {
        "name" : {
          "en" : "Abishek Iyer",
          "hi" : "Abishek Iyer",
          "te" : "Abishek Iyer",
          "ta" : "அபிஷேக் ஐயர்"
        }
      },
      {
        "name" : {
          "en" : "M.Krishnaraj",
          "hi" : "M.Krishnaraj",
          "te" : "M.Krishnaraj",
          "ta" : "M.கிருஷ்ணராஜ்"
        }
      },
      {
        "name" : {
          "en" : "Arun",
          "hi" : "Arun",
          "te" : "Arun",
          "ta" : "அருண்"
        }
      },
      {
        "name" : {
          "en" : "Poornima",
          "hi" : "Poornima",
          "te" : "Poornima",
          "ta" : "பூர்ணிமா"
        }
      },
      {
        "name" : {
          "en" : "Vaishnavi Kannan",
          "hi" : "Vaishnavi Kannan",
          "te" : "Vaishnavi Kannan",
          "ta" : "வைஷ்ணவி கண்ணன்"
        }
      },
      {
        "name" : {
          "en" : "Haritha",
          "hi" : "Haritha",
          "te" : "Haritha",
          "ta" : "ஹரிதா"
        }
      },
      {
        "name" : {
          "en" : "Lakshmi",
          "hi" : "Lakshmi",
          "te" : "Lakshmi",
          "ta" : "லக்ஷ்மி"
        }
      },
      {
        "name" : {
          "en" : "Yogi",
          "hi" : "Yogi",
          "te" : "Yogi",
          "ta" : "யோகி"
        }
      }
    ],
    "lyricists" : [
      {
        "name" : {
          "en" : "SARATHY",
          "hi" : "SARATHY",
          "te" : "SARATHY",
          "ta" : "சாரதி"
        }
      }
    ],
    "singers" : [
      {
        "name" : {
          "en" : "Gowry Lekshmi",
          "hi" : "Gowry Lekshmi",
          "te" : "Gowry Lekshmi",
          "ta" : "கௌரி லக்ஷ்மி"
        }
      },
      {
        "name" : {
          "en" : "B'MAC",
          "hi" : "B'MAC",
          "te" : "B'MAC",
          "ta" : "பி'மேக்"
        }
      }
    ],
    "arrangers" : [
      {
        "name" : {
          "en" : "C. Sathya",
          "hi" : "C. Sathya",
          "te" : "C. Sathya",
          "ta" : "C. சத்யா"
        }
      }
    ],
    "producers" : [
      {
        "name" : {
          "en" : "Abirami Ramanathan",
          "hi" : "Abirami Ramanathan",
          "te" : "Abirami Ramanathan",
          "ta" : "அபிராமி ராமநாதன்"
        }
      }
    ],
    "lyric_video_senior_editor" : [
      {
        "name" : {
          "en" : "Shyam Sundar Murugesan",
          "hi" : "Shyam Sundar Murugesan",
          "te" : "Shyam Sundar Murugesan",
          "ta" : "ஷியாம் சுந்தர் முருகேசன்"
        }
      }
    ],
    "recorded_studios" : [
      {
        "name" : {
          "en" : "S'Studio",
          "hi" : "S'Studio",
          "te" : "S'Studio",
          "ta" : "S'ஸ்டுடியோ"
        }
      }
    ],
    "translator" : [
      {
        "name" : {
          "en" : "Jayashree Ramanujam",
          "hi" : "Jayashree Ramanujam",
          "te" : "Jayashree Ramanujam",
          "ta" : "ஜெயஸ்ரீ இராமானுஜம் "
        }
      }
    ],
    "programmer_music_production" : [
      {
        "name" : {
          "en" : "C.Sathya and Rahul Sathu(Canada)",
          "hi" : "C.Sathya and Rahul Sathu(Canada)",
          "te" : "C.Sathya and Rahul Sathu(Canada)",
          "ta" : "C.சத்யா & ராகுல்  சாது (கனடா)"
        }
      }
    ],
    "sound_engineers" : [
      {
        "name" : {
          "en" : "C. Sathya",
          "hi" : "C. Sathya",
          "te" : "C. Sathya",
          "ta" : "C. சத்யா"
        }
      }
    ],
    "lyric_video_editor" : [
      {
        "name" : {
          "en" : "Mithran.B",
          "hi" : "Mithran.B",
          "te" : "Mithran.B",
          "ta" : "மித்திரன்.B "
        }
      }
    ]
  },
  "active" : true,
  "published_on" : "2016-04-22T12:30:00.000Z",
  "description" : {
    "en" : "Kirukka is a tribute to all those women whose love began from a deep hatred towards their man. It tells the story of a girl whose perception of the guy goes from loathing to loving in a day’s time. “I thought you were mad, Wonder what changed in me now, I smile at the very thought of you!” It’s for that cat on a wall in you.",
    "hi" : "Kirukka is a tribute to all those women whose love began from a deep hatred towards their man. It tells the story of a girl whose perception of the guy goes from loathing to loving in a day’s time. “I thought you were mad, Wonder what changed in me now, I smile at the very thought of you!” It’s for that cat on a wall in you.",
    "te" : "Kirukka is a tribute to all those women whose love began from a deep hatred towards their man. It tells the story of a girl whose perception of the guy goes from loathing to loving in a day’s time. “I thought you were mad, Wonder what changed in me now, I smile at the very thought of you!” It’s for that cat on a wall in you.",
    "ta" : "ஒரு பெண் ஓர் ஆணை ஆழமாக வெறுக்கிறாள், ஆனால் ஒரே நாளில், அதுவொரு காதலாக மலர்கிறது. அந்த இனிய கதையைச் சொல்லும் பாடல் இது. 'நீ என்மேல கோவமா இருக்கேன்னு நினைச்சேன், இப்போ அப்படி என்கிட்ட என்ன மாறிடுச்சு? உன்னை நினைச்சாலே எனக்குப் புன்னகைக்கத்தோணுது!' உங்களுக்குள் இருக்கும் 'மதில்மேல் பூனை'க்கான பாடல் இது."
  },
  "poster" : "https:\/\/d1ua79hvv369a0.cloudfront.net\/reflection\/poster\/poster_kirukkaa.jpg",
  "album" : {
    "title" : {
      "en" : "Unnodu ka",
      "hi" : "Unnodu ka",
      "te" : "Unnodu ka",
      "ta" : "Unnodu ka"
    },
    "id" : "2"
  },
  "musics" : [
    {
      "players" : [
        {
          "name" : {
            "en" : "Telfie",
            "hi" : "Telfie",
            "te" : "Telfie",
            "ta" : "டெல்பி"
          }
        }
      ],
      "instrument" : {
        "name" : {
          "name" : {
            "en" : "Guitars",
            "hi" : "Guitars",
            "te" : "Guitars",
            "ta" : "கிட்டார்ஸ்"
          }
        }
      }
    },
    {
      "players" : [
        {
          "name" : {
            "en" : "Mani",
            "hi" : "Mani",
            "te" : "Mani",
            "ta" : "மணி"
          }
        }
      ],
      "instrument" : {
        "name" : {
          "name" : {
            "en" : "Bass",
            "hi" : "Bass",
            "te" : "Bass",
            "ta" : "பேஸ்"
          }
        }
      }
    }
  ],
  "critics" : [
    {
      "review" : {
        "instrument" : {
          "comment" : {
            "en" : "Punchy R&B style music that goes great with the tune.",
            "hi" : "Punchy R&B style music that goes great with the tune.",
            "te" : "Punchy R&B style music that goes great with the tune.",
            "ta" : "Punchy R&B style music that goes great with the tune."
          },
          "score" : 8
        },
        "overall" : {
          "comment" : {
            "en" : "A Tamil girl’s expression of love after studying in Queen Mary’s!",
            "hi" : "A Tamil girl’s expression of love after studying in Queen Mary’s!",
            "te" : "A Tamil girl’s expression of love after studying in Queen Mary’s!",
            "ta" : "A Tamil girl’s expression of love after studying in Queen Mary’s!"
          },
          "score" : 9
        },
        "vocal" : {
          "comment" : {
            "en" : "Particularly good Tamil diction by the lead female vocalist, besides fantastic Western style singing.",
            "hi" : "Particularly good Tamil diction by the lead female vocalist, besides fantastic Western style singing.",
            "te" : "Particularly good Tamil diction by the lead female vocalist, besides fantastic Western style singing.",
            "ta" : "A tune meant for an English R&B tune, but with Tamil and occasional English lyrics."
          },
          "score" : 11
        },
        "tune" : {
          "comment" : {
            "en" : "A tune meant for an English R&B tune, but with Tamil and occasional English lyrics.",
            "hi" : "A tune meant for an English R&B tune, but with Tamil and occasional English lyrics.",
            "te" : "A tune meant for an English R&B tune, but with Tamil and occasional English lyrics.",
            "ta" : "A tune meant for an English R&B tune, but with Tamil and occasional English lyrics."
          },
          "score" : 8
        },
        "lyric" : {
          "comment" : {
            "en" : "Expresses the woman’s perspective of being in love in a light-hearted, classy Tamil package.",
            "hi" : "Expresses the woman’s perspective of being in love in a light-hearted, classy Tamil package.",
            "te" : "Expresses the woman’s perspective of being in love in a light-hearted, classy Tamil package.",
            "ta" : "Expresses the woman’s perspective of being in love in a light-hearted, classy Tamil package."
          },
          "score" : 9
        }
      },
      "author" : {
        "name" : "Karthik",
        "image" : "https:\/\/d1ua79hvv369a0.cloudfront.net\/reflection\/critic\/critic-karthik.png"
      },
      "rating" : 9
    },
    {
      "review" : {
        "instrument" : {
          "comment" : {
            "en" : "The coolness of piano and mellowed bass work paves the way for a soothing solo.",
            "hi" : "The coolness of piano and mellowed bass work paves the way for a soothing solo.",
            "te" : "The coolness of piano and mellowed bass work paves the way for a soothing solo.",
            "ta" : "The coolness of piano and mellowed bass work paves the way for a soothing solo."
          },
          "score" : 11
        },
        "overall" : {
          "comment" : {
            "en" : "Tamil Contemporary Pop!",
            "hi" : "Tamil Contemporary Pop!",
            "te" : "Tamil Contemporary Pop!",
            "ta" : "Tamil Contemporary Pop!"
          },
          "score" : 11.25
        },
        "vocal" : {
          "comment" : {
            "en" : "Vocalist does a commendable job in delivering a stylish number for Tamil.",
            "hi" : "Vocalist does a commendable job in delivering a stylish number for Tamil.",
            "te" : "Vocalist does a commendable job in delivering a stylish number for Tamil.",
            "ta" : "A typical feel good ballad tune which reminds the listener of English pop compostions."
          },
          "score" : 12
        },
        "tune" : {
          "comment" : {
            "en" : "A typical feel good ballad tune which reminds the listener of English pop compostions.",
            "hi" : "A typical feel good ballad tune which reminds the listener of English pop compostions.",
            "te" : "A typical feel good ballad tune which reminds the listener of English pop compostions.",
            "ta" : "A typical feel good ballad tune which reminds the listener of English pop compostions."
          },
          "score" : 11
        },
        "lyric" : {
          "comment" : {
            "en" : "Lyrics have the much needed thump as well as classicism.",
            "hi" : "Lyrics have the much needed thump as well as classicism.",
            "te" : "Lyrics have the much needed thump as well as classicism.",
            "ta" : "Lyrics have the much needed thump as well as classicism."
          },
          "score" : 11
        }
      },
      "author" : {
        "name" : "Durga",
        "image" : "https:\/\/d1ua79hvv369a0.cloudfront.net\/reflection\/critic\/critic-durga.png"
      },
      "rating" : 11.25
    }
  ],
  "type" : {
    "slug" : "film-music",
    "name" : "Film Music"
  },
  "lyrics" : [
    {
      "data" : "As ‘crazy’,<br>I addressed you<br>Very proudly,<br>I quarrelled with you<br><br>I thought you<br>were like tiny tots<br>Hey hardy! I fought<br>with you hard<br><br>If you came in front of me,<br>I picked up stones immediately...<br> <br>If you walked by my doorstep,<br>I sprinkled water...<br> <br>What I changed for<br>why I'm transforming anew<br>Like breeze proceeding towards the shore,<br>I kept moving towards you..<br> <br>As ‘crazy’,<br>I addressed you<br>Very proudly,<br>I quarrelled with you<br> <br>Somehow at heart<br>for you,<br>There's no more beautiful commentary..<br> <br>I'm only not being <br>myself today<br>There's a seed budding out..<br><br>Everyday I adamantly<br>argued with you<br>Like red hot radiation, I <br>outpoured on you<br><br>What I changed for<br>why I'm transforming anew<br>As everything changed in a day,<br>I dissolved in you<br> <br>Hey crazy,<br>I addressed you<br>Very proudly,<br>I quarrelled with you<br><br>When I <br>just think of you,<br>I'm laughing boorishly <br><br>Around me,<br>I realized your<br>lines of palm spreading...<br><br>I lived with clarity only<br>yesterday<br>I fell into the mildly blowing<br>breeze of love….<br> <br>What I changed for<br>why I'm transforming anew<br>Like we talk during the time of hiccup,<br>I articulated<br>",
      "language" : {
        "name" : "English",
        "code" : "en"
      }
    },
    {
      "data" : "கிறுக்கா என்று தான்<br>உன்னை அழைத்தேன்<br>செறுக்காய் உன்னிடம்<br>வம்பு வளர்த்தேன்<br><br>பொடியா என்றுதான்<br>உன்னை நினைதேன்<br>தடியா உன்னிடம் <br>சண்டை பிடித்தேன்<br><br>நீ என் எதிரே வந்தால் <br>உடனே கல்லை எடுத்தேனே...<br><br>வாசல் வழியே நீ தான் நடந்தால்<br>தண்ணீர் தெளித்தேனே...<br><br>எதனாலே மாறினேனோ <br>புதிதாக ஆகிறேனோ <br>கரையேரும் காற்றைப் போல<br>உன்னை நோக்கி நகர்ந்தேன்..<br><br>கிறுக்கா என்று தான்<br>உன்னை அழைத்தேன்<br>செறுக்காய் உன்னிடம்<br>வம்பு வளர்த்தேன்<br><br>ஏனோ நெஞ்சில்<br>உன்மேல் இல்லை<br>அழகிய மதிப்புரை...<br><br>நானே இன்று<br>நானாய் இல்லை<br>முளைக்குதே ஒருவிதை...<br><br>அடமாய்தானே நாளும்<br>வாதம் செய்தேன்<br>அனலாய் தானே நானும்<br>உன்மேல் பெய்தேன்<br><br>எதனாலே மாறினேனோ<br>புதிதாக ஆகிறேனோ<br>ஒரு நாளில் யாவும் மாறிப் போக<br>உன்னுள் கரைந்தேன்<br><br>கிறுக்கா என்று தான்<br>உன்னை அழைத்தேன்<br>செறுக்காய் உன்னிடம்<br>வம்பு வளர்த்தேன்<br><br>உன்னைப் பற்றி<br>யோசித்தாலே<br>வெடுக்கென சிரிக்கிறேன்<br><br>என்னைச் சுற்றி<br>உந்தன் ரேகை<br>படர்வதை உணர்கிறேன்...<br><br>தெளிவாய்தானே நானும்<br>நேற்று வாழ்ந்தேன்<br>மெதுவாய் வீசும் காதல்<br>காற்றில் வீழ்ந்தேன்....<br><br>எதனாலே மாறினேனோ<br>புதிதாக ஆகிறேனோ<br>புரையேறிப் போகும் நேரம் போல<br>நானும் உரைத்தேன் ",
      "language" : {
        "name" : "Tamil",
        "code" : "ta"
      }
    }
  ],
  "id" : "27",
  "phonetic_lyrics" : [
    {
      "data" : "kiRukkaa endRu thaan<br>unnai azhaithaen<br>seRukkaay unnidam<br>vampu vaLarthaen<br><br>podiyaa endRudhaan<br>unnai ninaidhaen<br>thadiyaa unnidam<br>saNdai pidithaen<br><br>nee en edhirae vandhdhaal<br>udanae kallai eduthaenae...<br><br>vaasal vazhiyae nee thaan nadandhdhaal<br>thaNNeer theLithaenae...<br><br>edhanaalae maaRinaenoa<br>pudhidhaaga aagiRaenoa<br>karaiyaerum kaatRaip poala<br>unnai noakki nagarndhdhaen..<br><br>kiRukkaa endRu thaan<br>unnai azhaithaen<br>seRukkaay unnidam<br>vampu vaLarthaen<br><br>aenoa nenjjil<br>unmael illai<br>azhagiya madhippurai...<br><br>naanae indRu<br>naanaay illai<br>muLaikkudhae oruvidhai...<br><br>adamaaydhaanae naaLum<br>vaadham seydhaen<br>analaay thaanae naanum<br>unmael peydhaen<br><br>edhanaalae maaRinaenoa<br>pudhidhaaga aagiRaenoa<br>oru naaLil yaavum maaRip poaga<br>unnuL karaindhdhaen<br><br>kiRukkaa endRu thaan<br>unnai azhaithaen<br>seRukkaay unnidam<br>vampu vaLarthaen<br><br>unnaip patRi<br>yoasithaalae<br>vedukkena sirikkiRaen<br><br>ennai chutRi<br>undhdhan raegai<br>padarvadhai uNarkiRaen...<br><br>theLivaaydhaanae naanum<br>naetRu vaazhndhdhaen<br>medhuvaay veesum kaadhal<br>kaatRil veezhndhdhaen....<br><br>edhanaalae maaRinaenoa<br>pudhidhaaga aagiRaenoa<br>puraiyaeRip poagum naeram poala<br>naanum uraithaen",
      "language" : {
        "name" : "English",
        "code" : "en"
      }
    },
    {
      "data" : "கிறுக்கா என்று தான்<br>உன்னை அழைத்தேன்<br>செறுக்காய் உன்னிடம்<br>வம்பு வளர்த்தேன்<br><br>பொடியா என்றுதான்<br>உன்னை நினைதேன்<br>தடியா உன்னிடம் <br>சண்டை பிடித்தேன்<br><br>நீ என் எதிரே வந்தால் <br>உடனே கல்லை எடுத்தேனே...<br><br>வாசல் வழியே நீ தான் நடந்தால்<br>தண்ணீர் தெளித்தேனே...<br><br>எதனாலே மாறினேனோ <br>புதிதாக ஆகிறேனோ <br>கரையேரும் காற்றைப் போல<br>உன்னை நோக்கி நகர்ந்தேன்..<br><br>கிறுக்கா என்று தான்<br>உன்னை அழைத்தேன்<br>செறுக்காய் உன்னிடம்<br>வம்பு வளர்த்தேன்<br><br>ஏனோ நெஞ்சில்<br>உன்மேல் இல்லை<br>அழகிய மதிப்புரை...<br><br>நானே இன்று<br>நானாய் இல்லை<br>முளைக்குதே ஒருவிதை...<br><br>அடமாய்தானே நாளும்<br>வாதம் செய்தேன்<br>அனலாய் தானே நானும்<br>உன்மேல் பெய்தேன்<br><br>எதனாலே மாறினேனோ<br>புதிதாக ஆகிறேனோ<br>ஒரு நாளில் யாவும் மாறிப் போக<br>உன்னுள் கரைந்தேன்<br><br>கிறுக்கா என்று தான்<br>உன்னை அழைத்தேன்<br>செறுக்காய் உன்னிடம்<br>வம்பு வளர்த்தேன்<br><br>உன்னைப் பற்றி<br>யோசித்தாலே<br>வெடுக்கென சிரிக்கிறேன்<br><br>என்னைச் சுற்றி<br>உந்தன் ரேகை<br>படர்வதை உணர்கிறேன்...<br><br>தெளிவாய்தானே நானும்<br>நேற்று வாழ்ந்தேன்<br>மெதுவாய் வீசும் காதல்<br>காற்றில் வீழ்ந்தேன்....<br><br>எதனாலே மாறினேனோ<br>புதிதாக ஆகிறேனோ<br>புரையேறிப் போகும் நேரம் போல<br>நானும் உரைத்தேன் ",
      "language" : {
        "name" : "Tamil",
        "code" : "ta"
      }
    },
    {
      "data" : "किड़ुकका एनडड़ु तान <br>उननै अलैतेन <br>सेड़ुक्काय उन्निडम <br>वमपु वळर्तेन <br> <br>पोडिया एन्ड्ड़ुदान <br>उननै निनैधेन <br>तडिया उन्निडम <br>संडै पिडितेन <br> <br>नी एन एदिरे वन्द दाल <br>उडने कललै एडुतेने... <br> <br>वासल वलिये नी तान नडन्द दाल <br>तंणीर तेऴितेने... <br> <br>एदनाले म्आरिनेनो <br>पुदिदाग आगिड़ेनो <br>करैयेरुम काटड़ैप पोल <br>उननै नोककि नगर्न्द धेन.. <br> <br>किड़ुकका एनडड़ु तान <br>उननै अलैतेन <br>सेड़ुक्काय उन्निडम <br>वमपु वळर्तेन <br> <br>एनो नेञजिल <br>उन्म्एल इललै <br>अलगिय म्अदिप्पुरै... <br> <br>नाने इनडड़ु <br>नानाय इललै <br>म्उळैक्कुधे ओरुविधै... <br> <br>अडम्आय्दाने नाळुम <br>वादम सेयधेन <br>अनलाय ताने नानुम <br>उन्म्एल पेयधेन <br> <br>एदनाले म्आरिनेनो <br>पुदिदाग आगिड़ेनो <br>ओरु नाऴिल यावुम म्आरिप पोग <br>उननुल करैन्द धेन <br> <br>किड़ुकका एनडड़ु तान <br>उननै अलैतेन <br>सेड़ुक्काय उन्निडम <br>वमपु वळर्तेन <br> <br>उननैप पटरि <br>योसिताले <br>वेडुक्केन सिरिक्किड़ेन <br> <br>एननै चुटरि <br>उन्द दन रेगै <br>पडर्वधै उंअर्किड़ेन... <br> <br>तेऴिवाय्दाने नानुम <br>नेटड़ु वाल्न्द धेन <br>म्एदुवाय वीसुम कादल <br>काटरिल वील्न्द धेन.... <br> <br>एदनाले म्आरिनेनो <br>पुदिदाग आगिड़ेनो <br>पुरैयेरिप पोगुम नेरम पोल <br>नानुम उरैतेन ",
      "language" : {
        "name" : "Hindi",
        "code" : "hi"
      }
    },
    {
      "data" : "ఎకిఱుక్కా ఎన్ద్ఱు థాన్ <br>ఉన్నై అలైథేన్ <br>సెఱుక్కాయ్ ఉన్నిదమ్ <br>వమ్పు వళర్థేన్ <br> <br>పొదియా ఎన్ద్ఱుధాన్ <br>ఉన్నై నినైధేన్ <br>థదియా ఉన్నిదమ్ <br>సందై పిదిథేన్ <br> <br>నె ఎన్ ఎధిరే వన్ధ్ధాల్ <br>ఉదనే కల్లై ఎదుథేనే... <br> <br>వాసల్ వలియే నె థాన్ నదన్ధ్ధాల్ <br>థంణీర్ థెళిథేనే... <br> <br>ఎధనాలే మ్యాఱినేనో <br>పుధిధాగ ఆగిఱేనో <br>కరైయేరుమ్ కాత్ఱైప్ పోల <br>ఉన్నై నోక్కి నగర్న్ధ్ధేన్.. <br> <br>కిఱుక్కా ఎన్ద్ఱు థాన్ <br>ఉన్నై అలైథేన్ <br>సెఱుక్కాయ్ ఉన్నిదమ్ <br>వమ్పు వళర్థేన్ <br> <br>ఏనో నెఞ్జిల్ <br>ఉన్మ్యేల్ ఇల్లై <br>అలగియ మ్యధిప్పురై... <br> <br>నానే ఇన్ద్ఱు <br>నానాయ్ ఇల్లై <br>మ్యుళైక్కుధే ఒరువిధై... <br> <br>అదమ్యాయ్ధానే నాళుమ్ <br>వాధమ్ సెయ్ధేన్ <br>అనలాయ్ థానే నానుమ్ <br>ఉన్మ్యేల్ పెయ్ధేన్ <br> <br>ఎధనాలే మ్యాఱినేనో <br>పుధిధాగ ఆగిఱేనో <br>ఒరు నాళిల్ యావుమ్ మ్యాఱిప్ పోగ <br>ఉన్నుళ్ కరైన్ధ్ధేన్ <br> <br>కిఱుక్కా ఎన్ద్ఱు థాన్ <br>ఉన్నై అలైథేన్ <br>సెఱుక్కాయ్ ఉన్నిదమ్ <br>వమ్పు వళర్థేన్ <br> <br>ఉన్నైప్ పత్ఱి <br>యోసిథాలే <br>వెదుక్కెన సిరిక్కిఱేన్ <br> <br>ఎన్నై ఛుత్ఱి <br>ఉన్ధ్ధన్ రేగై <br>పదర్వధై ఉంయర్కిఱేన్... <br> <br>థెళివాయ్ధానే నానుమ్ <br>నేత్ఱు వాల్న్ధ్ధేన్ <br>మ్యెధువాయ్ వీసుమ్ కాధల్ <br>కాత్ఱిల్ వీల్న్ధ్ధేన్.... <br> <br>ఎధనాలే మ్యాఱినేనో <br>పుధిధాగ ఆగిఱేనో <br>పురైయేఱిప్ పోగుమ్ నేరమ్ పోల <br>నానుమ్ ఉరైథేన్ ",
      "language" : {
        "name" : "Telugu",
        "code" : "te"
      }
    },
    {
      "data" : "കിറുക്കാ എന്ദ്റു ഥാന് <br>ഉന്നൈ അഴൈഥേന് <br>സെറുക്കായ് ഉന്നിദമ് <br>വമ്പു വളര്ഥേന് <br> <br>പൊദിയാ എന്ദ്റുധാന് <br>ഉന്നൈ നിനൈധേന് <br>ഥദിയാ ഉന്നിദമ് <br>സംദൈ പിദിഥേന് <br> <br>നീ എന് എധിരേ വന്ധ്ധാല് <br>ഉദനേ കല്ലൈ എദുഥേനേ... <br> <br>വാസല് വഴിയേ നീ ഥാന് നദന്ധ്ധാല് <br>ഥംണീര് ഥെളിഥേനേ... <br> <br>എധനാലേ മ്യാറിനേനോ <br>പുധിധാഗ ആഗിറേനോ <br>കരൈയേരുമ് കാത്റൈപ് പോല <br>ഉന്നൈ നോക്കി നഗര്ന്ധ്ധേന്.. <br> <br>കിറുക്കാ എന്ദ്റു ഥാന് <br>ഉന്നൈ അഴൈഥേന് <br>സെറുക്കായ് ഉന്നിദമ് <br>വമ്പു വളര്ഥേന് <br> <br>ഏനോ നെഞ്ജില് <br>ഉന്മ്യേല് ഇല്ലൈ <br>അഴഗിയ മ്യധിപ്പുരൈ... <br> <br>നാനേ ഇന്ദ്റു <br>നാനായ് ഇല്ലൈ <br>മ്യുളൈക്കുധേ ഒരുവിധൈ... <br> <br>അദമ്യായ്ധാനേ നാളുമ് <br>വാധമ് സെയ്ധേന് <br>അനലായ് ഥാനേ നാനുമ് <br>ഉന്മ്യേല് പെയ്ധേന് <br> <br>എധനാലേ മ്യാറിനേനോ <br>പുധിധാഗ ആഗിറേനോ <br>ഒരു നാളില് യാവുമ് മ്യാറിപ് പോഗ <br>ഉന്നുള് കരൈന്ധ്ധേന് <br> <br>കിറുക്കാ എന്ദ്റു ഥാന് <br>ഉന്നൈ അഴൈഥേന് <br>സെറുക്കായ് ഉന്നിദമ് <br>വമ്പു വളര്ഥേന് <br> <br>ഉന്നൈപ് പത്റി <br>യോസിഥാലേ <br>വെദുക്കെന സിരിക്കിറേന് <br> <br>എന്നൈ ചുത്റി <br>ഉന്ധ്ധന് രേഗൈ <br>പദര്വധൈ ഉംയര്കിറേന്... <br> <br>ഥെളിവായ്ധാനേ നാനുമ് <br>നേത്റു വാഴ്ന്ധ്ധേന് <br>മ്യെധുവായ് വീസുമ് കാധല് <br>കാത്റില് വീഴ്ന്ധ്ധേന്.... <br> <br>എധനാലേ മ്യാറിനേനോ <br>പുധിധാഗ ആഗിറേനോ <br>പുരൈയേറിപ് പോഗുമ് നേരമ് പോല <br>നാനുമ് ഉരൈഥേന് ",
      "language" : {
        "name" : "Malayalam",
        "code" : "ml"
      }
    },
    {
      "data" : "ಕಿರುಕ್ಕಾ ಎನ್ದ್ರು ಥಾನ್ <br>ಉನ್ನೈ ಅಲೈಥೇನ್ <br>ಸೆರುಕ್ಕಾಯ್ ಉನ್ನಿದಮ್ <br>ವಮ್ಪು ವಳರ್ಥೇನ್ <br> <br>ಪೊದಿಯಾ ಎನ್ದ್ರುಧಾನ್ <br>ಉನ್ನೈ ನಿನೈಧೇನ್ <br>ಥದಿಯಾ ಉನ್ನಿದಮ್ <br>ಸಂದೈ ಪಿದಿಥೇನ್ <br> <br>ನೀ ಎನ್ ಎಧಿರೇ ವನ್ಧ್ಧಾಲ್ <br>ಉದನೇ ಕಲ್ಲೈ ಎದುಥೇನೇ... <br> <br>ವಾಸಲ್ ವಲಿಯೇ ನೀ ಥಾನ್ ನದನ್ಧ್ಧಾಲ್ <br>ಥಂಣೀರ್ ಥೆಳಿಥೇನೇ... <br> <br>ಎಧನಾಲೇ ಮ್ಯಾರಿನೇನೋ <br>ಪುಧಿಧಾಗ ಆಗಿರೇನೋ <br>ಕರೈಯೇರುಮ್ ಕಾತ್ರೈಪ್ ಪೋಲ <br>ಉನ್ನೈ ನೋಕ್ಕಿ ನಗರ್ನ್ಧ್ಧೇನ್.. <br> <br>ಕಿರುಕ್ಕಾ ಎನ್ದ್ರು ಥಾನ್ <br>ಉನ್ನೈ ಅಲೈಥೇನ್ <br>ಸೆರುಕ್ಕಾಯ್ ಉನ್ನಿದಮ್ <br>ವಮ್ಪು ವಳರ್ಥೇನ್ <br> <br>ಏನೋ ನೆಞ್ಜಿಲ್ <br>ಉನ್ಮ್ಯೇಲ್ ಇಲ್ಲೈ <br>ಅಲಗಿಯ ಮ್ಯಧಿಪ್ಪುರೈ... <br> <br>ನಾನೇ ಇನ್ದ್ರು <br>ನಾನಾಯ್ ಇಲ್ಲೈ <br>ಮ್ಯುಳೈಕ್ಕುಧೇ ಒರುವಿಧೈ... <br> <br>ಅದಮ್ಯಾಯ್ಧಾನೇ ನಾಳುಮ್ <br>ವಾಧಮ್ ಸೆಯ್ಧೇನ್ <br>ಅನಲಾಯ್ ಥಾನೇ ನಾನುಮ್ <br>ಉನ್ಮ್ಯೇಲ್ ಪೆಯ್ಧೇನ್ <br> <br>ಎಧನಾಲೇ ಮ್ಯಾರಿನೇನೋ <br>ಪುಧಿಧಾಗ ಆಗಿರೇನೋ <br>ಒರು ನಾಳಿಲ್ ಯಾವುಮ್ ಮ್ಯಾರಿಪ್ ಪೋಗ <br>ಉನ್ನುಳ್ ಕರೈನ್ಧ್ಧೇನ್ <br> <br>ಕಿರುಕ್ಕಾ ಎನ್ದ್ರು ಥಾನ್ <br>ಉನ್ನೈ ಅಲೈಥೇನ್ <br>ಸೆರುಕ್ಕಾಯ್ ಉನ್ನಿದಮ್ <br>ವಮ್ಪು ವಳರ್ಥೇನ್ <br> <br>ಉನ್ನೈಪ್ ಪತ್ರಿ <br>ಯೋಸಿಥಾಲೇ <br>ವೆದುಕ್ಕೆನ ಸಿರಿಕ್ಕಿರೇನ್ <br> <br>ಎನ್ನೈ ಚುತ್ರಿ <br>ಉನ್ಧ್ಧನ್ ರೇಗೈ <br>ಪದರ್ವಧೈ ಉಂಯರ್ಕಿರೇನ್... <br> <br>ಥೆಳಿವಾಯ್ಧಾನೇ ನಾನುಮ್ <br>ನೇತ್ರು ವಾಲ್ನ್ಧ್ಧೇನ್ <br>ಮ್ಯೆಧುವಾಯ್ ವೀಸುಮ್ ಕಾಧಲ್ <br>ಕಾತ್ರಿಲ್ ವೀಲ್ನ್ಧ್ಧೇನ್.... <br> <br>ಎಧನಾಲೇ ಮ್ಯಾರಿನೇನೋ <br>ಪುಧಿಧಾಗ ಆಗಿರೇನೋ <br>ಪುರೈಯೇರಿಪ್ ಪೋಗುಮ್ ನೇರಮ್ ಪೋಲ <br>ನಾನುಮ್ ಉರೈಥೇನ್ ",
      "language" : {
        "name" : "Kanadam",
        "code" : "ka"
      }
    },
    {
      "data" : "কিড়ুক্কা এন্দ্ড়ু থান্ <br>উন্নৈ অলৈথেন্ <br>সেড়ুক্কায্ উন্নিদম্ <br>ৱম্পু ৱলর্থেন্ <br> <br>পোদিযা এন্দ্ড়ুধান্ <br>উন্নৈ নিনৈধেন্ <br>থদিযা উন্নিদম্ <br>সঁদৈ পিদিথেন্ <br> <br>নী এন্ এধিরে ৱন্ধ্ধাল্ <br>উদনে কল্লৈ এদুথেনে... <br> <br>ৱাসল্ ৱলিযে নী থান্ নদন্ধ্ধাল্ <br>থঁণীর্ থেলিথেনে... <br> <br>এধনালে ম্যাড়িনেনো <br>পুধিধাগ আগিড়েনো <br>করৈযেরুম্ কাত্ড়ৈপ্ পোল <br>উন্নৈ নোক্কি নগর্ন্ধ্ধেন্.. <br> <br>কিড়ুক্কা এন্দ্ড়ু থান্ <br>উন্নৈ অলৈথেন্ <br>সেড়ুক্কায্ উন্নিদম্ <br>ৱম্পু ৱলর্থেন্ <br> <br>এনো নেঞ্জিল্ <br>উন্ম্যেল্ ইল্লৈ <br>অলগিয ম্যধিপ্পুরৈ... <br> <br>নানে ইন্দ্ড়ু <br>নানায্ ইল্লৈ <br>ম্যুলৈক্কুধে ওরুৱিধৈ... <br> <br>অদম্যায্ধানে নালুম্ <br>ৱাধম্ সেয্ধেন্ <br>অনলায্ থানে নানুম্ <br>উন্ম্যেল্ পেয্ধেন্ <br> <br>এধনালে ম্যাড়িনেনো <br>পুধিধাগ আগিড়েনো <br>ওরু নালিল্ যাৱুম্ ম্যাড়িপ্ পোগ <br>উন্নুল্ করৈন্ধ্ধেন্ <br> <br>কিড়ুক্কা এন্দ্ড়ু থান্ <br>উন্নৈ অলৈথেন্ <br>সেড়ুক্কায্ উন্নিদম্ <br>ৱম্পু ৱলর্থেন্ <br> <br>উন্নৈপ্ পত্ড়ি <br>যোসিথালে <br>ৱেদুক্কেন সিরিক্কিড়েন্ <br> <br>এন্নৈ চুত্ড়ি <br>উন্ধ্ধন্ রেগৈ <br>পদর্ৱধৈ উঁযর্কিড়েন্... <br> <br>থেলিৱায্ধানে নানুম্ <br>নেত্ড়ু ৱাল্ন্ধ্ধেন্ <br>ম্যেধুৱায্ ৱীসুম্ কাধল্ <br>কাত্ড়িল্ ৱীল্ন্ধ্ধেন্.... <br> <br>এধনালে ম্যাড়িনেনো <br>পুধিধাগ আগিড়েনো <br>পুরৈযেড়িপ্ পোগুম্ নেরম্ পোল <br>নানুম্ উরৈথেন্ ",
      "language" : {
        "name" : "Bengali",
        "code" : "be"
      }
    },
    {
      "data" : "કિરુક્કા એન્દ્રુ થાન્ <br>ઉન્નૈ અલૈથૅન્ <br>સેરુક્કાય્ ઉન્નિદમ્ <br>વમ્પુ વળર્થૅન્ <br> <br>પોદિયા એન્દ્રુધાન્ <br>ઉન્નૈ ણિનૈધૅન્ <br>થદિયા ઉન્નિદમ્ <br>સંદૈ પિદિથૅન્ <br> <br>ણી એન્ એધિરૅ વન્ધ્ધાલ્ <br>ઉદનૅ કલ્લૈ એદુથૅનૅ... <br> <br>વાસલ્ વલિયૅ ણી થાન્ ણદન્ધ્ધાલ્ <br>થંણીર્ થેળિથૅનૅ... <br> <br>એધનાલૅ મ્યારિનૅનૉ <br>પુધિધાગ આગિરૅનૉ <br>કરૈયૅરુમ્ કાત્રૈપ્ પૉલ <br>ઉન્નૈ ણૉક્કિ ણગર્ન્ધ્ધૅન્.. <br> <br>કિરુક્કા એન્દ્રુ થાન્ <br>ઉન્નૈ અલૈથૅન્ <br>સેરુક્કાય્ ઉન્નિદમ્ <br>વમ્પુ વળર્થૅન્ <br> <br>ઍનૉ ણેઞ્જિલ્ <br>ઉન્મ્યૅલ્ ઇલ્લૈ <br>અલગિય મ્યધિપ્પુરૈ... <br> <br>ણાનૅ ઇન્દ્રુ <br>ણાનાય્ ઇલ્લૈ <br>મ્યુળૈક્કુધૅ ઓરુવિધૈ... <br> <br>અદમ્યાય્ધાનૅ ણાળુમ્ <br>વાધમ્ સેય્ધૅન્ <br>અનલાય્ થાનૅ ણાનુમ્ <br>ઉન્મ્યૅલ્ પેય્ધૅન્ <br> <br>એધનાલૅ મ્યારિનૅનૉ <br>પુધિધાગ આગિરૅનૉ <br>ઓરુ ણાળિલ્ યાવુમ્ મ્યારિપ્ પૉગ <br>ઉન્નુળ્ કરૈન્ધ્ધૅન્ <br> <br>કિરુક્કા એન્દ્રુ થાન્ <br>ઉન્નૈ અલૈથૅન્ <br>સેરુક્કાય્ ઉન્નિદમ્ <br>વમ્પુ વળર્થૅન્ <br> <br>ઉન્નૈપ્ પત્રિ <br>યૉસિથાલૅ <br>વેદુક્કેન સિરિક્કિરૅન્ <br> <br>એન્નૈ ચુત્રિ <br>ઉન્ધ્ધન્ રૅગૈ <br>પદર્વધૈ ઉંયર્કિરૅન્... <br> <br>થેળિવાય્ધાનૅ ણાનુમ્ <br>ણૅત્રુ વાલ્ન્ધ્ધૅન્ <br>મ્યેધુવાય્ વીસુમ્ કાધલ્ <br>કાત્રિલ્ વીલ્ન્ધ્ધૅન્.... <br> <br>એધનાલૅ મ્યારિનૅનૉ <br>પુધિધાગ આગિરૅનૉ <br>પુરૈયૅરિપ્ પૉગુમ્ ણૅરમ્ પૉલ <br>ણાનુમ્ ઉરૈથૅન્",
      "language" : {
        "name" : "Gujarathi",
        "code" : "gu"
      }
    },
    {
      "data" : "किड़ुकका एनडड़ु तान <br>उननै अलैतेन <br>सेड़ुक्काय उन्निडम <br>वमपु वळर्तेन <br> <br>पोडिया एन्ड्ड़ुदान <br>उननै निनैधेन <br>तडिया उन्निडम <br>संडै पिडितेन <br> <br>नी एन एदिरे वन्द दाल <br>उडने कललै एडुतेने... <br> <br>वासल वलिये नी तान नडन्द दाल <br>तंणीर तेऴितेने... <br> <br>एदनाले म्आरिनेनो <br>पुदिदाग आगिड़ेनो <br>करैयेरुम काटड़ैप पोल <br>उननै नोककि नगर्न्द धेन.. <br> <br>किड़ुकका एनडड़ु तान <br>उननै अलैतेन <br>सेड़ुक्काय उन्निडम <br>वमपु वळर्तेन <br> <br>एनो नेञजिल <br>उन्म्एल इललै <br>अलगिय म्अदिप्पुरै... <br> <br>नाने इनडड़ु <br>नानाय इललै <br>म्उळैक्कुधे ओरुविधै... <br> <br>अडम्आय्दाने नाळुम <br>वादम सेयधेन <br>अनलाय ताने नानुम <br>उन्म्एल पेयधेन <br> <br>एदनाले म्आरिनेनो <br>पुदिदाग आगिड़ेनो <br>ओरु नाऴिल यावुम म्आरिप पोग <br>उननुल करैन्द धेन <br> <br>किड़ुकका एनडड़ु तान <br>उननै अलैतेन <br>सेड़ुक्काय उन्निडम <br>वमपु वळर्तेन <br> <br>उननैप पटरि <br>योसिताले <br>वेडुक्केन सिरिक्किड़ेन <br> <br>एननै चुटरि <br>उन्द दन रेगै <br>पडर्वधै उंअर्किड़ेन... <br> <br>तेऴिवाय्दाने नानुम <br>नेटड़ु वाल्न्द धेन <br>म्एदुवाय वीसुम कादल <br>काटरिल वील्न्द धेन.... <br> <br>एदनाले म्आरिनेनो <br>पुदिदाग आगिड़ेनो <br>पुरैयेरिप पोगुम नेरम पोल <br>नानुम उरैतेन",
      "language" : {
        "name" : "Marathi",
        "code" : "mr"
      }
    },
    {
      "data" : "କିଡ଼ୁକ୍କା ଏନ୍ଦ୍ଡ଼ୁ ଥାନ୍ <br>ଉନ୍ନୈ ଅଳୈଥେନ୍ <br>ସେଡ଼ୁକ୍କାଯ୍ ଉନ୍ନିଦମ୍ <br>ୱମ୍ପୁ ୱଲର୍ଥେନ୍ <br> <br>ପୋଦିଯା ଏନ୍ଦ୍ଡ଼ୁଧାନ୍ <br>ଉନ୍ନୈ ନିନୈଧେନ୍ <br>ଥଦିଯା ଉନ୍ନିଦମ୍ <br>ସଂଦୈ ପିଦିଥେନ୍ <br> <br>ନୀ ଏନ୍ ଏଧିରେ ୱନ୍ଧ୍ଧାଳ୍ <br>ଉଦନେ କଳ୍ଳୈ ଏଦୁଥେନେ... <br> <br>ୱାସଳ୍ ୱଳିଯେ ନୀ ଥାନ୍ ନଦନ୍ଧ୍ଧାଳ୍ <br>ଥଂଣୀର୍ ଥେଲିଥେନେ... <br> <br>ଏଧନାଳେ ମ୍ଯାଡ଼ିନେନୋ <br>ପୁଧିଧାଗ ଆଗିଡ଼େନୋ <br>କରୈଯେରୁମ୍ କାତ୍ଡ଼ୈପ୍ ପୋଳ <br>ଉନ୍ନୈ ନୋକ୍କି ନଗର୍ନ୍ଧ୍ଧେନ୍.. <br> <br>କିଡ଼ୁକ୍କା ଏନ୍ଦ୍ଡ଼ୁ ଥାନ୍ <br>ଉନ୍ନୈ ଅଳୈଥେନ୍ <br>ସେଡ଼ୁକ୍କାଯ୍ ଉନ୍ନିଦମ୍ <br>ୱମ୍ପୁ ୱଲର୍ଥେନ୍ <br> <br>ଏନୋ ନେଞ୍ଜିଳ୍ <br>ଉନ୍ମ୍ଯେଳ୍ ଇଳ୍ଳୈ <br>ଅଳଗିଯ ମ୍ଯଧିପ୍ପୁରୈ... <br> <br>ନାନେ ଇନ୍ଦ୍ଡ଼ୁ <br>ନାନାଯ୍ ଇଳ୍ଳୈ <br>ମ୍ଯୁଲୈକ୍କୁଧେ ଓରୁୱିଧୈ... <br> <br>ଅଦମ୍ଯାଯ୍ଧାନେ ନାଲୁମ୍ <br>ୱାଧମ୍ ସେଯ୍ଧେନ୍ <br>ଅନଳାଯ୍ ଥାନେ ନାନୁମ୍ <br>ଉନ୍ମ୍ଯେଳ୍ ପେଯ୍ଧେନ୍ <br> <br>ଏଧନାଳେ ମ୍ଯାଡ଼ିନେନୋ <br>ପୁଧିଧାଗ ଆଗିଡ଼େନୋ <br>ଓରୁ ନାଲିଳ୍ ଯାୱୁମ୍ ମ୍ଯାଡ଼ିପ୍ ପୋଗ <br>ଉନ୍ନୁଲ୍ କରୈନ୍ଧ୍ଧେନ୍ <br> <br>କିଡ଼ୁକ୍କା ଏନ୍ଦ୍ଡ଼ୁ ଥାନ୍ <br>ଉନ୍ନୈ ଅଳୈଥେନ୍ <br>ସେଡ଼ୁକ୍କାଯ୍ ଉନ୍ନିଦମ୍ <br>ୱମ୍ପୁ ୱଲର୍ଥେନ୍ <br> <br>ଉନ୍ନୈପ୍ ପତ୍ଡ଼ି <br>ଯୋସିଥାଳେ <br>ୱେଦୁକ୍କେନ ସିରିକ୍କିଡ଼େନ୍ <br> <br>ଏନ୍ନୈ ଚୁତ୍ଡ଼ି <br>ଉନ୍ଧ୍ଧନ୍ ରେଗୈ <br>ପଦର୍ୱଧୈ ଉଂଯର୍କିଡ଼େନ୍... <br> <br>ଥେଲିୱାଯ୍ଧାନେ ନାନୁମ୍ <br>ନେତ୍ଡ଼ୁ ୱାଳ୍ନ୍ଧ୍ଧେନ୍ <br>ମ୍ଯେଧୁୱାଯ୍ ୱୀସୁମ୍ କାଧଳ୍ <br>କାତ୍ଡ଼ିଳ୍ ୱୀଳ୍ନ୍ଧ୍ଧେନ୍.... <br> <br>ଏଧନାଳେ ମ୍ଯାଡ଼ିନେନୋ <br>ପୁଧିଧାଗ ଆଗିଡ଼େନୋ <br>ପୁରୈଯେଡ଼ିପ୍ ପୋଗୁମ୍ ନେରମ୍ ପୋଳ <br>ନାନୁମ୍ ଉରୈଥେନ୍ ",
      "language" : {
        "name" : "Oriya",
        "code" : "or"
      }
    },
    {
      "data" : "किड़ुकका एनडड़ु तान <br>उननै अलैतेन <br>सेड़ुक्काय उन्निडम <br>वमपु वळर्तेन <br> <br>पोडिया एन्ड्ड़ुदान <br>उननै निनैधेन <br>तडिया उन्निडम <br>संडै पिडितेन <br> <br>नी एन एदिरे वन्द दाल <br>उडने कललै एडुतेने... <br> <br>वासल वलिये नी तान नडन्द दाल <br>तंणीर तेऴितेने... <br> <br>एदनाले म्आरिनेनो <br>पुदिदाग आगिड़ेनो <br>करैयेरुम काटड़ैप पोल <br>उननै नोककि नगर्न्द धेन.. <br> <br>किड़ुकका एनडड़ु तान <br>उननै अलैतेन <br>सेड़ुक्काय उन्निडम <br>वमपु वळर्तेन <br> <br>एनो नेञजिल <br>उन्म्एल इललै <br>अलगिय म्अदिप्पुरै... <br> <br>नाने इनडड़ु <br>नानाय इललै <br>म्उळैक्कुधे ओरुविधै... <br> <br>अडम्आय्दाने नाळुम <br>वादम सेयधेन <br>अनलाय ताने नानुम <br>उन्म्एल पेयधेन <br> <br>एदनाले म्आरिनेनो <br>पुदिदाग आगिड़ेनो <br>ओरु नाऴिल यावुम म्आरिप पोग <br>उननुल करैन्द धेन <br> <br>किड़ुकका एनडड़ु तान <br>उननै अलैतेन <br>सेड़ुक्काय उन्निडम <br>वमपु वळर्तेन <br> <br>उननैप पटरि <br>योसिताले <br>वेडुक्केन सिरिक्किड़ेन <br> <br>एननै चुटरि <br>उन्द दन रेगै <br>पडर्वधै उंअर्किड़ेन... <br> <br>तेऴिवाय्दाने नानुम <br>नेटड़ु वाल्न्द धेन <br>म्एदुवाय वीसुम कादल <br>काटरिल वील्न्द धेन.... <br> <br>एदनाले म्आरिनेनो <br>पुदिदाग आगिड़ेनो <br>पुरैयेरिप पोगुम नेरम पोल <br>नानुम उरैतेन",
      "language" : {
        "name" : "konkani",
        "code" : "ko"
      }
    }
  ],
  "mood" : {
    "slug" : "happy",
    "name" : "Happy"
  },
  "thumbnail" : "https:\/\/d1ua79hvv369a0.cloudfront.net\/reflection\/thumbnail\/thumbnail_kirukkaa.jpg",
  "language" : {
    "name" : "Tamil",
    "code" : "ta"
  },
  "slug" : "kirukka",
  "info" : {
    "lyric_genres" : [
      {
        "name" : {
          "en" : "Romance",
          "hi" : "Romance",
          "te" : "Romance",
          "ta" : "காதல்"
        }
      }
    ],
    "thaalams" : [
      {
        "name" : {
          "en" : "2x4",
          "hi" : "2x4",
          "te" : "2x4",
          "ta" : "2x4"
        }
      }
    ],
    "lyric_languages" : [
      {
        "name" : {
          "en" : "Tamil",
          "hi" : "Tamil",
          "te" : "Tamil",
          "ta" : "தமிழ்"
        }
      }
    ],
    "lyric_moods" : [
      {
        "name" : {
          "en" : "Happy",
          "hi" : "Happy",
          "te" : "Happy",
          "ta" : "மகிழ்ச்சி "
        }
      }
    ],
    "music_genres" : [
      {
        "name" : {
          "en" : "Ballad",
          "hi" : "Ballad",
          "te" : "Ballad",
          "ta" : "பேலட்"
        }
      },
      {
        "name" : {
          "en" : "Contemporary",
          "hi" : "Contemporary",
          "te" : "Contemporary",
          "ta" : "கண்டெம்பரரி"
        }
      }
    ],
    "best_seasons_to_listen" : [
      {
        "name" : {
          "en" : "Spring",
          "hi" : "Spring",
          "te" : "Spring",
          "ta" : "வசந்த காலம்"
        }
      },
      {
        "name" : {
          "en" : "Summer",
          "hi" : "Summer",
          "te" : "Summer",
          "ta" : "கோடை காலம்"
        }
      }
    ],
    "launch_date" : {
      "en" : "22\/04\/2016",
      "hi" : "22\/04\/2016",
      "te" : "22\/04\/2016",
      "ta" : "22\/04\/2016"
    },
    "lyric_styles" : [
      {
        "name" : {
          "en" : "Traditional",
          "hi" : "Traditional",
          "te" : "Traditional",
          "ta" : "செம்மொழி நடை"
        }
      }
    ],
    "best_time_to_listen" : [
      {
        "name" : {
          "en" : "Night",
          "hi" : "Night",
          "te" : "Night",
          "ta" : "இரவு"
        }
      },
      {
        "name" : {
          "en" : "Party",
          "hi" : "Party",
          "te" : "Party",
          "ta" : "விருந்து"
        }
      },
      {
        "name" : {
          "en" : "Evening",
          "hi" : "Evening",
          "te" : "Evening",
          "ta" : "மாலை"
        }
      }
    ],
    "duration" : 4.22,
    "raagams" : [
      {
        "name" : {
          "en" : "Based on Shankarabaranam",
          "hi" : "Based on Shankarabaranam",
          "te" : "Based on Shankarabaranam",
          "ta" : "பேஸ்டு ஆன் சங்கராபரணம்"
        }
      }
    ],
    "instruments" : [
      {
        "name" : {
          "en" : "Guitars",
          "hi" : "Guitars",
          "te" : "Guitars",
          "ta" : "கிட்டார்ஸ் "
        }
      },
      {
        "name" : {
          "en" : "Bass",
          "hi" : "Bass",
          "te" : "Bass",
          "ta" : "பேஸ் "
        }
      }
    ]
  }
}