{
  "title" : {
    "en" : "Vande maataram",
    "hi" : "Vande maataram",
    "te" : "Vande maataram",
    "ta" : "வந்தே மாதரம்"
  },
  "info" : {
    "lyric_languages" : [
      {
        "name" : {
          "en" : "தமிழ்",
          "hi" : "தமிழ்",
          "te" : "தமிழ்",
          "ta" : "தமிழ்"
        }
      }
    ],
    "instruments" : [
      {
        "name" : {
          "en" : "Violin",
          "hi" : "Violin",
          "te" : "Violin",
          "ta" : "வயலின்"
        }
      },
      {
        "name" : {
          "en" : "Mirdangam",
          "hi" : "Mirdangam",
          "te" : "Mirdangam",
          "ta" : "மிருதங்கம் "
        }
      },
      {
        "name" : {
          "en" : "Tambura",
          "hi" : "Tambura",
          "te" : "Tambura",
          "ta" : "தம்பூரா "
        }
      }
    ],
    "lyric_moods" : [
      {
        "name" : {
          "en" : "Happy",
          "hi" : "Happy",
          "te" : "Happy",
          "ta" : "மகிழ்ச்சி"
        }
      }
    ],
    "lyric_genres" : [
      {
        "name" : {
          "en" : "Patriotic",
          "hi" : "Patriotic",
          "te" : "Patriotic",
          "ta" : "தேசப்பற்று"
        }
      }
    ],
    "music_genres" : [
      {
        "name" : {
          "en" : "Carnatic",
          "hi" : "Carnatic",
          "te" : "Carnatic",
          "ta" : "கார்னாடிக்"
        }
      }
    ],
    "launch_date" : {
      "en" : "18\/04\/2016",
      "hi" : "18\/04\/2016",
      "te" : "18\/04\/2016",
      "ta" : "18\/04\/2016"
    },
    "duration" : 8.5,
    "lyric_styles" : [
      {
        "name" : {
          "en" : "Traditional",
          "hi" : "Traditional",
          "te" : "Traditional",
          "ta" : "பாரம்பரிய"
        }
      }
    ]
  },
  "active" : true,
  "credits" : {
    "producers" : [
      {
        "name" : {
          "en" : "Srikanth",
          "hi" : "Srikanth",
          "te" : "Srikanth",
          "ta" : "ஸ்ரீகாந்த் "
        }
      }
    ],
    "composers" : [
      {
        "name" : {
          "en" : "Andrea Jeremiah",
          "hi" : "Andrea Jeremiah",
          "te" : "Andrea Jeremiah",
          "ta" : "Andrea Jeremiah"
        }
      }
    ],
    "colorist" : [
      {
        "name" : {
          "en" : "A. Venkatakrishna ",
          "hi" : "A. Venkatakrishna ",
          "te" : "A. Venkatakrishna ",
          "ta" : "A. வெங்கடகிருஷ்ணா"
        }
      }
    ],
    "director_of_cinematography" : [
      {
        "name" : {
          "en" : "பி.சி.ஸ்ரீராம்",
          "hi" : "பி.சி.ஸ்ரீராம்",
          "te" : "பி.சி.ஸ்ரீராம்",
          "ta" : "பி.சி.ஸ்ரீராம்"
        }
      }
    ],
    "lyricists" : [
      {
        "name" : {
          "en" : "Bharathiyar  ",
          "hi" : "Bharathiyar  ",
          "te" : "Bharathiyar  ",
          "ta" : "பாரதியார்  "
        }
      }
    ],
    "singers" : [
      {
        "name" : {
          "en" : "TM Krishna and Bombay Jayashri",
          "hi" : "TM Krishna and Bombay Jayashri",
          "te" : "TM Krishna and Bombay Jayashri",
          "ta" : "TM கிருஷ்ணா, பாம்பே ஜெயஷ்ரி"
        }
      }
    ],
    "editing" : [
      {
        "name" : {
          "en" : "Satissh Kurosowa",
          "hi" : "Satissh Kurosowa",
          "te" : "Satissh Kurosowa",
          "ta" : "சதீஸ் குரோசோவா"
        }
      }
    ],
    "director" : [
      {
        "name" : {
          "en" : "Jayendraயா",
          "hi" : "Jayendraயா",
          "te" : "Jayendraயா",
          "ta" : "ஜெயேந்திரா"
        }
      }
    ],
    "audiography" : [
      {
        "name" : {
          "en" : "H.Sridhar",
          "hi" : "H.Sridhar",
          "te" : "H.Sridhar",
          "ta" : "H.ஸ்ரீதர்"
        }
      }
    ]
  },
  "published_on" : "2016-04-18T12:30:00.000Z",
  "description" : {
    "en" : "Patriotism and Carnatic Music is a combination that cannot go wrong. This Carnatic rendition of Vande Mataram lifts your soul and your spirit at once. Bring out the patriot in you.",
    "hi" : "Patriotism and Carnatic Music is a combination that cannot go wrong. This Carnatic rendition of Vande Mataram lifts your soul and your spirit at once. Bring out the patriot in you.",
    "te" : "Patriotism and Carnatic Music is a combination that cannot go wrong. This Carnatic rendition of Vande Mataram lifts your soul and your spirit at once. Bring out the patriot in you.",
    "ta" : "தேசப்பற்றும் கர்நாடக இசையும் இணையும் போது மனதைத் தட்டியெழுப்ப வேறென்ன வேண்டும்? உங்களுக்குள் இருக்கும் தேசப்பற்றாளரை இப்பாடல் வெளிக்கொணரும்."
  },
  "poster" : "https:\/\/d1ua79hvv369a0.cloudfront.net\/reflection\/poster\/020_Margali_cover.jpg",
  "album" : {
    "title" : {
      "en" : "Maargazhi Raagam",
      "hi" : "Maargazhi Raagam",
      "te" : "Maargazhi Raagam",
      "ta" : "மார்கழி ராகம்"
    },
    "id" : "7"
  },
  "musics" : [
    {
      "players" : [
        {
          "name" : {
            "en" : "Embar S Kannan",
            "hi" : "Embar S Kannan",
            "te" : "Embar S Kannan",
            "ta" : "எம்பர் S கண்ணன் "
          }
        }
      ],
      "instrument" : {
        "name" : {
          "name" : {
            "en" : "Violin",
            "hi" : "Violin",
            "te" : "Violin",
            "ta" : "வயலின் "
          }
        }
      }
    },
    {
      "players" : [
        {
          "name" : {
            "en" : "Patri Satish Kumar",
            "hi" : "Patri Satish Kumar",
            "te" : "Patri Satish Kumar",
            "ta" : "பற்றி சதீஷ் குமார் "
          }
        }
      ],
      "instrument" : {
        "name" : {
          "name" : {
            "en" : "Mirdangam",
            "hi" : "Mirdangam",
            "te" : "Mirdangam",
            "ta" : "மிருதங்கம் "
          }
        }
      }
    },
    {
      "players" : [
        {
          "name" : {
            "en" : "Chaitrra Prasanna and Keerthana V Nath",
            "hi" : "Chaitrra Prasanna and Keerthana V Nath",
            "te" : "Chaitrra Prasanna and Keerthana V Nath",
            "ta" : "சைத்ரா பிரசன்னா, கீர்த்தனா V நாத் "
          }
        }
      ],
      "instrument" : {
        "name" : {
          "name" : {
            "en" : "Tambura",
            "hi" : "Tambura",
            "te" : "Tambura",
            "ta" : "தம்பூரா "
          }
        }
      }
    }
  ],
  "critics" : [
    {
      "review" : {
        "instrument" : {
          "comment" : {
            "en" : "Minimal and aptly helps the tune come alive",
            "hi" : "Minimal and aptly helps the tune come alive",
            "te" : "Minimal and aptly helps the tune come alive",
            "ta" : "Minimal and aptly helps the tune come alive"
          },
          "score" : 9
        },
        "overall" : {
          "comment" : {
            "en" : "Very Indian, expressed in Tamil. Oddly enough, showcases how Tamil language has progressed!",
            "hi" : "Very Indian, expressed in Tamil. Oddly enough, showcases how Tamil language has progressed!",
            "te" : "Very Indian, expressed in Tamil. Oddly enough, showcases how Tamil language has progressed!",
            "ta" : "Very Indian, expressed in Tamil. Oddly enough, showcases how Tamil language has progressed!"
          },
          "score" : 11.75
        },
        "vocal" : {
          "comment" : {
            "en" : "Classical and very evocative. There is incredible maturity and nuance in the vocals.",
            "hi" : "Classical and very evocative. There is incredible maturity and nuance in the vocals.",
            "te" : "Classical and very evocative. There is incredible maturity and nuance in the vocals.",
            "ta" : "Familiar, rousing and Indian!"
          },
          "score" : 13
        },
        "tune" : {
          "comment" : {
            "en" : "Familiar, rousing and Indian!",
            "hi" : "Familiar, rousing and Indian!",
            "te" : "Familiar, rousing and Indian!",
            "ta" : "Familiar, rousing and Indian!"
          },
          "score" : 12
        },
        "lyric" : {
          "comment" : {
            "en" : "By Bharathiyar – aptly rouses feelings that are mostly latent these days. Verses are classical and hence quaint in current times!",
            "hi" : "By Bharathiyar – aptly rouses feelings that are mostly latent these days. Verses are classical and hence quaint in current times!",
            "te" : "By Bharathiyar – aptly rouses feelings that are mostly latent these days. Verses are classical and hence quaint in current times!",
            "ta" : "By Bharathiyar – aptly rouses feelings that are mostly latent these days. Verses are classical and hence quaint in current times!"
          },
          "score" : 13
        }
      },
      "author" : {
        "name" : "Karthik",
        "image" : "https:\/\/d1ua79hvv369a0.cloudfront.net\/reflection\/critic\/critic-karthik.png"
      },
      "rating" : 11.75
    },
    {
      "review" : {
        "instrument" : {
          "comment" : {
            "en" : "Straight forward and amazing arrangements with minimalistic approach..",
            "hi" : "Straight forward and amazing arrangements with minimalistic approach..",
            "te" : "Straight forward and amazing arrangements with minimalistic approach..",
            "ta" : "Straight forward and amazing arrangements with minimalistic approach.."
          },
          "score" : 14
        },
        "overall" : {
          "comment" : {
            "en" : "Trip to bygone Tamil patriotism!",
            "hi" : "Trip to bygone Tamil patriotism!",
            "te" : "Trip to bygone Tamil patriotism!",
            "ta" : "Trip to bygone Tamil patriotism!"
          },
          "score" : 14
        },
        "vocal" : {
          "comment" : {
            "en" : "Traditional lyric treated with masterful perfection and vigor.",
            "hi" : "Traditional lyric treated with masterful perfection and vigor.",
            "te" : "Traditional lyric treated with masterful perfection and vigor.",
            "ta" : "Appealing and relaxing tune which would go well at any time."
          },
          "score" : 14
        },
        "tune" : {
          "comment" : {
            "en" : "Appealing and relaxing tune which would go well at any time.",
            "hi" : "Appealing and relaxing tune which would go well at any time.",
            "te" : "Appealing and relaxing tune which would go well at any time.",
            "ta" : "Appealing and relaxing tune which would go well at any time."
          },
          "score" : 14
        },
        "lyric" : {
          "comment" : {
            "en" : "Instantly likeable vocals with perfect classicism",
            "hi" : "Instantly likeable vocals with perfect classicism",
            "te" : "Instantly likeable vocals with perfect classicism",
            "ta" : "Instantly likeable vocals with perfect classicism"
          },
          "score" : 14
        }
      },
      "author" : {
        "name" : "Durga",
        "image" : "https:\/\/d1ua79hvv369a0.cloudfront.net\/reflection\/critic\/critic-durga.png"
      },
      "rating" : 14
    }
  ],
  "type" : {
    "slug" : "independent-music",
    "name" : "Independent Music"
  },
  "lyrics" : [
    {
      "data" : "Praise the motherland! Victory!<br>Praise the motherland! <br><br>In the land of Aryans, <br>the  slogan chanted with vigour by women and men is Vandhe maataram<br><br>Praise the motherland! Victory!<br>Praise the motherland! <br><br>Even if we were pushed to depression, or if we were burnt to death,<br>The unified voice of all my country men is Vandhe maataram<br><br>Praise the motherland! Victory!<br>Praise the motherland! <br><br>Here after we stand united, we may be victorious or we may die fighting,<br>but without minding the pain we incessantly keep chanting<br>Vandhe maataram! <br><br>Praise the motherland! Victory!<br>Praise the motherland! <br>",
      "language" : {
        "name" : "English",
        "code" : "en"
      }
    },
    {
      "data" : "வந்தே-மாதரம்-ஜய<br>வந்தே மாதரம்<br><br>ஜயஜய பாரத ஜயஜய பாரத <br>ஜயஜய பாரத ஜயஜய ஜயஜய<br><br>வந்தே-மாதரம்- ஜயஜய <br>வந்தே மாதரம்<br><br>ஆரிய பூமியில் நாரிய ரும் நர<br>சூரிய ரும்சொலும் வீரிய வாசகம் <br><br>வந்தே-மாதரம்- ஜயஜய <br>வந்தே மாதரம்<br><br>நொந்தே போயினும் வெந்தே மாயினும் <br>நந்தே சத்தர்உ வந்தே சொல்வது<br><br>வந்தே-மாதரம்- ஜயஜய <br>வந்தே மாதரம்<br><br>ஒன்றாய் நின்றினி வென்றா யினுமுயிர் <br>சென்றா யினும்வலி குன்றா தோதுவம்<br><br>வந்தே-மாதரம்- ஜயஜய <br>வந்தே மாதரம்.",
      "language" : {
        "name" : "Tamil",
        "code" : "ta"
      }
    }
  ],
  "id" : "3",
  "phonetic_lyrics" : [
    {
      "data" : "vandhdhae-maadharam-Jaya<br>vandhdhae maadharam<br><br>JayaJaya paaradha JayaJaya paaradha<br>JayaJaya paaradha JayaJaya JayaJaya<br><br>vandhdhae-maadharam- JayaJaya<br>vandhdhae maadharam<br><br>aariya poomiyil naariya rum nara<br>sooriya rumsolum veeriya vaasagam<br><br>vandhdhae-maadharam- JayaJaya<br>vandhdhae maadharam<br><br>nondhdhae poayinum vendhdhae maayinum<br>nandhdhae satharu vandhdhae solvadhu<br><br>vandhdhae-maadharam- JayaJaya<br>vandhdhae maadharam<br><br>ondRaay nindRini vendRaa yinumuyir<br>sendRaa yinumvali kundRaa thoadhuvam<br><br>vandhdhae-maadharam- JayaJaya<br>vandhdhae maadharam.",
      "language" : {
        "name" : "English",
        "code" : "en"
      }
    },
    {
      "data" : "வந்தே-மாதரம்-ஜய<br>வந்தே மாதரம்<br><br>ஜயஜய பாரத ஜயஜய பாரத <br>ஜயஜய பாரத ஜயஜய ஜயஜய<br><br>வந்தே-மாதரம்- ஜயஜய <br>வந்தே மாதரம்<br><br>ஆரிய பூமியில் நாரிய ரும் நர<br>சூரிய ரும்சொலும் வீரிய வாசகம் <br><br>வந்தே-மாதரம்- ஜயஜய <br>வந்தே மாதரம்<br><br>நொந்தே போயினும் வெந்தே மாயினும் <br>நந்தே சத்தர்உ வந்தே சொல்வது<br><br>வந்தே-மாதரம்- ஜயஜய <br>வந்தே மாதரம்<br><br>ஒன்றாய் நின்றினி வென்றா யினுமுயிர் <br>சென்றா யினும்வலி குன்றா தோதுவம்<br><br>வந்தே-மாதரம்- ஜயஜய <br>வந்தே மாதரம்.",
      "language" : {
        "name" : "Tamil",
        "code" : "ta"
      }
    },
    {
      "data" : "वन्द धे-म्आदरम्-जय <br>वन्द धे म्आदरम <br> <br>जयजय पारद जयजय पारद <br>जयजय पारद जयजय जयजय <br> <br>वन्द धे-म्आदरम्- जयजय <br>वन्द धे म्आदरम <br> <br>आरिय पूम्ईइल नारिय रुम नर <br>सूरिय रुम्सोलुम वीरिय वासगम <br> <br>वन्द धे-म्आदरम्- जयजय <br>वन्द धे म्आदरम <br> <br>नोन्द धे पोयिनुम वेन्द धे म्आयिनुम <br>नन्द धे सतरु वन्द धे सोलवदु <br> <br>वन्द धे-म्आदरम्- जयजय <br>वन्द धे म्आदरम <br> <br>ओन्ड्ड़ाय निन्ड्रिनि वेनडड़ा यिनुम्उयिर <br>सेनडड़ा यिनुम्वलि कुनडड़ा तोदुवम <br> <br>वन्द धे-म्आदरम्- जयजय <br>वन्द धे म्आदरम. ",
      "language" : {
        "name" : "Hindi",
        "code" : "hi"
      }
    },
    {
      "data" : "వన్ధ్ధే-మ్యాధరమ్-జయ <br>వన్ధ్ధే మ్యాధరమ్ <br> <br>జయజయ పారధ జయజయ పారధ <br>జయజయ పారధ జయజయ జయజయ <br> <br>వన్ధ్ధే-మ్యాధరమ్- జయజయ <br>వన్ధ్ధే మ్యాధరమ్ <br> <br>ఆరియ పూమ్ఇయ్యిల్ నారియ రుమ్ నర <br>సూరియ రుమ్సొలుమ్ వీరియ వాసగమ్ <br> <br>వన్ధ్ధే-మ్యాధరమ్- జయజయ <br>వన్ధ్ధే మ్యాధరమ్ <br> <br>నొన్ధ్ధే పోయినుమ్ వెన్ధ్ధే మ్యాయినుమ్ <br>నన్ధ్ధే సథరు వన్ధ్ధే సొల్వధు <br> <br>వన్ధ్ధే-మ్యాధరమ్- జయజయ <br>వన్ధ్ధే మ్యాధరమ్ <br> <br>ఒన్ద్ఱాయ్ నిన్ద్ఱిని వెన్ద్ఱా యినుమ్యుయిర్ <br>సెన్ద్ఱా యినుమ్వలి కున్ద్ఱా థోధువమ్ <br> <br>వన్ధ్ధే-మ్యాధరమ్- జయజయ <br>వన్ధ్ధే మ్యాధరమ్. ",
      "language" : {
        "name" : "Telugu",
        "code" : "te"
      }
    },
    {
      "data" : "വന്ധ്ധേ-മ്യാധരമ്-ജയ <br>വന്ധ്ധേ മ്യാധരമ് <br> <br>ജയജയ പാരധ ജയജയ പാരധ <br>ജയജയ പാരധ ജയജയ ജയജയ <br> <br>വന്ധ്ധേ-മ്യാധരമ്- ജയജയ <br>വന്ധ്ധേ മ്യാധരമ് <br> <br>ആരിയ പൂമ്ഇയ്യില് നാരിയ രുമ് നര <br>സൂരിയ രുമ്സൊലുമ് വീരിയ വാസഗമ് <br> <br>വന്ധ്ധേ-മ്യാധരമ്- ജയജയ <br>വന്ധ്ധേ മ്യാധരമ് <br> <br>നൊന്ധ്ധേ പോയിനുമ് വെന്ധ്ധേ മ്യായിനുമ് <br>നന്ധ്ധേ സഥരു വന്ധ്ധേ സൊല്വധു <br> <br>വന്ധ്ധേ-മ്യാധരമ്- ജയജയ <br>വന്ധ്ധേ മ്യാധരമ് <br> <br>ഒന്ദ്റായ് നിന്ദ്റിനി വെന്ദ്റാ യിനുമ്യുയിര് <br>സെന്ദ്റാ യിനുമ്വലി കുന്ദ്റാ ഥോധുവമ് <br> <br>വന്ധ്ധേ-മ്യാധരമ്- ജയജയ <br>വന്ധ്ധേ മ്യാധരമ്. ",
      "language" : {
        "name" : "Malayalam",
        "code" : "ml"
      }
    },
    {
      "data" : "ವನ್ಧ್ಧೇ-ಮ್ಯಾಧರಮ್-ಜಯ <br>ವನ್ಧ್ಧೇ ಮ್ಯಾಧರಮ್ <br> <br>ಜಯಜಯ ಪಾರಧ ಜಯಜಯ ಪಾರಧ <br>ಜಯಜಯ ಪಾರಧ ಜಯಜಯ ಜಯಜಯ <br> <br>ವನ್ಧ್ಧೇ-ಮ್ಯಾಧರಮ್- ಜಯಜಯ <br>ವನ್ಧ್ಧೇ ಮ್ಯಾಧರಮ್ <br> <br>ಆರಿಯ ಪೂಮ್ಇಯ್ಯಿಲ್ ನಾರಿಯ ರುಮ್ ನರ <br>ಸೂರಿಯ ರುಮ್ಸೊಲುಮ್ ವೀರಿಯ ವಾಸಗಮ್ <br> <br>ವನ್ಧ್ಧೇ-ಮ್ಯಾಧರಮ್- ಜಯಜಯ <br>ವನ್ಧ್ಧೇ ಮ್ಯಾಧರಮ್ <br> <br>ನೊನ್ಧ್ಧೇ ಪೋಯಿನುಮ್ ವೆನ್ಧ್ಧೇ ಮ್ಯಾಯಿನುಮ್ <br>ನನ್ಧ್ಧೇ ಸಥರು ವನ್ಧ್ಧೇ ಸೊಲ್ವಧು <br> <br>ವನ್ಧ್ಧೇ-ಮ್ಯಾಧರಮ್- ಜಯಜಯ <br>ವನ್ಧ್ಧೇ ಮ್ಯಾಧರಮ್ <br> <br>ಒನ್ದ್ರಾಯ್ ನಿನ್ದ್ರಿನಿ ವೆನ್ದ್ರಾ ಯಿನುಮ್ಯುಯಿರ್ <br>ಸೆನ್ದ್ರಾ ಯಿನುಮ್ವಲಿ ಕುನ್ದ್ರಾ ಥೋಧುವಮ್ <br> <br>ವನ್ಧ್ಧೇ-ಮ್ಯಾಧರಮ್- ಜಯಜಯ <br>ವನ್ಧ್ಧೇ ಮ್ಯಾಧರಮ್. ",
      "language" : {
        "name" : "Kanadam",
        "code" : "ka"
      }
    },
    {
      "data" : "ৱন্ধ্ধে-ম্যাধরম্-জয <br>ৱন্ধ্ধে ম্যাধরম্ <br> <br>জযজয পারধ জযজয পারধ <br>জযজয পারধ জযজয জযজয <br> <br>ৱন্ধ্ধে-ম্যাধরম্- জযজয <br>ৱন্ধ্ধে ম্যাধরম্ <br> <br>আরিয পূম্ইয্যিল্ নারিয রুম্ নর <br>সূরিয রুম্সোলুম্ ৱীরিয ৱাসগম্ <br> <br>ৱন্ধ্ধে-ম্যাধরম্- জযজয <br>ৱন্ধ্ধে ম্যাধরম্ <br> <br>নোন্ধ্ধে পোযিনুম্ ৱেন্ধ্ধে ম্যাযিনুম্ <br>নন্ধ্ধে সথরু ৱন্ধ্ধে সোল্ৱধু <br> <br>ৱন্ধ্ধে-ম্যাধরম্- জযজয <br>ৱন্ধ্ধে ম্যাধরম্ <br> <br>ওন্দ্ড়ায্ নিন্দ্ড়িনি ৱেন্দ্ড়া যিনুম্যুযির্ <br>সেন্দ্ড়া যিনুম্ৱলি কুন্দ্ড়া থোধুৱম্ <br> <br>ৱন্ধ্ধে-ম্যাধরম্- জযজয <br>ৱন্ধ্ধে ম্যাধরম্. ",
      "language" : {
        "name" : "Bengali",
        "code" : "be"
      }
    },
    {
      "data" : "વન્ધ્ધૅ-મ્યાધરમ્-જય <br>વન્ધ્ધૅ મ્યાધરમ્ <br> <br>જયજય પારધ જયજય પારધ <br>જયજય પારધ જયજય જયજય <br> <br>વન્ધ્ધૅ-મ્યાધરમ્- જયજય <br>વન્ધ્ધૅ મ્યાધરમ્ <br> <br>આરિય પૂમ્ઇય્યિલ્ ણારિય રુમ્ ણર <br>સૂરિય રુમ્સોલુમ્ વીરિય વાસગમ્ <br> <br>વન્ધ્ધૅ-મ્યાધરમ્- જયજય <br>વન્ધ્ધૅ મ્યાધરમ્ <br> <br>ણોન્ધ્ધૅ પૉયિનુમ્ વેન્ધ્ધૅ મ્યાયિનુમ્ <br>ણન્ધ્ધૅ સથરુ વન્ધ્ધૅ સોલ્વધુ <br> <br>વન્ધ્ધૅ-મ્યાધરમ્- જયજય <br>વન્ધ્ધૅ મ્યાધરમ્ <br> <br>ઓન્દ્રાય્ ણિન્દ્રિનિ વેન્દ્રા યિનુમ્યુયિર્ <br>સેન્દ્રા યિનુમ્વલિ કુન્દ્રા થૉધુવમ્ <br> <br>વન્ધ્ધૅ-મ્યાધરમ્- જયજય <br>વન્ધ્ધૅ મ્યાધરમ્. ",
      "language" : {
        "name" : "Gujarathi",
        "code" : "gu"
      }
    },
    {
      "data" : "वन्द धे-म्आदरम्-जय <br>वन्द धे म्आदरम <br> <br>जयजय पारद जयजय पारद <br>जयजय पारद जयजय जयजय <br> <br>वन्द धे-म्आदरम्- जयजय <br>वन्द धे म्आदरम <br> <br>आरिय पूम्ईइल नारिय रुम नर <br>सूरिय रुम्सोलुम वीरिय वासगम <br> <br>वन्द धे-म्आदरम्- जयजय <br>वन्द धे म्आदरम <br> <br>नोन्द धे पोयिनुम वेन्द धे म्आयिनुम <br>नन्द धे सतरु वन्द धे सोलवदु <br> <br>वन्द धे-म्आदरम्- जयजय <br>वन्द धे म्आदरम <br> <br>ओन्ड्ड़ाय निन्ड्रिनि वेनडड़ा यिनुम्उयिर <br>सेनडड़ा यिनुम्वलि कुनडड़ा तोदुवम <br> <br>वन्द धे-म्आदरम्- जयजय <br>वन्द धे म्आदरम. ",
      "language" : {
        "name" : "Marathi",
        "code" : "mr"
      }
    },
    {
      "data" : "ୱନ୍ଧ୍ଧେ-ମ୍ଯାଧରମ୍-ଜଯ <br>ୱନ୍ଧ୍ଧେ ମ୍ଯାଧରମ୍ <br> <br>ଜଯଜଯ ପାରଧ ଜଯଜଯ ପାରଧ <br>ଜଯଜଯ ପାରଧ ଜଯଜଯ ଜଯଜଯ <br> <br>ୱନ୍ଧ୍ଧେ-ମ୍ଯାଧରମ୍- ଜଯଜଯ <br>ୱନ୍ଧ୍ଧେ ମ୍ଯାଧରମ୍ <br> <br>ଆରିଯ ପୂମ୍ଇଯ୍ଯିଳ୍ ନାରିଯ ରୁମ୍ ନର <br>ସୂରିଯ ରୁମ୍ସୋଳୁମ୍ ୱୀରିଯ ୱାସଗମ୍ <br> <br>ୱନ୍ଧ୍ଧେ-ମ୍ଯାଧରମ୍- ଜଯଜଯ <br>ୱନ୍ଧ୍ଧେ ମ୍ଯାଧରମ୍ <br> <br>ନୋନ୍ଧ୍ଧେ ପୋଯିନୁମ୍ ୱେନ୍ଧ୍ଧେ ମ୍ଯାଯିନୁମ୍ <br>ନନ୍ଧ୍ଧେ ସଥରୁ ୱନ୍ଧ୍ଧେ ସୋଳ୍ୱଧୁ <br> <br>ୱନ୍ଧ୍ଧେ-ମ୍ଯାଧରମ୍- ଜଯଜଯ <br>ୱନ୍ଧ୍ଧେ ମ୍ଯାଧରମ୍ <br> <br>ଓନ୍ଦ୍ଡ଼ାଯ୍ ନିନ୍ଦ୍ଡ଼ିନି ୱେନ୍ଦ୍ଡ଼ା ଯିନୁମ୍ଯୁଯିର୍ <br>ସେନ୍ଦ୍ଡ଼ା ଯିନୁମ୍ୱଳି କୁନ୍ଦ୍ଡ଼ା ଥୋଧୁୱମ୍ <br> <br>ୱନ୍ଧ୍ଧେ-ମ୍ଯାଧରମ୍- ଜଯଜଯ <br>ୱନ୍ଧ୍ଧେ ମ୍ଯାଧରମ୍.",
      "language" : {
        "name" : "Oriya",
        "code" : "or"
      }
    },
    {
      "data" : "वन्द धे-म्आदरम्-जय <br>वन्द धे म्आदरम <br> <br>जयजय पारद जयजय पारद <br>जयजय पारद जयजय जयजय <br> <br>वन्द धे-म्आदरम्- जयजय <br>वन्द धे म्आदरम <br> <br>आरिय पूम्ईइल नारिय रुम नर <br>सूरिय रुम्सोलुम वीरिय वासगम <br> <br>वन्द धे-म्आदरम्- जयजय <br>वन्द धे म्आदरम <br> <br>नोन्द धे पोयिनुम वेन्द धे म्आयिनुम <br>नन्द धे सतरु वन्द धे सोलवदु <br> <br>वन्द धे-म्आदरम्- जयजय <br>वन्द धे म्आदरम <br> <br>ओन्ड्ड़ाय निन्ड्रिनि वेनडड़ा यिनुम्उयिर <br>सेनडड़ा यिनुम्वलि कुनडड़ा तोदुवम <br> <br>वन्द धे-म्आदरम्- जयजय <br>वन्द धे म्आदरम. ",
      "language" : {
        "name" : "konkani",
        "code" : "ko"
      }
    }
  ],
  "mood" : {
    "slug" : "happy",
    "name" : "Happy"
  },
  "release_order_of_the_day" : 9,
  "language" : {
    "name" : "Tamil",
    "code" : "ta"
  },
  "slug" : "vande-maataram",
  "thumbnail" : "https:\/\/d1ua79hvv369a0.cloudfront.net\/reflection\/thumbnail\/020_margali_ragam_Song_thumb.jpg"
}