{
  "title" : {
    "en" : "Seethapathi",
    "hi" : "Seethapathi",
    "te" : "Seethapathi",
    "ta" : "சீதாபதி"
  },
  "credits" : {
    "producers" : [
      {
        "name" : {
          "en" : "Srikanth",
          "hi" : "Srikanth",
          "te" : "Srikanth",
          "ta" : "ஸ்ரீகாந்த் "
        }
      }
    ],
    "composers" : [
      {
        "name" : {
          "en" : "Thyagaraja",
          "hi" : "Thyagaraja",
          "te" : "Thyagaraja",
          "ta" : "தியாகராஜா"
        }
      }
    ],
    "colorist" : [
      {
        "name" : {
          "en" : "A. Venkatakrishna",
          "hi" : "A. Venkatakrishna",
          "te" : "A. Venkatakrishna",
          "ta" : "A. வெங்கடகிருஷ்ணா"
        }
      }
    ],
    "director_of_cinematography" : [
      {
        "name" : {
          "en" : "P C Sreeram",
          "hi" : "P C Sreeram",
          "te" : "P C Sreeram",
          "ta" : "பி.சி.ஸ்ரீராம்"
        }
      }
    ],
    "featuring" : [
      {
        "name" : {
          "en" : "T M Krishna",
          "hi" : "T M Krishna",
          "te" : "T M Krishna",
          "ta" : "டி.எம்.கிருஷ்ணன்"
        }
      }
    ],
    "singers" : [
      {
        "name" : {
          "en" : "T M Krishna",
          "hi" : "T M Krishna",
          "te" : "T M Krishna",
          "ta" : "டி.எம்.கிருஷ்ணன்"
        }
      }
    ],
    "editing" : [
      {
        "name" : {
          "en" : "Satissh Kurosowa",
          "hi" : "Satissh Kurosowa",
          "te" : "Satissh Kurosowa",
          "ta" : "சதீஸ் குரோசோவா"
        }
      }
    ],
    "director" : [
      {
        "name" : {
          "en" : "Jayendra",
          "hi" : "Jayendra",
          "te" : "Jayendra",
          "ta" : "ஜெயேந்திரா"
        }
      }
    ],
    "audiography" : [
      {
        "name" : {
          "en" : "H. Sridhar",
          "hi" : "H. Sridhar",
          "te" : "H. Sridhar",
          "ta" : "H.ஸ்ரீதர்"
        }
      }
    ]
  },
  "active" : true,
  "published_on" : "2016-04-25T12:30:00.000Z",
  "description" : {
    "en" : "Seethapathi",
    "hi" : "Seethapathi",
    "te" : "Seethapathi",
    "ta" : "சீதாபதி"
  },
  "poster" : "https:\/\/d1ua79hvv369a0.cloudfront.net\/reflection\/poster\/019_seethapathi.jpg",
  "album" : {
    "title" : {
      "en" : "Maargazhi Raagam",
      "hi" : "Maargazhi Raagam",
      "te" : "Maargazhi Raagam",
      "ta" : "மார்கழி ராகம்"
    },
    "id" : "7"
  },
  "musics" : [
    {
      "players" : [
        {
          "name" : {
            "en" : "R.K. Shriram Kumar",
            "hi" : "R.K. Shriram Kumar",
            "te" : "R.K. Shriram Kumar",
            "ta" : "அர்.கே.ஶ்ரீராம் குமார்"
          }
        }
      ],
      "instrument" : {
        "name" : {
          "name" : {
            "en" : "Violin",
            "hi" : "Violin",
            "te" : "Violin",
            "ta" : "வயலின்"
          }
        }
      }
    },
    {
      "players" : [
        {
          "name" : {
            "en" : "K. Arun Prakash",
            "hi" : "K. Arun Prakash",
            "te" : "K. Arun Prakash",
            "ta" : "கே.அருண் பிரகாஷ்"
          }
        }
      ],
      "instrument" : {
        "name" : {
          "name" : {
            "en" : "Mirdangam",
            "hi" : "Mirdangam",
            "te" : "Mirdangam",
            "ta" : "மிருதங்கம்"
          }
        }
      }
    },
    {
      "players" : [
        {
          "name" : {
            "en" : "B.S. Purushotham",
            "hi" : "B.S. Purushotham",
            "te" : "B.S. Purushotham",
            "ta" : "பி.எஸ்.புருஷோத்தமன்"
          }
        }
      ],
      "instrument" : {
        "name" : {
          "name" : {
            "en" : "Kanjira",
            "hi" : "Kanjira",
            "te" : "Kanjira",
            "ta" : "கன்ஜிரா"
          }
        }
      }
    },
    {
      "players" : [
        {
          "name" : {
            "en" : "Emmanuelle Martin and Rithvik Raja",
            "hi" : "Emmanuelle Martin and Rithvik Raja",
            "te" : "Emmanuelle Martin and Rithvik Raja",
            "ta" : "இமானுவேல் மார்டின் & ரித்விக் ராஜா"
          }
        }
      ],
      "instrument" : {
        "name" : {
          "name" : {
            "en" : "Tambura",
            "hi" : "Tambura",
            "te" : "Tambura",
            "ta" : "தம்புதரா"
          }
        }
      }
    }
  ],
  "critics" : [
    {
      "review" : {
        "instrument" : {
          "comment" : {
            "en" : "Aptly complementary.",
            "hi" : "Aptly complementary.",
            "te" : "Aptly complementary.",
            "ta" : "Aptly complementary."
          },
          "score" : 9
        },
        "overall" : {
          "comment" : {
            "en" : "For listeners less interested in carnatic music, the best way to appreciate this song is through film used using the same raga. Like Ilayaraja’s Villuppaattukkaaran song, Ponnil Vaanam. Or Yuvan Shankar Raja’s Aaha kaadhal from Moondru Per Moondru Kaadhal. Or, A R Rahman’s Uyirum neeye from Pavitra.",
            "hi" : "For listeners less interested in carnatic music, the best way to appreciate this song is through film used using the same raga. Like Ilayaraja’s Villuppaattukkaaran song, Ponnil Vaanam. Or Yuvan Shankar Raja’s Aaha kaadhal from Moondru Per Moondru Kaadhal. Or, A R Rahman’s Uyirum neeye from Pavitra.",
            "te" : "For listeners less interested in carnatic music, the best way to appreciate this song is through film used using the same raga. Like Ilayaraja’s Villuppaattukkaaran song, Ponnil Vaanam. Or Yuvan Shankar Raja’s Aaha kaadhal from Moondru Per Moondru Kaadhal. Or, A R Rahman’s Uyirum neeye from Pavitra.",
            "ta" : "For listeners less interested in carnatic music, the best way to appreciate this song is through film used using the same raga. Like Ilayaraja’s Villuppaattukkaaran song, Ponnil Vaanam. Or Yuvan Shankar Raja’s Aaha kaadhal from Moondru Per Moondru Kaadhal. Or, A R Rahman’s Uyirum neeye from Pavitra."
          },
          "score" : 10.75
        },
        "vocal" : {
          "comment" : {
            "en" : "Seasoned and brilliantly rendered, complete with total immersion that comes across in the mid singing expressions.",
            "hi" : "Seasoned and brilliantly rendered, complete with total immersion that comes across in the mid singing expressions.",
            "te" : "Seasoned and brilliantly rendered, complete with total immersion that comes across in the mid singing expressions.",
            "ta" : "Familiar, evergreen and very likeable raga, this Khamas. It is used with absolute authenticity in this Thyagaraja composition."
          },
          "score" : 13
        },
        "tune" : {
          "comment" : {
            "en" : "Familiar, evergreen and very likeable raga, this Khamas. It is used with absolute authenticity in this Thyagaraja composition.",
            "hi" : "Familiar, evergreen and very likeable raga, this Khamas. It is used with absolute authenticity in this Thyagaraja composition.",
            "te" : "Familiar, evergreen and very likeable raga, this Khamas. It is used with absolute authenticity in this Thyagaraja composition.",
            "ta" : "Familiar, evergreen and very likeable raga, this Khamas. It is used with absolute authenticity in this Thyagaraja composition."
          },
          "score" : 11
        },
        "lyric" : {
          "comment" : {
            "en" : "Classical, traditional, addressing Sita’s pati, Lord Rama.",
            "hi" : "Classical, traditional, addressing Sita’s pati, Lord Rama.",
            "te" : "Classical, traditional, addressing Sita’s pati, Lord Rama.",
            "ta" : "Classical, traditional, addressing Sita’s pati, Lord Rama."
          },
          "score" : 10
        }
      },
      "author" : {
        "name" : "Karthik",
        "image" : "https:\/\/d1ua79hvv369a0.cloudfront.net\/reflection\/critic\/critic-karthik.png"
      },
      "rating" : 10.75
    },
    {
      "review" : {
        "instrument" : {
          "comment" : {
            "en" : "The perfect Carnatic setting is presented in brilliant style.",
            "hi" : "The perfect Carnatic setting is presented in brilliant style.",
            "te" : "The perfect Carnatic setting is presented in brilliant style.",
            "ta" : "The perfect Carnatic setting is presented in brilliant style."
          },
          "score" : 14
        },
        "overall" : {
          "comment" : {
            "en" : "Perfect Kamas Ensemble!",
            "hi" : "Perfect Kamas Ensemble!",
            "te" : "Perfect Kamas Ensemble!",
            "ta" : "Perfect Kamas Ensemble!"
          },
          "score" : 13.5
        },
        "vocal" : {
          "comment" : {
            "en" : "Vocals are technically very good but the meaning could have conveyed better with superior diction",
            "hi" : "Vocals are technically very good but the meaning could have conveyed better with superior diction",
            "te" : "Vocals are technically very good but the meaning could have conveyed better with superior diction",
            "ta" : "The eternal tune of Saint Thyagaraja needs no analysis!"
          },
          "score" : 12
        },
        "tune" : {
          "comment" : {
            "en" : "The eternal tune of Saint Thyagaraja needs no analysis!",
            "hi" : "The eternal tune of Saint Thyagaraja needs no analysis!",
            "te" : "The eternal tune of Saint Thyagaraja needs no analysis!",
            "ta" : "The eternal tune of Saint Thyagaraja needs no analysis!"
          },
          "score" : 14
        },
        "lyric" : {
          "comment" : {
            "en" : "The lyrics speak of devotional bliss in musical terms",
            "hi" : "The lyrics speak of devotional bliss in musical terms",
            "te" : "The lyrics speak of devotional bliss in musical terms",
            "ta" : "The lyrics speak of devotional bliss in musical terms"
          },
          "score" : 14
        }
      },
      "author" : {
        "name" : "Durga",
        "image" : "https:\/\/d1ua79hvv369a0.cloudfront.net\/reflection\/critic\/critic-durga.png"
      },
      "rating" : 13.5
    }
  ],
  "type" : {
    "slug" : "independent-music",
    "name" : "Independent Music"
  },
  "lyrics" : [
    {
      "data" : "O Lord of Seetha! <br>I have placed my trust in you. <br>The other day in the presence of Anjaneya and <br>your other cherished devotees, <br>you revealed yourself to me in all <br>your glory casting a benevolent look at me, <br>and assured me that I have nothing to fear in this world. <br>How wonderful and comforting! I have nothing to fear. <br>I cherish those pregnant words like a treasure!",
      "language" : {
        "name" : "English",
        "code" : "en"
      }
    },
    {
      "data" : "சீதாபதி நா மனசுன சித்தாந்தமணி உன்னானுரா<br>அனுபல்லவி:வாடாமஜாடுல செண்டனே வர்ணிசின நி பலுகுலெல்லா<br>சரணம்:பிரேம ஜுசி நாபை பெட்ட மனசு ஜேசி நீ மஹிமலெல்லா நிண்டாரஜூபி <br>நீ மஹினி பயமேடி கண்ணா ராமசந்திரா தியாகராஜவினுதா",
      "language" : {
        "name" : "Tamil",
        "code" : "ta"
      }
    }
  ],
  "id" : "30",
  "phonetic_lyrics" : [
    {
      "data" : "seedhaabadhi naa manasuna sithaandhdhamaNi unnaanuraa<br>anuballavi:vaadaamaJaadula seNdanae varNisina ni palugulellaa<br>saraNam:piraema Jusi naabai petta manasu Jaesi nee maHimalellaa niNdaaraJoobi<br>nee maHini payamaedi kaNNaa raamasandhdhiraa thiyaagaraaJavinudhaa",
      "language" : {
        "name" : "English",
        "code" : "en"
      }
    },
    {
      "data" : "சீதாபதி நா மனசுன சித்தாந்தமணி உன்னானுரா<br>அனுபல்லவி:வாடாமஜாடுல செண்டனே வர்ணிசின நி பலுகுலெல்லா<br>சரணம்:பிரேம ஜுசி நாபை பெட்ட மனசு ஜேசி நீ மஹிமலெல்லா நிண்டாரஜூபி <br>நீ மஹினி பயமேடி கண்ணா ராமசந்திரா தியாகராஜவினுதா",
      "language" : {
        "name" : "Tamil",
        "code" : "ta"
      }
    },
    {
      "data" : "सीदाबदि ना म्अनसुन सितान्द दम्अंइ उन्नानुरा <br>अनुबल्लवि:वाडाम्अजाडुल सेंडने वर्णिसिन नि पलुगुलेल्ला <br>सरंअम्:पिरेमअ जुसि नाबै पेटट म्अनसु जेसि नी म्अहिम्अलेल्ला निंडारजूबि <br>नी म्अहिनि पयम्एडि कंणा राम्असन्द दिरा तियागराजविनुदा ",
      "language" : {
        "name" : "Hindi",
        "code" : "hi"
      }
    },
    {
      "data" : "సీధాబధి నా మ్యనసున సిథాన్ధ్ధమ్అంయి ఉన్నానురా <br>అనుబల్లవి:వాదామ్యజాదుల సెందనే వర్ణిసిన ని పలుగులెల్లా <br>సరంయమ్:పిరేమ్య జుసి నాబై పెత్త మ్యనసు జేసి నె మ్యహిమ్యలెల్లా niNదారజూబి <br>నె మ్యహిని పయమ్యేది కంణా రామ్యసన్ధ్ధిరా థియాగరాజవినుధా",
      "language" : {
        "name" : "Telugu",
        "code" : "te"
      }
    },
    {
      "data" : "സീധാബധി നാ മ്യനസുന സിഥാന്ധ്ധമ്അംയി ഉന്നാനുരാ <br>അനുബല്ലവി:വാദാമ്യജാദുല സെംദനേ വര്ണിസിന നി പലുഗുലെല്ലാ <br>സരംയമ്:പിരേമ്യ ജുസി നാബൈ പെത്ത മ്യനസു ജേസി നീ മ്യഹിമ്യലെല്ലാ niNദാരജൂബി <br>നീ മ്യഹിനി പയമ്യേദി കംണാ രാമ്യസന്ധ്ധിരാ ഥിയാഗരാജവിനുധാ ",
      "language" : {
        "name" : "Malayalam",
        "code" : "ml"
      }
    },
    {
      "data" : "ಸೀಧಾಬಧಿ ನಾ ಮ್ಯನಸುನ ಸಿಥಾನ್ಧ್ಧಮ್ಅಂಯಿ ಉನ್ನಾನುರಾ <br>ಅನುಬಲ್ಲವಿ:ವಾದಾಮ್ಯಜಾದುಲ ಸೆಂದನೇ ವರ್ಣಿಸಿನ ನಿ ಪಲುಗುಲೆಲ್ಲಾ <br>ಸರಂಯಮ್:ಪಿರೇಮ್ಯ ಜುಸಿ ನಾಬೈ ಪೆತ್ತ ಮ್ಯನಸು ಜೇಸಿ ನೀ ಮ್ಯಹಿಮ್ಯಲೆಲ್ಲಾ niNದಾರಜೂಬಿ <br>ನೀ ಮ್ಯಹಿನಿ ಪಯಮ್ಯೇದಿ ಕಂಣಾ ರಾಮ್ಯಸನ್ಧ್ಧಿರಾ ಥಿಯಾಗರಾಜವಿನುಧಾ ",
      "language" : {
        "name" : "Kanadam",
        "code" : "ka"
      }
    },
    {
      "data" : "সীধাবধি না ম্যনসুন সিথান্ধ্ধম্অঁযি উন্নানুরা <br>অনুবল্লৱি:ৱাদাম্যজাদুল সেঁদনে ৱর্ণিসিন নি পলুগুলেল্লা <br>সরঁযম্:পিরেম্য জুসি নাবৈ পেত্ত ম্যনসু জেসি নী ম্যহিম্যলেল্লা niNদারজূবি <br>নী ম্যহিনি পযম্যেদি কঁণা রাম্যসন্ধ্ধিরা থিযাগরাজৱিনুধা",
      "language" : {
        "name" : "Bengali",
        "code" : "be"
      }
    },
    {
      "data" : "સીધાબધિ ણા મ્યનસુન સિથાન્ધ્ધમ્અંયિ ઉન્નાનુરા <br>અનુબલ્લવિ:વાદામ્યજાદુલ સેંદનૅ વર્ણિસિન ણિ પલુગુલેલ્લા <br>સરંયમ્:પિરૅમ્ય જુસિ ણાબૈ પેત્ત મ્યનસુ જૅસિ ણી મ્યહિમ્યલેલ્લા niNદારજૂબિ <br>ણી મ્યહિનિ પયમ્યૅદિ કંણા રામ્યસન્ધ્ધિરા થિયાગરાજવિનુધા",
      "language" : {
        "name" : "Gujarathi",
        "code" : "gu"
      }
    },
    {
      "data" : "सीदाबदि ना म्अनसुन सितान्द दम्अंइ उन्नानुरा <br>अनुबल्लवि:वाडाम्अजाडुल सेंडने वर्णिसिन नि पलुगुलेल्ला <br>सरंअम्:पिरेमअ जुसि नाबै पेटट म्अनसु जेसि नी म्अहिम्अलेल्ला निंडारजूबि <br>नी म्अहिनि पयम्एडि कंणा राम्असन्द दिरा तियागराजविनुदा ",
      "language" : {
        "name" : "Marathi",
        "code" : "mr"
      }
    },
    {
      "data" : "ସୀଧାବଧି ନା ମ୍ଯନସୁନ ସିଥାନ୍ଧ୍ଧମ୍ଅଂଯି ଉନ୍ନାନୁରା <br>ଅନୁବଳ୍ଳୱି:ୱାଦାମ୍ଯଜାଦୁଳ ସେଂଦନେ ୱର୍ଣିସିନ ନି ପଳୁଗୁଳେଳ୍ଳା <br>ସରଂଯମ୍:ପିରେମ୍ଯ ଜୁସି ନାବୈ ପେତ୍ତ ମ୍ଯନସୁ ଜେସି ନୀ ମ୍ଯହିମ୍ଯଳେଳ୍ଳା niNଦାରଜୂବି <br>ନୀ ମ୍ଯହିନି ପଯମ୍ଯେଦି କଂଣା ରାମ୍ଯସନ୍ଧ୍ଧିରା ଥିଯାଗରାଜୱିନୁଧା",
      "language" : {
        "name" : "Oriya",
        "code" : "or"
      }
    },
    {
      "data" : "सीदाबदि ना म्अनसुन सितान्द दम्अंइ उन्नानुरा <br>अनुबल्लवि:वाडाम्अजाडुल सेंडने वर्णिसिन नि पलुगुलेल्ला <br>सरंअम्:पिरेमअ जुसि नाबै पेटट म्अनसु जेसि नी म्अहिम्अलेल्ला निंडारजूबि <br>नी म्अहिनि पयम्एडि कंणा राम्असन्द दिरा तियागराजविनुदा ",
      "language" : {
        "name" : "konkani",
        "code" : "ko"
      }
    }
  ],
  "mood" : {
    "slug" : "tender",
    "name" : "Tender"
  },
  "thumbnail" : "https:\/\/d1ua79hvv369a0.cloudfront.net\/reflection\/thumbnail\/019_seethapathi_thumb.jpg",
  "language" : {
    "name" : "Tamil",
    "code" : "ta"
  },
  "slug" : "seethapathi",
  "info" : {
    "lyric_genres" : [
      {
        "name" : {
          "en" : "Spiritual",
          "hi" : "Spiritual",
          "te" : "Spiritual",
          "ta" : "ஆன்மீகம்"
        }
      }
    ],
    "thaalams" : [
      {
        "name" : {
          "en" : "Adi Taalam",
          "hi" : "Adi Taalam",
          "te" : "Adi Taalam",
          "ta" : "அடி தாளம்"
        }
      }
    ],
    "lyric_languages" : [
      {
        "name" : {
          "en" : "Telugu",
          "hi" : "Telugu",
          "te" : "Telugu",
          "ta" : "தெலுங்கு"
        }
      }
    ],
    "lyric_moods" : [
      {
        "name" : {
          "en" : "Tender",
          "hi" : "Tender",
          "te" : "Tender",
          "ta" : "மென்மை"
        }
      }
    ],
    "music_genres" : [
      {
        "name" : {
          "en" : "Classical",
          "hi" : "Classical",
          "te" : "Classical",
          "ta" : "கிளாசிக்கல்"
        }
      }
    ],
    "best_seasons_to_listen" : [
      {
        "name" : {
          "en" : "Summer",
          "hi" : "Summer",
          "te" : "Summer",
          "ta" : "கோடை காலம்"
        }
      },
      {
        "name" : {
          "en" : "Spring",
          "hi" : "Spring",
          "te" : "Spring",
          "ta" : "வசந்த காலம்"
        }
      },
      {
        "name" : {
          "en" : "Rain",
          "hi" : "Rain",
          "te" : "Rain",
          "ta" : "மழை"
        }
      }
    ],
    "launch_date" : {
      "en" : "25\/04\/2016",
      "hi" : "25\/04\/2016",
      "te" : "25\/04\/2016",
      "ta" : "25\/04\/2016"
    },
    "lyric_styles" : [
      {
        "name" : {
          "en" : "Traditional",
          "hi" : "Traditional",
          "te" : "Traditional",
          "ta" : "பாரம்பரியம்"
        }
      }
    ],
    "best_time_to_listen" : [
      {
        "name" : {
          "en" : "Morning",
          "hi" : "Morning",
          "te" : "Morning",
          "ta" : "காலை"
        }
      },
      {
        "name" : {
          "en" : "Noon",
          "hi" : "Noon",
          "te" : "Noon",
          "ta" : "நண்பகல்"
        }
      }
    ],
    "duration" : 12.14,
    "raagams" : [
      {
        "name" : {
          "en" : "Kamas",
          "hi" : "Kamas",
          "te" : "Kamas",
          "ta" : "கமாஸ்"
        }
      }
    ],
    "instruments" : [
      {
        "name" : {
          "en" : "Violin",
          "hi" : "Violin",
          "te" : "Violin",
          "ta" : "வயலின்"
        }
      },
      {
        "name" : {
          "en" : "Mirdangam",
          "hi" : "Mirdangam",
          "te" : "Mirdangam",
          "ta" : "மிருதங்கம்"
        }
      },
      {
        "name" : {
          "en" : "Kanjira",
          "hi" : "Kanjira",
          "te" : "Kanjira",
          "ta" : "கன்ஜிரா"
        }
      },
      {
        "name" : {
          "en" : "Tambura",
          "hi" : "Tambura",
          "te" : "Tambura",
          "ta" : "தம்புதரா"
        }
      }
    ]
  }
}