{
  "title" : {
    "en" : "Maatraan Thoattathu Malligaiyae",
    "hi" : "Maatraan Thoattathu Malligaiyae",
    "te" : "Maatraan Thoattathu Malligaiyae",
    "ta" : "மாற்றான் தோட்டத்து மல்லிகையே"
  },
  "credits" : {
    "mixers" : [
      {
        "name" : {
          "en" : "Vedanth Bharadwaj",
          "hi" : "Vedanth Bharadwaj",
          "te" : "Vedanth Bharadwaj",
          "ta" : "வேதாந்த் பரத்வாஜ்"
        }
      }
    ],
    "masters" : [
      {
        "name" : {
          "en" : "Vedanth Bharadwaj",
          "hi" : "Vedanth Bharadwaj",
          "te" : "Vedanth Bharadwaj",
          "ta" : "வேதாந்த் பரத்வாஜ்"
        }
      }
    ],
    "composers" : [
      {
        "name" : {
          "en" : "Anil Srinivasan",
          "hi" : "Anil Srinivasan",
          "te" : "Anil Srinivasan",
          "ta" : "அனில் ஸ்ரீனிவாசன்"
        }
      }
    ],
    "lyricists" : [
      {
        "name" : {
          "en" : "Karky",
          "hi" : "Karky",
          "te" : "Karky",
          "ta" : "கார்க்கி"
        }
      }
    ],
    "singers" : [
      {
        "name" : {
          "en" : "Shravan",
          "hi" : "Shravan",
          "te" : "Shravan",
          "ta" : "ஷ்ரவன்"
        }
      }
    ],
    "translator" : [
      {
        "name" : {
          "en" : "Jayashree Ramanujam",
          "hi" : "Jayashree Ramanujam",
          "te" : "Jayashree Ramanujam",
          "ta" : "ஜெயஸ்ரீ இராமானுஜம்"
        }
      }
    ],
    "arrangers" : [
      {
        "name" : {
          "en" : "Anil Srinivasan",
          "hi" : "Anil Srinivasan",
          "te" : "Anil Srinivasan",
          "ta" : "அனில் ஸ்ரீனிவாசன்"
        }
      }
    ],
    "producers" : [
      {
        "name" : {
          "en" : "Anil Srinivasan",
          "hi" : "Anil Srinivasan",
          "te" : "Anil Srinivasan",
          "ta" : "அனில் ஸ்ரீனிவாசன்"
        }
      }
    ],
    "recorded_studios" : [
      {
        "name" : {
          "en" : "Sa.Ma Studio",
          "hi" : "Sa.Ma Studio",
          "te" : "Sa.Ma Studio",
          "ta" : "சா.மா ஸ்டுடியோ"
        }
      }
    ],
    "lyric_art" : [
      {
        "name" : {
          "en" : "Nirmal Kumar",
          "hi" : "Nirmal Kumar",
          "te" : "Nirmal Kumar",
          "ta" : "நிர்மல் குமார்"
        }
      }
    ],
    "manager_of_visual_content" : [
      {
        "name" : {
          "en" : "Gokula Krishnan R Vasugi, MFI",
          "hi" : "Gokula Krishnan R Vasugi, MFI",
          "te" : "Gokula Krishnan R Vasugi, MFI",
          "ta" : "கோகுல கிருஷ்ணன் R வாசுகி MFI"
        }
      }
    ],
    "editor" : [
      {
        "name" : {
          "en" : "Mithran.B",
          "hi" : "Mithran.B",
          "te" : "Mithran.B",
          "ta" : "மித்திரன்.B"
        }
      }
    ],
    "senior_editor" : [
      {
        "name" : {
          "en" : "Shyam Sundar Murugesan",
          "hi" : "Shyam Sundar Murugesan",
          "te" : "Shyam Sundar Murugesan",
          "ta" : "ஷியாம் சுந்தர் முருகேசன்"
        }
      }
    ],
    "sound_engineers" : [
      {
        "name" : {
          "en" : "Vedanth Bharadwaj",
          "hi" : "Vedanth Bharadwaj",
          "te" : "Vedanth Bharadwaj",
          "ta" : "வேதாந்த் பரத்வாஜ்"
        }
      }
    ]
  },
  "active" : true,
  "published_on" : "2016-05-05T12:30:00.000Z",
  "description" : {
    "en" : "Maattran Thottathu Malligaye by Anil Sreenivasan, Karky and Shravan (Super Singer Fame) is an 80’s style romantic song that would mesmerize you and show you the yearning of a person for something that doesn’t belong to them. With passionate lyrics at the heart of it, this song is an easy listen.",
    "hi" : "Maattran Thottathu Malligaye by Anil Sreenivasan, Karky and Shravan (Super Singer Fame) is an 80’s style romantic song that would mesmerize you and show you the yearning of a person for something that doesn’t belong to them. With passionate lyrics at the heart of it, this song is an easy listen.",
    "te" : "Maattran Thottathu Malligaye by Anil Sreenivasan, Karky and Shravan (Super Singer Fame) is an 80’s style romantic song that would mesmerize you and show you the yearning of a person for something that doesn’t belong to them. With passionate lyrics at the heart of it, this song is an easy listen.",
    "ta" : "அனில் ஸ்ரீனிவாசன், கார்க்கி மற்றும் ஷ்ரவண் (’சூப்பர் சிங்கர்’ புகழ்) இணைந்து உருவாக்கியுள்ள காதல் பாடல், ‘மாற்றான் தோட்டத்து மல்லிகையே’. 80களின் பாணியில் அமைந்துள்ள இந்தப் பாடல், தனக்குச் சொந்தமில்லாத ஒன்றின்மேல் ஒருவர் வைக்கும் ஏக்கத்தை வெளிப்படுத்தி உங்களை மயக்கும். நேசத்தைச்சொல்லும் அழகிய வரிகளுடன் உங்களை எளிதில் கவரும் பாடல் இது."
  },
  "poster" : "https:\/\/d1ua79hvv369a0.cloudfront.net\/reflection\/poster\/03-May-2016\/maatraan_thoattathu_cover.jpg",
  "album" : {
    "title" : {
      "en" : "Maatraan Thoattathu Malligaiyae",
      "hi" : "Maatraan Thoattathu Malligaiyae",
      "te" : "Maatraan Thoattathu Malligaiyae",
      "ta" : "Maatraan Thoattathu Malligaiyae"
    },
    "id" : "18",
    "thumbnail" : "https:\/\/d1ua79hvv369a0.cloudfront.net\/reflection\/poster\/03-May-2016\/maatraan_thoattathu_cover.jpg"
  },
  "musics" : [
    {
      "players" : [
        {
          "name" : {
            "en" : "Anil Srinivasan",
            "hi" : "Anil Srinivasan",
            "te" : "Anil Srinivasan",
            "ta" : "அனில் ஸ்ரீனிவாசன்"
          }
        }
      ],
      "instrument" : {
        "name" : {
          "name" : {
            "en" : "Piano",
            "hi" : "Piano",
            "te" : "Piano",
            "ta" : "பியானோ"
          }
        }
      }
    },
    {
      "players" : [
        {
          "name" : {
            "en" : "Vedanth Bharadwaj",
            "hi" : "Vedanth Bharadwaj",
            "te" : "Vedanth Bharadwaj",
            "ta" : "வேதாந்த் பரத்வாஜ்"
          }
        }
      ],
      "instrument" : {
        "name" : {
          "name" : {
            "en" : "Rhythm",
            "hi" : "Rhythm",
            "te" : "Rhythm",
            "ta" : "ரிதம்"
          }
        }
      }
    },
    {
      "players" : [
        {
          "name" : {
            "en" : "Vedanth Bharadwaj",
            "hi" : "Vedanth Bharadwaj",
            "te" : "Vedanth Bharadwaj",
            "ta" : "வேதாந்த் பரத்வாஜ்"
          }
        }
      ],
      "instrument" : {
        "name" : {
          "name" : {
            "en" : "Guitar",
            "hi" : "Guitar",
            "te" : "Guitar",
            "ta" : "கிட்டார்"
          }
        }
      }
    }
  ],
  "critics" : [
    {
      "review" : {
        "instrument" : {
          "comment" : {
            "en" : "Complimentary and spt for the soft tune, but no great shakes.",
            "hi" : "Complimentary and spt for the soft tune, but no great shakes.",
            "te" : "Complimentary and spt for the soft tune, but no great shakes.",
            "ta" : "Complimentary and spt for the soft tune, but no great shakes."
          },
          "score" : 5
        },
        "overall" : {
          "comment" : {
            "en" : "A very, very average composition and package.",
            "hi" : "A very, very average composition and package.",
            "te" : "A very, very average composition and package.",
            "ta" : "A very, very average composition and package."
          },
          "score" : 5.25
        },
        "vocal" : {
          "comment" : {
            "en" : "Tries hard, but the newcomer’ish vocals are pretty poor in expressing the feeling in the song.",
            "hi" : "Tries hard, but the newcomer’ish vocals are pretty poor in expressing the feeling in the song.",
            "te" : "Tries hard, but the newcomer’ish vocals are pretty poor in expressing the feeling in the song.",
            "ta" : "Basic, at best. The repetitive nature of the tune also perhaps adds to that."
          },
          "score" : 5
        },
        "tune" : {
          "comment" : {
            "en" : "Basic, at best. The repetitive nature of the tune also perhaps adds to that.",
            "hi" : "Basic, at best. The repetitive nature of the tune also perhaps adds to that.",
            "te" : "Basic, at best. The repetitive nature of the tune also perhaps adds to that.",
            "ta" : "Basic, at best. The repetitive nature of the tune also perhaps adds to that."
          },
          "score" : 5
        },
        "lyric" : {
          "comment" : {
            "en" : "Extrapolates the maatraan thottathu malligai concept in multiple dimensions much against the ‘Thou shall not covet a neighbour's wife' diktat!!",
            "hi" : "Extrapolates the maatraan thottathu malligai concept in multiple dimensions much against the ‘Thou shall not covet a neighbour's wife' diktat!!",
            "te" : "Extrapolates the maatraan thottathu malligai concept in multiple dimensions much against the ‘Thou shall not covet a neighbour's wife' diktat!!",
            "ta" : "Extrapolates the maatraan thottathu malligai concept in multiple dimensions much against the ‘Thou shall not covet a neighbour's wife' diktat!!"
          },
          "score" : 6
        }
      },
      "author" : {
        "name" : "Karthik",
        "image" : "https:\/\/d1ua79hvv369a0.cloudfront.net\/reflection\/critic\/critic-karthik.png"
      },
      "rating" : 5.25
    },
    {
      "review" : {
        "instrument" : {
          "comment" : {
            "en" : "With minimal usage of instruments the composer achieved the maximum yet lasting impact.",
            "hi" : "With minimal usage of instruments the composer achieved the maximum yet lasting impact.",
            "te" : "With minimal usage of instruments the composer achieved the maximum yet lasting impact.",
            "ta" : "With minimal usage of instruments the composer achieved the maximum yet lasting impact."
          },
          "score" : 14
        },
        "overall" : {
          "comment" : {
            "en" : "Musical Monsoon this summer!",
            "hi" : "Musical Monsoon this summer!",
            "te" : "Musical Monsoon this summer!",
            "ta" : "Musical Monsoon this summer!"
          },
          "score" : 13.75
        },
        "vocal" : {
          "comment" : {
            "en" : "The vocals have a classy feel associated with velvety nature of international R and B melodies.",
            "hi" : "The vocals have a classy feel associated with velvety nature of international R and B melodies.",
            "te" : "The vocals have a classy feel associated with velvety nature of international R and B melodies.",
            "ta" : "The evergreen classical allied ragas are brought to best effect for modern listening."
          },
          "score" : 14
        },
        "tune" : {
          "comment" : {
            "en" : "The evergreen classical allied ragas are brought to best effect for modern listening.",
            "hi" : "The evergreen classical allied ragas are brought to best effect for modern listening.",
            "te" : "The evergreen classical allied ragas are brought to best effect for modern listening.",
            "ta" : "The evergreen classical allied ragas are brought to best effect for modern listening."
          },
          "score" : 14
        },
        "lyric" : {
          "comment" : {
            "en" : "Sweet and captivating lyrics which follow the conversational style.",
            "hi" : "Sweet and captivating lyrics which follow the conversational style.",
            "te" : "Sweet and captivating lyrics which follow the conversational style.",
            "ta" : "Sweet and captivating lyrics which follow the conversational style."
          },
          "score" : 13
        }
      },
      "author" : {
        "name" : "Durga",
        "image" : "https:\/\/d1ua79hvv369a0.cloudfront.net\/reflection\/critic\/critic-durga.png"
      },
      "rating" : 13.75
    },
    {
      "review" : {
        "instrument" : {
          "comment" : {
            "en" : "Soothing work on the guitar, keyboard and drums.",
            "hi" : "Soothing work on the guitar, keyboard and drums.",
            "te" : "Soothing work on the guitar, keyboard and drums.",
            "ta" : "Soothing work on the guitar, keyboard and drums."
          },
          "score" : 8
        },
        "overall" : {
          "comment" : {
            "en" : "Sure to appeal to fans of good old melodies.",
            "hi" : "Sure to appeal to fans of good old melodies.",
            "te" : "Sure to appeal to fans of good old melodies.",
            "ta" : "Sure to appeal to fans of good old melodies."
          },
          "score" : 8.25
        },
        "vocal" : {
          "comment" : {
            "en" : "Seems to be a trained classical singer. Has a good future in the melody space.",
            "hi" : "Seems to be a trained classical singer. Has a good future in the melody space.",
            "te" : "Seems to be a trained classical singer. Has a good future in the melody space.",
            "ta" : "A fine melody with a classical flavour. The composer seems to be a fan of Ilayaraja and Vidyasagar."
          },
          "score" : 9
        },
        "tune" : {
          "comment" : {
            "en" : "A fine melody with a classical flavour. The composer seems to be a fan of Ilayaraja and Vidyasagar.",
            "hi" : "A fine melody with a classical flavour. The composer seems to be a fan of Ilayaraja and Vidyasagar.",
            "te" : "A fine melody with a classical flavour. The composer seems to be a fan of Ilayaraja and Vidyasagar.",
            "ta" : "A fine melody with a classical flavour. The composer seems to be a fan of Ilayaraja and Vidyasagar."
          },
          "score" : 9
        },
        "lyric" : {
          "comment" : {
            "en" : "Dedicated to romance and a guy proposing his love.",
            "hi" : "Dedicated to romance and a guy proposing his love.",
            "te" : "Dedicated to romance and a guy proposing his love.",
            "ta" : "Dedicated to romance and a guy proposing his love."
          },
          "score" : 7
        }
      },
      "author" : {
        "name" : "Kaushik",
        "image" : "https:\/\/d1ua79hvv369a0.cloudfront.net\/reflection\/critic\/Kaushik-200x200.jpg"
      },
      "rating" : 8.25
    }
  ],
  "type" : {
    "slug" : "independent-music",
    "name" : "Independent Music"
  },
  "lyrics" : [
    {
      "data" : "Oh neighbour’s garden jasmine - to me <br>your fragrance is very inviting!<br>Oh neighbour’s garden jasmine - to me <br>your fragrance is very inviting!<br>If I take a step to come close to you - something <br>from behind is dragging me through..<br>Oh neighbour’s garden jasmine - to me <br>your fragrance is very inviting!<br> <br> <br>I kept admiring you from distance - my<br>life was lived, at your petals<br>I kept admiring you from a distance - my<br>life was lived, at your petals<br>To fall and get mesmerised in your honey - <br>Heart was hungry enough in me <br>Oh neighbour’s garden jasmine - to me <br>your fragrance is very inviting!<br><br><br>It is true that the fences are thwarting - even<br>the fact that my desires are throbbing<br>It is true that the fences are thwarting - even<br>the fact that my desires are throbbing<br>The fear of ‘Is it virtuous to touch you?<br>Is it right to brace you?’<br>is very true as well…<br>Oh neighbour’s garden jasmine - to me <br>your fragrance is very inviting!<br> <br><br>Even if the world condemns that this is wrong - even <br>if God considers this not right<br>Despite that this will lead to hell for sure - wants<br>you desperately, this sinner <br>Oh neighbour’s garden jasmine - to me <br>your fragrance is very inviting!",
      "language" : {
        "name" : "English",
        "code" : "en"
      }
    },
    {
      "data" : "மாற்றான் தோட்டத்து மல்லிகையே - உன்<br>வாசம் என்னை அழைக்குதடி!<br>மாற்றான் தோட்டத்து மல்லிகையே - உன்<br>வாசம் என்னை அழைக்குதடி!<br>உன்னை நெருங்க அடி வைத்தால் - எனை<br>ஏதோ பின்னால் இழுக்குதடி ...<br>மாற்றான் தோட்டத்து மல்லிகையே - உன்<br>வாசம் என்னை அழைக்குதடி!<br><br><br>தூரத்தில் இருந்தே ரசித்திருந்தேன் -உன்<br>இதழ்களில் தானே வசித்திருந்தேன்<br>தூரத்தில் இருந்தே ரசித்திருந்தேன் -உன்<br>இதழ்களில் தானே வசித்திருந்தேன்<br>தேனில் விழுந்து மயங்கிடவே - என்<br>இதயம் இதயம் பசித்திருந்தேன்<br>மாற்றான் தோட்டத்து மல்லிகையே - உன்<br>வாசம் என்னை அழைக்குதடி!<br><br><br>வேலிகள் தடுப்பது உண்மையடி - என்<br>ஆசைகள் துடிப்பதும் உண்மையடி<br>வேலிகள் தடுப்பது உண்மையடி - என்<br>ஆசைகள் துடிப்பதும் உண்மையடி<br>உன்னைத் தொடுவது சரிதானா?<br>உன்னைத் தொடுவது சரிதானா? எனும்<br>பயமும் பயமும் உண்மையடி...<br>மாற்றான் தோட்டத்து மல்லிகையே - உன்<br>வாசம் என்னை அழைக்குதடி!<br><br>தவறென உலகமே சொன்னாலும் - இதை<br>பிழையென ஆண்டவன் கண்டாலும்<br>நரகமே நிச்சயம் என்றாலும் - உனை<br>அடைந்திடத் தவித்திடும் பாவியடி<br>மாற்றான் தோட்டத்து மல்லிகையே - உன்<br>வாசம் என்னை அழைக்குதடி!",
      "language" : {
        "name" : "Tamil",
        "code" : "ta"
      }
    }
  ],
  "id" : "38",
  "phonetic_lyrics" : [
    {
      "data" : "maatRaan thoattathu malligaiyae - un<br>vaasam ennai azhaikkudhadi!<br>maatRaan thoattathu malligaiyae - un<br>vaasam ennai azhaikkudhadi!<br>unnai nerunga adi vaithaal - enai<br>aedhoa pinnaal izhukkudhadi ...<br>maatRaan thoattathu malligaiyae - un<br>vaasam ennai azhaikkudhadi!<br><br><br>thoorathil irundhdhae rasithirundhdhaen -un<br>idhazhkaLil thaanae vasithirundhdhaen<br>thoorathil irundhdhae rasithirundhdhaen -un<br>idhazhkaLil thaanae vasithirundhdhaen<br>thaenil vizhundhdhu mayanggidavae - en<br>idhayam idhayam pasithirundhdhaen<br>maatRaan thoattathu malligaiyae - un<br>vaasam ennai azhaikkudhadi!<br><br><br>vaeligaL thaduppadhu uNmaiyadi - en<br>aasaigaL thudippadhum uNmaiyadi<br>vaeligaL thaduppadhu uNmaiyadi - en<br>aasaigaL thudippadhum uNmaiyadi<br>unnaith thoduvadhu saridhaanaa?<br>unnaith thoduvadhu saridhaanaa? enum<br>payamum payamum uNmaiyadi...<br>maatRaan thoattathu malligaiyae - un<br>vaasam ennai azhaikkudhadi!<br><br>thavaRena ulagamae sonnaalum - idhai<br>pizhaiyena aaNdavan kaNdaalum<br>naragamae nichchayam endRaalum - unai<br>adaindhdhidath thavithidum paaviyadi<br>maatRaan thoattathu malligaiyae - un<br>vaasam ennai azhaikkudhadi!",
      "language" : {
        "name" : "English",
        "code" : "en"
      }
    },
    {
      "data" : "மாற்றான் தோட்டத்து மல்லிகையே - உன்<br>வாசம் என்னை அழைக்குதடி!<br>மாற்றான் தோட்டத்து மல்லிகையே - உன்<br>வாசம் என்னை அழைக்குதடி!<br>உன்னை நெருங்க அடி வைத்தால் - எனை<br>ஏதோ பின்னால் இழுக்குதடி ...<br>மாற்றான் தோட்டத்து மல்லிகையே - உன்<br>வாசம் என்னை அழைக்குதடி!<br><br><br>தூரத்தில் இருந்தே ரசித்திருந்தேன் -உன்<br>இதழ்களில் தானே வசித்திருந்தேன்<br>தூரத்தில் இருந்தே ரசித்திருந்தேன் -உன்<br>இதழ்களில் தானே வசித்திருந்தேன்<br>தேனில் விழுந்து மயங்கிடவே - என்<br>இதயம் இதயம் பசித்திருந்தேன்<br>மாற்றான் தோட்டத்து மல்லிகையே - உன்<br>வாசம் என்னை அழைக்குதடி!<br><br><br>வேலிகள் தடுப்பது உண்மையடி - என்<br>ஆசைகள் துடிப்பதும் உண்மையடி<br>வேலிகள் தடுப்பது உண்மையடி - என்<br>ஆசைகள் துடிப்பதும் உண்மையடி<br>உன்னைத் தொடுவது சரிதானா?<br>உன்னைத் தொடுவது சரிதானா? எனும்<br>பயமும் பயமும் உண்மையடி...<br>மாற்றான் தோட்டத்து மல்லிகையே - உன்<br>வாசம் என்னை அழைக்குதடி!<br><br>தவறென உலகமே சொன்னாலும் - இதை<br>பிழையென ஆண்டவன் கண்டாலும்<br>நரகமே நிச்சயம் என்றாலும் - உனை<br>அடைந்திடத் தவித்திடும் பாவியடி<br>மாற்றான் தோட்டத்து மல்லிகையே - உன்<br>வாசம் என்னை அழைக்குதடி!",
      "language" : {
        "name" : "Tamil",
        "code" : "ta"
      }
    },
    {
      "data" : "म्आट्ड़ान तोटटतु म्अल्लिगैये - उन <br>वासम एननै अलैक्कुदडि! <br>म्आट्ड़ान तोटटतु म्अल्लिगैये - उन <br>वासम एननै अलैक्कुदडि! <br>उननै नेरुङ अडि वैताल - एनै <br>एदो पिननाल इलुक्कुदडि ... <br>म्आट्ड़ान तोटटतु म्अल्लिगैये - उन <br>वासम एननै अलैक्कुदडि! <br> <br> <br>तूरतिल इरुन्द धे रसितिरुन्द धेन -उन् <br>इदल्कऴिल ताने वसितिरुन्द धेन <br>तूरतिल इरुन्द धे रसितिरुन्द धेन -उन् <br>इदल्कऴिल ताने वसितिरुन्द धेन <br>तेनिल विलुन्द दु म्अयङ्गिडवे - एन <br>इदयम इदयम पसितिरुन्द धेन <br>म्आट्ड़ान तोटटतु म्अल्लिगैये - उन <br>वासम एननै अलैक्कुदडि! <br> <br> <br>वेलिगल तडुप्पदु उंम्ऐयडि - एन <br>आसैगल तुडिप्पदुम उंम्ऐयडि <br>वेलिगल तडुप्पदु उंम्ऐयडि - एन <br>आसैगल तुडिप्पदुम उंम्ऐयडि <br>उननैत तोडुवदु सरिदाना? <br>उननैत तोडुवदु सरिदाना? एनुम <br>पयम्उम पयम्उम उंम्ऐयडि... <br>म्आट्ड़ान तोटटतु म्अल्लिगैये - उन <br>वासम एननै अलैक्कुदडि! <br> <br>तवरेन उलगम्ए सोन्नालुम - इधै <br>पिलैयेन आंडवन कंडालुम <br>नरगम्ए निच्चयम एन्ड्ड़ालुम - उनै <br>अडैन्द दिडत तवितिडुम पावियडि <br>म्आट्ड़ान तोटटतु म्अल्लिगैये - उन <br>वासम एननै अलैक्कुदडि! ",
      "language" : {
        "name" : "Hindi",
        "code" : "hi"
      }
    },
    {
      "data" : "మ్యాత్ఱాన్ థోత్తథు మ్యల్లిగైయే - ఉన్ <br>వాసమ్ ఎన్నై అలైక్కుధది! <br>మ్యాత్ఱాన్ థోత్తథు మ్యల్లిగైయే - ఉన్ <br>వాసమ్ ఎన్నై అలైక్కుధది! <br>ఉన్నై నెరుఙ అది వైథాల్ - ఎనై <br>ఏధో పిన్నాల్ ఇలుక్కుధది ... <br>మ్యాత్ఱాన్ థోత్తథు మ్యల్లిగైయే - ఉన్ <br>వాసమ్ ఎన్నై అలైక్కుధది! <br> <br> <br>థూరథిల్ ఇరున్ధ్ధే రసిథిరున్ధ్ధేన్ -యున్ <br>ఇధల్కళిల్ థానే వసిథిరున్ధ్ధేన్ <br>థూరథిల్ ఇరున్ధ్ధే రసిథిరున్ధ్ధేన్ -యున్ <br>ఇధల్కళిల్ థానే వసిథిరున్ధ్ధేన్ <br>థేనిల్ విలున్ధ్ధు మ్యయఙ్గిదవే - ఎన్ <br>ఇధయమ్ ఇధయమ్ పసిథిరున్ధ్ధేన్ <br>మ్యాత్ఱాన్ థోత్తథు మ్యల్లిగైయే - ఉన్ <br>వాసమ్ ఎన్నై అలైక్కుధది! <br> <br> <br>వేలిగళ్ థదుప్పధు ఉంమ్యైయది - ఎన్ <br>ఆసైగళ్ థుదిప్పధుమ్ ఉంమ్యైయది <br>వేలిగళ్ థదుప్పధు ఉంమ్యైయది - ఎన్ <br>ఆసైగళ్ థుదిప్పధుమ్ ఉంమ్యైయది <br>ఉన్నైథ్ థొదువధు సరిధానా? <br>ఉన్నైథ్ థొదువధు సరిధానా? ఎనుమ్ <br>పయమ్యుమ్ పయమ్యుమ్ ఉంమ్యైయది... <br>మ్యాత్ఱాన్ థోత్తథు మ్యల్లిగైయే - ఉన్ <br>వాసమ్ ఎన్నై అలైక్కుధది! <br> <br>థవఱెన ఉలగమ్యే సొన్నాలుమ్ - ఇధై <br>పిలైయెన ఆందవన్ కందాలుమ్ <br>నరగమ్యే నిఛ్ఛయమ్ ఎన్ద్ఱాలుమ్ - ఉనై <br>అదైన్ధ్ధిదథ్ థవిథిదుమ్ పావియది <br>మ్యాత్ఱాన్ థోత్తథు మ్యల్లిగైయే - ఉన్ <br>వాసమ్ ఎన్నై అలైక్కుధది!",
      "language" : {
        "name" : "Telugu",
        "code" : "te"
      }
    },
    {
      "data" : "മ്യാത്റാന് ഥോത്തഥു മ്യല്ലിഗൈയേ - ഉന് <br>വാസമ് എന്നൈ അഴൈക്കുധദി! <br>മ്യാത്റാന് ഥോത്തഥു മ്യല്ലിഗൈയേ - ഉന് <br>വാസമ് എന്നൈ അഴൈക്കുധദി! <br>ഉന്നൈ നെരുങ അദി വൈഥാല് - എനൈ <br>ഏധോ പിന്നാല് ഇഴുക്കുധദി ... <br>മ്യാത്റാന് ഥോത്തഥു മ്യല്ലിഗൈയേ - ഉന് <br>വാസമ് എന്നൈ അഴൈക്കുധദി! <br> <br> <br>ഥൂരഥില് ഇരുന്ധ്ധേ രസിഥിരുന്ധ്ധേന് -യുന് <br>ഇധഴ്കളില് ഥാനേ വസിഥിരുന്ധ്ധേന് <br>ഥൂരഥില് ഇരുന്ധ്ധേ രസിഥിരുന്ധ്ധേന് -യുന് <br>ഇധഴ്കളില് ഥാനേ വസിഥിരുന്ധ്ധേന് <br>ഥേനില് വിഴുന്ധ്ധു മ്യയങ്ഗിദവേ - എന് <br>ഇധയമ് ഇധയമ് പസിഥിരുന്ധ്ധേന് <br>മ്യാത്റാന് ഥോത്തഥു മ്യല്ലിഗൈയേ - ഉന് <br>വാസമ് എന്നൈ അഴൈക്കുധദി! <br> <br> <br>വേലിഗള് ഥദുപ്പധു ഉംമ്യൈയദി - എന് <br>ആസൈഗള് ഥുദിപ്പധുമ് ഉംമ്യൈയദി <br>വേലിഗള് ഥദുപ്പധു ഉംമ്യൈയദി - എന് <br>ആസൈഗള് ഥുദിപ്പധുമ് ഉംമ്യൈയദി <br>ഉന്നൈഥ് ഥൊദുവധു സരിധാനാ? <br>ഉന്നൈഥ് ഥൊദുവധു സരിധാനാ? എനുമ് <br>പയമ്യുമ് പയമ്യുമ് ഉംമ്യൈയദി... <br>മ്യാത്റാന് ഥോത്തഥു മ്യല്ലിഗൈയേ - ഉന് <br>വാസമ് എന്നൈ അഴൈക്കുധദി! <br> <br>ഥവറെന ഉലഗമ്യേ സൊന്നാലുമ് - ഇധൈ <br>പിഴൈയെന ആംദവന് കംദാലുമ് <br>നരഗമ്യേ നിച്ചയമ് എന്ദ്റാലുമ് - ഉനൈ <br>അദൈന്ധ്ധിദഥ് ഥവിഥിദുമ് പാവിയദി <br>മ്യാത്റാന് ഥോത്തഥു മ്യല്ലിഗൈയേ - ഉന് <br>വാസമ് എന്നൈ അഴൈക്കുധദി!",
      "language" : {
        "name" : "Malayalam",
        "code" : "ml"
      }
    },
    {
      "data" : "ಮ್ಯಾತ್ರಾನ್ ಥೋತ್ತಥು ಮ್ಯಲ್ಲಿಗೈಯೇ - ಉನ್ <br>ವಾಸಮ್ ಎನ್ನೈ ಅಲೈಕ್ಕುಧದಿ! <br>ಮ್ಯಾತ್ರಾನ್ ಥೋತ್ತಥು ಮ್ಯಲ್ಲಿಗೈಯೇ - ಉನ್ <br>ವಾಸಮ್ ಎನ್ನೈ ಅಲೈಕ್ಕುಧದಿ! <br>ಉನ್ನೈ ನೆರುಙ ಅದಿ ವೈಥಾಲ್ - ಎನೈ <br>ಏಧೋ ಪಿನ್ನಾಲ್ ಇಲುಕ್ಕುಧದಿ ... <br>ಮ್ಯಾತ್ರಾನ್ ಥೋತ್ತಥು ಮ್ಯಲ್ಲಿಗೈಯೇ - ಉನ್ <br>ವಾಸಮ್ ಎನ್ನೈ ಅಲೈಕ್ಕುಧದಿ! <br> <br> <br>ಥೂರಥಿಲ್ ಇರುನ್ಧ್ಧೇ ರಸಿಥಿರುನ್ಧ್ಧೇನ್ -ಯುನ್ <br>ಇಧಲ್ಕಳಿಲ್ ಥಾನೇ ವಸಿಥಿರುನ್ಧ್ಧೇನ್ <br>ಥೂರಥಿಲ್ ಇರುನ್ಧ್ಧೇ ರಸಿಥಿರುನ್ಧ್ಧೇನ್ -ಯುನ್ <br>ಇಧಲ್ಕಳಿಲ್ ಥಾನೇ ವಸಿಥಿರುನ್ಧ್ಧೇನ್ <br>ಥೇನಿಲ್ ವಿಲುನ್ಧ್ಧು ಮ್ಯಯಙ್ಗಿದವೇ - ಎನ್ <br>ಇಧಯಮ್ ಇಧಯಮ್ ಪಸಿಥಿರುನ್ಧ್ಧೇನ್ <br>ಮ್ಯಾತ್ರಾನ್ ಥೋತ್ತಥು ಮ್ಯಲ್ಲಿಗೈಯೇ - ಉನ್ <br>ವಾಸಮ್ ಎನ್ನೈ ಅಲೈಕ್ಕುಧದಿ! <br> <br> <br>ವೇಲಿಗಳ್ ಥದುಪ್ಪಧು ಉಂಮ್ಯೈಯದಿ - ಎನ್ <br>ಆಸೈಗಳ್ ಥುದಿಪ್ಪಧುಮ್ ಉಂಮ್ಯೈಯದಿ <br>ವೇಲಿಗಳ್ ಥದುಪ್ಪಧು ಉಂಮ್ಯೈಯದಿ - ಎನ್ <br>ಆಸೈಗಳ್ ಥುದಿಪ್ಪಧುಮ್ ಉಂಮ್ಯೈಯದಿ <br>ಉನ್ನೈಥ್ ಥೊದುವಧು ಸರಿಧಾನಾ? <br>ಉನ್ನೈಥ್ ಥೊದುವಧು ಸರಿಧಾನಾ? ಎನುಮ್ <br>ಪಯಮ್ಯುಮ್ ಪಯಮ್ಯುಮ್ ಉಂಮ್ಯೈಯದಿ... <br>ಮ್ಯಾತ್ರಾನ್ ಥೋತ್ತಥು ಮ್ಯಲ್ಲಿಗೈಯೇ - ಉನ್ <br>ವಾಸಮ್ ಎನ್ನೈ ಅಲೈಕ್ಕುಧದಿ! <br> <br>ಥವರೆನ ಉಲಗಮ್ಯೇ ಸೊನ್ನಾಲುಮ್ - ಇಧೈ <br>ಪಿಲೈಯೆನ ಆಂದವನ್ ಕಂದಾಲುಮ್ <br>ನರಗಮ್ಯೇ ನಿಚ್ಚಯಮ್ ಎನ್ದ್ರಾಲುಮ್ - ಉನೈ <br>ಅದೈನ್ಧ್ಧಿದಥ್ ಥವಿಥಿದುಮ್ ಪಾವಿಯದಿ <br>ಮ್ಯಾತ್ರಾನ್ ಥೋತ್ತಥು ಮ್ಯಲ್ಲಿಗೈಯೇ - ಉನ್ <br>ವಾಸಮ್ ಎನ್ನೈ ಅಲೈಕ್ಕುಧದಿ!",
      "language" : {
        "name" : "Kanadam",
        "code" : "ka"
      }
    },
    {
      "data" : "ম্যাত্ড়ান্ থোত্তথু ম্যল্লিগৈযে - উন্ <br>ৱাসম্ এন্নৈ অলৈক্কুধদি! <br>ম্যাত্ড়ান্ থোত্তথু ম্যল্লিগৈযে - উন্ <br>ৱাসম্ এন্নৈ অলৈক্কুধদি! <br>উন্নৈ নেরুঙ অদি ৱৈথাল্ - এনৈ <br>এধো পিন্নাল্ ইলুক্কুধদি ... <br>ম্যাত্ড়ান্ থোত্তথু ম্যল্লিগৈযে - উন্ <br>ৱাসম্ এন্নৈ অলৈক্কুধদি! <br> <br> <br>থূরথিল্ ইরুন্ধ্ধে রসিথিরুন্ধ্ধেন্ -যুন্ <br>ইধল্কলিল্ থানে ৱসিথিরুন্ধ্ধেন্ <br>থূরথিল্ ইরুন্ধ্ধে রসিথিরুন্ধ্ধেন্ -যুন্ <br>ইধল্কলিল্ থানে ৱসিথিরুন্ধ্ধেন্ <br>থেনিল্ ৱিলুন্ধ্ধু ম্যযঙ্গিদৱে - এন্ <br>ইধযম্ ইধযম্ পসিথিরুন্ধ্ধেন্ <br>ম্যাত্ড়ান্ থোত্তথু ম্যল্লিগৈযে - উন্ <br>ৱাসম্ এন্নৈ অলৈক্কুধদি! <br> <br> <br>ৱেলিগল্ থদুপ্পধু উঁম্যৈযদি - এন্ <br>আসৈগল্ থুদিপ্পধুম্ উঁম্যৈযদি <br>ৱেলিগল্ থদুপ্পধু উঁম্যৈযদি - এন্ <br>আসৈগল্ থুদিপ্পধুম্ উঁম্যৈযদি <br>উন্নৈথ্ থোদুৱধু সরিধানা? <br>উন্নৈথ্ থোদুৱধু সরিধানা? এনুম্ <br>পযম্যুম্ পযম্যুম্ উঁম্যৈযদি... <br>ম্যাত্ড়ান্ থোত্তথু ম্যল্লিগৈযে - উন্ <br>ৱাসম্ এন্নৈ অলৈক্কুধদি! <br> <br>থৱড়েন উলগম্যে সোন্নালুম্ - ইধৈ <br>পিলৈযেন আঁদৱন্ কঁদালুম্ <br>নরগম্যে নিচ্চযম্ এন্দ্ড়ালুম্ - উনৈ <br>অদৈন্ধ্ধিদথ্ থৱিথিদুম্ পাৱিযদি <br>ম্যাত্ড়ান্ থোত্তথু ম্যল্লিগৈযে - উন্ <br>ৱাসম্ এন্নৈ অলৈক্কুধদি!",
      "language" : {
        "name" : "Bengali",
        "code" : "be"
      }
    },
    {
      "data" : "મ્યાત્રાન્ થૉત્તથુ મ્યલ્લિગૈયૅ - ઉન્ <br>વાસમ્ એન્નૈ અલૈક્કુધદિ! <br>મ્યાત્રાન્ થૉત્તથુ મ્યલ્લિગૈયૅ - ઉન્ <br>વાસમ્ એન્નૈ અલૈક્કુધદિ! <br>ઉન્નૈ ણેરુઙ અદિ વૈથાલ્ - એનૈ <br>ઍધૉ પિન્નાલ્ ઇલુક્કુધદિ ... <br>મ્યાત્રાન્ થૉત્તથુ મ્યલ્લિગૈયૅ - ઉન્ <br>વાસમ્ એન્નૈ અલૈક્કુધદિ! <br> <br> <br>થૂરથિલ્ ઇરુન્ધ્ધૅ રસિથિરુન્ધ્ધૅન્ -યુન્ <br>ઇધલ્કળિલ્ થાનૅ વસિથિરુન્ધ્ધૅન્ <br>થૂરથિલ્ ઇરુન્ધ્ધૅ રસિથિરુન્ધ્ધૅન્ -યુન્ <br>ઇધલ્કળિલ્ થાનૅ વસિથિરુન્ધ્ધૅન્ <br>થૅનિલ્ વિલુન્ધ્ધુ મ્યયઙ્ગિદવૅ - એન્ <br>ઇધયમ્ ઇધયમ્ પસિથિરુન્ધ્ધૅન્ <br>મ્યાત્રાન્ થૉત્તથુ મ્યલ્લિગૈયૅ - ઉન્ <br>વાસમ્ એન્નૈ અલૈક્કુધદિ! <br> <br> <br>વૅલિગળ્ થદુપ્પધુ ઉંમ્યૈયદિ - એન્ <br>આસૈગળ્ થુદિપ્પધુમ્ ઉંમ્યૈયદિ <br>વૅલિગળ્ થદુપ્પધુ ઉંમ્યૈયદિ - એન્ <br>આસૈગળ્ થુદિપ્પધુમ્ ઉંમ્યૈયદિ <br>ઉન્નૈથ્ થોદુવધુ સરિધાના? <br>ઉન્નૈથ્ થોદુવધુ સરિધાના? એનુમ્ <br>પયમ્યુમ્ પયમ્યુમ્ ઉંમ્યૈયદિ... <br>મ્યાત્રાન્ થૉત્તથુ મ્યલ્લિગૈયૅ - ઉન્ <br>વાસમ્ એન્નૈ અલૈક્કુધદિ! <br> <br>થવરેન ઉલગમ્યૅ સોન્નાલુમ્ - ઇધૈ <br>પિલૈયેન આંદવન્ કંદાલુમ્ <br>ણરગમ્યૅ ણિચ્ચયમ્ એન્દ્રાલુમ્ - ઉનૈ <br>અદૈન્ધ્ધિદથ્ થવિથિદુમ્ પાવિયદિ <br>મ્યાત્રાન્ થૉત્તથુ મ્યલ્લિગૈયૅ - ઉન્ <br>વાસમ્ એન્નૈ અલૈક્કુધદિ!",
      "language" : {
        "name" : "Gujarathi",
        "code" : "gu"
      }
    },
    {
      "data" : "म्आट्ड़ान तोटटतु म्अल्लिगैये - उन <br>वासम एननै अलैक्कुदडि! <br>म्आट्ड़ान तोटटतु म्अल्लिगैये - उन <br>वासम एननै अलैक्कुदडि! <br>उननै नेरुङ अडि वैताल - एनै <br>एदो पिननाल इलुक्कुदडि ... <br>म्आट्ड़ान तोटटतु म्अल्लिगैये - उन <br>वासम एननै अलैक्कुदडि! <br> <br> <br>तूरतिल इरुन्द धे रसितिरुन्द धेन -उन् <br>इदल्कऴिल ताने वसितिरुन्द धेन <br>तूरतिल इरुन्द धे रसितिरुन्द धेन -उन् <br>इदल्कऴिल ताने वसितिरुन्द धेन <br>तेनिल विलुन्द दु म्अयङ्गिडवे - एन <br>इदयम इदयम पसितिरुन्द धेन <br>म्आट्ड़ान तोटटतु म्अल्लिगैये - उन <br>वासम एननै अलैक्कुदडि! <br> <br> <br>वेलिगल तडुप्पदु उंम्ऐयडि - एन <br>आसैगल तुडिप्पदुम उंम्ऐयडि <br>वेलिगल तडुप्पदु उंम्ऐयडि - एन <br>आसैगल तुडिप्पदुम उंम्ऐयडि <br>उननैत तोडुवदु सरिदाना? <br>उननैत तोडुवदु सरिदाना? एनुम <br>पयम्उम पयम्उम उंम्ऐयडि... <br>म्आट्ड़ान तोटटतु म्अल्लिगैये - उन <br>वासम एननै अलैक्कुदडि! <br> <br>तवरेन उलगम्ए सोन्नालुम - इधै <br>पिलैयेन आंडवन कंडालुम <br>नरगम्ए निच्चयम एन्ड्ड़ालुम - उनै <br>अडैन्द दिडत तवितिडुम पावियडि <br>म्आट्ड़ान तोटटतु म्अल्लिगैये - उन <br>वासम एननै अलैक्कुदडि!",
      "language" : {
        "name" : "Marathi",
        "code" : "mr"
      }
    },
    {
      "data" : "ମ୍ଯାତ୍ଡ଼ାନ୍ ଥୋତ୍ତଥୁ ମ୍ଯଳ୍ଳିଗୈଯେ - ଉନ୍ <br>ୱାସମ୍ ଏନ୍ନୈ ଅଳୈକ୍କୁଧଦି! <br>ମ୍ଯାତ୍ଡ଼ାନ୍ ଥୋତ୍ତଥୁ ମ୍ଯଳ୍ଳିଗୈଯେ - ଉନ୍ <br>ୱାସମ୍ ଏନ୍ନୈ ଅଳୈକ୍କୁଧଦି! <br>ଉନ୍ନୈ ନେରୁଙ ଅଦି ୱୈଥାଳ୍ - ଏନୈ <br>ଏଧୋ ପିନ୍ନାଳ୍ ଇଳୁକ୍କୁଧଦି ... <br>ମ୍ଯାତ୍ଡ଼ାନ୍ ଥୋତ୍ତଥୁ ମ୍ଯଳ୍ଳିଗୈଯେ - ଉନ୍ <br>ୱାସମ୍ ଏନ୍ନୈ ଅଳୈକ୍କୁଧଦି! <br> <br> <br>ଥୂରଥିଳ୍ ଇରୁନ୍ଧ୍ଧେ ରସିଥିରୁନ୍ଧ୍ଧେନ୍ -ଯୁନ୍ <br>ଇଧଳ୍କଲିଳ୍ ଥାନେ ୱସିଥିରୁନ୍ଧ୍ଧେନ୍ <br>ଥୂରଥିଳ୍ ଇରୁନ୍ଧ୍ଧେ ରସିଥିରୁନ୍ଧ୍ଧେନ୍ -ଯୁନ୍ <br>ଇଧଳ୍କଲିଳ୍ ଥାନେ ୱସିଥିରୁନ୍ଧ୍ଧେନ୍ <br>ଥେନିଳ୍ ୱିଳୁନ୍ଧ୍ଧୁ ମ୍ଯଯଙ୍ଗିଦୱେ - ଏନ୍ <br>ଇଧଯମ୍ ଇଧଯମ୍ ପସିଥିରୁନ୍ଧ୍ଧେନ୍ <br>ମ୍ଯାତ୍ଡ଼ାନ୍ ଥୋତ୍ତଥୁ ମ୍ଯଳ୍ଳିଗୈଯେ - ଉନ୍ <br>ୱାସମ୍ ଏନ୍ନୈ ଅଳୈକ୍କୁଧଦି! <br> <br> <br>ୱେଳିଗଲ୍ ଥଦୁପ୍ପଧୁ ଉଂମ୍ଯୈଯଦି - ଏନ୍ <br>ଆସୈଗଲ୍ ଥୁଦିପ୍ପଧୁମ୍ ଉଂମ୍ଯୈଯଦି <br>ୱେଳିଗଲ୍ ଥଦୁପ୍ପଧୁ ଉଂମ୍ଯୈଯଦି - ଏନ୍ <br>ଆସୈଗଲ୍ ଥୁଦିପ୍ପଧୁମ୍ ଉଂମ୍ଯୈଯଦି <br>ଉନ୍ନୈଥ୍ ଥୋଦୁୱଧୁ ସରିଧାନା? <br>ଉନ୍ନୈଥ୍ ଥୋଦୁୱଧୁ ସରିଧାନା? ଏନୁମ୍ <br>ପଯମ୍ଯୁମ୍ ପଯମ୍ଯୁମ୍ ଉଂମ୍ଯୈଯଦି... <br>ମ୍ଯାତ୍ଡ଼ାନ୍ ଥୋତ୍ତଥୁ ମ୍ଯଳ୍ଳିଗୈଯେ - ଉନ୍ <br>ୱାସମ୍ ଏନ୍ନୈ ଅଳୈକ୍କୁଧଦି! <br> <br>ଥୱଡ଼େନ ଉଳଗମ୍ଯେ ସୋନ୍ନାଳୁମ୍ - ଇଧୈ <br>ପିଳୈଯେନ ଆଂଦୱନ୍ କଂଦାଳୁମ୍ <br>ନରଗମ୍ଯେ ନିଚ୍ଚଯମ୍ ଏନ୍ଦ୍ଡ଼ାଳୁମ୍ - ଉନୈ <br>ଅଦୈନ୍ଧ୍ଧିଦଥ୍ ଥୱିଥିଦୁମ୍ ପାୱିଯଦି <br>ମ୍ଯାତ୍ଡ଼ାନ୍ ଥୋତ୍ତଥୁ ମ୍ଯଳ୍ଳିଗୈଯେ - ଉନ୍ <br>ୱାସମ୍ ଏନ୍ନୈ ଅଳୈକ୍କୁଧଦି!",
      "language" : {
        "name" : "Oriya",
        "code" : "or"
      }
    },
    {
      "data" : "म्आट्ड़ान तोटटतु म्अल्लिगैये - उन <br>वासम एननै अलैक्कुदडि! <br>म्आट्ड़ान तोटटतु म्अल्लिगैये - उन <br>वासम एननै अलैक्कुदडि! <br>उननै नेरुङ अडि वैताल - एनै <br>एदो पिननाल इलुक्कुदडि ... <br>म्आट्ड़ान तोटटतु म्अल्लिगैये - उन <br>वासम एननै अलैक्कुदडि! <br> <br> <br>तूरतिल इरुन्द धे रसितिरुन्द धेन -उन् <br>इदल्कऴिल ताने वसितिरुन्द धेन <br>तूरतिल इरुन्द धे रसितिरुन्द धेन -उन् <br>इदल्कऴिल ताने वसितिरुन्द धेन <br>तेनिल विलुन्द दु म्अयङ्गिडवे - एन <br>इदयम इदयम पसितिरुन्द धेन <br>म्आट्ड़ान तोटटतु म्अल्लिगैये - उन <br>वासम एननै अलैक्कुदडि! <br> <br> <br>वेलिगल तडुप्पदु उंम्ऐयडि - एन <br>आसैगल तुडिप्पदुम उंम्ऐयडि <br>वेलिगल तडुप्पदु उंम्ऐयडि - एन <br>आसैगल तुडिप्पदुम उंम्ऐयडि <br>उननैत तोडुवदु सरिदाना? <br>उननैत तोडुवदु सरिदाना? एनुम <br>पयम्उम पयम्उम उंम्ऐयडि... <br>म्आट्ड़ान तोटटतु म्अल्लिगैये - उन <br>वासम एननै अलैक्कुदडि! <br> <br>तवरेन उलगम्ए सोन्नालुम - इधै <br>पिलैयेन आंडवन कंडालुम <br>नरगम्ए निच्चयम एन्ड्ड़ालुम - उनै <br>अडैन्द दिडत तवितिडुम पावियडि <br>म्आट्ड़ान तोटटतु म्अल्लिगैये - उन <br>वासम एननै अलैक्कुदडि!",
      "language" : {
        "name" : "konkani",
        "code" : "ko"
      }
    }
  ],
  "mood" : {
    "slug" : "scared",
    "name" : "Scared"
  },
  "thumbnail" : "https:\/\/d1ua79hvv369a0.cloudfront.net\/reflection\/thumbnail\/03-May-2016\/maatraan_thoattathu_thumb.jpg",
  "language" : {
    "name" : "Tamil",
    "code" : "ta"
  },
  "slug" : "maatraan-thoattathu-malligaiyae",
  "info" : {
    "lyric_genres" : [
      {
        "name" : {
          "en" : "Romance",
          "hi" : "Romance",
          "te" : "Romance",
          "ta" : "காதல்"
        }
      }
    ],
    "thaalams" : [
      {
        "name" : {
          "en" : "4 beat cycle",
          "hi" : "4 beat cycle",
          "te" : "4 beat cycle",
          "ta" : "4 பீட் சைக்கிள்"
        }
      }
    ],
    "lyric_languages" : [
      {
        "name" : {
          "en" : "Tamil",
          "hi" : "Tamil",
          "te" : "Tamil",
          "ta" : "தமிழ்"
        }
      }
    ],
    "lyric_moods" : [
      {
        "name" : {
          "en" : "Scared",
          "hi" : "Scared",
          "te" : "Scared",
          "ta" : "பயம்"
        }
      }
    ],
    "music_genres" : [
      {
        "name" : {
          "en" : "Fusion",
          "hi" : "Fusion",
          "te" : "Fusion",
          "ta" : "கலவை"
        }
      }
    ],
    "best_seasons_to_listen" : [
      {
        "name" : {
          "en" : "All",
          "hi" : "All",
          "te" : "All",
          "ta" : "அனைத்தும்"
        }
      }
    ],
    "launch_date" : {
      "en" : "05\/05\/2016",
      "hi" : "05\/05\/2016",
      "te" : "05\/05\/2016",
      "ta" : "05\/05\/2016"
    },
    "lyric_styles" : [
      {
        "name" : {
          "en" : "Traditional",
          "hi" : "Traditional",
          "te" : "Traditional",
          "ta" : "செம்மொழி நடை"
        }
      }
    ],
    "best_time_to_listen" : [
      {
        "name" : {
          "en" : "Morning",
          "hi" : "Morning",
          "te" : "Morning",
          "ta" : "காலை"
        }
      },
      {
        "name" : {
          "en" : "Evening",
          "hi" : "Evening",
          "te" : "Evening",
          "ta" : "மாலை"
        }
      },
      {
        "name" : {
          "en" : "Night",
          "hi" : "Night",
          "te" : "Night",
          "ta" : "இரவு"
        }
      }
    ],
    "duration" : 4.35,
    "raagams" : [
      {
        "name" : {
          "en" : "Brindavana Saranga",
          "hi" : "Brindavana Saranga",
          "te" : "Brindavana Saranga",
          "ta" : "பிருந்தாவன் சாரங்கா"
        }
      }
    ],
    "instruments" : [
      {
        "name" : {
          "en" : "Piano",
          "hi" : "Piano",
          "te" : "Piano",
          "ta" : "பியானோ"
        }
      },
      {
        "name" : {
          "en" : "Rhythm",
          "hi" : "Rhythm",
          "te" : "Rhythm",
          "ta" : "ரிதம்"
        }
      }
    ]
  }
}