{
  "title" : {
    "en" : "Maya Nadhi",
    "hi" : "Maya Nadhi",
    "te" : "Maya Nadhi",
    "ta" : "மாய நதி"
  },
  "info" : {
    "lyric_languages" : [
      {
        "name" : {
          "en" : "Tamil",
          "hi" : "Tamil",
          "te" : "Tamil",
          "ta" : "தமிழ்"
        }
      }
    ],
    "instruments" : [
      {
        "name" : {
          "en" : "Acoustic Guitars",
          "hi" : "Acoustic Guitars",
          "te" : "Acoustic Guitars",
          "ta" : "அகௌஸ்டிக்கிட்டார்"
        }
      },
      {
        "name" : {
          "en" : "Flute",
          "hi" : "Flute",
          "te" : "Flute",
          "ta" : "புல்லாங்குழல்"
        }
      },
      {
        "name" : {
          "en" : "Slide Guitar",
          "hi" : "Slide Guitar",
          "te" : "Slide Guitar",
          "ta" : "சிலைடு கிட்டார்"
        }
      },
      {
        "name" : {
          "en" : "Bass",
          "hi" : "Bass",
          "te" : "Bass",
          "ta" : "பேஸ்"
        }
      },
      {
        "name" : {
          "en" : "Strings",
          "hi" : "Strings",
          "te" : "Strings",
          "ta" : "ஸ்டிரிங்"
        }
      }
    ],
    "thaalams" : [
      {
        "name" : {
          "en" : "Adi Taalam",
          "hi" : "Adi Taalam",
          "te" : "Adi Taalam",
          "ta" : "ஆதி தாளம்"
        }
      }
    ],
    "lyric_moods" : [
      {
        "name" : {
          "en" : "Tender",
          "hi" : "Tender",
          "te" : "Tender",
          "ta" : "மென்மை"
        }
      }
    ],
    "music_genres" : [
      {
        "name" : {
          "en" : "Ballad",
          "hi" : "Ballad",
          "te" : "Ballad",
          "ta" : "நாட்டுப்பாடல்"
        }
      }
    ],
    "best_seasons_to_listen" : [
      {
        "name" : {
          "en" : "Winter",
          "hi" : "Winter",
          "te" : "Winter",
          "ta" : "குளிர் காலம்"
        }
      },
      {
        "name" : {
          "en" : "Rain",
          "hi" : "Rain",
          "te" : "Rain",
          "ta" : "மழை காலம்"
        }
      }
    ],
    "duration" : 4.35,
    "lyric_styles" : [
      {
        "name" : {
          "en" : "Traditional",
          "hi" : "Traditional",
          "te" : "Traditional",
          "ta" : "செம்மொழி நடை"
        }
      }
    ],
    "lyric_genres" : [
      {
        "name" : {
          "en" : "Romance",
          "hi" : "Romance",
          "te" : "Romance",
          "ta" : "காதல்"
        }
      }
    ],
    "best_times_to_listen" : [
      {
        "name" : {
          "en" : "Evening",
          "hi" : "Evening",
          "te" : "Evening",
          "ta" : "மாலை"
        }
      },
      {
        "name" : {
          "en" : "Night",
          "hi" : "Night",
          "te" : "Night",
          "ta" : "இரவு"
        }
      }
    ],
    "launch_date" : {
      "en" : "12\/06\/2016",
      "hi" : "12\/06\/2016",
      "te" : "12\/06\/2016",
      "ta" : "12\/06\/2016"
    }
  },
  "active" : true,
  "credits" : {
    "audio_label" : [
      {
        "name" : {
          "en" : "Think Music",
          "hi" : "Think Music",
          "te" : "Think Music",
          "ta" : "திங்க் மியூசிக்"
        }
      }
    ],
    "producers" : [
      {
        "name" : {
          "en" : "Kalaippuli S.Thanu",
          "hi" : "Kalaippuli S.Thanu",
          "te" : "Kalaippuli S.Thanu",
          "ta" : "கலைப்புலி S.தானு"
        }
      }
    ],
    "backing_vocals" : [
      {
        "name" : {
          "en" : "Pradeep Kumar",
          "hi" : "Pradeep Kumar",
          "te" : "Pradeep Kumar",
          "ta" : " பிரதீப் குமார்"
        }
      },
      {
        "name" : {
          "en" : "Sanjana Kalmanje",
          "hi" : "Sanjana Kalmanje",
          "te" : "Sanjana Kalmanje",
          "ta" : "சஞ்சனா கல்மஞ்சி"
        }
      }
    ],
    "arranger" : [
      {
        "name" : {
          "en" : "RK Sundar",
          "hi" : "RK Sundar",
          "te" : "RK Sundar",
          "ta" : "RK சுந்தர்"
        }
      }
    ],
    "percussion_arranged_and_recorded" : [
      {
        "name" : {
          "en" : "RK Sundar",
          "hi" : "RK Sundar",
          "te" : "RK Sundar",
          "ta" : "RK சுந்தர்"
        }
      }
    ],
    "composers" : [
      {
        "name" : {
          "en" : "Santhosh Narayanan",
          "hi" : "Santhosh Narayanan",
          "te" : "Santhosh Narayanan",
          "ta" : "சந்தோஷ் நாராயணன்"
        }
      }
    ],
    "strings_arranged" : [
      {
        "name" : {
          "en" : "Pradeep Kumar",
          "hi" : "Pradeep Kumar",
          "te" : "Pradeep Kumar",
          "ta" : "பிரதீப் குமார்"
        }
      }
    ],
    "lyricists" : [
      {
        "name" : {
          "en" : "Uma Devi",
          "hi" : "Uma Devi",
          "te" : "Uma Devi",
          "ta" : "உமா தேவி"
        }
      }
    ],
    "strings_conducted" : [
      {
        "name" : {
          "en" : "Oleg",
          "hi" : "Oleg",
          "te" : "Oleg",
          "ta" : "ஓலெக்"
        }
      }
    ],
    "singers" : [
      {
        "name" : {
          "en" : "Ananthu",
          "hi" : "Ananthu",
          "te" : "Ananthu",
          "ta" : "அனந்து"
        }
      },
      {
        "name" : {
          "en" : "Pradeep Kumar",
          "hi" : "Pradeep Kumar",
          "te" : "Pradeep Kumar",
          "ta" : "பிரதீப் குமார்"
        }
      },
      {
        "name" : {
          "en" : "Swetha Mohan",
          "hi" : "Swetha Mohan",
          "te" : "Swetha Mohan",
          "ta" : "சுவேதா மோகன்"
        }
      }
    ]
  },
  "published_on" : "2016-06-12T12:30:00.000Z",
  "description" : {
    "en" : "Maya Nadhi is a soothing and relaxing song about the understated beauty of relationships. With gripping vocals and philosophically poetic lyrics, this song is likeable from the very first listen.",
    "hi" : "Maya Nadhi is a soothing and relaxing song about the understated beauty of relationships. With gripping vocals and philosophically poetic lyrics, this song is likeable from the very first listen.",
    "te" : "Maya Nadhi is a soothing and relaxing song about the understated beauty of relationships. With gripping vocals and philosophically poetic lyrics, this song is likeable from the very first listen.",
    "ta" : "உறவுகளின் அழகு, போதுமான அளவு பேசப்படுகிறதா என்ன? அதைதான் இந்தப் பாடல் பேசுகிறது, மனத்துக்கு இதமான இப்பாடலின் குரல்களும் தத்துவம் கலந்த கவிதை வரிகளும் ஒரே ஒருமுறை கேட்டவுடன் நம்மைக் கவர்ந்துவிடுகின்றன."
  },
  "poster" : "https:\/\/d1ua79hvv369a0.cloudfront.net\/reflection\/poster\/June\/12\/maya-nadhi-poster.jpg",
  "album" : {
    "title" : {
      "en" : "Kabali",
      "hi" : "Kabali",
      "te" : "Kabali",
      "ta" : "Kabali"
    },
    "id" : "63"
  },
  "musics" : [
    {
      "players" : [
        {
          "name" : {
            "en" : "Keba Jermiah",
            "hi" : "Keba Jermiah",
            "te" : "Keba Jermiah",
            "ta" : "கீபா ஜெர்மியா"
          }
        }
      ],
      "instrument" : {
        "name" : {
          "name" : {
            "en" : "Acoustic Guitars",
            "hi" : "Acoustic Guitars",
            "te" : "Acoustic Guitars",
            "ta" : "அக்கௌஸ்டிக் கிட்டார்ஸ்"
          }
        }
      }
    },
    {
      "players" : [
        {
          "name" : {
            "en" : "Vishnu Vijay",
            "hi" : "Vishnu Vijay",
            "te" : "Vishnu Vijay",
            "ta" : "விஷ்ணு விஜய்"
          }
        }
      ],
      "instrument" : {
        "name" : {
          "name" : {
            "en" : "Flute",
            "hi" : "Flute",
            "te" : "Flute",
            "ta" : "புல்லாங்குழல்"
          }
        }
      }
    },
    {
      "players" : [
        {
          "name" : {
            "en" : "Pradeep Kumar",
            "hi" : "Pradeep Kumar",
            "te" : "Pradeep Kumar",
            "ta" : "பிரதீப் குமார்"
          }
        }
      ],
      "instrument" : {
        "name" : {
          "name" : {
            "en" : "Slide Guitar",
            "hi" : "Slide Guitar",
            "te" : "Slide Guitar",
            "ta" : "ஸ்லைட் கிட்டார்"
          }
        }
      }
    },
    {
      "players" : [
        {
          "name" : {
            "en" : "Naveen",
            "hi" : "Naveen",
            "te" : "Naveen",
            "ta" : "நவீன்"
          }
        }
      ],
      "instrument" : {
        "name" : {
          "name" : {
            "en" : "Bass",
            "hi" : "Bass",
            "te" : "Bass",
            "ta" : "பேஸ்"
          }
        }
      }
    },
    {
      "players" : [
        {
          "name" : {
            "en" : "Macedonian Radio Symphonic Orchestra",
            "hi" : "Macedonian Radio Symphonic Orchestra",
            "te" : "Macedonian Radio Symphonic Orchestra",
            "ta" : "மெசிடோனியன் ரேடியோ சிம்போனிக் ஆர்கெஸ்ட்ரா"
          }
        }
      ],
      "instrument" : {
        "name" : {
          "name" : {
            "en" : "Strings",
            "hi" : "Strings",
            "te" : "Strings",
            "ta" : "ஸ்ட்ரிங்ஸ்"
          }
        }
      }
    }
  ],
  "critics" : [
    {
      "review" : {
        "instrument" : {
          "comment" : {
            "en" : "Essentially trendy, modern and at the same time retains the melody",
            "hi" : "Essentially trendy, modern and at the same time retains the melody",
            "te" : "Essentially trendy, modern and at the same time retains the melody",
            "ta" : "Essentially trendy, modern and at the same time retains the melody"
          },
          "score" : 12
        },
        "overall" : {
          "comment" : {
            "en" : "Breezy Ballad!",
            "hi" : "Breezy Ballad!",
            "te" : "Breezy Ballad!",
            "ta" : "Breezy Ballad!"
          },
          "score" : 12
        },
        "vocal" : {
          "comment" : {
            "en" : "Soft, velvety and gripping vocals with unique tinge of trend.",
            "hi" : "Soft, velvety and gripping vocals with unique tinge of trend.",
            "te" : "Soft, velvety and gripping vocals with unique tinge of trend.",
            "ta" : "Breezy, soothing and relaxing tune with right changeovers."
          },
          "score" : 12
        },
        "tune" : {
          "comment" : {
            "en" : "Breezy, soothing and relaxing tune with right changeovers.",
            "hi" : "Breezy, soothing and relaxing tune with right changeovers.",
            "te" : "Breezy, soothing and relaxing tune with right changeovers.",
            "ta" : "Breezy, soothing and relaxing tune with right changeovers."
          },
          "score" : 12
        },
        "lyric" : {
          "comment" : {
            "en" : "Swift lyrics with nice usage of poetic words",
            "hi" : "Swift lyrics with nice usage of poetic words",
            "te" : "Swift lyrics with nice usage of poetic words",
            "ta" : "Swift lyrics with nice usage of poetic words"
          },
          "score" : 12
        }
      },
      "author" : {
        "name" : "Durga",
        "image" : "https:\/\/d1ua79hvv369a0.cloudfront.net\/reflection\/critic\/critic-durga.png"
      },
      "rating" : 12
    },
    {
      "review" : {
        "instrument" : {
          "comment" : {
            "en" : "The guitar work all through the track is elegant with a constant loop running in the background. The brief segment with the violins is typical of Santhosh Narayanan. The rhythm suits the sedate nature of the track.",
            "hi" : "The guitar work all through the track is elegant with a constant loop running in the background. The brief segment with the violins is typical of Santhosh Narayanan. The rhythm suits the sedate nature of the track.",
            "te" : "The guitar work all through the track is elegant with a constant loop running in the background. The brief segment with the violins is typical of Santhosh Narayanan. The rhythm suits the sedate nature of the track.",
            "ta" : "The guitar work all through the track is elegant with a constant loop running in the background. The brief segment with the violins is typical of Santhosh Narayanan. The rhythm suits the sedate nature of the track."
          },
          "score" : 10
        },
        "overall" : {
          "comment" : {
            "en" : "Overall Comments : Bound to generate celebratory scenes in cinema halls with its energy and the Superstar screen presence.",
            "hi" : "Overall Comments : Bound to generate celebratory scenes in cinema halls with its energy and the Superstar screen presence.",
            "te" : "Overall Comments : Bound to generate celebratory scenes in cinema halls with its energy and the Superstar screen presence.",
            "ta" : "Overall Comments : Bound to generate celebratory scenes in cinema halls with its energy and the Superstar screen presence."
          },
          "score" : 10
        },
        "vocal" : {
          "comment" : {
            "en" : "All the three singers live up to the task, delivering fine vocal performances. Nuanced and totally in harmony.",
            "hi" : "All the three singers live up to the task, delivering fine vocal performances. Nuanced and totally in harmony.",
            "te" : "All the three singers live up to the task, delivering fine vocal performances. Nuanced and totally in harmony.",
            "ta" : "A mature melody track on relationships. Sure to grow on you right from the first listening."
          },
          "score" : 10
        },
        "tune" : {
          "comment" : {
            "en" : "A mature melody track on relationships. Sure to grow on you right from the first listening.",
            "hi" : "A mature melody track on relationships. Sure to grow on you right from the first listening.",
            "te" : "A mature melody track on relationships. Sure to grow on you right from the first listening.",
            "ta" : "A mature melody track on relationships. Sure to grow on you right from the first listening."
          },
          "score" : 10
        },
        "lyric" : {
          "comment" : {
            "en" : "The lines are rich in lyrical quality and they encompass philosophy, relationships and love.",
            "hi" : "The lines are rich in lyrical quality and they encompass philosophy, relationships and love.",
            "te" : "The lines are rich in lyrical quality and they encompass philosophy, relationships and love.",
            "ta" : "The lines are rich in lyrical quality and they encompass philosophy, relationships and love."
          },
          "score" : 10
        }
      },
      "author" : {
        "name" : "Kaushik",
        "image" : "https:\/\/d1ua79hvv369a0.cloudfront.net\/reflection\/critic\/Kaushik-200x200.jpg"
      },
      "rating" : 10
    },
    {
      "review" : {
        "instrument" : {
          "comment" : {
            "en" : "The introduction of the acoustic guitar adds spark to the song. The arrangements are pleasant and gel well with the base tune.",
            "hi" : "The introduction of the acoustic guitar adds spark to the song. The arrangements are pleasant and gel well with the base tune.",
            "te" : "The introduction of the acoustic guitar adds spark to the song. The arrangements are pleasant and gel well with the base tune.",
            "ta" : "The introduction of the acoustic guitar adds spark to the song. The arrangements are pleasant and gel well with the base tune."
          },
          "score" : 9
        },
        "overall" : {
          "comment" : {
            "en" : "A melodious track that is typical of the composer's earlier works.",
            "hi" : "A melodious track that is typical of the composer's earlier works.",
            "te" : "A melodious track that is typical of the composer's earlier works.",
            "ta" : "A melodious track that is typical of the composer's earlier works."
          },
          "score" : 9
        },
        "vocal" : {
          "comment" : {
            "en" : "Well-rendered with the right emotions required for the track",
            "hi" : "Well-rendered with the right emotions required for the track",
            "te" : "Well-rendered with the right emotions required for the track",
            "ta" : "Melodious tune and meanders well to melt the hearts of the listener"
          },
          "score" : 9
        },
        "tune" : {
          "comment" : {
            "en" : "Melodious tune and meanders well to melt the hearts of the listener",
            "hi" : "Melodious tune and meanders well to melt the hearts of the listener",
            "te" : "Melodious tune and meanders well to melt the hearts of the listener",
            "ta" : "Melodious tune and meanders well to melt the hearts of the listener"
          },
          "score" : 9
        },
        "lyric" : {
          "comment" : {
            "en" : "Goes hand-in-hand with the base tune and enables the listener to visualize the situation on hearing",
            "hi" : "Goes hand-in-hand with the base tune and enables the listener to visualize the situation on hearing",
            "te" : "Goes hand-in-hand with the base tune and enables the listener to visualize the situation on hearing",
            "ta" : "Goes hand-in-hand with the base tune and enables the listener to visualize the situation on hearing"
          },
          "score" : 9
        }
      },
      "author" : {
        "name" : "Ashok",
        "image" : "https:\/\/d1ua79hvv369a0.cloudfront.net\/reflection\/critic\/Ashok_thumb.png"
      },
      "rating" : 9
    },
    {
      "review" : {
        "instrument" : {
          "comment" : {
            "en" : "Brilliant guitar backing by Keba Jeremiah, even more impressive strings by Macedonian Radio Symphonic Orchestra",
            "hi" : "Brilliant guitar backing by Keba Jeremiah, even more impressive strings by Macedonian Radio Symphonic Orchestra",
            "te" : "Brilliant guitar backing by Keba Jeremiah, even more impressive strings by Macedonian Radio Symphonic Orchestra",
            "ta" : "Brilliant guitar backing by Keba Jeremiah, even more impressive strings by Macedonian Radio Symphonic Orchestra"
          },
          "score" : 13
        },
        "overall" : {
          "comment" : {
            "en" : "Santhosh at his melodic best",
            "hi" : "Santhosh at his melodic best",
            "te" : "Santhosh at his melodic best",
            "ta" : "Santhosh at his melodic best"
          },
          "score" : 12.75
        },
        "vocal" : {
          "comment" : {
            "en" : "Fantastic vocals by Pradeep and Swetha Mohan, offering a pleasant conversation!",
            "hi" : "Fantastic vocals by Pradeep and Swetha Mohan, offering a pleasant conversation!",
            "te" : "Fantastic vocals by Pradeep and Swetha Mohan, offering a pleasant conversation!",
            "ta" : "Trademark Santhosh tune that takes wonderfully unusual turns"
          },
          "score" : 12
        },
        "tune" : {
          "comment" : {
            "en" : "Trademark Santhosh tune that takes wonderfully unusual turns",
            "hi" : "Trademark Santhosh tune that takes wonderfully unusual turns",
            "te" : "Trademark Santhosh tune that takes wonderfully unusual turns",
            "ta" : "Trademark Santhosh tune that takes wonderfully unusual turns"
          },
          "score" : 13
        },
        "lyric" : {
          "comment" : {
            "en" : "Uma Devi’s imaginative lyrics cover a gamut of emotions of finding love after the expected period in life – ‘thooya narayilum kaadhal malarudhey!’",
            "hi" : "Uma Devi’s imaginative lyrics cover a gamut of emotions of finding love after the expected period in life – ‘thooya narayilum kaadhal malarudhey!’",
            "te" : "Uma Devi’s imaginative lyrics cover a gamut of emotions of finding love after the expected period in life – ‘thooya narayilum kaadhal malarudhey!’",
            "ta" : "Uma Devi’s imaginative lyrics cover a gamut of emotions of finding love after the expected period in life – ‘thooya narayilum kaadhal malarudhey!’"
          },
          "score" : 13
        }
      },
      "author" : {
        "name" : "Karthik",
        "image" : "https:\/\/d1ua79hvv369a0.cloudfront.net\/reflection\/critic\/critic-karthik.png"
      },
      "rating" : 12.75
    }
  ],
  "type" : {
    "slug" : "independent-music",
    "name" : "Independent Music"
  },
  "lyrics" : [
    {
      "data" : "The heart is turning colourful,<br>with many colours<br>With the increase of joy, <br>the eyes are brimming with tears<br><br>I was in despair<br>Until I saw you...<br>I wandered across nations all alone,<br>To see you..<br><br>A thousand million times<br>I died every day<br>I spirited myself, <br>In the time we stayed away <br><br>There’s a magical river<br>That’s gushing at chest<br>Even at the age of genuine grizzling<br>Love, is blossoming at its best<br><br>There’s a magical river<br>That’s gushing at chest<br>Even at the age of genuine grizzling<br>Love, is blossoming at its best<br><br>Like fishes left in water,<br>I lost my relationship<br>Even when you were there<br>I attained a hermit’s chair <br><br>Oh darkness that flowers dawn,<br>Become my life’s definition<br>As pain that relieves pain,<br>Come and give me your affection<br><br>There’s a magical river<br>That’s gushing at chest<br>Even at the age of genuine grizzling<br>Love, is blossoming at its best<br><br>Elephant’s potency, <br>Will be achieved in this intimacy<br>Life seems to resume<br>From the path it got lost in gloom...<br><br>I possessed an army<br>That could rule over nations<br>To the warrior called time<br>I lost my flag regime<br><br>Like rain water soaking on mud<br>Come fall on my lap, come<br>Like water gushing out of dam,<br>Come cry on my chest, come<br><br>There’s a magical river<br>That’s gushing at chest<br>Even at the age of genuine grizzling<br>Love, is blossoming at its best<br><br>Elephant’s potency, <br>Will be achieved in this intimacy<br>Life seems to resume<br>From the path it got lost in gloom...",
      "language" : {
        "name" : "English",
        "code" : "en"
      }
    },
    {
      "data" : "நெஞ்சமெல்லாம் <br>வண்ணம் பல வண்ணம் ஆகுதே<br>கண்களெல்லாம்<br>இன்பம் கூடி கண்ணீர் ஆகுதே<br><br>நானுன்னைக் காணும் வரையில்<br>தாபத நிலையே…<br>தேசங்கள் திரிந்தேன் தனியே தனியே<br><br>ஆயிரம் கோடி முறை<br>நான் தினம் இறந்தேன்<br>நானென்னை உயிர்த்தேன் பிரிவில் பிரிவில்<br><br>மாய நதி இன்று<br>மார்பில் வழியுதே<br>தூய நரையிலும்<br>காதல் மலருதே<br><br>மாய நதி இன்று<br>மார்பில் வழியுதே<br>தூய நரையிலும்<br>காதல் மலருதே<br><br>நீர் வழியே மீன்களைப் போல்<br>என் உறவை நானிழந்தேன்<br>நீ இருந்தும் நீ இருந்தும்<br>ஒரு துறவை நானடைந்தேன்<br><br>ஒளி பூக்கும் இருளே<br>வாழ்வின் பொருளாகி<br>வலி தீர்க்கும் வலியாய்<br>வாஞ்சை தரவா<br><br>மாய நதி இன்று<br>மார்பில் வழியுதே<br>தூய நரையிலும்<br>காதல் மலருதே<br><br>யானை பலமிங்கே<br>சேரும் உறவிலே<br>போன வழியிலே<br>வாழ்க்கை திரும்புதே…<br><br>தேசமெல்லாம் ஆளுகின்ற <br>ஒரு படையை நானடைந்தேன்<br>காலமென்னும் வீரனிடம்<br>என் கொடியை நானிழந்தேன்<br><br>மணலூறும் மழையாய்<br>மடி மீது விழவா வா<br>அணை மீறும் புனலாய்<br>மார்சாய்ந்து அழவா<br><br>மாய நதி இன்று<br>மார்பில் வழியுதே<br>தூய நரையிலும்…<br>காதல் மலருதே<br><br>யானை பலமிங்கே<br>சேரும் உறவிலே<br>போன வழியிலே<br>வாழ்க்கை திரும்புதே…",
      "language" : {
        "name" : "Tamil",
        "code" : "ta"
      }
    }
  ],
  "id" : "74",
  "phonetic_lyrics" : [
    {
      "data" : "nenjamellaam <br>vaNNam pala vaNNam aagudhae<br>kaNkaLellaam<br>inpam koodi kaNNeer aagudhae<br><br>naanunnaik kaaNum varaiyil<br>thaabadha nilaiyae…<br>thaesangaL thirindhdhaen thaniyae thaniyae<br><br>aayiram koadi muRai<br>naan thinam iRandhdhaen<br>naanennai uyirthaen pirivil pirivil<br><br>maaya nadhi indRu<br>maarpil vazhiyudhae<br>thooya naraiyilum<br>kaadhal malarudhae<br><br>maaya nadhi indRu<br>maarpil vazhiyudhae<br>thooya naraiyilum<br>kaadhal malarudhae<br><br>neer vazhiyae meengaLaip poal<br>en uRavai naanizhandhdhaen<br>nee irundhdhum nee irundhdhum<br>oru thuRavai naanadaindhdhaen<br><br>oLi pookkum iruLae<br>vaazhvin poruLaagi<br>vali theerkkum valiyaay<br>vaanjjai tharavaa<br><br>maaya nadhi indRu<br>maarpil vazhiyudhae<br>thooya naraiyilum<br>kaadhal malarudhae<br><br>yaanai palaminggae<br>chaerum uRavilae<br>poana vazhiyilae<br>vaazhkkai thirumpudhae…<br><br>thaesamellaam aaLugindRa <br>oru padaiyai naanadaindhdhaen<br>kaalamennum veeranidam<br>en kodiyai naanizhandhdhaen<br><br>maNalooRum mazhaiyaay<br>madi meedhu vizhavaa vaa<br>aNai meeRum punalaay<br>maarchaayndhdhu azhavaa<br><br>maaya nadhi indRu<br>maarpil vazhiyudhae<br>thooya naraiyilum…<br>kaadhal malarudhae<br><br>yaanai palaminggae<br>chaerum uRavilae<br>poana vazhiyilae<br>vaazhkkai thirumpudhae…",
      "language" : {
        "name" : "English",
        "code" : "en"
      }
    },
    {
      "data" : "நெஞ்சமெல்லாம் <br>வண்ணம் பல வண்ணம் ஆகுதே<br>கண்களெல்லாம்<br>இன்பம் கூடி கண்ணீர் ஆகுதே<br><br>நானுன்னைக் காணும் வரையில்<br>தாபத நிலையே…<br>தேசங்கள் திரிந்தேன் தனியே தனியே<br><br>ஆயிரம் கோடி முறை<br>நான் தினம் இறந்தேன்<br>நானென்னை உயிர்த்தேன் பிரிவில் பிரிவில்<br><br>மாய நதி இன்று<br>மார்பில் வழியுதே<br>தூய நரையிலும்<br>காதல் மலருதே<br><br>மாய நதி இன்று<br>மார்பில் வழியுதே<br>தூய நரையிலும்<br>காதல் மலருதே<br><br>நீர் வழியே மீன்களைப் போல்<br>என் உறவை நானிழந்தேன்<br>நீ இருந்தும் நீ இருந்தும்<br>ஒரு துறவை நானடைந்தேன்<br><br>ஒளி பூக்கும் இருளே<br>வாழ்வின் பொருளாகி<br>வலி தீர்க்கும் வலியாய்<br>வாஞ்சை தரவா<br><br>மாய நதி இன்று<br>மார்பில் வழியுதே<br>தூய நரையிலும்<br>காதல் மலருதே<br><br>யானை பலமிங்கே<br>சேரும் உறவிலே<br>போன வழியிலே<br>வாழ்க்கை திரும்புதே…<br><br>தேசமெல்லாம் ஆளுகின்ற <br>ஒரு படையை நானடைந்தேன்<br>காலமென்னும் வீரனிடம்<br>என் கொடியை நானிழந்தேன்<br><br>மணலூறும் மழையாய்<br>மடி மீது விழவா வா<br>அணை மீறும் புனலாய்<br>மார்சாய்ந்து அழவா<br><br>மாய நதி இன்று<br>மார்பில் வழியுதே<br>தூய நரையிலும்…<br>காதல் மலருதே<br><br>யானை பலமிங்கே<br>சேரும் உறவிலே<br>போன வழியிலே<br>வாழ்க்கை திரும்புதே…",
      "language" : {
        "name" : "Tamil",
        "code" : "ta"
      }
    },
    {
      "data" : "नेञम्एल्लाम <br>वंणम पल वंणम आगुधे <br>कंकऴेल्लाम <br>इनपम कूडि कंणीर आगुधे <br> <br>नानुन्नैक कांउम वरैयिल <br>ताबद निलैये… <br>तेसङल तिरिन्द धेन तनिये तनिये <br> <br>आयिरम कोडि म्उड़ै <br>नान तिनम इड़न्द धेन <br>नानेननै उयिर्तेन पिरिविल पिरिविल <br> <br>म्आय नदि इनडड़ु <br>म्आर्पिल वलियुधे <br>तूय नरैयिलुम <br>कादल म्अलरुधे <br> <br>म्आय नदि इनडड़ु <br>म्आर्पिल वलियुधे <br>तूय नरैयिलुम <br>कादल म्अलरुधे <br> <br>नीर वलिये म्ईङळैप पोल <br>एन उड़वै नानिलन्द धेन <br>नी इरुन्द दुम नी इरुन्द दुम <br>ओरु तुड़वै नानडैन्द धेन <br> <br>ओऴि पूककुम इरुऴे <br>वाल्विन पोरुऴागि <br>वलि तीर्क्कुम वलियाय <br>वाञजै तरवा <br> <br>म्आय नदि इनडड़ु <br>म्आर्पिल वलियुधे <br>तूय नरैयिलुम <br>कादल म्अलरुधे <br> <br>यानै पलम्इङ्गे <br>सेरुम उड़विले <br>पोन वलियिले <br>वाल्ककै तिरुम्पुधे… <br> <br>तेसम्एल्लाम आळुगिन्ड्ड़ <br>ओरु पडैयै नानडैन्द धेन <br>कालम्एन्नुम वीरनिडम <br>एन कोडियै नानिलन्द धेन <br> <br>म्अंअलूड़ुम म्अलैयाय <br>म्अडि म्ईदु विलवा वा <br>अंऐ म्ईड़ुम पुनलाय <br>म्आर्चाय्न्द दु अलवा <br> <br>म्आय नदि इनडड़ु <br>म्आर्पिल वलियुधे <br>तूय नरैयिलुम… <br>कादल म्अलरुधे <br> <br>यानै पलम्इङ्गे <br>सेरुम उड़विले <br>पोन वलियिले <br>वाल्ककै तिरुम्पुधे…",
      "language" : {
        "name" : "Hindi",
        "code" : "hi"
      }
    },
    {
      "data" : "నెఞమ్యెల్లామ్ <br>వంణమ్ పల వంణమ్ ఆగుధే <br>కంకళెల్లామ్ <br>ఇన్పమ్ కూది కంణీర్ ఆగుధే <br> <br>నానున్నైక్ కాంయుమ్ వరైయిల్ <br>థాబధ నిలైయే… <br>థేసఙళ్ థిరిన్ధ్ధేన్ థనియే థనియే <br> <br>ఆయిరమ్ కోది మ్యుఱై <br>నాన్ థినమ్ ఇఱన్ధ్ధేన్ <br>నానెన్నై ఉయిర్థేన్ పిరివిల్ పిరివిల్ <br> <br>మ్యాయ నధి ఇన్ద్ఱు <br>మ్యార్పిల్ వలియుధే <br>థూయ నరైయిలుమ్ <br>కాధల్ మ్యలరుధే <br> <br>మ్యాయ నధి ఇన్ద్ఱు <br>మ్యార్పిల్ వలియుధే <br>థూయ నరైయిలుమ్ <br>కాధల్ మ్యలరుధే <br> <br>నెర్ వలియే మ్యీఙళైప్ పోల్ <br>ఎన్ ఉఱవై నానిలన్ధ్ధేన్ <br>నె ఇరున్ధ్ధుమ్ నె ఇరున్ధ్ధుమ్ <br>ఒరు థుఱవై నానదైన్ధ్ధేన్ <br> <br>ఒళి పూక్కుమ్ ఇరుళే <br>వాల్విన్ పొరుళాగి <br>వలి థీర్క్కుమ్ వలియాయ్ <br>వాఞ్జై థరవా <br> <br>మ్యాయ నధి ఇన్ద్ఱు <br>మ్యార్పిల్ వలియుధే <br>థూయ నరైయిలుమ్ <br>కాధల్ మ్యలరుధే <br> <br>యానై పలమ్యిఙ్గే <br>సేరుమ్ ఉఱవిలే <br>పోన వలియిలే <br>వాల్క్కై థిరుమ్పుధే… <br> <br>థేసమ్యెల్లామ్ ఆళుగిన్ద్ఱ <br>ఒరు పదైయై నానదైన్ధ్ధేన్ <br>కాలమ్యెన్నుమ్ వీరనిదమ్ <br>ఎన్ కొదియై నానిలన్ధ్ధేన్ <br> <br>మ్అంయలూఱుమ్ మ్యలైయాయ్ <br>మ్యది మ్యీధు విలవా వా <br>అంయై మ్యీఱుమ్ పునలాయ్ <br>మ్యార్ఛాయ్న్ధ్ధు అలవా <br> <br>మ్యాయ నధి ఇన్ద్ఱు <br>మ్యార్పిల్ వలియుధే <br>థూయ నరైయిలుమ్… <br>కాధల్ మ్యలరుధే <br> <br>యానై పలమ్యిఙ్గే <br>సేరుమ్ ఉఱవిలే <br>పోన వలియిలే <br>వాల్క్కై థిరుమ్పుధే…",
      "language" : {
        "name" : "Telugu",
        "code" : "te"
      }
    },
    {
      "data" : "നെഞമ്യെല്ലാമ് <br>വംണമ് പല വംണമ് ആഗുധേ <br>കംകളെല്ലാമ് <br>ഇന്പമ് കൂദി കംണീര് ആഗുധേ <br> <br>നാനുന്നൈക് കാംയുമ് വരൈയില് <br>ഥാബധ നിലൈയേ… <br>ഥേസങള് ഥിരിന്ധ്ധേന് ഥനിയേ ഥനിയേ <br> <br>ആയിരമ് കോദി മ്യുറൈ <br>നാന് ഥിനമ് ഇറന്ധ്ധേന് <br>നാനെന്നൈ ഉയിര്ഥേന് പിരിവില് പിരിവില് <br> <br>മ്യായ നധി ഇന്ദ്റു <br>മ്യാര്പില് വഴിയുധേ <br>ഥൂയ നരൈയിലുമ് <br>കാധല് മ്യലരുധേ <br> <br>മ്യായ നധി ഇന്ദ്റു <br>മ്യാര്പില് വഴിയുധേ <br>ഥൂയ നരൈയിലുമ് <br>കാധല് മ്യലരുധേ <br> <br>നീര് വഴിയേ മ്യീങളൈപ് പോല് <br>എന് ഉറവൈ നാനിഴന്ധ്ധേന് <br>നീ ഇരുന്ധ്ധുമ് നീ ഇരുന്ധ്ധുമ് <br>ഒരു ഥുറവൈ നാനദൈന്ധ്ധേന് <br> <br>ഒളി പൂക്കുമ് ഇരുളേ <br>വാഴ്വിന് പൊരുളാഗി <br>വലി ഥീര്ക്കുമ് വലിയായ് <br>വാഞ്ജൈ ഥരവാ <br> <br>മ്യായ നധി ഇന്ദ്റു <br>മ്യാര്പില് വഴിയുധേ <br>ഥൂയ നരൈയിലുമ് <br>കാധല് മ്യലരുധേ <br> <br>യാനൈ പലമ്യിങ്ഗേ <br>സേരുമ് ഉറവിലേ <br>പോന വഴിയിലേ <br>വാഴ്ക്കൈ ഥിരുമ്പുധേ… <br> <br>ഥേസമ്യെല്ലാമ് ആളുഗിന്ദ്റ <br>ഒരു പദൈയൈ നാനദൈന്ധ്ധേന് <br>കാലമ്യെന്നുമ് വീരനിദമ് <br>എന് കൊദിയൈ നാനിഴന്ധ്ധേന് <br> <br>മ്അംയലൂറുമ് മ്യഴൈയായ് <br>മ്യദി മ്യീധു വിഴവാ വാ <br>അംയൈ മ്യീറുമ് പുനലായ് <br>മ്യാര്ചായ്ന്ധ്ധു അഴവാ <br> <br>മ്യായ നധി ഇന്ദ്റു <br>മ്യാര്പില് വഴിയുധേ <br>ഥൂയ നരൈയിലുമ്… <br>കാധല് മ്യലരുധേ <br> <br>യാനൈ പലമ്യിങ്ഗേ <br>സേരുമ് ഉറവിലേ <br>പോന വഴിയിലേ <br>വാഴ്ക്കൈ ഥിരുമ്പുധേ…",
      "language" : {
        "name" : "Malayalam",
        "code" : "ml"
      }
    },
    {
      "data" : "ನೆಞಮ್ಯೆಲ್ಲಾಮ್ <br>ವಂಣಮ್ ಪಲ ವಂಣಮ್ ಆಗುಧೇ <br>ಕಂಕಳೆಲ್ಲಾಮ್ <br>ಇನ್ಪಮ್ ಕೂದಿ ಕಂಣೀರ್ ಆಗುಧೇ <br> <br>ನಾನುನ್ನೈಕ್ ಕಾಂಯುಮ್ ವರೈಯಿಲ್ <br>ಥಾಬಧ ನಿಲೈಯೇ… <br>ಥೇಸಙಳ್ ಥಿರಿನ್ಧ್ಧೇನ್ ಥನಿಯೇ ಥನಿಯೇ <br> <br>ಆಯಿರಮ್ ಕೋದಿ ಮ್ಯುರೈ <br>ನಾನ್ ಥಿನಮ್ ಇರನ್ಧ್ಧೇನ್ <br>ನಾನೆನ್ನೈ ಉಯಿರ್ಥೇನ್ ಪಿರಿವಿಲ್ ಪಿರಿವಿಲ್ <br> <br>ಮ್ಯಾಯ ನಧಿ ಇನ್ದ್ರು <br>ಮ್ಯಾರ್ಪಿಲ್ ವಲಿಯುಧೇ <br>ಥೂಯ ನರೈಯಿಲುಮ್ <br>ಕಾಧಲ್ ಮ್ಯಲರುಧೇ <br> <br>ಮ್ಯಾಯ ನಧಿ ಇನ್ದ್ರು <br>ಮ್ಯಾರ್ಪಿಲ್ ವಲಿಯುಧೇ <br>ಥೂಯ ನರೈಯಿಲುಮ್ <br>ಕಾಧಲ್ ಮ್ಯಲರುಧೇ <br> <br>ನೀರ್ ವಲಿಯೇ ಮ್ಯೀಙಳೈಪ್ ಪೋಲ್ <br>ಎನ್ ಉರವೈ ನಾನಿಲನ್ಧ್ಧೇನ್ <br>ನೀ ಇರುನ್ಧ್ಧುಮ್ ನೀ ಇರುನ್ಧ್ಧುಮ್ <br>ಒರು ಥುರವೈ ನಾನದೈನ್ಧ್ಧೇನ್ <br> <br>ಒಳಿ ಪೂಕ್ಕುಮ್ ಇರುಳೇ <br>ವಾಲ್ವಿನ್ ಪೊರುಳಾಗಿ <br>ವಲಿ ಥೀರ್ಕ್ಕುಮ್ ವಲಿಯಾಯ್ <br>ವಾಞ್ಜೈ ಥರವಾ <br> <br>ಮ್ಯಾಯ ನಧಿ ಇನ್ದ್ರು <br>ಮ್ಯಾರ್ಪಿಲ್ ವಲಿಯುಧೇ <br>ಥೂಯ ನರೈಯಿಲುಮ್ <br>ಕಾಧಲ್ ಮ್ಯಲರುಧೇ <br> <br>ಯಾನೈ ಪಲಮ್ಯಿಙ್ಗೇ <br>ಸೇರುಮ್ ಉರವಿಲೇ <br>ಪೋನ ವಲಿಯಿಲೇ <br>ವಾಲ್ಕ್ಕೈ ಥಿರುಮ್ಪುಧೇ… <br> <br>ಥೇಸಮ್ಯೆಲ್ಲಾಮ್ ಆಳುಗಿನ್ದ್ರ <br>ಒರು ಪದೈಯೈ ನಾನದೈನ್ಧ್ಧೇನ್ <br>ಕಾಲಮ್ಯೆನ್ನುಮ್ ವೀರನಿದಮ್ <br>ಎನ್ ಕೊದಿಯೈ ನಾನಿಲನ್ಧ್ಧೇನ್ <br> <br>ಮ್ಅಂಯಲೂರುಮ್ ಮ್ಯಲೈಯಾಯ್ <br>ಮ್ಯದಿ ಮ್ಯೀಧು ವಿಲವಾ ವಾ <br>ಅಂಯೈ ಮ್ಯೀರುಮ್ ಪುನಲಾಯ್ <br>ಮ್ಯಾರ್ಚಾಯ್ನ್ಧ್ಧು ಅಲವಾ <br> <br>ಮ್ಯಾಯ ನಧಿ ಇನ್ದ್ರು <br>ಮ್ಯಾರ್ಪಿಲ್ ವಲಿಯುಧೇ <br>ಥೂಯ ನರೈಯಿಲುಮ್… <br>ಕಾಧಲ್ ಮ್ಯಲರುಧೇ <br> <br>ಯಾನೈ ಪಲಮ್ಯಿಙ್ಗೇ <br>ಸೇರುಮ್ ಉರವಿಲೇ <br>ಪೋನ ವಲಿಯಿಲೇ <br>ವಾಲ್ಕ್ಕೈ ಥಿರುಮ್ಪುಧೇ…",
      "language" : {
        "name" : "Kanadam",
        "code" : "ka"
      }
    },
    {
      "data" : "নেঞম্যেল্লাম্ <br>ৱঁণম্ পল ৱঁণম্ আগুধে <br>কঁকলেল্লাম্ <br>ইন্পম্ কূদি কঁণীর্ আগুধে <br> <br>নানুন্নৈক্ কাঁযুম্ ৱরৈযিল্ <br>থাবধ নিলৈযে… <br>থেসঙল্ থিরিন্ধ্ধেন্ থনিযে থনিযে <br> <br>আযিরম্ কোদি ম্যুড়ৈ <br>নান্ থিনম্ ইড়ন্ধ্ধেন্ <br>নানেন্নৈ উযির্থেন্ পিরিৱিল্ পিরিৱিল্ <br> <br>ম্যায নধি ইন্দ্ড়ু <br>ম্যার্পিল্ ৱলিযুধে <br>থূয নরৈযিলুম্ <br>কাধল্ ম্যলরুধে <br> <br>ম্যায নধি ইন্দ্ড়ু <br>ম্যার্পিল্ ৱলিযুধে <br>থূয নরৈযিলুম্ <br>কাধল্ ম্যলরুধে <br> <br>নীর্ ৱলিযে ম্যীঙলৈপ্ পোল্ <br>এন্ উড়ৱৈ নানিলন্ধ্ধেন্ <br>নী ইরুন্ধ্ধুম্ নী ইরুন্ধ্ধুম্ <br>ওরু থুড়ৱৈ নানদৈন্ধ্ধেন্ <br> <br>ওলি পূক্কুম্ ইরুলে <br>ৱাল্ৱিন্ পোরুলাগি <br>ৱলি থীর্ক্কুম্ ৱলিযায্ <br>ৱাঞ্জৈ থরৱা <br> <br>ম্যায নধি ইন্দ্ড়ু <br>ম্যার্পিল্ ৱলিযুধে <br>থূয নরৈযিলুম্ <br>কাধল্ ম্যলরুধে <br> <br>যানৈ পলম্যিঙ্গে <br>সেরুম্ উড়ৱিলে <br>পোন ৱলিযিলে <br>ৱাল্ক্কৈ থিরুম্পুধে… <br> <br>থেসম্যেল্লাম্ আলুগিন্দ্ড় <br>ওরু পদৈযৈ নানদৈন্ধ্ধেন্ <br>কালম্যেন্নুম্ ৱীরনিদম্ <br>এন্ কোদিযৈ নানিলন্ধ্ধেন্ <br> <br>ম্অঁযলূড়ুম্ ম্যলৈযায্ <br>ম্যদি ম্যীধু ৱিলৱা ৱা <br>অঁযৈ ম্যীড়ুম্ পুনলায্ <br>ম্যার্চায্ন্ধ্ধু অলৱা <br> <br>ম্যায নধি ইন্দ্ড়ু <br>ম্যার্পিল্ ৱলিযুধে <br>থূয নরৈযিলুম্… <br>কাধল্ ম্যলরুধে <br> <br>যানৈ পলম্যিঙ্গে <br>সেরুম্ উড়ৱিলে <br>পোন ৱলিযিলে <br>ৱাল্ক্কৈ থিরুম্পুধে…",
      "language" : {
        "name" : "Bengali",
        "code" : "be"
      }
    },
    {
      "data" : "ણેઞમ્યેલ્લામ્ <br>વંણમ્ પલ વંણમ્ આગુધૅ <br>કંકળેલ્લામ્ <br>ઇન્પમ્ કૂદિ કંણીર્ આગુધૅ <br> <br>ણાનુન્નૈક્ કાંયુમ્ વરૈયિલ્ <br>થાબધ ણિલૈયૅ… <br>થૅસઙળ્ થિરિન્ધ્ધૅન્ થનિયૅ થનિયૅ <br> <br>આયિરમ્ કૉદિ મ્યુરૈ <br>ણાન્ થિનમ્ ઇરન્ધ્ધૅન્ <br>ણાનેન્નૈ ઉયિર્થૅન્ પિરિવિલ્ પિરિવિલ્ <br> <br>મ્યાય ણધિ ઇન્દ્રુ <br>મ્યાર્પિલ્ વલિયુધૅ <br>થૂય ણરૈયિલુમ્ <br>કાધલ્ મ્યલરુધૅ <br> <br>મ્યાય ણધિ ઇન્દ્રુ <br>મ્યાર્પિલ્ વલિયુધૅ <br>થૂય ણરૈયિલુમ્ <br>કાધલ્ મ્યલરુધૅ <br> <br>ણીર્ વલિયૅ મ્યીઙળૈપ્ પૉલ્ <br>એન્ ઉરવૈ ણાનિલન્ધ્ધૅન્ <br>ણી ઇરુન્ધ્ધુમ્ ણી ઇરુન્ધ્ધુમ્ <br>ઓરુ થુરવૈ ણાનદૈન્ધ્ધૅન્ <br> <br>ઓળિ પૂક્કુમ્ ઇરુળૅ <br>વાલ્વિન્ પોરુળાગિ <br>વલિ થીર્ક્કુમ્ વલિયાય્ <br>વાઞ્જૈ થરવા <br> <br>મ્યાય ણધિ ઇન્દ્રુ <br>મ્યાર્પિલ્ વલિયુધૅ <br>થૂય ણરૈયિલુમ્ <br>કાધલ્ મ્યલરુધૅ <br> <br>યાનૈ પલમ્યિઙ્ગૅ <br>સૅરુમ્ ઉરવિલૅ <br>પૉન વલિયિલૅ <br>વાલ્ક્કૈ થિરુમ્પુધૅ… <br> <br>થૅસમ્યેલ્લામ્ આળુગિન્દ્ર <br>ઓરુ પદૈયૈ ણાનદૈન્ધ્ધૅન્ <br>કાલમ્યેન્નુમ્ વીરનિદમ્ <br>એન્ કોદિયૈ ણાનિલન્ધ્ધૅન્ <br> <br>મ્અંયલૂરુમ્ મ્યલૈયાય્ <br>મ્યદિ મ્યીધુ વિલવા વા <br>અંયૈ મ્યીરુમ્ પુનલાય્ <br>મ્યાર્ચાય્ન્ધ્ધુ અલવા <br> <br>મ્યાય ણધિ ઇન્દ્રુ <br>મ્યાર્પિલ્ વલિયુધૅ <br>થૂય ણરૈયિલુમ્… <br>કાધલ્ મ્યલરુધૅ <br> <br>યાનૈ પલમ્યિઙ્ગૅ <br>સૅરુમ્ ઉરવિલૅ <br>પૉન વલિયિલૅ <br>વાલ્ક્કૈ થિરુમ્પુધૅ…",
      "language" : {
        "name" : "Gujarathi",
        "code" : "gu"
      }
    },
    {
      "data" : "नेञम्एल्लाम <br>वंणम पल वंणम आगुधे <br>कंकऴेल्लाम <br>इनपम कूडि कंणीर आगुधे <br> <br>नानुन्नैक कांउम वरैयिल <br>ताबद निलैये… <br>तेसङल तिरिन्द धेन तनिये तनिये <br> <br>आयिरम कोडि म्उड़ै <br>नान तिनम इड़न्द धेन <br>नानेननै उयिर्तेन पिरिविल पिरिविल <br> <br>म्आय नदि इनडड़ु <br>म्आर्पिल वलियुधे <br>तूय नरैयिलुम <br>कादल म्अलरुधे <br> <br>म्आय नदि इनडड़ु <br>म्आर्पिल वलियुधे <br>तूय नरैयिलुम <br>कादल म्अलरुधे <br> <br>नीर वलिये म्ईङळैप पोल <br>एन उड़वै नानिलन्द धेन <br>नी इरुन्द दुम नी इरुन्द दुम <br>ओरु तुड़वै नानडैन्द धेन <br> <br>ओऴि पूककुम इरुऴे <br>वाल्विन पोरुऴागि <br>वलि तीर्क्कुम वलियाय <br>वाञजै तरवा <br> <br>म्आय नदि इनडड़ु <br>म्आर्पिल वलियुधे <br>तूय नरैयिलुम <br>कादल म्अलरुधे <br> <br>यानै पलम्इङ्गे <br>सेरुम उड़विले <br>पोन वलियिले <br>वाल्ककै तिरुम्पुधे… <br> <br>तेसम्एल्लाम आळुगिन्ड्ड़ <br>ओरु पडैयै नानडैन्द धेन <br>कालम्एन्नुम वीरनिडम <br>एन कोडियै नानिलन्द धेन <br> <br>म्अंअलूड़ुम म्अलैयाय <br>म्अडि म्ईदु विलवा वा <br>अंऐ म्ईड़ुम पुनलाय <br>म्आर्चाय्न्द दु अलवा <br> <br>म्आय नदि इनडड़ु <br>म्आर्पिल वलियुधे <br>तूय नरैयिलुम… <br>कादल म्अलरुधे <br> <br>यानै पलम्इङ्गे <br>सेरुम उड़विले <br>पोन वलियिले <br>वाल्ककै तिरुम्पुधे…",
      "language" : {
        "name" : "Marathi",
        "code" : "mr"
      }
    },
    {
      "data" : "ନେଞମ୍ଯେଳ୍ଳାମ୍ <br>ୱଂଣମ୍ ପଳ ୱଂଣମ୍ ଆଗୁଧେ <br>କଂକଲେଳ୍ଳାମ୍ <br>ଇନ୍ପମ୍ କୂଦି କଂଣୀର୍ ଆଗୁଧେ <br> <br>ନାନୁନ୍ନୈକ୍ କାଂଯୁମ୍ ୱରୈଯିଳ୍ <br>ଥାବଧ ନିଳୈଯେ… <br>ଥେସଙଲ୍ ଥିରିନ୍ଧ୍ଧେନ୍ ଥନିଯେ ଥନିଯେ <br> <br>ଆଯିରମ୍ କୋଦି ମ୍ଯୁଡ଼ୈ <br>ନାନ୍ ଥିନମ୍ ଇଡ଼ନ୍ଧ୍ଧେନ୍ <br>ନାନେନ୍ନୈ ଉଯିର୍ଥେନ୍ ପିରିୱିଳ୍ ପିରିୱିଳ୍ <br> <br>ମ୍ଯାଯ ନଧି ଇନ୍ଦ୍ଡ଼ୁ <br>ମ୍ଯାର୍ପିଳ୍ ୱଳିଯୁଧେ <br>ଥୂଯ ନରୈଯିଳୁମ୍ <br>କାଧଳ୍ ମ୍ଯଳରୁଧେ <br> <br>ମ୍ଯାଯ ନଧି ଇନ୍ଦ୍ଡ଼ୁ <br>ମ୍ଯାର୍ପିଳ୍ ୱଳିଯୁଧେ <br>ଥୂଯ ନରୈଯିଳୁମ୍ <br>କାଧଳ୍ ମ୍ଯଳରୁଧେ <br> <br>ନୀର୍ ୱଳିଯେ ମ୍ଯୀଙଲୈପ୍ ପୋଳ୍ <br>ଏନ୍ ଉଡ଼ୱୈ ନାନିଳନ୍ଧ୍ଧେନ୍ <br>ନୀ ଇରୁନ୍ଧ୍ଧୁମ୍ ନୀ ଇରୁନ୍ଧ୍ଧୁମ୍ <br>ଓରୁ ଥୁଡ଼ୱୈ ନାନଦୈନ୍ଧ୍ଧେନ୍ <br> <br>ଓଲି ପୂକ୍କୁମ୍ ଇରୁଲେ <br>ୱାଳ୍ୱିନ୍ ପୋରୁଲାଗି <br>ୱଳି ଥୀର୍କ୍କୁମ୍ ୱଳିଯାଯ୍ <br>ୱାଞ୍ଜୈ ଥରୱା <br> <br>ମ୍ଯାଯ ନଧି ଇନ୍ଦ୍ଡ଼ୁ <br>ମ୍ଯାର୍ପିଳ୍ ୱଳିଯୁଧେ <br>ଥୂଯ ନରୈଯିଳୁମ୍ <br>କାଧଳ୍ ମ୍ଯଳରୁଧେ <br> <br>ଯାନୈ ପଳମ୍ଯିଙ୍ଗେ <br>ସେରୁମ୍ ଉଡ଼ୱିଳେ <br>ପୋନ ୱଳିଯିଳେ <br>ୱାଳ୍କ୍କୈ ଥିରୁମ୍ପୁଧେ… <br> <br>ଥେସମ୍ଯେଳ୍ଳାମ୍ ଆଲୁଗିନ୍ଦ୍ଡ଼ <br>ଓରୁ ପଦୈଯୈ ନାନଦୈନ୍ଧ୍ଧେନ୍ <br>କାଳମ୍ଯେନ୍ନୁମ୍ ୱୀରନିଦମ୍ <br>ଏନ୍ କୋଦିଯୈ ନାନିଳନ୍ଧ୍ଧେନ୍ <br> <br>ମ୍ଅଂଯଳୂଡ଼ୁମ୍ ମ୍ଯଳୈଯାଯ୍ <br>ମ୍ଯଦି ମ୍ଯୀଧୁ ୱିଳୱା ୱା <br>ଅଂଯୈ ମ୍ଯୀଡ଼ୁମ୍ ପୁନଳାଯ୍ <br>ମ୍ଯାର୍ଚାଯ୍ନ୍ଧ୍ଧୁ ଅଳୱା <br> <br>ମ୍ଯାଯ ନଧି ଇନ୍ଦ୍ଡ଼ୁ <br>ମ୍ଯାର୍ପିଳ୍ ୱଳିଯୁଧେ <br>ଥୂଯ ନରୈଯିଳୁମ୍… <br>କାଧଳ୍ ମ୍ଯଳରୁଧେ <br> <br>ଯାନୈ ପଳମ୍ଯିଙ୍ଗେ <br>ସେରୁମ୍ ଉଡ଼ୱିଳେ <br>ପୋନ ୱଳିଯିଳେ <br>ୱାଳ୍କ୍କୈ ଥିରୁମ୍ପୁଧେ…",
      "language" : {
        "name" : "Oriya",
        "code" : "or"
      }
    },
    {
      "data" : "नेञम्एल्लाम <br>वंणम पल वंणम आगुधे <br>कंकऴेल्लाम <br>इनपम कूडि कंणीर आगुधे <br> <br>नानुन्नैक कांउम वरैयिल <br>ताबद निलैये… <br>तेसङल तिरिन्द धेन तनिये तनिये <br> <br>आयिरम कोडि म्उड़ै <br>नान तिनम इड़न्द धेन <br>नानेननै उयिर्तेन पिरिविल पिरिविल <br> <br>म्आय नदि इनडड़ु <br>म्आर्पिल वलियुधे <br>तूय नरैयिलुम <br>कादल म्अलरुधे <br> <br>म्आय नदि इनडड़ु <br>म्आर्पिल वलियुधे <br>तूय नरैयिलुम <br>कादल म्अलरुधे <br> <br>नीर वलिये म्ईङळैप पोल <br>एन उड़वै नानिलन्द धेन <br>नी इरुन्द दुम नी इरुन्द दुम <br>ओरु तुड़वै नानडैन्द धेन <br> <br>ओऴि पूककुम इरुऴे <br>वाल्विन पोरुऴागि <br>वलि तीर्क्कुम वलियाय <br>वाञजै तरवा <br> <br>म्आय नदि इनडड़ु <br>म्आर्पिल वलियुधे <br>तूय नरैयिलुम <br>कादल म्अलरुधे <br> <br>यानै पलम्इङ्गे <br>सेरुम उड़विले <br>पोन वलियिले <br>वाल्ककै तिरुम्पुधे… <br> <br>तेसम्एल्लाम आळुगिन्ड्ड़ <br>ओरु पडैयै नानडैन्द धेन <br>कालम्एन्नुम वीरनिडम <br>एन कोडियै नानिलन्द धेन <br> <br>म्अंअलूड़ुम म्अलैयाय <br>म्अडि म्ईदु विलवा वा <br>अंऐ म्ईड़ुम पुनलाय <br>म्आर्चाय्न्द दु अलवा <br> <br>म्आय नदि इनडड़ु <br>म्आर्पिल वलियुधे <br>तूय नरैयिलुम… <br>कादल म्अलरुधे <br> <br>यानै पलम्इङ्गे <br>सेरुम उड़विले <br>पोन वलियिले <br>वाल्ककै तिरुम्पुधे…",
      "language" : {
        "name" : "konkani",
        "code" : "ko"
      }
    }
  ],
  "mood" : {
    "slug" : "tender",
    "name" : "Tender"
  },
  "release_order_of_the_day" : 2,
  "language" : {
    "name" : "Tamil",
    "code" : "ta"
  },
  "slug" : "maya-nadhi",
  "thumbnail" : "https:\/\/d1ua79hvv369a0.cloudfront.net\/images\/songs\/thumbnails\/maya-nadhi\/180x150.jpg"
}