{
  "title" : {
    "en" : "Meenakshi Thudhi",
    "hi" : "Meenakshi Thudhi",
    "te" : "Meenakshi Thudhi",
    "ta" : "மீனாட்சி துதி"
  },
  "credits" : {
    "mixers" : [
      {
        "name" : {
          "en" : "Katiravan Natarajan",
          "hi" : "Katiravan Natarajan",
          "te" : "Katiravan Natarajan",
          "ta" : "கதிரவன் நடராஜன்"
        }
      }
    ],
    "masters" : [
      {
        "name" : {
          "en" : "U K Digital Studios",
          "hi" : "U K Digital Studios",
          "te" : "U K Digital Studios",
          "ta" : "U K டிஜிடல் ஸ்டுடியோ"
        }
      }
    ],
    "composers" : [
      {
        "name" : {
          "en" : "UK. Murali",
          "hi" : "UK. Murali",
          "te" : "UK. Murali",
          "ta" : "UK. முரளி"
        }
      }
    ],
    "lyricists" : [
      {
        "name" : {
          "en" : "Ponmani",
          "hi" : "Ponmani",
          "te" : "Ponmani",
          "ta" : "பொன்மணி"
        }
      }
    ],
    "singers" : [
      {
        "name" : {
          "en" : "Alka Ajith",
          "hi" : "Alka Ajith",
          "te" : "Alka Ajith",
          "ta" : "அல்கா அஜித்"
        }
      }
    ],
    "translator" : [
      {
        "name" : {
          "en" : "Jayashree Ramanujam",
          "hi" : "Jayashree Ramanujam",
          "te" : "Jayashree Ramanujam",
          "ta" : "ஜெயஸ்ரீ இராமானுஜம்"
        }
      }
    ],
    "arrangers" : [
      {
        "name" : {
          "en" : "Mohan Ram",
          "hi" : "Mohan Ram",
          "te" : "Mohan Ram",
          "ta" : "மோகன் ராம்"
        }
      }
    ],
    "producers" : [
      {
        "name" : {
          "en" : "Karky",
          "hi" : "Karky",
          "te" : "Karky",
          "ta" : "கார்க்கி"
        }
      }
    ],
    "lyric_video_senior_editor" : [
      {
        "name" : {
          "en" : "Shyam Sundar Murugesan",
          "hi" : "Shyam Sundar Murugesan",
          "te" : "Shyam Sundar Murugesan",
          "ta" : "ஷியாம் சுந்தர் முருகேசன்"
        }
      }
    ],
    "recorded_studios" : [
      {
        "name" : {
          "en" : "U K Digital Studios",
          "hi" : "U K Digital Studios",
          "te" : "U K Digital Studios",
          "ta" : "U K டிஜிடல் ஸ்டுடியோ"
        }
      }
    ],
    "manager_of_visual_content" : [
      {
        "name" : {
          "en" : "Gokula Krishnan R Vasugi, MFI",
          "hi" : "Gokula Krishnan R Vasugi, MFI",
          "te" : "Gokula Krishnan R Vasugi, MFI",
          "ta" : "கோகுல கிருஷ்ணன் R வாசுகி MFI"
        }
      }
    ],
    "sound_engineers" : [
      {
        "name" : {
          "en" : "Katiravan Natarajan",
          "hi" : "Katiravan Natarajan",
          "te" : "Katiravan Natarajan",
          "ta" : "கதிரவன் நடராஜன்"
        }
      }
    ],
    "lyric_video_editor" : [
      {
        "name" : {
          "en" : "Mithran.B",
          "hi" : "Mithran.B",
          "te" : "Mithran.B",
          "ta" : "மித்திரன்.B"
        }
      }
    ]
  },
  "active" : true,
  "published_on" : "2016-06-06T12:30:00.000Z",
  "description" : {
    "en" : "Meenakshi Thudhi is a song about Goddess Parvati who sits mightily on her throne in Madurai in the form of Meenakshi Amman. This hymn is in honour of her ability of ruling the mighty empire and pouring divine blessings upon her devotees. Add this to your devotional playlist and feel the divinity.",
    "hi" : "Meenakshi Thudhi is a song about Goddess Parvati who sits mightily on her throne in Madurai in the form of Meenakshi Amman. This hymn is in honour of her ability of ruling the mighty empire and pouring divine blessings upon her devotees. Add this to your devotional playlist and feel the divinity.",
    "te" : "Meenakshi Thudhi is a song about Goddess Parvati who sits mightily on her throne in Madurai in the form of Meenakshi Amman. This hymn is in honour of her ability of ruling the mighty empire and pouring divine blessings upon her devotees. Add this to your devotional playlist and feel the divinity.",
    "ta" : "Meenakshi Thudhi is a song about Goddess Parvati who sits mightily on her throne in Madurai in the form of Meenakshi Amman. This hymn is in honour of her ability of ruling the mighty empire and pouring divine blessings upon her devotees. Add this to your devotional playlist and feel the divinity."
  },
  "poster" : "https:\/\/d1ua79hvv369a0.cloudfront.net\/reflection\/poster\/June\/06\/Meenakshi_cover.jpg",
  "album" : {
    "title" : {
      "en" : "Meenakshi Thudhi",
      "hi" : "Meenakshi Thudhi",
      "te" : "Meenakshi Thudhi",
      "ta" : "மீனாட்சி துதி"
    },
    "id" : "53"
  },
  "musics" : [
    {
      "players" : [
        {
          "name" : {
            "en" : "Diwan Kumar",
            "hi" : "Diwan Kumar",
            "te" : "Diwan Kumar",
            "ta" : "திவான் குமார்"
          }
        }
      ],
      "instrument" : {
        "name" : {
          "name" : {
            "en" : "Tambora",
            "hi" : "Tambora",
            "te" : "Tambora",
            "ta" : "தம்புரா"
          }
        }
      }
    },
    {
      "players" : [
        {
          "name" : {
            "en" : "Chandru",
            "hi" : "Chandru",
            "te" : "Chandru",
            "ta" : "சந்துரு"
          }
        }
      ],
      "instrument" : {
        "name" : {
          "name" : {
            "en" : "Flute",
            "hi" : "Flute",
            "te" : "Flute",
            "ta" : "புல்லாங்குழல்"
          }
        }
      }
    },
    {
      "players" : [
        {
          "name" : {
            "en" : "Jai Kumar",
            "hi" : "Jai Kumar",
            "te" : "Jai Kumar",
            "ta" : "ஜெய் குமார்"
          }
        }
      ],
      "instrument" : {
        "name" : {
          "name" : {
            "en" : "Miruthangam",
            "hi" : "Miruthangam",
            "te" : "Miruthangam",
            "ta" : "மிருதங்கம்"
          }
        }
      }
    }
  ],
  "critics" : [
    {
      "review" : {
        "instrument" : {
          "comment" : {
            "en" : "Straightforward orchestration with rightful usage of modern sounds.",
            "hi" : "Straightforward orchestration with rightful usage of modern sounds.",
            "te" : "Straightforward orchestration with rightful usage of modern sounds.",
            "ta" : "Straightforward orchestration with rightful usage of modern sounds."
          },
          "score" : 9
        },
        "overall" : {
          "comment" : {
            "en" : "Devotional Fusion!",
            "hi" : "Devotional Fusion!",
            "te" : "Devotional Fusion!",
            "ta" : "Devotional Fusion!"
          },
          "score" : 9
        },
        "vocal" : {
          "comment" : {
            "en" : "Innocent vocals with melodic tinge and sweetness.",
            "hi" : "Innocent vocals with melodic tinge and sweetness.",
            "te" : "Innocent vocals with melodic tinge and sweetness.",
            "ta" : "A tune which suits the devotional norm perfectly with little changeovers."
          },
          "score" : 9
        },
        "tune" : {
          "comment" : {
            "en" : "A tune which suits the devotional norm perfectly with little changeovers.",
            "hi" : "A tune which suits the devotional norm perfectly with little changeovers.",
            "te" : "A tune which suits the devotional norm perfectly with little changeovers.",
            "ta" : "A tune which suits the devotional norm perfectly with little changeovers."
          },
          "score" : 9
        },
        "lyric" : {
          "comment" : {
            "en" : "Devotionally compelling lyrics with simple usage of words.",
            "hi" : "Devotionally compelling lyrics with simple usage of words.",
            "te" : "Devotionally compelling lyrics with simple usage of words.",
            "ta" : "Devotionally compelling lyrics with simple usage of words."
          },
          "score" : 9
        }
      },
      "author" : {
        "name" : "Durga",
        "image" : "https:\/\/d1ua79hvv369a0.cloudfront.net\/reflection\/critic\/critic-durga.png"
      },
      "rating" : 9
    },
    {
      "review" : {
        "instrument" : {
          "comment" : {
            "en" : "The thavil provides the rhythm for this devotional number while we also have a shehnai – nadaswaram hybrid in the interlude.",
            "hi" : "The thavil provides the rhythm for this devotional number while we also have a shehnai – nadaswaram hybrid in the interlude.",
            "te" : "The thavil provides the rhythm for this devotional number while we also have a shehnai – nadaswaram hybrid in the interlude.",
            "ta" : "The thavil provides the rhythm for this devotional number while we also have a shehnai – nadaswaram hybrid in the interlude."
          },
          "score" : 5
        },
        "overall" : {
          "comment" : {
            "en" : "A repetitive kind of a devotional number. Strictly follows the template for such songs.",
            "hi" : "A repetitive kind of a devotional number. Strictly follows the template for such songs.",
            "te" : "A repetitive kind of a devotional number. Strictly follows the template for such songs.",
            "ta" : "A repetitive kind of a devotional number. Strictly follows the template for such songs."
          },
          "score" : 5.25
        },
        "vocal" : {
          "comment" : {
            "en" : "Sweet voice but needs to improve imagination and innovation while singing.",
            "hi" : "Sweet voice but needs to improve imagination and innovation while singing.",
            "te" : "Sweet voice but needs to improve imagination and innovation while singing.",
            "ta" : "Follows the devotional template to the T"
          },
          "score" : 6
        },
        "tune" : {
          "comment" : {
            "en" : "Follows the devotional template to the T",
            "hi" : "Follows the devotional template to the T",
            "te" : "Follows the devotional template to the T",
            "ta" : "Follows the devotional template to the T"
          },
          "score" : 5
        },
        "lyric" : {
          "comment" : {
            "en" : "Quintessential devotional number’s lines",
            "hi" : "Quintessential devotional number’s lines",
            "te" : "Quintessential devotional number’s lines",
            "ta" : "Quintessential devotional number’s lines"
          },
          "score" : 5
        }
      },
      "author" : {
        "name" : "Kaushik",
        "image" : "https:\/\/d1ua79hvv369a0.cloudfront.net\/reflection\/critic\/Kaushik-200x200.jpg"
      },
      "rating" : 5.25
    },
    {
      "review" : {
        "instrument" : {
          "comment" : {
            "en" : "Orchestration could have been more enriched with usage of more Live recording instruments.",
            "hi" : "Orchestration could have been more enriched with usage of more Live recording instruments.",
            "te" : "Orchestration could have been more enriched with usage of more Live recording instruments.",
            "ta" : "Orchestration could have been more enriched with usage of more Live recording instruments."
          },
          "score" : 6
        },
        "overall" : {
          "comment" : {
            "en" : "The song does evoke the devotional feel in the listener. Though the sound quality and the music are appreciable, a little more work on the tune especially for the interludes, in addition to usage of Live instruments for the background music, could have provided the much needed lift for the track.",
            "hi" : "The song does evoke the devotional feel in the listener. Though the sound quality and the music are appreciable, a little more work on the tune especially for the interludes, in addition to usage of Live instruments for the background music, could have provided the much needed lift for the track.",
            "te" : "The song does evoke the devotional feel in the listener. Though the sound quality and the music are appreciable, a little more work on the tune especially for the interludes, in addition to usage of Live instruments for the background music, could have provided the much needed lift for the track.",
            "ta" : "The song does evoke the devotional feel in the listener. Though the sound quality and the music are appreciable, a little more work on the tune especially for the interludes, in addition to usage of Live instruments for the background music, could have provided the much needed lift for the track."
          },
          "score" : 7.25
        },
        "vocal" : {
          "comment" : {
            "en" : "The singer has done justice hitting the notes flawlessly.",
            "hi" : "The singer has done justice hitting the notes flawlessly.",
            "te" : "The singer has done justice hitting the notes flawlessly.",
            "ta" : "Tune is based on traditional classical style and meanders around the base pattern."
          },
          "score" : 8
        },
        "tune" : {
          "comment" : {
            "en" : "Tune is based on traditional classical style and meanders around the base pattern.",
            "hi" : "Tune is based on traditional classical style and meanders around the base pattern.",
            "te" : "Tune is based on traditional classical style and meanders around the base pattern.",
            "ta" : "Tune is based on traditional classical style and meanders around the base pattern."
          },
          "score" : 7
        },
        "lyric" : {
          "comment" : {
            "en" : "It is a hymn to the deity and it does touch upon the characteristics of Madurai which does add interest for the listener",
            "hi" : "It is a hymn to the deity and it does touch upon the characteristics of Madurai which does add interest for the listener",
            "te" : "It is a hymn to the deity and it does touch upon the characteristics of Madurai which does add interest for the listener",
            "ta" : "It is a hymn to the deity and it does touch upon the characteristics of Madurai which does add interest for the listener"
          },
          "score" : 8
        }
      },
      "author" : {
        "name" : "Ashok",
        "image" : "https:\/\/d1ua79hvv369a0.cloudfront.net\/reflection\/critic\/Ashok_thumb.png"
      },
      "rating" : 7.25
    }
  ],
  "type" : {
    "slug" : "independent-music",
    "name" : "Independent Music"
  },
  "lyrics" : [
    {
      "data" : "மரகதக்கிளியே மீனாட்சி  மன<br>மதுராபுரியில் உன்னாட்சி !  <br> <br>மரகதக்கிளியே மீனாட்சி  மன<br>மதுராபுரியில் உன்னாட்சி !  மன<br>மதுராபுரியில் உன்னாட்சி ! <br><br>மரகதக்கிளியே மீனாட்சி  மன<br>மதுராபுரியில் உன்னாட்சி !  <br><br> கூடல்  மாநகர் மீதினிலே வந்து<br>குடியிருந்தாயே மீனாட்சி !<br><br> கூடல்  மாநகர் மீதினிலே வந்து<br>குடியிருந்தாயே மீனாட்சி !<br><br>ஆடல் வல்லார் அழகேச ரோடு<br>அரசாட்சி செய்யும் மீனாட்சி !  <br><br>ஆடல் வல்லார் அழகேச ரோடு<br>அரசாட்சி செய்யும் மீனாட்சி !  <br> நல் அரசாட்சி செய்யும் மீனாட்சி !  <br><br>மரகதக்கிளியே மீனாட்சி  மன<br>மதுராபுரியில் உன்னாட்சி !  <br><br>மரகதக்கிளியே மீனாட்சி  மன<br>மதுராபுரியில் உன்னாட்சி ! <br><br>மலைகள் சூழ்ந்திடும் மாமதுரை ! மண<br>மல்லிகை யால்அது பூமதுரை !<br><br>மலைகள் சூழ்ந்திடும் மாமதுரை ! மண<br>மல்லிகை யால்அது பூமதுரை !<br><br>கலைகள் வாழ்ந்திடும் தென்மதுரை  உன்<br>கண்ணொளி யால்அது பொன்மதுரை ! <br><br>கலைகள் வாழ்ந்திடும் தென்மதுரை  உன்<br>கண்ணொளி யால்அது பொன்மதுரை ! உன்<br>கண்ணொளி யால்அது பொன்மதுரை ! <br><br>மரகதக்கிளியே மீனாட்சி  மன<br>மதுராபுரியில் உன்னாட்சி !  <br><br>மரகதக்கிளியே மீனாட்சி  மன<br>மதுராபுரியில் உன்னாட்சி ! <br><br>பாண்டிய நாட்டுப் பூங்கொடியே ! எனை<br>ஆண்டவளே அன்பு மீனாட்சி !<br><br>பாண்டிய நாட்டுப் பூங்கொடியே ! எனை<br>ஆண்டவளே அன்பு மீனாட்சி !<br><br>வேண்டுவ தெல்லாம் நிறைவேற்று நான் <br>வேண்டும் வழியை நீகாட்டு ! <br> <br>வேண்டுவ தெல்லாம் நிறைவேற்று நான் <br>வேண்டும் வழியை நீகாட்டு ! நான் <br>வேண்டும் வழியை நீகாட்டு ! <br><br>மரகதக்கிளியே மீனாட்சி  மன<br>மதுராபுரியில் உன்னாட்சி !  <br><br>மரகதக்கிளியே மீனாட்சி  மன<br>மதுராபுரியில் உன்னாட்சி ! <br><br>வைரமுடி சூடும் நாயகியே – இந்த<br>வையகம் சூடும் உன்கழலே !<br><br>வைரமுடி சூடும் நாயகியே – இந்த<br>வையகம் சூடும் உன்கழலே !<br><br>மைவிழி யாலே மன்னகத்தின்<br>மகிமை வளர்த்திடு மீனாட்சி ! <br><br>மைவிழி யாலே மன்னகத்தின்<br>மகிமை வளர்த்திடு மீனாட்சி ! <br>மகிமை வளர்த்திடு மீனாட்சி ! <br><br>மரகதக்கிளியே மீனாட்சி  மன<br>மதுராபுரியில் உன்னாட்சி !  <br><br>மரகதக்கிளியே மீனாட்சி  மன<br>மதுராபுரியில் உன்னாட்சி ! மன<br>மதுராபுரியில் உன்னாட்சி ! <br><br>மரகதக்கிளியே மீனாட்சி  மன<br>மதுராபுரியில் உன்னாட்சி",
      "language" : {
        "name" : "Tamil",
        "code" : "ta"
      }
    }
  ],
  "id" : "68",
  "phonetic_lyrics" : [
    {
      "data" : "aragadhakkiLiyae meenaatchi  mana<br>madhuraaburiyil unnaatchi !<br><br>maragadhakkiLiyae meenaatchi  mana<br>madhuraaburiyil unnaatchi !  mana<br>madhuraaburiyil unnaatchi !<br><br>maragadhakkiLiyae meenaatchi  mana<br>madhuraaburiyil unnaatchi !<br><br>koodal  maanagar meedhinilae vandhdhu<br>kudiyirundhdhaayae meenaatchi !<br><br>koodal  maanagar meedhinilae vandhdhu<br>kudiyirundhdhaayae meenaatchi !<br><br>aadal vallaar azhagaesa roadu<br>arasaatchi seyyum meenaatchi !<br><br>aadal vallaar azhagaesa roadu<br>arasaatchi seyyum meenaatchi !<br>nal arasaatchi seyyum meenaatchi !<br><br>maragadhakkiLiyae meenaatchi  mana<br>madhuraaburiyil unnaatchi !<br><br>maragadhakkiLiyae meenaatchi  mana<br>madhuraaburiyil unnaatchi !<br><br>malaigaL soozhndhdhidum maamadhurai ! maNa<br>malligai yaaladhu poomadhurai !<br><br>malaigaL soozhndhdhidum maamadhurai ! maNa<br>malligai yaaladhu poomadhurai !<br><br>kalaigaL vaazhndhdhidum thenmadhurai  un<br>kaNNoLi yaaladhu ponmadhurai !<br><br>kalaigaL vaazhndhdhidum thenmadhurai  un<br>kaNNoLi yaaladhu ponmadhurai ! un<br>kaNNoLi yaaladhu ponmadhurai !<br><br>maragadhakkiLiyae meenaatchi  mana<br>madhuraaburiyil unnaatchi !<br><br>maragadhakkiLiyae meenaatchi  mana<br>madhuraaburiyil unnaatchi !<br><br>paaNdiya naattup poonggodiyae ! enai<br>aaNdavaLae anpu meenaatchi !<br><br>paaNdiya naattup poonggodiyae ! enai<br>aaNdavaLae anpu meenaatchi !<br><br>vaeNduva thellaam niRaivaetRu naan<br>vaeNdum vazhiyai neegaattu !<br><br>vaeNduva thellaam niRaivaetRu naan<br>vaeNdum vazhiyai neegaattu ! naan<br>vaeNdum vazhiyai neegaattu !<br><br>maragadhakkiLiyae meenaatchi  mana<br>madhuraaburiyil unnaatchi !<br><br>maragadhakkiLiyae meenaatchi  mana<br>madhuraaburiyil unnaatchi !<br><br>vairamudi soodum naayagiyae – indhdha<br>vaiyagam soodum ungazhalae !<br><br>vairamudi soodum naayagiyae – indhdha<br>vaiyagam soodum ungazhalae !<br><br>maivizhi yaalae mannagathin<br>magimai vaLarthidu meenaatchi !<br><br>maivizhi yaalae mannagathin<br>magimai vaLarthidu meenaatchi !<br>magimai vaLarthidu meenaatchi !<br><br>maragadhakkiLiyae meenaatchi  mana<br>madhuraaburiyil unnaatchi !<br><br>maragadhakkiLiyae meenaatchi  mana<br>madhuraaburiyil unnaatchi ! mana<br>madhuraaburiyil unnaatchi !<br><br>maragadhakkiLiyae meenaatchi  mana<br>madhuraaburiyil unnaatchi !",
      "language" : {
        "name" : "English",
        "code" : "en"
      }
    },
    {
      "data" : "மரகதக்கிளியே மீனாட்சி  மன<br>மதுராபுரியில் உன்னாட்சி !  <br> <br>மரகதக்கிளியே மீனாட்சி  மன<br>மதுராபுரியில் உன்னாட்சி !  மன<br>மதுராபுரியில் உன்னாட்சி ! <br><br>மரகதக்கிளியே மீனாட்சி  மன<br>மதுராபுரியில் உன்னாட்சி !  <br><br> கூடல்  மாநகர் மீதினிலே வந்து<br>குடியிருந்தாயே மீனாட்சி !<br><br> கூடல்  மாநகர் மீதினிலே வந்து<br>குடியிருந்தாயே மீனாட்சி !<br><br>ஆடல் வல்லார் அழகேச ரோடு<br>அரசாட்சி செய்யும் மீனாட்சி !  <br><br>ஆடல் வல்லார் அழகேச ரோடு<br>அரசாட்சி செய்யும் மீனாட்சி !  <br> நல் அரசாட்சி செய்யும் மீனாட்சி !  <br><br>மரகதக்கிளியே மீனாட்சி  மன<br>மதுராபுரியில் உன்னாட்சி !  <br><br>மரகதக்கிளியே மீனாட்சி  மன<br>மதுராபுரியில் உன்னாட்சி ! <br><br>மலைகள் சூழ்ந்திடும் மாமதுரை ! மண<br>மல்லிகை யால்அது பூமதுரை !<br><br>மலைகள் சூழ்ந்திடும் மாமதுரை ! மண<br>மல்லிகை யால்அது பூமதுரை !<br><br>கலைகள் வாழ்ந்திடும் தென்மதுரை  உன்<br>கண்ணொளி யால்அது பொன்மதுரை ! <br><br>கலைகள் வாழ்ந்திடும் தென்மதுரை  உன்<br>கண்ணொளி யால்அது பொன்மதுரை ! உன்<br>கண்ணொளி யால்அது பொன்மதுரை ! <br><br>மரகதக்கிளியே மீனாட்சி  மன<br>மதுராபுரியில் உன்னாட்சி !  <br><br>மரகதக்கிளியே மீனாட்சி  மன<br>மதுராபுரியில் உன்னாட்சி ! <br><br>பாண்டிய நாட்டுப் பூங்கொடியே ! எனை<br>ஆண்டவளே அன்பு மீனாட்சி !<br><br>பாண்டிய நாட்டுப் பூங்கொடியே ! எனை<br>ஆண்டவளே அன்பு மீனாட்சி !<br><br>வேண்டுவ தெல்லாம் நிறைவேற்று நான் <br>வேண்டும் வழியை நீகாட்டு ! <br> <br>வேண்டுவ தெல்லாம் நிறைவேற்று நான் <br>வேண்டும் வழியை நீகாட்டு ! நான் <br>வேண்டும் வழியை நீகாட்டு ! <br><br>மரகதக்கிளியே மீனாட்சி  மன<br>மதுராபுரியில் உன்னாட்சி !  <br><br>மரகதக்கிளியே மீனாட்சி  மன<br>மதுராபுரியில் உன்னாட்சி ! <br><br>வைரமுடி சூடும் நாயகியே – இந்த<br>வையகம் சூடும் உன்கழலே !<br><br>வைரமுடி சூடும் நாயகியே – இந்த<br>வையகம் சூடும் உன்கழலே !<br><br>மைவிழி யாலே மன்னகத்தின்<br>மகிமை வளர்த்திடு மீனாட்சி ! <br><br>மைவிழி யாலே மன்னகத்தின்<br>மகிமை வளர்த்திடு மீனாட்சி ! <br>மகிமை வளர்த்திடு மீனாட்சி ! <br><br>மரகதக்கிளியே மீனாட்சி  மன<br>மதுராபுரியில் உன்னாட்சி !  <br><br>மரகதக்கிளியே மீனாட்சி  மன<br>மதுராபுரியில் உன்னாட்சி ! மன<br>மதுராபுரியில் உன்னாட்சி ! <br><br>மரகதக்கிளியே மீனாட்சி  மன<br>மதுராபுரியில் உன்னாட்சி",
      "language" : {
        "name" : "Tamil",
        "code" : "ta"
      }
    },
    {
      "data" : "म्अरगदक्किऴिये म्ईनाट्चि  म्अन <br>म्अदुराबुरियिल उन्नाट्चि ! <br> <br>म्अरगदक्किऴिये म्ईनाट्चि  म्अन <br>म्अदुराबुरियिल उन्नाट्चि !  म्अन <br>म्अदुराबुरियिल उन्नाट्चि ! <br> <br>म्अरगदक्किऴिये म्ईनाट्चि  म्अन <br>म्अदुराबुरियिल उन्नाट्चि ! <br> <br>कूडल  म्आनगर म्ईदिनिले वन्द दु <br>कुडियिरुन्द दाये म्ईनाट्चि ! <br> <br>कूडल  म्आनगर म्ईदिनिले वन्द दु <br>कुडियिरुन्द दाये म्ईनाट्चि ! <br> <br>आडल वललार अलगेस रोडु <br>अरसाट्चि सेययुम म्ईनाट्चि ! <br> <br>आडल वललार अलगेस रोडु <br>अरसाट्चि सेययुम म्ईनाट्चि ! <br>नल अरसाट्चि सेययुम म्ईनाट्चि ! <br> <br>म्अरगदक्किऴिये म्ईनाट्चि  म्अन <br>म्अदुराबुरियिल उन्नाट्चि ! <br> <br>म्अरगदक्किऴिये म्ईनाट्चि  म्अन <br>म्अदुराबुरियिल उन्नाट्चि ! <br> <br>म्अलैगल सूल्न्द दिडुम म्आम्अदुरै ! म्अंअ <br>म्अल्लिगै यालदु पूम्अदुरै ! <br> <br>म्अलैगल सूल्न्द दिडुम म्आम्अदुरै ! म्अंअ <br>म्अल्लिगै यालदु पूम्अदुरै ! <br> <br>कलैगल वाल्न्द दिडुम तेन्म्अदुरै  उन <br>कंणोऴि यालदु पोन्म्अदुरै ! <br> <br>कलैगल वाल्न्द दिडुम तेन्म्अदुरै  उन <br>कंणोऴि यालदु पोन्म्अदुरै ! उन <br>कंणोऴि यालदु पोन्म्अदुरै ! <br> <br>म्अरगदक्किऴिये म्ईनाट्चि  म्अन <br>म्अदुराबुरियिल उन्नाट्चि ! <br> <br>म्अरगदक्किऴिये म्ईनाट्चि  म्अन <br>म्अदुराबुरियिल उन्नाट्चि ! <br> <br>पांडिय नाटटुप पूङ्गोडिये ! एनै <br>आंडवऴे अनपु म्ईनाट्चि ! <br> <br>पांडिय नाटटुप पूङ्गोडिये ! एनै <br>आंडवऴे अनपु म्ईनाट्चि ! <br> <br>वेंडुव तेललाम निड़ैवेट्ड़ु नान <br>वेंडुम वलियै नीगाटटु ! <br> <br>वेंडुव तेललाम निड़ैवेट्ड़ु नान <br>वेंडुम वलियै नीगाटटु ! नान <br>वेंडुम वलियै नीगाटटु ! <br> <br>म्अरगदक्किऴिये म्ईनाट्चि  म्अन <br>म्अदुराबुरियिल उन्नाट्चि ! <br> <br>म्अरगदक्किऴिये म्ईनाट्चि  म्अन <br>म्अदुराबुरियिल उन्नाट्चि ! <br> <br>वैरम्उडि सूडुम नायगिये – इन्द द <br>वैयगम सूडुम उङलले ! <br> <br>वैरम्उडि सूडुम नायगिये – इन्द द <br>वैयगम सूडुम उङलले ! <br> <br>म्ऐविलि याले म्अन्नगतिन <br>म्अगिम्ऐ वळर्तिडु म्ईनाट्चि ! <br> <br>म्ऐविलि याले म्अन्नगतिन <br>म्अगिम्ऐ वळर्तिडु म्ईनाट्चि ! <br>म्अगिम्ऐ वळर्तिडु म्ईनाट्चि ! <br> <br>म्अरगदक्किऴिये म्ईनाट्चि  म्अन <br>म्अदुराबुरियिल उन्नाट्चि ! <br> <br>म्अरगदक्किऴिये म्ईनाट्चि  म्अन <br>म्अदुराबुरियिल उन्नाट्चि ! म्अन <br>म्अदुराबुरियिल उन्नाट्चि ! <br> <br>म्अरगदक्किऴिये म्ईनाट्चि  म्अन <br>म्अदुराबुरियिल उन्नाट्चि !",
      "language" : {
        "name" : "Hindi",
        "code" : "hi"
      }
    },
    {
      "data" : "మ్యరగధక్కిళియే మ్యీనాత్ఛి  మ్యన <br>మ్యధురాబురియిల్ ఉన్నాత్ఛి ! <br> <br>మ్యరగధక్కిళియే మ్యీనాత్ఛి  మ్యన <br>మ్యధురాబురియిల్ ఉన్నాత్ఛి !  మ్యన <br>మ్యధురాబురియిల్ ఉన్నాత్ఛి ! <br> <br>మ్యరగధక్కిళియే మ్యీనాత్ఛి  మ్యన <br>మ్యధురాబురియిల్ ఉన్నాత్ఛి ! <br> <br>కూదల్  మ్యానగర్ మ్యీధినిలే వన్ధ్ధు <br>కుదియిరున్ధ్ధాయే మ్యీనాత్ఛి ! <br> <br>కూదల్  మ్యానగర్ మ్యీధినిలే వన్ధ్ధు <br>కుదియిరున్ధ్ధాయే మ్యీనాత్ఛి ! <br> <br>ఆదల్ వల్లార్ అలగేస రోదు <br>అరసాత్ఛి సెయ్యుమ్ మ్యీనాత్ఛి ! <br> <br>ఆదల్ వల్లార్ అలగేస రోదు <br>అరసాత్ఛి సెయ్యుమ్ మ్యీనాత్ఛి ! <br>నల్ అరసాత్ఛి సెయ్యుమ్ మ్యీనాత్ఛి ! <br> <br>మ్యరగధక్కిళియే మ్యీనాత్ఛి  మ్యన <br>మ్యధురాబురియిల్ ఉన్నాత్ఛి ! <br> <br>మ్యరగధక్కిళియే మ్యీనాత్ఛి  మ్యన <br>మ్యధురాబురియిల్ ఉన్నాత్ఛి ! <br> <br>మ్యలైగళ్ సూల్న్ధ్ధిదుమ్ మ్యామ్యధురై ! మ్అంయ <br>మ్యల్లిగై యాలధు పూమ్యధురై ! <br> <br>మ్యలైగళ్ సూల్న్ధ్ధిదుమ్ మ్యామ్యధురై ! మ్అంయ <br>మ్యల్లిగై యాలధు పూమ్యధురై ! <br> <br>కలైగళ్ వాల్న్ధ్ధిదుమ్ థెన్మ్యధురై  ఉన్ <br>కంణొళి యాలధు పొన్మ్యధురై ! <br> <br>కలైగళ్ వాల్న్ధ్ధిదుమ్ థెన్మ్యధురై  ఉన్ <br>కంణొళి యాలధు పొన్మ్యధురై ! ఉన్ <br>కంణొళి యాలధు పొన్మ్యధురై ! <br> <br>మ్యరగధక్కిళియే మ్యీనాత్ఛి  మ్యన <br>మ్యధురాబురియిల్ ఉన్నాత్ఛి ! <br> <br>మ్యరగధక్కిళియే మ్యీనాత్ఛి  మ్యన <br>మ్యధురాబురియిల్ ఉన్నాత్ఛి ! <br> <br>పాందియ నాత్తుప్ పూఙ్గొదియే ! ఎనై <br>ఆందవళే అన్పు మ్యీనాత్ఛి ! <br> <br>పాందియ నాత్తుప్ పూఙ్గొదియే ! ఎనై <br>ఆందవళే అన్పు మ్యీనాత్ఛి ! <br> <br>వేందువ థెల్లామ్ నిఱైవేత్ఱు నాన్ <br>వేందుమ్ వలియై నెగాత్తు ! <br> <br>వేందువ థెల్లామ్ నిఱైవేత్ఱు నాన్ <br>వేందుమ్ వలియై నెగాత్తు ! నాన్ <br>వేందుమ్ వలియై నెగాత్తు ! <br> <br>మ్యరగధక్కిళియే మ్యీనాత్ఛి  మ్యన <br>మ్యధురాబురియిల్ ఉన్నాత్ఛి ! <br> <br>మ్యరగధక్కిళియే మ్యీనాత్ఛి  మ్యన <br>మ్యధురాబురియిల్ ఉన్నాత్ఛి ! <br> <br>వైరమ్యుది సూదుమ్ నాయగియే – ఇన్ధ్ధ <br>వైయగమ్ సూదుమ్ ఉఙలలే ! <br> <br>వైరమ్యుది సూదుమ్ నాయగియే – ఇన్ధ్ధ <br>వైయగమ్ సూదుమ్ ఉఙలలే ! <br> <br>మ్యైవిలి యాలే మ్యన్నగథిన్ <br>మ్యగిమ్యై వళర్థిదు మ్యీనాత్ఛి ! <br> <br>మ్యైవిలి యాలే మ్యన్నగథిన్ <br>మ్యగిమ్యై వళర్థిదు మ్యీనాత్ఛి ! <br>మ్యగిమ్యై వళర్థిదు మ్యీనాత్ఛి ! <br> <br>మ్యరగధక్కిళియే మ్యీనాత్ఛి  మ్యన <br>మ్యధురాబురియిల్ ఉన్నాత్ఛి ! <br> <br>మ్యరగధక్కిళియే మ్యీనాత్ఛి  మ్యన <br>మ్యధురాబురియిల్ ఉన్నాత్ఛి ! మ్యన <br>మ్యధురాబురియిల్ ఉన్నాత్ఛి ! <br> <br>మ్యరగధక్కిళియే మ్యీనాత్ఛి  మ్యన <br>మ్యధురాబురియిల్ ఉన్నాత్ఛి !",
      "language" : {
        "name" : "Telugu",
        "code" : "te"
      }
    },
    {
      "data" : "മ്യരഗധക്കിളിയേ മ്യീനാത്ചി  മ്യന <br>മ്യധുരാബുരിയില് ഉന്നാത്ചി ! <br> <br>മ്യരഗധക്കിളിയേ മ്യീനാത്ചി  മ്യന <br>മ്യധുരാബുരിയില് ഉന്നാത്ചി !  മ്യന <br>മ്യധുരാബുരിയില് ഉന്നാത്ചി ! <br> <br>മ്യരഗധക്കിളിയേ മ്യീനാത്ചി  മ്യന <br>മ്യധുരാബുരിയില് ഉന്നാത്ചി ! <br> <br>കൂദല്  മ്യാനഗര് മ്യീധിനിലേ വന്ധ്ധു <br>കുദിയിരുന്ധ്ധായേ മ്യീനാത്ചി ! <br> <br>കൂദല്  മ്യാനഗര് മ്യീധിനിലേ വന്ധ്ധു <br>കുദിയിരുന്ധ്ധായേ മ്യീനാത്ചി ! <br> <br>ആദല് വല്ലാര് അഴഗേസ രോദു <br>അരസാത്ചി സെയ്യുമ് മ്യീനാത്ചി ! <br> <br>ആദല് വല്ലാര് അഴഗേസ രോദു <br>അരസാത്ചി സെയ്യുമ് മ്യീനാത്ചി ! <br>നല് അരസാത്ചി സെയ്യുമ് മ്യീനാത്ചി ! <br> <br>മ്യരഗധക്കിളിയേ മ്യീനാത്ചി  മ്യന <br>മ്യധുരാബുരിയില് ഉന്നാത്ചി ! <br> <br>മ്യരഗധക്കിളിയേ മ്യീനാത്ചി  മ്യന <br>മ്യധുരാബുരിയില് ഉന്നാത്ചി ! <br> <br>മ്യലൈഗള് സൂഴ്ന്ധ്ധിദുമ് മ്യാമ്യധുരൈ ! മ്അംയ <br>മ്യല്ലിഗൈ യാലധു പൂമ്യധുരൈ ! <br> <br>മ്യലൈഗള് സൂഴ്ന്ധ്ധിദുമ് മ്യാമ്യധുരൈ ! മ്അംയ <br>മ്യല്ലിഗൈ യാലധു പൂമ്യധുരൈ ! <br> <br>കലൈഗള് വാഴ്ന്ധ്ധിദുമ് ഥെന്മ്യധുരൈ  ഉന് <br>കംണൊളി യാലധു പൊന്മ്യധുരൈ ! <br> <br>കലൈഗള് വാഴ്ന്ധ്ധിദുമ് ഥെന്മ്യധുരൈ  ഉന് <br>കംണൊളി യാലധു പൊന്മ്യധുരൈ ! ഉന് <br>കംണൊളി യാലധു പൊന്മ്യധുരൈ ! <br> <br>മ്യരഗധക്കിളിയേ മ്യീനാത്ചി  മ്യന <br>മ്യധുരാബുരിയില് ഉന്നാത്ചി ! <br> <br>മ്യരഗധക്കിളിയേ മ്യീനാത്ചി  മ്യന <br>മ്യധുരാബുരിയില് ഉന്നാത്ചി ! <br> <br>പാംദിയ നാത്തുപ് പൂങ്ഗൊദിയേ ! എനൈ <br>ആംദവളേ അന്പു മ്യീനാത്ചി ! <br> <br>പാംദിയ നാത്തുപ് പൂങ്ഗൊദിയേ ! എനൈ <br>ആംദവളേ അന്പു മ്യീനാത്ചി ! <br> <br>വേംദുവ ഥെല്ലാമ് നിറൈവേത്റു നാന് <br>വേംദുമ് വഴിയൈ നീഗാത്തു ! <br> <br>വേംദുവ ഥെല്ലാമ് നിറൈവേത്റു നാന് <br>വേംദുമ് വഴിയൈ നീഗാത്തു ! നാന് <br>വേംദുമ് വഴിയൈ നീഗാത്തു ! <br> <br>മ്യരഗധക്കിളിയേ മ്യീനാത്ചി  മ്യന <br>മ്യധുരാബുരിയില് ഉന്നാത്ചി ! <br> <br>മ്യരഗധക്കിളിയേ മ്യീനാത്ചി  മ്യന <br>മ്യധുരാബുരിയില് ഉന്നാത്ചി ! <br> <br>വൈരമ്യുദി സൂദുമ് നായഗിയേ – ഇന്ധ്ധ <br>വൈയഗമ് സൂദുമ് ഉങഴലേ ! <br> <br>വൈരമ്യുദി സൂദുമ് നായഗിയേ – ഇന്ധ്ധ <br>വൈയഗമ് സൂദുമ് ഉങഴലേ ! <br> <br>മ്യൈവിഴി യാലേ മ്യന്നഗഥിന് <br>മ്യഗിമ്യൈ വളര്ഥിദു മ്യീനാത്ചി ! <br> <br>മ്യൈവിഴി യാലേ മ്യന്നഗഥിന് <br>മ്യഗിമ്യൈ വളര്ഥിദു മ്യീനാത്ചി ! <br>മ്യഗിമ്യൈ വളര്ഥിദു മ്യീനാത്ചി ! <br> <br>മ്യരഗധക്കിളിയേ മ്യീനാത്ചി  മ്യന <br>മ്യധുരാബുരിയില് ഉന്നാത്ചി ! <br> <br>മ്യരഗധക്കിളിയേ മ്യീനാത്ചി  മ്യന <br>മ്യധുരാബുരിയില് ഉന്നാത്ചി ! മ്യന <br>മ്യധുരാബുരിയില് ഉന്നാത്ചി ! <br> <br>മ്യരഗധക്കിളിയേ മ്യീനാത്ചി  മ്യന <br>മ്യധുരാബുരിയില് ഉന്നാത്ചി !",
      "language" : {
        "name" : "Malayalam",
        "code" : "ml"
      }
    },
    {
      "data" : "ಮ್ಯರಗಧಕ್ಕಿಳಿಯೇ ಮ್ಯೀನಾತ್ಚಿ  ಮ್ಯನ <br>ಮ್ಯಧುರಾಬುರಿಯಿಲ್ ಉನ್ನಾತ್ಚಿ ! <br> <br>ಮ್ಯರಗಧಕ್ಕಿಳಿಯೇ ಮ್ಯೀನಾತ್ಚಿ  ಮ್ಯನ <br>ಮ್ಯಧುರಾಬುರಿಯಿಲ್ ಉನ್ನಾತ್ಚಿ !  ಮ್ಯನ <br>ಮ್ಯಧುರಾಬುರಿಯಿಲ್ ಉನ್ನಾತ್ಚಿ ! <br> <br>ಮ್ಯರಗಧಕ್ಕಿಳಿಯೇ ಮ್ಯೀನಾತ್ಚಿ  ಮ್ಯನ <br>ಮ್ಯಧುರಾಬುರಿಯಿಲ್ ಉನ್ನಾತ್ಚಿ ! <br> <br>ಕೂದಲ್  ಮ್ಯಾನಗರ್ ಮ್ಯೀಧಿನಿಲೇ ವನ್ಧ್ಧು <br>ಕುದಿಯಿರುನ್ಧ್ಧಾಯೇ ಮ್ಯೀನಾತ್ಚಿ ! <br> <br>ಕೂದಲ್  ಮ್ಯಾನಗರ್ ಮ್ಯೀಧಿನಿಲೇ ವನ್ಧ್ಧು <br>ಕುದಿಯಿರುನ್ಧ್ಧಾಯೇ ಮ್ಯೀನಾತ್ಚಿ ! <br> <br>ಆದಲ್ ವಲ್ಲಾರ್ ಅಲಗೇಸ ರೋದು <br>ಅರಸಾತ್ಚಿ ಸೆಯ್ಯುಮ್ ಮ್ಯೀನಾತ್ಚಿ ! <br> <br>ಆದಲ್ ವಲ್ಲಾರ್ ಅಲಗೇಸ ರೋದು <br>ಅರಸಾತ್ಚಿ ಸೆಯ್ಯುಮ್ ಮ್ಯೀನಾತ್ಚಿ ! <br>ನಲ್ ಅರಸಾತ್ಚಿ ಸೆಯ್ಯುಮ್ ಮ್ಯೀನಾತ್ಚಿ ! <br> <br>ಮ್ಯರಗಧಕ್ಕಿಳಿಯೇ ಮ್ಯೀನಾತ್ಚಿ  ಮ್ಯನ <br>ಮ್ಯಧುರಾಬುರಿಯಿಲ್ ಉನ್ನಾತ್ಚಿ ! <br> <br>ಮ್ಯರಗಧಕ್ಕಿಳಿಯೇ ಮ್ಯೀನಾತ್ಚಿ  ಮ್ಯನ <br>ಮ್ಯಧುರಾಬುರಿಯಿಲ್ ಉನ್ನಾತ್ಚಿ ! <br> <br>ಮ್ಯಲೈಗಳ್ ಸೂಲ್ನ್ಧ್ಧಿದುಮ್ ಮ್ಯಾಮ್ಯಧುರೈ ! ಮ್ಅಂಯ <br>ಮ್ಯಲ್ಲಿಗೈ ಯಾಲಧು ಪೂಮ್ಯಧುರೈ ! <br> <br>ಮ್ಯಲೈಗಳ್ ಸೂಲ್ನ್ಧ್ಧಿದುಮ್ ಮ್ಯಾಮ್ಯಧುರೈ ! ಮ್ಅಂಯ <br>ಮ್ಯಲ್ಲಿಗೈ ಯಾಲಧು ಪೂಮ್ಯಧುರೈ ! <br> <br>ಕಲೈಗಳ್ ವಾಲ್ನ್ಧ್ಧಿದುಮ್ ಥೆನ್ಮ್ಯಧುರೈ  ಉನ್ <br>ಕಂಣೊಳಿ ಯಾಲಧು ಪೊನ್ಮ್ಯಧುರೈ ! <br> <br>ಕಲೈಗಳ್ ವಾಲ್ನ್ಧ್ಧಿದುಮ್ ಥೆನ್ಮ್ಯಧುರೈ  ಉನ್ <br>ಕಂಣೊಳಿ ಯಾಲಧು ಪೊನ್ಮ್ಯಧುರೈ ! ಉನ್ <br>ಕಂಣೊಳಿ ಯಾಲಧು ಪೊನ್ಮ್ಯಧುರೈ ! <br> <br>ಮ್ಯರಗಧಕ್ಕಿಳಿಯೇ ಮ್ಯೀನಾತ್ಚಿ  ಮ್ಯನ <br>ಮ್ಯಧುರಾಬುರಿಯಿಲ್ ಉನ್ನಾತ್ಚಿ ! <br> <br>ಮ್ಯರಗಧಕ್ಕಿಳಿಯೇ ಮ್ಯೀನಾತ್ಚಿ  ಮ್ಯನ <br>ಮ್ಯಧುರಾಬುರಿಯಿಲ್ ಉನ್ನಾತ್ಚಿ ! <br> <br>ಪಾಂದಿಯ ನಾತ್ತುಪ್ ಪೂಙ್ಗೊದಿಯೇ ! ಎನೈ <br>ಆಂದವಳೇ ಅನ್ಪು ಮ್ಯೀನಾತ್ಚಿ ! <br> <br>ಪಾಂದಿಯ ನಾತ್ತುಪ್ ಪೂಙ್ಗೊದಿಯೇ ! ಎನೈ <br>ಆಂದವಳೇ ಅನ್ಪು ಮ್ಯೀನಾತ್ಚಿ ! <br> <br>ವೇಂದುವ ಥೆಲ್ಲಾಮ್ ನಿರೈವೇತ್ರು ನಾನ್ <br>ವೇಂದುಮ್ ವಲಿಯೈ ನೀಗಾತ್ತು ! <br> <br>ವೇಂದುವ ಥೆಲ್ಲಾಮ್ ನಿರೈವೇತ್ರು ನಾನ್ <br>ವೇಂದುಮ್ ವಲಿಯೈ ನೀಗಾತ್ತು ! ನಾನ್ <br>ವೇಂದುಮ್ ವಲಿಯೈ ನೀಗಾತ್ತು ! <br> <br>ಮ್ಯರಗಧಕ್ಕಿಳಿಯೇ ಮ್ಯೀನಾತ್ಚಿ  ಮ್ಯನ <br>ಮ್ಯಧುರಾಬುರಿಯಿಲ್ ಉನ್ನಾತ್ಚಿ ! <br> <br>ಮ್ಯರಗಧಕ್ಕಿಳಿಯೇ ಮ್ಯೀನಾತ್ಚಿ  ಮ್ಯನ <br>ಮ್ಯಧುರಾಬುರಿಯಿಲ್ ಉನ್ನಾತ್ಚಿ ! <br> <br>ವೈರಮ್ಯುದಿ ಸೂದುಮ್ ನಾಯಗಿಯೇ – ಇನ್ಧ್ಧ <br>ವೈಯಗಮ್ ಸೂದುಮ್ ಉಙಲಲೇ ! <br> <br>ವೈರಮ್ಯುದಿ ಸೂದುಮ್ ನಾಯಗಿಯೇ – ಇನ್ಧ್ಧ <br>ವೈಯಗಮ್ ಸೂದುಮ್ ಉಙಲಲೇ ! <br> <br>ಮ್ಯೈವಿಲಿ ಯಾಲೇ ಮ್ಯನ್ನಗಥಿನ್ <br>ಮ್ಯಗಿಮ್ಯೈ ವಳರ್ಥಿದು ಮ್ಯೀನಾತ್ಚಿ ! <br> <br>ಮ್ಯೈವಿಲಿ ಯಾಲೇ ಮ್ಯನ್ನಗಥಿನ್ <br>ಮ್ಯಗಿಮ್ಯೈ ವಳರ್ಥಿದು ಮ್ಯೀನಾತ್ಚಿ ! <br>ಮ್ಯಗಿಮ್ಯೈ ವಳರ್ಥಿದು ಮ್ಯೀನಾತ್ಚಿ ! <br> <br>ಮ್ಯರಗಧಕ್ಕಿಳಿಯೇ ಮ್ಯೀನಾತ್ಚಿ  ಮ್ಯನ <br>ಮ್ಯಧುರಾಬುರಿಯಿಲ್ ಉನ್ನಾತ್ಚಿ ! <br> <br>ಮ್ಯರಗಧಕ್ಕಿಳಿಯೇ ಮ್ಯೀನಾತ್ಚಿ  ಮ್ಯನ <br>ಮ್ಯಧುರಾಬುರಿಯಿಲ್ ಉನ್ನಾತ್ಚಿ ! ಮ್ಯನ <br>ಮ್ಯಧುರಾಬುರಿಯಿಲ್ ಉನ್ನಾತ್ಚಿ ! <br> <br>ಮ್ಯರಗಧಕ್ಕಿಳಿಯೇ ಮ್ಯೀನಾತ್ಚಿ  ಮ್ಯನ <br>ಮ್ಯಧುರಾಬುರಿಯಿಲ್ ಉನ್ನಾತ್ಚಿ !",
      "language" : {
        "name" : "Kanadam",
        "code" : "ka"
      }
    },
    {
      "data" : "ম্যরগধক্কিলিযে ম্যীনাত্চি  ম্যন <br>ম্যধুরাবুরিযিল্ উন্নাত্চি ! <br> <br>ম্যরগধক্কিলিযে ম্যীনাত্চি  ম্যন <br>ম্যধুরাবুরিযিল্ উন্নাত্চি !  ম্যন <br>ম্যধুরাবুরিযিল্ উন্নাত্চি ! <br> <br>ম্যরগধক্কিলিযে ম্যীনাত্চি  ম্যন <br>ম্যধুরাবুরিযিল্ উন্নাত্চি ! <br> <br>কূদল্  ম্যানগর্ ম্যীধিনিলে ৱন্ধ্ধু <br>কুদিযিরুন্ধ্ধাযে ম্যীনাত্চি ! <br> <br>কূদল্  ম্যানগর্ ম্যীধিনিলে ৱন্ধ্ধু <br>কুদিযিরুন্ধ্ধাযে ম্যীনাত্চি ! <br> <br>আদল্ ৱল্লার্ অলগেস রোদু <br>অরসাত্চি সেয্যুম্ ম্যীনাত্চি ! <br> <br>আদল্ ৱল্লার্ অলগেস রোদু <br>অরসাত্চি সেয্যুম্ ম্যীনাত্চি ! <br>নল্ অরসাত্চি সেয্যুম্ ম্যীনাত্চি ! <br> <br>ম্যরগধক্কিলিযে ম্যীনাত্চি  ম্যন <br>ম্যধুরাবুরিযিল্ উন্নাত্চি ! <br> <br>ম্যরগধক্কিলিযে ম্যীনাত্চি  ম্যন <br>ম্যধুরাবুরিযিল্ উন্নাত্চি ! <br> <br>ম্যলৈগল্ সূল্ন্ধ্ধিদুম্ ম্যাম্যধুরৈ ! ম্অঁয <br>ম্যল্লিগৈ যালধু পূম্যধুরৈ ! <br> <br>ম্যলৈগল্ সূল্ন্ধ্ধিদুম্ ম্যাম্যধুরৈ ! ম্অঁয <br>ম্যল্লিগৈ যালধু পূম্যধুরৈ ! <br> <br>কলৈগল্ ৱাল্ন্ধ্ধিদুম্ থেন্ম্যধুরৈ  উন্ <br>কঁণোলি যালধু পোন্ম্যধুরৈ ! <br> <br>কলৈগল্ ৱাল্ন্ধ্ধিদুম্ থেন্ম্যধুরৈ  উন্ <br>কঁণোলি যালধু পোন্ম্যধুরৈ ! উন্ <br>কঁণোলি যালধু পোন্ম্যধুরৈ ! <br> <br>ম্যরগধক্কিলিযে ম্যীনাত্চি  ম্যন <br>ম্যধুরাবুরিযিল্ উন্নাত্চি ! <br> <br>ম্যরগধক্কিলিযে ম্যীনাত্চি  ম্যন <br>ম্যধুরাবুরিযিল্ উন্নাত্চি ! <br> <br>পাঁদিয নাত্তুপ্ পূঙ্গোদিযে ! এনৈ <br>আঁদৱলে অন্পু ম্যীনাত্চি ! <br> <br>পাঁদিয নাত্তুপ্ পূঙ্গোদিযে ! এনৈ <br>আঁদৱলে অন্পু ম্যীনাত্চি ! <br> <br>ৱেঁদুৱ থেল্লাম্ নিড়ৈৱেত্ড়ু নান্ <br>ৱেঁদুম্ ৱলিযৈ নীগাত্তু ! <br> <br>ৱেঁদুৱ থেল্লাম্ নিড়ৈৱেত্ড়ু নান্ <br>ৱেঁদুম্ ৱলিযৈ নীগাত্তু ! নান্ <br>ৱেঁদুম্ ৱলিযৈ নীগাত্তু ! <br> <br>ম্যরগধক্কিলিযে ম্যীনাত্চি  ম্যন <br>ম্যধুরাবুরিযিল্ উন্নাত্চি ! <br> <br>ম্যরগধক্কিলিযে ম্যীনাত্চি  ম্যন <br>ম্যধুরাবুরিযিল্ উন্নাত্চি ! <br> <br>ৱৈরম্যুদি সূদুম্ নাযগিযে – ইন্ধ্ধ <br>ৱৈযগম্ সূদুম্ উঙললে ! <br> <br>ৱৈরম্যুদি সূদুম্ নাযগিযে – ইন্ধ্ধ <br>ৱৈযগম্ সূদুম্ উঙললে ! <br> <br>ম্যৈৱিলি যালে ম্যন্নগথিন্ <br>ম্যগিম্যৈ ৱলর্থিদু ম্যীনাত্চি ! <br> <br>ম্যৈৱিলি যালে ম্যন্নগথিন্ <br>ম্যগিম্যৈ ৱলর্থিদু ম্যীনাত্চি ! <br>ম্যগিম্যৈ ৱলর্থিদু ম্যীনাত্চি ! <br> <br>ম্যরগধক্কিলিযে ম্যীনাত্চি  ম্যন <br>ম্যধুরাবুরিযিল্ উন্নাত্চি ! <br> <br>ম্যরগধক্কিলিযে ম্যীনাত্চি  ম্যন <br>ম্যধুরাবুরিযিল্ উন্নাত্চি ! ম্যন <br>ম্যধুরাবুরিযিল্ উন্নাত্চি ! <br> <br>ম্যরগধক্কিলিযে ম্যীনাত্চি  ম্যন <br>ম্যধুরাবুরিযিল্ উন্নাত্চি !",
      "language" : {
        "name" : "Bengali",
        "code" : "be"
      }
    },
    {
      "data" : "મ્યરગધક્કિળિયૅ મ્યીનાત્ચિ  મ્યન <br>મ્યધુરાબુરિયિલ્ ઉન્નાત્ચિ ! <br> <br>મ્યરગધક્કિળિયૅ મ્યીનાત્ચિ  મ્યન <br>મ્યધુરાબુરિયિલ્ ઉન્નાત્ચિ !  મ્યન <br>મ્યધુરાબુરિયિલ્ ઉન્નાત્ચિ ! <br> <br>મ્યરગધક્કિળિયૅ મ્યીનાત્ચિ  મ્યન <br>મ્યધુરાબુરિયિલ્ ઉન્નાત્ચિ ! <br> <br>કૂદલ્  મ્યાનગર્ મ્યીધિનિલૅ વન્ધ્ધુ <br>કુદિયિરુન્ધ્ધાયૅ મ્યીનાત્ચિ ! <br> <br>કૂદલ્  મ્યાનગર્ મ્યીધિનિલૅ વન્ધ્ધુ <br>કુદિયિરુન્ધ્ધાયૅ મ્યીનાત્ચિ ! <br> <br>આદલ્ વલ્લાર્ અલગૅસ રૉદુ <br>અરસાત્ચિ સેય્યુમ્ મ્યીનાત્ચિ ! <br> <br>આદલ્ વલ્લાર્ અલગૅસ રૉદુ <br>અરસાત્ચિ સેય્યુમ્ મ્યીનાત્ચિ ! <br>ણલ્ અરસાત્ચિ સેય્યુમ્ મ્યીનાત્ચિ ! <br> <br>મ્યરગધક્કિળિયૅ મ્યીનાત્ચિ  મ્યન <br>મ્યધુરાબુરિયિલ્ ઉન્નાત્ચિ ! <br> <br>મ્યરગધક્કિળિયૅ મ્યીનાત્ચિ  મ્યન <br>મ્યધુરાબુરિયિલ્ ઉન્નાત્ચિ ! <br> <br>મ્યલૈગળ્ સૂલ્ન્ધ્ધિદુમ્ મ્યામ્યધુરૈ ! મ્અંય <br>મ્યલ્લિગૈ યાલધુ પૂમ્યધુરૈ ! <br> <br>મ્યલૈગળ્ સૂલ્ન્ધ્ધિદુમ્ મ્યામ્યધુરૈ ! મ્અંય <br>મ્યલ્લિગૈ યાલધુ પૂમ્યધુરૈ ! <br> <br>કલૈગળ્ વાલ્ન્ધ્ધિદુમ્ થેન્મ્યધુરૈ  ઉન્ <br>કંણોળિ યાલધુ પોન્મ્યધુરૈ ! <br> <br>કલૈગળ્ વાલ્ન્ધ્ધિદુમ્ થેન્મ્યધુરૈ  ઉન્ <br>કંણોળિ યાલધુ પોન્મ્યધુરૈ ! ઉન્ <br>કંણોળિ યાલધુ પોન્મ્યધુરૈ ! <br> <br>મ્યરગધક્કિળિયૅ મ્યીનાત્ચિ  મ્યન <br>મ્યધુરાબુરિયિલ્ ઉન્નાત્ચિ ! <br> <br>મ્યરગધક્કિળિયૅ મ્યીનાત્ચિ  મ્યન <br>મ્યધુરાબુરિયિલ્ ઉન્નાત્ચિ ! <br> <br>પાંદિય ણાત્તુપ્ પૂઙ્ગોદિયૅ ! એનૈ <br>આંદવળૅ અન્પુ મ્યીનાત્ચિ ! <br> <br>પાંદિય ણાત્તુપ્ પૂઙ્ગોદિયૅ ! એનૈ <br>આંદવળૅ અન્પુ મ્યીનાત્ચિ ! <br> <br>વૅંદુવ થેલ્લામ્ ણિરૈવૅત્રુ ણાન્ <br>વૅંદુમ્ વલિયૈ ણીગાત્તુ ! <br> <br>વૅંદુવ થેલ્લામ્ ણિરૈવૅત્રુ ણાન્ <br>વૅંદુમ્ વલિયૈ ણીગાત્તુ ! ણાન્ <br>વૅંદુમ્ વલિયૈ ણીગાત્તુ ! <br> <br>મ્યરગધક્કિળિયૅ મ્યીનાત્ચિ  મ્યન <br>મ્યધુરાબુરિયિલ્ ઉન્નાત્ચિ ! <br> <br>મ્યરગધક્કિળિયૅ મ્યીનાત્ચિ  મ્યન <br>મ્યધુરાબુરિયિલ્ ઉન્નાત્ચિ ! <br> <br>વૈરમ્યુદિ સૂદુમ્ ણાયગિયૅ – ઇન્ધ્ધ <br>વૈયગમ્ સૂદુમ્ ઉઙલલૅ ! <br> <br>વૈરમ્યુદિ સૂદુમ્ ણાયગિયૅ – ઇન્ધ્ધ <br>વૈયગમ્ સૂદુમ્ ઉઙલલૅ ! <br> <br>મ્યૈવિલિ યાલૅ મ્યન્નગથિન્ <br>મ્યગિમ્યૈ વળર્થિદુ મ્યીનાત્ચિ ! <br> <br>મ્યૈવિલિ યાલૅ મ્યન્નગથિન્ <br>મ્યગિમ્યૈ વળર્થિદુ મ્યીનાત્ચિ ! <br>મ્યગિમ્યૈ વળર્થિદુ મ્યીનાત્ચિ ! <br> <br>મ્યરગધક્કિળિયૅ મ્યીનાત્ચિ  મ્યન <br>મ્યધુરાબુરિયિલ્ ઉન્નાત્ચિ ! <br> <br>મ્યરગધક્કિળિયૅ મ્યીનાત્ચિ  મ્યન <br>મ્યધુરાબુરિયિલ્ ઉન્નાત્ચિ ! મ્યન <br>મ્યધુરાબુરિયિલ્ ઉન્નાત્ચિ ! <br> <br>મ્યરગધક્કિળિયૅ મ્યીનાત્ચિ  મ્યન <br>મ્યધુરાબુરિયિલ્ ઉન્નાત્ચિ !",
      "language" : {
        "name" : "Gujarathi",
        "code" : "gu"
      }
    },
    {
      "data" : "म्अरगदक्किऴिये म्ईनाट्चि  म्अन <br>म्अदुराबुरियिल उन्नाट्चि ! <br> <br>म्अरगदक्किऴिये म्ईनाट्चि  म्अन <br>म्अदुराबुरियिल उन्नाट्चि !  म्अन <br>म्अदुराबुरियिल उन्नाट्चि ! <br> <br>म्अरगदक्किऴिये म्ईनाट्चि  म्अन <br>म्अदुराबुरियिल उन्नाट्चि ! <br> <br>कूडल  म्आनगर म्ईदिनिले वन्द दु <br>कुडियिरुन्द दाये म्ईनाट्चि ! <br> <br>कूडल  म्आनगर म्ईदिनिले वन्द दु <br>कुडियिरुन्द दाये म्ईनाट्चि ! <br> <br>आडल वललार अलगेस रोडु <br>अरसाट्चि सेययुम म्ईनाट्चि ! <br> <br>आडल वललार अलगेस रोडु <br>अरसाट्चि सेययुम म्ईनाट्चि ! <br>नल अरसाट्चि सेययुम म्ईनाट्चि ! <br> <br>म्अरगदक्किऴिये म्ईनाट्चि  म्अन <br>म्अदुराबुरियिल उन्नाट्चि ! <br> <br>म्अरगदक्किऴिये म्ईनाट्चि  म्अन <br>म्अदुराबुरियिल उन्नाट्चि ! <br> <br>म्अलैगल सूल्न्द दिडुम म्आम्अदुरै ! म्अंअ <br>म्अल्लिगै यालदु पूम्अदुरै ! <br> <br>म्अलैगल सूल्न्द दिडुम म्आम्अदुरै ! म्अंअ <br>म्अल्लिगै यालदु पूम्अदुरै ! <br> <br>कलैगल वाल्न्द दिडुम तेन्म्अदुरै  उन <br>कंणोऴि यालदु पोन्म्अदुरै ! <br> <br>कलैगल वाल्न्द दिडुम तेन्म्अदुरै  उन <br>कंणोऴि यालदु पोन्म्अदुरै ! उन <br>कंणोऴि यालदु पोन्म्अदुरै ! <br> <br>म्अरगदक्किऴिये म्ईनाट्चि  म्अन <br>म्अदुराबुरियिल उन्नाट्चि ! <br> <br>म्अरगदक्किऴिये म्ईनाट्चि  म्अन <br>म्अदुराबुरियिल उन्नाट्चि ! <br> <br>पांडिय नाटटुप पूङ्गोडिये ! एनै <br>आंडवऴे अनपु म्ईनाट्चि ! <br> <br>पांडिय नाटटुप पूङ्गोडिये ! एनै <br>आंडवऴे अनपु म्ईनाट्चि ! <br> <br>वेंडुव तेललाम निड़ैवेट्ड़ु नान <br>वेंडुम वलियै नीगाटटु ! <br> <br>वेंडुव तेललाम निड़ैवेट्ड़ु नान <br>वेंडुम वलियै नीगाटटु ! नान <br>वेंडुम वलियै नीगाटटु ! <br> <br>म्अरगदक्किऴिये म्ईनाट्चि  म्अन <br>म्अदुराबुरियिल उन्नाट्चि ! <br> <br>म्अरगदक्किऴिये म्ईनाट्चि  म्अन <br>म्अदुराबुरियिल उन्नाट्चि ! <br> <br>वैरम्उडि सूडुम नायगिये – इन्द द <br>वैयगम सूडुम उङलले ! <br> <br>वैरम्उडि सूडुम नायगिये – इन्द द <br>वैयगम सूडुम उङलले ! <br> <br>म्ऐविलि याले म्अन्नगतिन <br>म्अगिम्ऐ वळर्तिडु म्ईनाट्चि ! <br> <br>म्ऐविलि याले म्अन्नगतिन <br>म्अगिम्ऐ वळर्तिडु म्ईनाट्चि ! <br>म्अगिम्ऐ वळर्तिडु म्ईनाट्चि ! <br> <br>म्अरगदक्किऴिये म्ईनाट्चि  म्अन <br>म्अदुराबुरियिल उन्नाट्चि ! <br> <br>म्अरगदक्किऴिये म्ईनाट्चि  म्अन <br>म्अदुराबुरियिल उन्नाट्चि ! म्अन <br>म्अदुराबुरियिल उन्नाट्चि ! <br> <br>म्अरगदक्किऴिये म्ईनाट्चि  म्अन <br>म्अदुराबुरियिल उन्नाट्चि !",
      "language" : {
        "name" : "Marathi",
        "code" : "mr"
      }
    },
    {
      "data" : "ମ୍ଯରଗଧକ୍କିଲିଯେ ମ୍ଯୀନାତ୍ଚି  ମ୍ଯନ <br>ମ୍ଯଧୁରାବୁରିଯିଳ୍ ଉନ୍ନାତ୍ଚି ! <br> <br>ମ୍ଯରଗଧକ୍କିଲିଯେ ମ୍ଯୀନାତ୍ଚି  ମ୍ଯନ <br>ମ୍ଯଧୁରାବୁରିଯିଳ୍ ଉନ୍ନାତ୍ଚି !  ମ୍ଯନ <br>ମ୍ଯଧୁରାବୁରିଯିଳ୍ ଉନ୍ନାତ୍ଚି ! <br> <br>ମ୍ଯରଗଧକ୍କିଲିଯେ ମ୍ଯୀନାତ୍ଚି  ମ୍ଯନ <br>ମ୍ଯଧୁରାବୁରିଯିଳ୍ ଉନ୍ନାତ୍ଚି ! <br> <br>କୂଦଳ୍  ମ୍ଯାନଗର୍ ମ୍ଯୀଧିନିଳେ ୱନ୍ଧ୍ଧୁ <br>କୁଦିଯିରୁନ୍ଧ୍ଧାଯେ ମ୍ଯୀନାତ୍ଚି ! <br> <br>କୂଦଳ୍  ମ୍ଯାନଗର୍ ମ୍ଯୀଧିନିଳେ ୱନ୍ଧ୍ଧୁ <br>କୁଦିଯିରୁନ୍ଧ୍ଧାଯେ ମ୍ଯୀନାତ୍ଚି ! <br> <br>ଆଦଳ୍ ୱଳ୍ଳାର୍ ଅଳଗେସ ରୋଦୁ <br>ଅରସାତ୍ଚି ସେଯ୍ଯୁମ୍ ମ୍ଯୀନାତ୍ଚି ! <br> <br>ଆଦଳ୍ ୱଳ୍ଳାର୍ ଅଳଗେସ ରୋଦୁ <br>ଅରସାତ୍ଚି ସେଯ୍ଯୁମ୍ ମ୍ଯୀନାତ୍ଚି ! <br>ନଳ୍ ଅରସାତ୍ଚି ସେଯ୍ଯୁମ୍ ମ୍ଯୀନାତ୍ଚି ! <br> <br>ମ୍ଯରଗଧକ୍କିଲିଯେ ମ୍ଯୀନାତ୍ଚି  ମ୍ଯନ <br>ମ୍ଯଧୁରାବୁରିଯିଳ୍ ଉନ୍ନାତ୍ଚି ! <br> <br>ମ୍ଯରଗଧକ୍କିଲିଯେ ମ୍ଯୀନାତ୍ଚି  ମ୍ଯନ <br>ମ୍ଯଧୁରାବୁରିଯିଳ୍ ଉନ୍ନାତ୍ଚି ! <br> <br>ମ୍ଯଳୈଗଲ୍ ସୂଳ୍ନ୍ଧ୍ଧିଦୁମ୍ ମ୍ଯାମ୍ଯଧୁରୈ ! ମ୍ଅଂଯ <br>ମ୍ଯଳ୍ଳିଗୈ ଯାଳଧୁ ପୂମ୍ଯଧୁରୈ ! <br> <br>ମ୍ଯଳୈଗଲ୍ ସୂଳ୍ନ୍ଧ୍ଧିଦୁମ୍ ମ୍ଯାମ୍ଯଧୁରୈ ! ମ୍ଅଂଯ <br>ମ୍ଯଳ୍ଳିଗୈ ଯାଳଧୁ ପୂମ୍ଯଧୁରୈ ! <br> <br>କଳୈଗଲ୍ ୱାଳ୍ନ୍ଧ୍ଧିଦୁମ୍ ଥେନ୍ମ୍ଯଧୁରୈ  ଉନ୍ <br>କଂଣୋଲି ଯାଳଧୁ ପୋନ୍ମ୍ଯଧୁରୈ ! <br> <br>କଳୈଗଲ୍ ୱାଳ୍ନ୍ଧ୍ଧିଦୁମ୍ ଥେନ୍ମ୍ଯଧୁରୈ  ଉନ୍ <br>କଂଣୋଲି ଯାଳଧୁ ପୋନ୍ମ୍ଯଧୁରୈ ! ଉନ୍ <br>କଂଣୋଲି ଯାଳଧୁ ପୋନ୍ମ୍ଯଧୁରୈ ! <br> <br>ମ୍ଯରଗଧକ୍କିଲିଯେ ମ୍ଯୀନାତ୍ଚି  ମ୍ଯନ <br>ମ୍ଯଧୁରାବୁରିଯିଳ୍ ଉନ୍ନାତ୍ଚି ! <br> <br>ମ୍ଯରଗଧକ୍କିଲିଯେ ମ୍ଯୀନାତ୍ଚି  ମ୍ଯନ <br>ମ୍ଯଧୁରାବୁରିଯିଳ୍ ଉନ୍ନାତ୍ଚି ! <br> <br>ପାଂଦିଯ ନାତ୍ତୁପ୍ ପୂଙ୍ଗୋଦିଯେ ! ଏନୈ <br>ଆଂଦୱଲେ ଅନ୍ପୁ ମ୍ଯୀନାତ୍ଚି ! <br> <br>ପାଂଦିଯ ନାତ୍ତୁପ୍ ପୂଙ୍ଗୋଦିଯେ ! ଏନୈ <br>ଆଂଦୱଲେ ଅନ୍ପୁ ମ୍ଯୀନାତ୍ଚି ! <br> <br>ୱେଂଦୁୱ ଥେଳ୍ଳାମ୍ ନିଡ଼ୈୱେତ୍ଡ଼ୁ ନାନ୍ <br>ୱେଂଦୁମ୍ ୱଳିଯୈ ନୀଗାତ୍ତୁ ! <br> <br>ୱେଂଦୁୱ ଥେଳ୍ଳାମ୍ ନିଡ଼ୈୱେତ୍ଡ଼ୁ ନାନ୍ <br>ୱେଂଦୁମ୍ ୱଳିଯୈ ନୀଗାତ୍ତୁ ! ନାନ୍ <br>ୱେଂଦୁମ୍ ୱଳିଯୈ ନୀଗାତ୍ତୁ ! <br> <br>ମ୍ଯରଗଧକ୍କିଲିଯେ ମ୍ଯୀନାତ୍ଚି  ମ୍ଯନ <br>ମ୍ଯଧୁରାବୁରିଯିଳ୍ ଉନ୍ନାତ୍ଚି ! <br> <br>ମ୍ଯରଗଧକ୍କିଲିଯେ ମ୍ଯୀନାତ୍ଚି  ମ୍ଯନ <br>ମ୍ଯଧୁରାବୁରିଯିଳ୍ ଉନ୍ନାତ୍ଚି ! <br> <br>ୱୈରମ୍ଯୁଦି ସୂଦୁମ୍ ନାଯଗିଯେ – ଇନ୍ଧ୍ଧ <br>ୱୈଯଗମ୍ ସୂଦୁମ୍ ଉଙଳଳେ ! <br> <br>ୱୈରମ୍ଯୁଦି ସୂଦୁମ୍ ନାଯଗିଯେ – ଇନ୍ଧ୍ଧ <br>ୱୈଯଗମ୍ ସୂଦୁମ୍ ଉଙଳଳେ ! <br> <br>ମ୍ଯୈୱିଳି ଯାଳେ ମ୍ଯନ୍ନଗଥିନ୍ <br>ମ୍ଯଗିମ୍ଯୈ ୱଲର୍ଥିଦୁ ମ୍ଯୀନାତ୍ଚି ! <br> <br>ମ୍ଯୈୱିଳି ଯାଳେ ମ୍ଯନ୍ନଗଥିନ୍ <br>ମ୍ଯଗିମ୍ଯୈ ୱଲର୍ଥିଦୁ ମ୍ଯୀନାତ୍ଚି ! <br>ମ୍ଯଗିମ୍ଯୈ ୱଲର୍ଥିଦୁ ମ୍ଯୀନାତ୍ଚି ! <br> <br>ମ୍ଯରଗଧକ୍କିଲିଯେ ମ୍ଯୀନାତ୍ଚି  ମ୍ଯନ <br>ମ୍ଯଧୁରାବୁରିଯିଳ୍ ଉନ୍ନାତ୍ଚି ! <br> <br>ମ୍ଯରଗଧକ୍କିଲିଯେ ମ୍ଯୀନାତ୍ଚି  ମ୍ଯନ <br>ମ୍ଯଧୁରାବୁରିଯିଳ୍ ଉନ୍ନାତ୍ଚି ! ମ୍ଯନ <br>ମ୍ଯଧୁରାବୁରିଯିଳ୍ ଉନ୍ନାତ୍ଚି ! <br> <br>ମ୍ଯରଗଧକ୍କିଲିଯେ ମ୍ଯୀନାତ୍ଚି  ମ୍ଯନ <br>ମ୍ଯଧୁରାବୁରିଯିଳ୍ ଉନ୍ନାତ୍ଚି !",
      "language" : {
        "name" : "Oriya",
        "code" : "or"
      }
    },
    {
      "data" : "म्अरगदक्किऴिये म्ईनाट्चि  म्अन <br>म्अदुराबुरियिल उन्नाट्चि ! <br> <br>म्अरगदक्किऴिये म्ईनाट्चि  म्अन <br>म्अदुराबुरियिल उन्नाट्चि !  म्अन <br>म्अदुराबुरियिल उन्नाट्चि ! <br> <br>म्अरगदक्किऴिये म्ईनाट्चि  म्अन <br>म्अदुराबुरियिल उन्नाट्चि ! <br> <br>कूडल  म्आनगर म्ईदिनिले वन्द दु <br>कुडियिरुन्द दाये म्ईनाट्चि ! <br> <br>कूडल  म्आनगर म्ईदिनिले वन्द दु <br>कुडियिरुन्द दाये म्ईनाट्चि ! <br> <br>आडल वललार अलगेस रोडु <br>अरसाट्चि सेययुम म्ईनाट्चि ! <br> <br>आडल वललार अलगेस रोडु <br>अरसाट्चि सेययुम म्ईनाट्चि ! <br>नल अरसाट्चि सेययुम म्ईनाट्चि ! <br> <br>म्अरगदक्किऴिये म्ईनाट्चि  म्अन <br>म्अदुराबुरियिल उन्नाट्चि ! <br> <br>म्अरगदक्किऴिये म्ईनाट्चि  म्अन <br>म्अदुराबुरियिल उन्नाट्चि ! <br> <br>म्अलैगल सूल्न्द दिडुम म्आम्अदुरै ! म्अंअ <br>म्अल्लिगै यालदु पूम्अदुरै ! <br> <br>म्अलैगल सूल्न्द दिडुम म्आम्अदुरै ! म्अंअ <br>म्अल्लिगै यालदु पूम्अदुरै ! <br> <br>कलैगल वाल्न्द दिडुम तेन्म्अदुरै  उन <br>कंणोऴि यालदु पोन्म्अदुरै ! <br> <br>कलैगल वाल्न्द दिडुम तेन्म्अदुरै  उन <br>कंणोऴि यालदु पोन्म्अदुरै ! उन <br>कंणोऴि यालदु पोन्म्अदुरै ! <br> <br>म्अरगदक्किऴिये म्ईनाट्चि  म्अन <br>म्अदुराबुरियिल उन्नाट्चि ! <br> <br>म्अरगदक्किऴिये म्ईनाट्चि  म्अन <br>म्अदुराबुरियिल उन्नाट्चि ! <br> <br>पांडिय नाटटुप पूङ्गोडिये ! एनै <br>आंडवऴे अनपु म्ईनाट्चि ! <br> <br>पांडिय नाटटुप पूङ्गोडिये ! एनै <br>आंडवऴे अनपु म्ईनाट्चि ! <br> <br>वेंडुव तेललाम निड़ैवेट्ड़ु नान <br>वेंडुम वलियै नीगाटटु ! <br> <br>वेंडुव तेललाम निड़ैवेट्ड़ु नान <br>वेंडुम वलियै नीगाटटु ! नान <br>वेंडुम वलियै नीगाटटु ! <br> <br>म्अरगदक्किऴिये म्ईनाट्चि  म्अन <br>म्अदुराबुरियिल उन्नाट्चि ! <br> <br>म्अरगदक्किऴिये म्ईनाट्चि  म्अन <br>म्अदुराबुरियिल उन्नाट्चि ! <br> <br>वैरम्उडि सूडुम नायगिये – इन्द द <br>वैयगम सूडुम उङलले ! <br> <br>वैरम्उडि सूडुम नायगिये – इन्द द <br>वैयगम सूडुम उङलले ! <br> <br>म्ऐविलि याले म्अन्नगतिन <br>म्अगिम्ऐ वळर्तिडु म्ईनाट्चि ! <br> <br>म्ऐविलि याले म्अन्नगतिन <br>म्अगिम्ऐ वळर्तिडु म्ईनाट्चि ! <br>म्अगिम्ऐ वळर्तिडु म्ईनाट्चि ! <br> <br>म्अरगदक्किऴिये म्ईनाट्चि  म्अन <br>म्अदुराबुरियिल उन्नाट्चि ! <br> <br>म्अरगदक्किऴिये म्ईनाट्चि  म्अन <br>म्अदुराबुरियिल उन्नाट्चि ! म्अन <br>म्अदुराबुरियिल उन्नाट्चि ! <br> <br>म्अरगदक्किऴिये म्ईनाट्चि  म्अन <br>म्अदुराबुरियिल उन्नाट्चि !",
      "language" : {
        "name" : "konkani",
        "code" : "ko"
      }
    }
  ],
  "mood" : {
    "slug" : "happy",
    "name" : "Happy"
  },
  "thumbnail" : "https:\/\/d1ua79hvv369a0.cloudfront.net\/reflection\/thumbnail\/June\/06\/Meenakshi_thumb.jpg",
  "language" : {
    "name" : "Tamil",
    "code" : "ta"
  },
  "slug" : "meenakshi-thudhi",
  "info" : {
    "lyric_genres" : [
      {
        "name" : {
          "en" : "Spritual",
          "hi" : "Spritual",
          "te" : "Spritual",
          "ta" : "ஆன்மீகம்"
        }
      }
    ],
    "thaalams" : [
      {
        "name" : {
          "en" : "Adhi",
          "hi" : "Adhi",
          "te" : "Adhi",
          "ta" : "ஆதி தாளம்"
        }
      }
    ],
    "lyric_languages" : [
      {
        "name" : {
          "en" : "Tamil",
          "hi" : "Tamil",
          "te" : "Tamil",
          "ta" : "தமிழ்"
        }
      }
    ],
    "lyric_moods" : [
      {
        "name" : {
          "en" : "Happy",
          "hi" : "Happy",
          "te" : "Happy",
          "ta" : "மகிழ்ச்சி"
        }
      }
    ],
    "music_genres" : [
      {
        "name" : {
          "en" : "Devotional",
          "hi" : "Devotional",
          "te" : "Devotional",
          "ta" : "ஆன்மீகம்"
        }
      }
    ],
    "best_seasons_to_listen" : [
      {
        "name" : {
          "en" : "All",
          "hi" : "All",
          "te" : "All",
          "ta" : "எப்பொழுதும்"
        }
      }
    ],
    "launch_date" : {
      "en" : "06\/06\/2016",
      "hi" : "06\/06\/2016",
      "te" : "06\/06\/2016",
      "ta" : "06\/06\/2016"
    },
    "lyric_styles" : [
      {
        "name" : {
          "en" : "Traditional",
          "hi" : "Traditional",
          "te" : "Traditional",
          "ta" : "செம்மொழி நடை"
        }
      }
    ],
    "duration" : 5.17,
    "raagams" : [
      {
        "name" : {
          "en" : "Madhimavathi",
          "hi" : "Madhimavathi",
          "te" : "Madhimavathi",
          "ta" : "மதிமாவதி"
        }
      }
    ],
    "instruments" : [
      {
        "name" : {
          "en" : "Tambora",
          "hi" : "Tambora",
          "te" : "Tambora",
          "ta" : "தம்புரா"
        }
      },
      {
        "name" : {
          "en" : "Flute",
          "hi" : "Flute",
          "te" : "Flute",
          "ta" : "புல்லாங்குழல்"
        }
      },
      {
        "name" : {
          "en" : "Miruthangam",
          "hi" : "Miruthangam",
          "te" : "Miruthangam",
          "ta" : "மிருதங்கம்"
        }
      }
    ],
    "best_times_to_listen" : [
      {
        "name" : {
          "en" : "Morning",
          "hi" : "Morning",
          "te" : "Morning",
          "ta" : "காலை"
        }
      },
      {
        "name" : {
          "en" : "Evening",
          "hi" : "Evening",
          "te" : "Evening",
          "ta" : "மாலை"
        }
      }
    ]
  }
}