{
  "title" : {
    "en" : "Neethaanae Vaendum",
    "hi" : "Neethaanae Vaendum",
    "te" : "Neethaanae Vaendum",
    "ta" : "நீ தானே வேண்டும்"
  },
  "credits" : {
    "mixers" : [
      {
        "name" : {
          "en" : "Muzik Lounge",
          "hi" : "Muzik Lounge",
          "te" : "Muzik Lounge",
          "ta" : "மியூசிக் லாங்"
        }
      }
    ],
    "masters" : [
      {
        "name" : {
          "en" : "Muzik Lounge",
          "hi" : "Muzik Lounge",
          "te" : "Muzik Lounge",
          "ta" : "மியூசிக் லாங்"
        }
      }
    ],
    "composers" : [
      {
        "name" : {
          "en" : "Sada sudarsanam",
          "hi" : "Sada sudarsanam",
          "te" : "Sada sudarsanam",
          "ta" : "சதா சுதர்சனம்"
        }
      }
    ],
    "lyricists" : [
      {
        "name" : {
          "en" : "Vairabharathi",
          "hi" : "Vairabharathi",
          "te" : "Vairabharathi",
          "ta" : "வைரபாரதி"
        }
      }
    ],
    "singers" : [
      {
        "name" : {
          "en" : "Shravan",
          "hi" : "Shravan",
          "te" : "Shravan",
          "ta" : "ஷ்ரவன்"
        }
      }
    ],
    "translator" : [
      {
        "name" : {
          "en" : "Jayashree Ramanujam",
          "hi" : "Jayashree Ramanujam",
          "te" : "Jayashree Ramanujam",
          "ta" : "ஜெயஸ்ரீ இராமானுஜம்"
        }
      }
    ],
    "arrangers" : [
      {
        "name" : {
          "en" : "Muzik Lounge",
          "hi" : "Muzik Lounge",
          "te" : "Muzik Lounge",
          "ta" : "மியூசிக் லாங்"
        }
      }
    ],
    "producers" : [
      {
        "name" : {
          "en" : "Senthilkumar, Vaibhav Visual Entertainment",
          "hi" : "Senthilkumar, Vaibhav Visual Entertainment",
          "te" : "Senthilkumar, Vaibhav Visual Entertainment",
          "ta" : "செந்தில் குமார், வைபவ்   விஸ்வல் எண்டெர்டைன்மெண்ட்"
        }
      }
    ],
    "lyric_video_senior_editor" : [
      {
        "name" : {
          "en" : "Shyam Sundar Murugesan",
          "hi" : "Shyam Sundar Murugesan",
          "te" : "Shyam Sundar Murugesan",
          "ta" : "ஷியாம் சுந்தர் முருகேசன்"
        }
      }
    ],
    "recorded_studios" : [
      {
        "name" : {
          "en" : "Muzik Lounge",
          "hi" : "Muzik Lounge",
          "te" : "Muzik Lounge",
          "ta" : "மியூசிக் லாங்"
        }
      }
    ],
    "manager_of_visual_content" : [
      {
        "name" : {
          "en" : "Gokula Krishnan R Vasugi, MFI",
          "hi" : "Gokula Krishnan R Vasugi, MFI",
          "te" : "Gokula Krishnan R Vasugi, MFI",
          "ta" : "கோகுல கிருஷ்ணன் R வாசுகி MFI"
        }
      }
    ],
    "sound_engineers" : [
      {
        "name" : {
          "en" : "Muzik Lounge",
          "hi" : "Muzik Lounge",
          "te" : "Muzik Lounge",
          "ta" : "மியூசிக் லாங்"
        }
      }
    ],
    "lyric_video_editor" : [
      {
        "name" : {
          "en" : "Mithran.B",
          "hi" : "Mithran.B",
          "te" : "Mithran.B",
          "ta" : "மித்திரன்.B"
        }
      }
    ]
  },
  "active" : true,
  "published_on" : "2016-05-23T12:30:00.000Z",
  "description" : {
    "en" : "Lord Karthikeya, popularly and lovingly called Muruga in Tamil culture is a God of war. He is a protector, a believer, a warrior and a compassionate God of the masses. This powerful devotional number asks God Muruga to protect us, to shroud us in his wisdom and give us enlightenment in life",
    "hi" : "Lord Karthikeya, popularly and lovingly called Muruga in Tamil culture is a God of war. He is a protector, a believer, a warrior and a compassionate God of the masses. This powerful devotional number asks God Muruga to protect us, to shroud us in his wisdom and give us enlightenment in life",
    "te" : "Lord Karthikeya, popularly and lovingly called Muruga in Tamil culture is a God of war. He is a protector, a believer, a warrior and a compassionate God of the masses. This powerful devotional number asks God Muruga to protect us, to shroud us in his wisdom and give us enlightenment in life",
    "ta" : "தமிழ்க்கடவுள் முருகன், நம்பினோரைக் காப்பவன், தீயோரை அழிப்பவன், நல்லோர்க்கு இனியவன், அவனை வணங்கி, நம்மைக் காக்குமாறும், நல்லறிவை, ஞானத்தைப் பொழியுமாறும் வேண்டுகிற அருமையான பக்திப்பாடல் இது."
  },
  "poster" : "https:\/\/d1ua79hvv369a0.cloudfront.net\/reflection\/poster\/23-May-2016\/Neethaane_Vaendum_Cover.jpg",
  "album" : {
    "title" : {
      "en" : "Neethaanae Vaendum",
      "hi" : "Neethaanae Vaendum",
      "te" : "Neethaanae Vaendum",
      "ta" : "Neethaanae Vaendum"
    },
    "id" : "40",
    "thumbnail" : "https:\/\/d1ua79hvv369a0.cloudfront.net\/reflection\/thumbnail\/23-May-2016\/Neethaane_Vaendum_Thumb.jpg"
  },
  "musics" : [
    {
      "players" : [
        {
          "name" : {
            "en" : "Sada sudarsanam",
            "hi" : "Sada sudarsanam",
            "te" : "Sada sudarsanam",
            "ta" : "சதா சுதர்சனம்"
          }
        }
      ],
      "instrument" : {
        "name" : {
          "name" : {
            "en" : "Guitar",
            "hi" : "Guitar",
            "te" : "Guitar",
            "ta" : "கிட்டார்"
          }
        }
      }
    }
  ],
  "critics" : [
    {
      "review" : {
        "instrument" : {
          "comment" : {
            "en" : "The usage of stylish electric guitar in classical style is highlight for this traditional number",
            "hi" : "The usage of stylish electric guitar in classical style is highlight for this traditional number",
            "te" : "The usage of stylish electric guitar in classical style is highlight for this traditional number",
            "ta" : "The usage of stylish electric guitar in classical style is highlight for this traditional number"
          },
          "score" : 13
        },
        "overall" : {
          "comment" : {
            "en" : "Devotion- Straight from the heart!",
            "hi" : "Devotion- Straight from the heart!",
            "te" : "Devotion- Straight from the heart!",
            "ta" : "Devotion- Straight from the heart!"
          },
          "score" : 12.25
        },
        "vocal" : {
          "comment" : {
            "en" : "Technically perfect but could sound much involved in terms of expressions.",
            "hi" : "Technically perfect but could sound much involved in terms of expressions.",
            "te" : "Technically perfect but could sound much involved in terms of expressions.",
            "ta" : "The nuances of beautiful raga Hamsanaadam were brought to the best"
          },
          "score" : 12
        },
        "tune" : {
          "comment" : {
            "en" : "The nuances of beautiful raga Hamsanaadam were brought to the best",
            "hi" : "The nuances of beautiful raga Hamsanaadam were brought to the best",
            "te" : "The nuances of beautiful raga Hamsanaadam were brought to the best",
            "ta" : "The nuances of beautiful raga Hamsanaadam were brought to the best"
          },
          "score" : 12
        },
        "lyric" : {
          "comment" : {
            "en" : "Lyrics exhibit tenderness and devotion at equal proportions",
            "hi" : "Lyrics exhibit tenderness and devotion at equal proportions",
            "te" : "Lyrics exhibit tenderness and devotion at equal proportions",
            "ta" : "Lyrics exhibit tenderness and devotion at equal proportions"
          },
          "score" : 12
        }
      },
      "author" : {
        "name" : "Durga",
        "image" : "https:\/\/d1ua79hvv369a0.cloudfront.net\/reflection\/critic\/critic-durga.png"
      },
      "rating" : 12.25
    },
    {
      "review" : {
        "instrument" : {
          "comment" : {
            "en" : "Typical classical devotional arrangement. The refreshing percussion instruments and the mandolin stand out.",
            "hi" : "Typical classical devotional arrangement. The refreshing percussion instruments and the mandolin stand out.",
            "te" : "Typical classical devotional arrangement. The refreshing percussion instruments and the mandolin stand out.",
            "ta" : "Typical classical devotional arrangement. The refreshing percussion instruments and the mandolin stand out."
          },
          "score" : 8
        },
        "overall" : {
          "comment" : {
            "en" : "Good classical devotional song.",
            "hi" : "Good classical devotional song.",
            "te" : "Good classical devotional song.",
            "ta" : "Good classical devotional song."
          },
          "score" : 7.75
        },
        "vocal" : {
          "comment" : {
            "en" : "The singer has a nice bass voice but can be more expressive and involved.",
            "hi" : "The singer has a nice bass voice but can be more expressive and involved.",
            "te" : "The singer has a nice bass voice but can be more expressive and involved.",
            "ta" : "Nice devotional tune based on the Hamsadhwani raga. Pleasing one, reminding us of Mahanadhi’s Sri Ranga Ranganathanin tuned by Maestro Ilayaraja."
          },
          "score" : 7
        },
        "tune" : {
          "comment" : {
            "en" : "Nice devotional tune based on the Hamsadhwani raga. Pleasing one, reminding us of Mahanadhi’s Sri Ranga Ranganathanin tuned by Maestro Ilayaraja.",
            "hi" : "Nice devotional tune based on the Hamsadhwani raga. Pleasing one, reminding us of Mahanadhi’s Sri Ranga Ranganathanin tuned by Maestro Ilayaraja.",
            "te" : "Nice devotional tune based on the Hamsadhwani raga. Pleasing one, reminding us of Mahanadhi’s Sri Ranga Ranganathanin tuned by Maestro Ilayaraja.",
            "ta" : "Nice devotional tune based on the Hamsadhwani raga. Pleasing one, reminding us of Mahanadhi’s Sri Ranga Ranganathanin tuned by Maestro Ilayaraja."
          },
          "score" : 9
        },
        "lyric" : {
          "comment" : {
            "en" : "Devotional lines.",
            "hi" : "Devotional lines.",
            "te" : "Devotional lines.",
            "ta" : "Devotional lines."
          },
          "score" : 7
        }
      },
      "author" : {
        "name" : "Kaushik",
        "image" : "https:\/\/d1ua79hvv369a0.cloudfront.net\/reflection\/critic\/Kaushik-200x200.jpg"
      },
      "rating" : 7.75
    }
  ],
  "type" : {
    "slug" : "independent-music",
    "name" : "Independent Music"
  },
  "lyrics" : [
    {
      "data" : "நீ தானே வேண்டும்<br>வா ஆறுபடை வீரா<br>வேறென்ன வேண்டும்<br>தா ஞானமதை நேராய்<br> <br>வாழ்க்கையும் நீ தானே<br>வாழ்வதும் நீ தானே<br>வாழ்வெல்லாம் நீ தானே<br>வாழும் வழி நீ தானே<br> <br>காவி உடை சேயும் நீ<br>ஆற்றுப்படை பாடல் நீ<br>ஆறு படை வாழ்வும் நீ<br>ஆறு தலை ஏற்றாய் நீ<br>ஆறுதலைச்  சேர்ப்பாய் நீ<br> <br>பார்வையில் ஈர்க்கின்ற வேலாயுதா<br>தேவை உன் பேரருளே ஈசன் சுதா<br>மாரியின் தாரை நீ ஸ்ரீசண்முகா<br>வாரியின் தமிழ் நீயே வயலூர் குகா<br> <br>ஆதி ஒளியே... நாதவெளியே<br>போத வடிவென வாராய்<br>ஞானக் கனியே வேத மணியே<br>கீத சௌந்தரம் தாராய்<br> <br>சோபன ரூபம் நீ<br>சோணகிரி தீபம் நீ<br>ஈகை வழி லாபம் நீ<br>ஆயர் கலை யாகம் நீ<br>யோக எழு நாகம் நீ<br> <br>வேலுடன் பதிமூன்று விழியானவா...<br>கோரிடும் அடியார்க்கு வழியானவா<br>கூறிடும் கவியோக மொழியானவா<br>ஆருடம் நிறைவாகத் துணை வேலவா<br> <br>வான கதிரே... மோன அதிர்வே<br>தியான திருவென வாராய்<br>காவல் உருவே... காதல் உயிரே<br>தெய்வ அழகியல் தாராய்",
      "language" : {
        "name" : "Tamil",
        "code" : "ta"
      }
    }
  ],
  "id" : "56",
  "phonetic_lyrics" : [
    {
      "data" : "nee thaanae vaeNdum<br>vaa aaRubadai veeraa<br>vaeRenna vaeNdum<br>thaa nYaanamadhai naeraay<br><br>vaazhkkaiyum nee thaanae<br>vaazhvadhum nee thaanae<br>vaazhvellaam nee thaanae<br>vaazhum vazhi nee thaanae<br><br>kaavi udai saeyum nee<br>aatRuppadai paadal nee<br>aaRu padai vaazhvum nee<br>aaRu thalai aetRaay nee<br>aaRudhalaich  saerppaay nee<br><br>paarvaiyil eerkkindRa vaelaayudhaa<br>thaevai un paeraruLae eesan sudhaa<br>maariyin thaarai nee SreesaNmugaa<br>vaariyin thamizh neeyae vayaloor kugaa<br><br>aadhi oLiyae... naadhaveLiyae<br>poadha vadivena vaaraay<br>nYaanak kaniyae vaedha maNiyae<br>keedha saundhdharam thaaraay<br><br>soabana roobam nee<br>soaNagiri theebam nee<br>eegai vazhi laabam nee<br>aayar kalai yaagam nee<br>yoaga ezhu naagam nee<br><br>vaeludan padhimoondRu vizhiyaanavaa...<br>koaridum adiyaarkku vazhiyaanavaa<br>kooRidum kaviyoaga mozhiyaanavaa<br>aarudam niRaivaagath thuNai vaelavaa<br><br>vaana kadhirae... moana adhirvae<br>thiyaana thiruvena vaaraay<br>kaaval uruvae... kaadhal uyirae<br>theyva azhagiyal thaaraay",
      "language" : {
        "name" : "English",
        "code" : "en"
      }
    },
    {
      "data" : "நீ தானே வேண்டும்<br>வா ஆறுபடை வீரா<br>வேறென்ன வேண்டும்<br>தா ஞானமதை நேராய்<br> <br>வாழ்க்கையும் நீ தானே<br>வாழ்வதும் நீ தானே<br>வாழ்வெல்லாம் நீ தானே<br>வாழும் வழி நீ தானே<br> <br>காவி உடை சேயும் நீ<br>ஆற்றுப்படை பாடல் நீ<br>ஆறு படை வாழ்வும் நீ<br>ஆறு தலை ஏற்றாய் நீ<br>ஆறுதலைச்  சேர்ப்பாய் நீ<br> <br>பார்வையில் ஈர்க்கின்ற வேலாயுதா<br>தேவை உன் பேரருளே ஈசன் சுதா<br>மாரியின் தாரை நீ ஸ்ரீசண்முகா<br>வாரியின் தமிழ் நீயே வயலூர் குகா<br> <br>ஆதி ஒளியே... நாதவெளியே<br>போத வடிவென வாராய்<br>ஞானக் கனியே வேத மணியே<br>கீத சௌந்தரம் தாராய்<br> <br>சோபன ரூபம் நீ<br>சோணகிரி தீபம் நீ<br>ஈகை வழி லாபம் நீ<br>ஆயர் கலை யாகம் நீ<br>யோக எழு நாகம் நீ<br> <br>வேலுடன் பதிமூன்று விழியானவா...<br>கோரிடும் அடியார்க்கு வழியானவா<br>கூறிடும் கவியோக மொழியானவா<br>ஆருடம் நிறைவாகத் துணை வேலவா<br> <br>வான கதிரே... மோன அதிர்வே<br>தியான திருவென வாராய்<br>காவல் உருவே... காதல் உயிரே<br>தெய்வ அழகியல் தாராய்",
      "language" : {
        "name" : "Tamil",
        "code" : "ta"
      }
    },
    {
      "data" : "नी ताने वेंडुम <br>वा आड़ुबडै वीरा <br>वेरेनन वेंडुम <br>ता न्ग़ानम्अधै नेराय <br> <br>वाल्क्कैयुम नी ताने <br>वाल्वदुम नी ताने <br>वाल्वेल्लाम नी ताने <br>वालुम वलि नी ताने <br> <br>कावि उडै सेयुम नी <br>आट्ड़ुप्पडै पाडल नी <br>आड़ु पडै वाल्वुम नी <br>आड़ु तलै एटड़ाय नी <br>आड़ुदलैच  सेर्प्पाय नी <br> <br>पार्वैयिल ईर्क्किन्ड्ड़ वेलायुदा <br>तेवै उन पेररुऴे ईसन सुदा <br>म्आरियिन तारै नी स्रीसंम्उगा <br>वारियिन तमइल् नीये वयलूर कुगा <br> <br>आदि ओऴिये... नादवेऴिये <br>पोद वडिवेन वाराय <br>न्ग़ानक कनिये वेद म्अंईए <br>कीद सौन्द दरम ताराय <br> <br>सोबन रूबम नी <br>सोंअगिरि तीबम नी <br>ईगै वलि लाबम नी <br>आयर कलै यागम नी <br>योग एलु नागम नी <br> <br>वेलुडन पदिम्ऊन्ड्ड़ु विलियानवा... <br>कोरिडुम अडियार्क्कु वलियानवा <br>कूरिडुम कवियोग म्ओलियानवा <br>आरुडम निड़ैवागत थुंऐ वेलवा <br> <br>वान कदिरे... म्ओन अदिरवे <br>तियान तिरुवेन वाराय <br>कावल उरुवे... कादल उयिरे <br>तेयव अलगियल ताराय",
      "language" : {
        "name" : "Hindi",
        "code" : "hi"
      }
    },
    {
      "data" : "నె థానే వేందుమ్ <br>వా ఆఱుబదై వీరా <br>వేఱెన్న వేందుమ్ <br>థా nయానమ్యధై నేరాయ్ <br> <br>వాల్క్కైయుమ్ నె థానే <br>వాల్వధుమ్ నె థానే <br>వాల్వెల్లామ్ నె థానే <br>వాలుమ్ వలి నె థానే <br> <br>కావి ఉదై సేయుమ్ నె <br>ఆత్ఱుప్పదై పాదల్ నె <br>ఆఱు పదై వాల్వుమ్ నె <br>ఆఱు థలై ఏత్ఱాయ్ నె <br>ఆఱుధలైఛ్  సేర్ప్పాయ్ నె <br> <br>పార్వైయిల్ ఈర్క్కిన్ద్ఱ వేలాయుధా <br>థేవై ఉన్ పేరరుళే ఈసన్ సుధా <br>మ్యారియిన్ థారై నె స్రీసంమ్యుగా <br>వారియిన్ థమ్యిల్ నెయే వయలూర్ కుగా <br> <br>ఆధి ఒళియే... నాధవెళియే <br>పోధ వదివెన వారాయ్ <br>nయానక్ కనియే వేధ మ్అంఇయ్యే <br>కీధ సౌన్ధ్ధరమ్ థారాయ్ <br> <br>సోబన రూబమ్ నె <br>సోంయగిరి థీబమ్ నె <br>ఈగై వలి లాబమ్ నె <br>ఆయర్ కలై యాగమ్ నె <br>యోగ ఎలు నాగమ్ నె <br> <br>వేలుదన్ పధిమ్యూన్ద్ఱు విలియానవా... <br>కోరిదుమ్ అదియార్క్కు వలియానవా <br>కూఱిదుమ్ కవియోగ మ్యొలియానవా <br>ఆరుదమ్ నిఱైవాగథ్ థుంయై వేలవా <br> <br>వాన కధిరే... మ్యోన అధిర్వే <br>థియాన థిరువెన వారాయ్ <br>కావల్ ఉరువే... కాధల్ ఉయిరే <br>థెయ్వ అలగియల్ థారాయ్",
      "language" : {
        "name" : "Telugu",
        "code" : "te"
      }
    },
    {
      "data" : "നീ ഥാനേ വേംദുമ് <br>വാ ആറുബദൈ വീരാ <br>വേറെന്ന വേംദുമ് <br>ഥാ nയാനമ്യധൈ നേരായ് <br> <br>വാഴ്ക്കൈയുമ് നീ ഥാനേ <br>വാഴ്വധുമ് നീ ഥാനേ <br>വാഴ്വെല്ലാമ് നീ ഥാനേ <br>വാഴുമ് വഴി നീ ഥാനേ <br> <br>കാവി ഉദൈ സേയുമ് നീ <br>ആത്റുപ്പദൈ പാദല് നീ <br>ആറു പദൈ വാഴ്വുമ് നീ <br>ആറു ഥലൈ ഏത്റായ് നീ <br>ആറുധലൈച്  സേര്പ്പായ് നീ <br> <br>പാര്വൈയില് ഈര്ക്കിന്ദ്റ വേലായുധാ <br>ഥേവൈ ഉന് പേരരുളേ ഈസന് സുധാ <br>മ്യാരിയിന് ഥാരൈ നീ സ്രീസംമ്യുഗാ <br>വാരിയിന് ഥമ്യിഴ് നീയേ വയലൂര് കുഗാ <br> <br>ആധി ഒളിയേ... നാധവെളിയേ <br>പോധ വദിവെന വാരായ് <br>nയാനക് കനിയേ വേധ മ്അംഇയ്യേ <br>കീധ സൌന്ധ്ധരമ് ഥാരായ് <br> <br>സോബന രൂബമ് നീ <br>സോംയഗിരി ഥീബമ് നീ <br>ഈഗൈ വഴി ലാബമ് നീ <br>ആയര് കലൈ യാഗമ് നീ <br>യോഗ എഴു നാഗമ് നീ <br> <br>വേലുദന് പധിമ്യൂന്ദ്റു വിഴിയാനവാ... <br>കോരിദുമ് അദിയാര്ക്കു വഴിയാനവാ <br>കൂറിദുമ് കവിയോഗ മ്യൊഴിയാനവാ <br>ആരുദമ് നിറൈവാഗഥ് ഥുംയൈ വേലവാ <br> <br>വാന കധിരേ... മ്യോന അധിര്വേ <br>ഥിയാന ഥിരുവെന വാരായ് <br>കാവല് ഉരുവേ... കാധല് ഉയിരേ <br>ഥെയ്വ അഴഗിയല് ഥാരായ്",
      "language" : {
        "name" : "Malayalam",
        "code" : "ml"
      }
    },
    {
      "data" : "ನೀ ಥಾನೇ ವೇಂದುಮ್ <br>ವಾ ಆರುಬದೈ ವೀರಾ <br>ವೇರೆನ್ನ ವೇಂದುಮ್ <br>ಥಾ nಯಾನಮ್ಯಧೈ ನೇರಾಯ್ <br> <br>ವಾಲ್ಕ್ಕೈಯುಮ್ ನೀ ಥಾನೇ <br>ವಾಲ್ವಧುಮ್ ನೀ ಥಾನೇ <br>ವಾಲ್ವೆಲ್ಲಾಮ್ ನೀ ಥಾನೇ <br>ವಾಲುಮ್ ವಲಿ ನೀ ಥಾನೇ <br> <br>ಕಾವಿ ಉದೈ ಸೇಯುಮ್ ನೀ <br>ಆತ್ರುಪ್ಪದೈ ಪಾದಲ್ ನೀ <br>ಆರು ಪದೈ ವಾಲ್ವುಮ್ ನೀ <br>ಆರು ಥಲೈ ಏತ್ರಾಯ್ ನೀ <br>ಆರುಧಲೈಚ್  ಸೇರ್ಪ್ಪಾಯ್ ನೀ <br> <br>ಪಾರ್ವೈಯಿಲ್ ಈರ್ಕ್ಕಿನ್ದ್ರ ವೇಲಾಯುಧಾ <br>ಥೇವೈ ಉನ್ ಪೇರರುಳೇ ಈಸನ್ ಸುಧಾ <br>ಮ್ಯಾರಿಯಿನ್ ಥಾರೈ ನೀ ಷ್ರೀಸಂಮ್ಯುಗಾ <br>ವಾರಿಯಿನ್ ಥಮ್ಯಿಲ್ ನೀಯೇ ವಯಲೂರ್ ಕುಗಾ <br> <br>ಆಧಿ ಒಳಿಯೇ... ನಾಧವೆಳಿಯೇ <br>ಪೋಧ ವದಿವೆನ ವಾರಾಯ್ <br>nಯಾನಕ್ ಕನಿಯೇ ವೇಧ ಮ್ಅಂಇಯ್ಯೇ <br>ಕೀಧ ಸೌನ್ಧ್ಧರಮ್ ಥಾರಾಯ್ <br> <br>ಸೋಬನ ರೂಬಮ್ ನೀ <br>ಸೋಂಯಗಿರಿ ಥೀಬಮ್ ನೀ <br>ಈಗೈ ವಲಿ ಲಾಬಮ್ ನೀ <br>ಆಯರ್ ಕಲೈ ಯಾಗಮ್ ನೀ <br>ಯೋಗ ಎಲು ನಾಗಮ್ ನೀ <br> <br>ವೇಲುದನ್ ಪಧಿಮ್ಯೂನ್ದ್ರು ವಿಲಿಯಾನವಾ... <br>ಕೋರಿದುಮ್ ಅದಿಯಾರ್ಕ್ಕು ವಲಿಯಾನವಾ <br>ಕೂರಿದುಮ್ ಕವಿಯೋಗ ಮ್ಯೊಲಿಯಾನವಾ <br>ಆರುದಮ್ ನಿರೈವಾಗಥ್ ಥುಂಯೈ ವೇಲವಾ <br> <br>ವಾನ ಕಧಿರೇ... ಮ್ಯೋನ ಅಧಿರ್ವೇ <br>ಥಿಯಾನ ಥಿರುವೆನ ವಾರಾಯ್ <br>ಕಾವಲ್ ಉರುವೇ... ಕಾಧಲ್ ಉಯಿರೇ <br>ಥೆಯ್ವ ಅಲಗಿಯಲ್ ಥಾರಾಯ್",
      "language" : {
        "name" : "Kanadam",
        "code" : "ka"
      }
    },
    {
      "data" : "নী থানে ৱেঁদুম্ <br>ৱা আড়ুবদৈ ৱীরা <br>ৱেড়েন্ন ৱেঁদুম্ <br>থা nয়ানম্যধৈ নেরায্ <br> <br>ৱাল্ক্কৈযুম্ নী থানে <br>ৱাল্ৱধুম্ নী থানে <br>ৱাল্ৱেল্লাম্ নী থানে <br>ৱালুম্ ৱলি নী থানে <br> <br>কাৱি উদৈ সেযুম্ নী <br>আত্ড়ুপ্পদৈ পাদল্ নী <br>আড়ু পদৈ ৱাল্ৱুম্ নী <br>আড়ু থলৈ এত্ড়ায্ নী <br>আড়ুধলৈচ্  সের্প্পায্ নী <br> <br>পার্ৱৈযিল্ ঈর্ক্কিন্দ্ড় ৱেলাযুধা <br>থেৱৈ উন্ পেররুলে ঈসন্ সুধা <br>ম্যারিযিন্ থারৈ নী স্রীসঁম্যুগা <br>ৱারিযিন্ থম্যিল্ নীযে ৱযলূর্ কুগা <br> <br>আধি ওলিযে... নাধৱেলিযে <br>পোধ ৱদিৱেন ৱারায্ <br>nয়ানক্ কনিযে ৱেধ ম্অঁইয্যে <br>কীধ সৌন্ধ্ধরম্ থারায্ <br> <br>সোবন রূবম্ নী <br>সোঁযগিরি থীবম্ নী <br>ঈগৈ ৱলি লাবম্ নী <br>আযর্ কলৈ যাগম্ নী <br>যোগ এলু নাগম্ নী <br> <br>ৱেলুদন্ পধিম্যূন্দ্ড়ু ৱিলিযানৱা... <br>কোরিদুম্ অদিযার্ক্কু ৱলিযানৱা <br>কূড়িদুম্ কৱিযোগ ম্যোলিযানৱা <br>আরুদম্ নিড়ৈৱাগথ্ থুঁযৈ ৱেলৱা <br> <br>ৱান কধিরে... ম্যোন অধির্ৱে <br>থিযান থিরুৱেন ৱারায্ <br>কাৱল্ উরুৱে... কাধল্ উযিরে <br>থেয্ৱ অলগিযল্ থারায্",
      "language" : {
        "name" : "Bengali",
        "code" : "be"
      }
    },
    {
      "data" : "ણી થાનૅ વૅંદુમ્ <br>વા આરુબદૈ વીરા <br>વૅરેન્ન વૅંદુમ્ <br>થા nયાનમ્યધૈ ણૅરાય્ <br> <br>વાલ્ક્કૈયુમ્ ણી થાનૅ <br>વાલ્વધુમ્ ણી થાનૅ <br>વાલ્વેલ્લામ્ ણી થાનૅ <br>વાલુમ્ વલિ ણી થાનૅ <br> <br>કાવિ ઉદૈ સૅયુમ્ ણી <br>આત્રુપ્પદૈ પાદલ્ ણી <br>આરુ પદૈ વાલ્વુમ્ ણી <br>આરુ થલૈ ઍત્રાય્ ણી <br>આરુધલૈચ્  સૅર્પ્પાય્ ણી <br> <br>પાર્વૈયિલ્ ઈર્ક્કિન્દ્ર વૅલાયુધા <br>થૅવૈ ઉન્ પૅરરુળૅ ઈસન્ સુધા <br>મ્યારિયિન્ થારૈ ણી ષ્રીસંમ્યુગા <br>વારિયિન્ થમ્યિલ્ ણીયૅ વયલૂર્ કુગા <br> <br>આધિ ઓળિયૅ... ણાધવેળિયૅ <br>પૉધ વદિવેન વારાય્ <br>nયાનક્ કનિયૅ વૅધ મ્અંઇય્યૅ <br>કીધ સઉન્ધ્ધરમ્ થારાય્ <br> <br>સૉબન રૂબમ્ ણી <br>સૉંયગિરિ થીબમ્ ણી <br>ઈગૈ વલિ લાબમ્ ણી <br>આયર્ કલૈ યાગમ્ ણી <br>યૉગ એલુ ણાગમ્ ણી <br> <br>વૅલુદન્ પધિમ્યૂન્દ્રુ વિલિયાનવા... <br>કૉરિદુમ્ અદિયાર્ક્કુ વલિયાનવા <br>કૂરિદુમ્ કવિયૉગ મ્યોલિયાનવા <br>આરુદમ્ ણિરૈવાગથ્ થુંયૈ વૅલવા <br> <br>વાન કધિરૅ... મ્યૉન અધિર્વૅ <br>થિયાન થિરુવેન વારાય્ <br>કાવલ્ ઉરુવૅ... કાધલ્ ઉયિરૅ <br>થેય્વ અલગિયલ્ થારાય્",
      "language" : {
        "name" : "Gujarathi",
        "code" : "gu"
      }
    },
    {
      "data" : "नी ताने वेंडुम <br>वा आड़ुबडै वीरा <br>वेरेनन वेंडुम <br>ता न्ग़ानम्अधै नेराय <br> <br>वाल्क्कैयुम नी ताने <br>वाल्वदुम नी ताने <br>वाल्वेल्लाम नी ताने <br>वालुम वलि नी ताने <br> <br>कावि उडै सेयुम नी <br>आट्ड़ुप्पडै पाडल नी <br>आड़ु पडै वाल्वुम नी <br>आड़ु तलै एटड़ाय नी <br>आड़ुदलैच  सेर्प्पाय नी <br> <br>पार्वैयिल ईर्क्किन्ड्ड़ वेलायुदा <br>तेवै उन पेररुऴे ईसन सुदा <br>म्आरियिन तारै नी स्रीसंम्उगा <br>वारियिन तमइल् नीये वयलूर कुगा <br> <br>आदि ओऴिये... नादवेऴिये <br>पोद वडिवेन वाराय <br>न्ग़ानक कनिये वेद म्अंईए <br>कीद सौन्द दरम ताराय <br> <br>सोबन रूबम नी <br>सोंअगिरि तीबम नी <br>ईगै वलि लाबम नी <br>आयर कलै यागम नी <br>योग एलु नागम नी <br> <br>वेलुडन पदिम्ऊन्ड्ड़ु विलियानवा... <br>कोरिडुम अडियार्क्कु वलियानवा <br>कूरिडुम कवियोग म्ओलियानवा <br>आरुडम निड़ैवागत थुंऐ वेलवा <br> <br>वान कदिरे... म्ओन अदिरवे <br>तियान तिरुवेन वाराय <br>कावल उरुवे... कादल उयिरे <br>तेयव अलगियल ताराय",
      "language" : {
        "name" : "Marathi",
        "code" : "mr"
      }
    },
    {
      "data" : "ନୀ ଥାନେ ୱେଂଦୁମ୍ <br>ୱା ଆଡ଼ୁବଦୈ ୱୀରା <br>ୱେଡ଼େନ୍ନ ୱେଂଦୁମ୍ <br>ଥା nୟାନମ୍ଯଧୈ ନେରାଯ୍ <br> <br>ୱାଳ୍କ୍କୈଯୁମ୍ ନୀ ଥାନେ <br>ୱାଳ୍ୱଧୁମ୍ ନୀ ଥାନେ <br>ୱାଳ୍ୱେଳ୍ଳାମ୍ ନୀ ଥାନେ <br>ୱାଳୁମ୍ ୱଳି ନୀ ଥାନେ <br> <br>କାୱି ଉଦୈ ସେଯୁମ୍ ନୀ <br>ଆତ୍ଡ଼ୁପ୍ପଦୈ ପାଦଳ୍ ନୀ <br>ଆଡ଼ୁ ପଦୈ ୱାଳ୍ୱୁମ୍ ନୀ <br>ଆଡ଼ୁ ଥଳୈ ଏତ୍ଡ଼ାଯ୍ ନୀ <br>ଆଡ଼ୁଧଳୈଚ୍  ସେର୍ପ୍ପାଯ୍ ନୀ <br> <br>ପାର୍ୱୈଯିଳ୍ ଈର୍କ୍କିନ୍ଦ୍ଡ଼ ୱେଳାଯୁଧା <br>ଥେୱୈ ଉନ୍ ପେରରୁଲେ ଈସନ୍ ସୁଧା <br>ମ୍ଯାରିଯିନ୍ ଥାରୈ ନୀ ଷ୍ରୀସଂମ୍ଯୁଗା <br>ୱାରିଯିନ୍ ଥମ୍ଯିଳ୍ ନୀଯେ ୱଯଳୂର୍ କୁଗା <br> <br>ଆଧି ଓଲିଯେ... ନାଧୱେଲିଯେ <br>ପୋଧ ୱଦିୱେନ ୱାରାଯ୍ <br>nୟାନକ୍ କନିଯେ ୱେଧ ମ୍ଅଂଇଯ୍ଯେ <br>କୀଧ ସୌନ୍ଧ୍ଧରମ୍ ଥାରାଯ୍ <br> <br>ସୋବନ ରୂବମ୍ ନୀ <br>ସୋଂଯଗିରି ଥୀବମ୍ ନୀ <br>ଈଗୈ ୱଳି ଳାବମ୍ ନୀ <br>ଆଯର୍ କଳୈ ଯାଗମ୍ ନୀ <br>ଯୋଗ ଏଳୁ ନାଗମ୍ ନୀ <br> <br>ୱେଳୁଦନ୍ ପଧିମ୍ଯୂନ୍ଦ୍ଡ଼ୁ ୱିଳିଯାନୱା... <br>କୋରିଦୁମ୍ ଅଦିଯାର୍କ୍କୁ ୱଳିଯାନୱା <br>କୂଡ଼ିଦୁମ୍ କୱିଯୋଗ ମ୍ଯୋଳିଯାନୱା <br>ଆରୁଦମ୍ ନିଡ଼ୈୱାଗଥ୍ ଥୁଂଯୈ ୱେଳୱା <br> <br>ୱାନ କଧିରେ... ମ୍ଯୋନ ଅଧିର୍ୱେ <br>ଥିଯାନ ଥିରୁୱେନ ୱାରାଯ୍ <br>କାୱଳ୍ ଉରୁୱେ... କାଧଳ୍ ଉଯିରେ <br>ଥେଯ୍ୱ ଅଳଗିଯଳ୍ ଥାରାଯ୍",
      "language" : {
        "name" : "Oriya",
        "code" : "or"
      }
    },
    {
      "data" : "नी ताने वेंडुम <br>वा आड़ुबडै वीरा <br>वेरेनन वेंडुम <br>ता न्ग़ानम्अधै नेराय <br> <br>वाल्क्कैयुम नी ताने <br>वाल्वदुम नी ताने <br>वाल्वेल्लाम नी ताने <br>वालुम वलि नी ताने <br> <br>कावि उडै सेयुम नी <br>आट्ड़ुप्पडै पाडल नी <br>आड़ु पडै वाल्वुम नी <br>आड़ु तलै एटड़ाय नी <br>आड़ुदलैच  सेर्प्पाय नी <br> <br>पार्वैयिल ईर्क्किन्ड्ड़ वेलायुदा <br>तेवै उन पेररुऴे ईसन सुदा <br>म्आरियिन तारै नी स्रीसंम्उगा <br>वारियिन तमइल् नीये वयलूर कुगा <br> <br>आदि ओऴिये... नादवेऴिये <br>पोद वडिवेन वाराय <br>न्ग़ानक कनिये वेद म्अंईए <br>कीद सौन्द दरम ताराय <br> <br>सोबन रूबम नी <br>सोंअगिरि तीबम नी <br>ईगै वलि लाबम नी <br>आयर कलै यागम नी <br>योग एलु नागम नी <br> <br>वेलुडन पदिम्ऊन्ड्ड़ु विलियानवा... <br>कोरिडुम अडियार्क्कु वलियानवा <br>कूरिडुम कवियोग म्ओलियानवा <br>आरुडम निड़ैवागत थुंऐ वेलवा <br> <br>वान कदिरे... म्ओन अदिरवे <br>तियान तिरुवेन वाराय <br>कावल उरुवे... कादल उयिरे <br>तेयव अलगियल ताराय",
      "language" : {
        "name" : "konkani",
        "code" : "ko"
      }
    }
  ],
  "mood" : {
    "slug" : "happy",
    "name" : "Happy"
  },
  "thumbnail" : "https:\/\/d1ua79hvv369a0.cloudfront.net\/reflection\/thumbnail\/23-May-2016\/Neethaane_Vaendum_Thumb.jpg",
  "language" : {
    "name" : "Tamil",
    "code" : "ta"
  },
  "slug" : "neethaanae-vaendum",
  "info" : {
    "lyric_genres" : [
      {
        "name" : {
          "en" : "Devotional",
          "hi" : "Devotional",
          "te" : "Devotional",
          "ta" : "ஆன்மீகம்"
        }
      }
    ],
    "thaalams" : [
      {
        "name" : {
          "en" : "Chudsram",
          "hi" : "Chudsram",
          "te" : "Chudsram",
          "ta" : "சுட்சரம்"
        }
      }
    ],
    "lyric_languages" : [
      {
        "name" : {
          "en" : "Tamil",
          "hi" : "Tamil",
          "te" : "Tamil",
          "ta" : "தமிழ்"
        }
      }
    ],
    "lyric_moods" : [
      {
        "name" : {
          "en" : "Happy",
          "hi" : "Happy",
          "te" : "Happy",
          "ta" : "மகிழ்ச்சி"
        }
      }
    ],
    "music_genres" : [
      {
        "name" : {
          "en" : "Devotional",
          "hi" : "Devotional",
          "te" : "Devotional",
          "ta" : "ஆன்மீகம்"
        }
      }
    ],
    "best_seasons_to_listen" : [
      {
        "name" : {
          "en" : "All",
          "hi" : "All",
          "te" : "All",
          "ta" : "எப்பொழுதும்"
        }
      }
    ],
    "launch_date" : {
      "en" : "23\/05\/2016",
      "hi" : "23\/05\/2016",
      "te" : "23\/05\/2016",
      "ta" : "23\/05\/2016"
    },
    "lyric_styles" : [
      {
        "name" : {
          "en" : "Traditional",
          "hi" : "Traditional",
          "te" : "Traditional",
          "ta" : "பாரம்பரியம்"
        }
      }
    ],
    "best_time_to_listen" : [
      {
        "name" : {
          "en" : "Morning",
          "hi" : "Morning",
          "te" : "Morning",
          "ta" : "காலை"
        }
      },
      {
        "name" : {
          "en" : "Evening",
          "hi" : "Evening",
          "te" : "Evening",
          "ta" : "மாலை"
        }
      }
    ],
    "duration" : 5.35,
    "raagams" : [
      {
        "name" : {
          "en" : "Kalyani",
          "hi" : "Kalyani",
          "te" : "Kalyani",
          "ta" : "கல்யாணி"
        }
      }
    ],
    "instruments" : [
      {
        "name" : {
          "en" : "Sitar",
          "hi" : "Sitar",
          "te" : "Sitar",
          "ta" : "சித்தார்"
        }
      },
      {
        "name" : {
          "en" : "Santore",
          "hi" : "Santore",
          "te" : "Santore",
          "ta" : "சந்தூர்"
        }
      },
      {
        "name" : {
          "en" : "Guitar",
          "hi" : "Guitar",
          "te" : "Guitar",
          "ta" : "கிட்டார்"
        }
      },
      {
        "name" : {
          "en" : "Gadam",
          "hi" : "Gadam",
          "te" : "Gadam",
          "ta" : "கடம்"
        }
      },
      {
        "name" : {
          "en" : "Miruthangam",
          "hi" : "Miruthangam",
          "te" : "Miruthangam",
          "ta" : "மிருதங்கம்"
        }
      }
    ]
  }
}