{
  "title" : {
    "en" : "Neruppu Da",
    "hi" : "Neruppu Da",
    "te" : "Neruppu Da",
    "ta" : "நெருப்பு டா"
  },
  "info" : {
    "lyric_languages" : [
      {
        "name" : {
          "en" : "தமிழ்",
          "hi" : "தமிழ்",
          "te" : "தமிழ்",
          "ta" : "தமிழ்"
        }
      }
    ],
    "instruments" : [
      {
        "name" : {
          "en" : "Electric Guitars",
          "hi" : "Electric Guitars",
          "te" : "Electric Guitars",
          "ta" : "எலக்ட்ரிக் கிட்டார்ஸ்"
        }
      },
      {
        "name" : {
          "en" : "Acoustic Bass",
          "hi" : "Acoustic Bass",
          "te" : "Acoustic Bass",
          "ta" : "அக்கௌஸ்டிக் பேஸ்"
        }
      },
      {
        "name" : {
          "en" : "Electric Drums",
          "hi" : "Electric Drums",
          "te" : "Electric Drums",
          "ta" : "எலக்ட்ரிக் டிரம்ஸ்"
        }
      }
    ],
    "thaalams" : [
      {
        "name" : {
          "en" : "4 by 4 WCM",
          "hi" : "4 by 4 WCM",
          "te" : "4 by 4 WCM",
          "ta" : "4 X 4 WCM"
        }
      }
    ],
    "lyric_moods" : [
      {
        "name" : {
          "en" : "Excited",
          "hi" : "Excited",
          "te" : "Excited",
          "ta" : "உற்சாகம்"
        }
      }
    ],
    "music_genres" : [
      {
        "name" : {
          "en" : "Fusion",
          "hi" : "Fusion",
          "te" : "Fusion",
          "ta" : "கலவை "
        }
      }
    ],
    "best_seasons_to_listen" : [
      {
        "name" : {
          "en" : "All",
          "hi" : "All",
          "te" : "All",
          "ta" : "எப்பொழுதும் "
        }
      }
    ],
    "duration" : 3.37,
    "lyric_styles" : [
      {
        "name" : {
          "en" : "Contemporary",
          "hi" : "Contemporary",
          "te" : "Contemporary",
          "ta" : "சமகால நடை"
        }
      }
    ],
    "lyric_genres" : [
      {
        "name" : {
          "en" : "Character",
          "hi" : "Character",
          "te" : "Character",
          "ta" : "பாத்திரம்"
        }
      }
    ],
    "best_times_to_listen" : [
      {
        "name" : {
          "en" : "All",
          "hi" : "All",
          "te" : "All",
          "ta" : "எப்பொழுதும் "
        }
      }
    ],
    "launch_date" : {
      "en" : "12\/06\/2016",
      "hi" : "12\/06\/2016",
      "te" : "12\/06\/2016",
      "ta" : "12\/06\/2016"
    }
  },
  "active" : true,
  "credits" : {
    "dialogues-or-adlib-verses" : [
      {
        "name" : {
          "en" : "Shri Rajinikanth",
          "hi" : "Shri Rajinikanth",
          "te" : "Shri Rajinikanth",
          "ta" : "ஸ்ரீ ரஜினிகாந்த்"
        }
      }
    ],
    "singers" : [
      {
        "name" : {
          "en" : "Arunraja Kamaraj",
          "hi" : "Arunraja Kamaraj",
          "te" : "Arunraja Kamaraj",
          "ta" : "அருண்ராஜ் காமராஜ்"
        }
      }
    ],
    "producers" : [
      {
        "name" : {
          "en" : "Kalaippuli S.Thanu",
          "hi" : "Kalaippuli S.Thanu",
          "te" : "Kalaippuli S.Thanu",
          "ta" : "கலைப்புலி S.தானு"
        }
      }
    ],
    "audio_label" : [
      {
        "name" : {
          "en" : "Think Music",
          "hi" : "Think Music",
          "te" : "Think Music",
          "ta" : "திங்க் மியூசிக்"
        }
      }
    ],
    "composers" : [
      {
        "name" : {
          "en" : "Santhosh Narayanan",
          "hi" : "Santhosh Narayanan",
          "te" : "Santhosh Narayanan",
          "ta" : "சந்தோஷ் நாராயணன்"
        }
      }
    ],
    "lyricists" : [
      {
        "name" : {
          "en" : "Arunraja Kamaraj",
          "hi" : "Arunraja Kamaraj",
          "te" : "Arunraja Kamaraj",
          "ta" : "அருண்ராஜ் காமராஜ்"
        }
      }
    ]
  },
  "published_on" : "2016-06-12T12:30:00.000Z",
  "description" : {
    "en" : "All of us Thalaivar fans believe that Superstar is synonymous with fire. The shot from Basha where he walks away from the fire is still deeply etched in our minds. Such being the case, this song Nerupu Da is undoubtedly a Superstar Bonanza. The lyrics and the delivery play out Rajini’s style in our mind’s eye.",
    "hi" : "All of us Thalaivar fans believe that Superstar is synonymous with fire. The shot from Basha where he walks away from the fire is still deeply etched in our minds. Such being the case, this song Nerupu Da is undoubtedly a Superstar Bonanza. The lyrics and the delivery play out Rajini’s style in our mind’s eye.",
    "te" : "All of us Thalaivar fans believe that Superstar is synonymous with fire. The shot from Basha where he walks away from the fire is still deeply etched in our minds. Such being the case, this song Nerupu Da is undoubtedly a Superstar Bonanza. The lyrics and the delivery play out Rajini’s style in our mind’s eye.",
    "ta" : "தலைவரின் விசிறிகள் எல்லாரும், சூப்பர்ஸ்டார் என்றவுடன் நெருப்பைதான் எண்ணுவார்கள். பாட்ஷாவில் அவர் நெருப்பிலிருந்து விலகிநடக்கும் காட்சி நம் எல்லார் மனத்திலும் அழுத்தமாகப் பதிந்துள்ளது. அப்படியிருக்க, ‘நெருப்புடா’ என்றே ஒரு பாடல் தொடங்கினால் எப்படியிருக்கும்! இந்தப் பாடலின் வரிகளும் பாடப்பட்டிருக்கும் விதமும் சூப்பர்ஸ்டாரின் ஸ்டைலை நம் கண்முன்னே கொண்டுவந்து நிறுத்துகின்றன."
  },
  "poster" : "https:\/\/d1ua79hvv369a0.cloudfront.net\/reflection\/poster\/June\/12\/neruppu-da-poster.jpg",
  "album" : {
    "title" : {
      "en" : "Kabali",
      "hi" : "Kabali",
      "te" : "Kabali",
      "ta" : "கபாலி"
    },
    "id" : "63"
  },
  "musics" : [
    {
      "players" : [
        {
          "name" : {
            "en" : "Jhanu Chantar",
            "hi" : "Jhanu Chantar",
            "te" : "Jhanu Chantar",
            "ta" : "ஜானு சந்தர்"
          }
        }
      ],
      "instrument" : {
        "name" : {
          "name" : {
            "en" : "Electric Guitars",
            "hi" : "Electric Guitars",
            "te" : "Electric Guitars",
            "ta" : "எலக்ட்ரிக் கிட்டார்ஸ்"
          }
        }
      }
    },
    {
      "players" : [
        {
          "name" : {
            "en" : "Pradeep Kumar",
            "hi" : "Pradeep Kumar",
            "te" : "Pradeep Kumar",
            "ta" : "பிரதீப் குமார்"
          }
        }
      ],
      "instrument" : {
        "name" : {
          "name" : {
            "en" : "Acoustic Bass",
            "hi" : "Acoustic Bass",
            "te" : "Acoustic Bass",
            "ta" : "அக்கௌஸ்டிக் பேஸ்"
          }
        }
      }
    },
    {
      "players" : [
        {
          "name" : {
            "en" : "Tapass Naresh",
            "hi" : "Tapass Naresh",
            "te" : "Tapass Naresh",
            "ta" : "தபாஸ் நரேஷ்"
          }
        }
      ],
      "instrument" : {
        "name" : {
          "name" : {
            "en" : "Electric Drums",
            "hi" : "Electric Drums",
            "te" : "Electric Drums",
            "ta" : "எலக்ட்ரிக் டிரம்ஸ்"
          }
        }
      }
    }
  ],
  "critics" : [
    {
      "review" : {
        "instrument" : {
          "comment" : {
            "en" : "Impressive bass guitar and electric guitar loops make it even more enjoyable",
            "hi" : "Impressive bass guitar and electric guitar loops make it even more enjoyable",
            "te" : "Impressive bass guitar and electric guitar loops make it even more enjoyable",
            "ta" : "Impressive bass guitar and electric guitar loops make it even more enjoyable"
          },
          "score" : 12
        },
        "overall" : {
          "comment" : {
            "en" : "Angered Agression!",
            "hi" : "Angered Agression!",
            "te" : "Angered Agression!",
            "ta" : "Angered Agression!"
          },
          "score" : 12
        },
        "vocal" : {
          "comment" : {
            "en" : "Power packed vocals which suit this alternative rock styled number",
            "hi" : "Power packed vocals which suit this alternative rock styled number",
            "te" : "Power packed vocals which suit this alternative rock styled number",
            "ta" : "A riveting tune with the right markings of an aggressive number!"
          },
          "score" : 12
        },
        "tune" : {
          "comment" : {
            "en" : "A riveting tune with the right markings of an aggressive number!",
            "hi" : "A riveting tune with the right markings of an aggressive number!",
            "te" : "A riveting tune with the right markings of an aggressive number!",
            "ta" : "A riveting tune with the right markings of an aggressive number!"
          },
          "score" : 12
        },
        "lyric" : {
          "comment" : {
            "en" : "Lyrics give a new meaning to the word anger and excitement with an angered touch!",
            "hi" : "Lyrics give a new meaning to the word anger and excitement with an angered touch!",
            "te" : "Lyrics give a new meaning to the word anger and excitement with an angered touch!",
            "ta" : "Lyrics give a new meaning to the word anger and excitement with an angered touch!"
          },
          "score" : 12
        }
      },
      "author" : {
        "name" : "Durga",
        "image" : "https:\/\/d1ua79hvv369a0.cloudfront.net\/reflection\/critic\/critic-durga.png"
      },
      "rating" : 12
    },
    {
      "review" : {
        "instrument" : {
          "comment" : {
            "en" : "The guitar literally rocks, and there is a mix of electric and funk. Heavy duty stuff. The sirens add more tension while the whistles (Ennio Morricone-like) cool it down.",
            "hi" : "The guitar literally rocks, and there is a mix of electric and funk. Heavy duty stuff. The sirens add more tension while the whistles (Ennio Morricone-like) cool it down.",
            "te" : "The guitar literally rocks, and there is a mix of electric and funk. Heavy duty stuff. The sirens add more tension while the whistles (Ennio Morricone-like) cool it down.",
            "ta" : "The guitar literally rocks, and there is a mix of electric and funk. Heavy duty stuff. The sirens add more tension while the whistles (Ennio Morricone-like) cool it down."
          },
          "score" : 10
        },
        "overall" : {
          "comment" : {
            "en" : "Sheer rock \/ hip hop madness. Gonna be among the most heard numbers in the coming months and years.",
            "hi" : "Sheer rock \/ hip hop madness. Gonna be among the most heard numbers in the coming months and years.",
            "te" : "Sheer rock \/ hip hop madness. Gonna be among the most heard numbers in the coming months and years.",
            "ta" : "Sheer rock \/ hip hop madness. Gonna be among the most heard numbers in the coming months and years."
          },
          "score" : 11
        },
        "vocal" : {
          "comment" : {
            "en" : "Arunraja Kamaraj is all rage and fury with this once in a lifetime track. Superstar pitches in with his punch lines which will be ringtone material in the months to come. Goosebumps stuff",
            "hi" : "Arunraja Kamaraj is all rage and fury with this once in a lifetime track. Superstar pitches in with his punch lines which will be ringtone material in the months to come. Goosebumps stuff",
            "te" : "Arunraja Kamaraj is all rage and fury with this once in a lifetime track. Superstar pitches in with his punch lines which will be ringtone material in the months to come. Goosebumps stuff",
            "ta" : "Testosterone driven track which is sure to send listeners and Superstar fans into a tizzy. A benchmark for mass numbers. Totally repeat worthy."
          },
          "score" : 10
        },
        "tune" : {
          "comment" : {
            "en" : "Testosterone driven track which is sure to send listeners and Superstar fans into a tizzy. A benchmark for mass numbers. Totally repeat worthy.",
            "hi" : "Testosterone driven track which is sure to send listeners and Superstar fans into a tizzy. A benchmark for mass numbers. Totally repeat worthy.",
            "te" : "Testosterone driven track which is sure to send listeners and Superstar fans into a tizzy. A benchmark for mass numbers. Totally repeat worthy.",
            "ta" : "Testosterone driven track which is sure to send listeners and Superstar fans into a tizzy. A benchmark for mass numbers. Totally repeat worthy."
          },
          "score" : 14
        },
        "lyric" : {
          "comment" : {
            "en" : "New high in hero glorifying numbers.",
            "hi" : "New high in hero glorifying numbers.",
            "te" : "New high in hero glorifying numbers.",
            "ta" : "New high in hero glorifying numbers."
          },
          "score" : 10
        }
      },
      "author" : {
        "name" : "Kaushik",
        "image" : "https:\/\/d1ua79hvv369a0.cloudfront.net\/reflection\/critic\/Kaushik-200x200.jpg"
      },
      "rating" : 9
    },
    {
      "review" : {
        "instrument" : {
          "comment" : {
            "en" : "Power chords and the electric guitars give the necessary lift for the track. The bass groove holds the track while the whistle gives a touch of class to the composition",
            "hi" : "Power chords and the electric guitars give the necessary lift for the track. The bass groove holds the track while the whistle gives a touch of class to the composition",
            "te" : "Power chords and the electric guitars give the necessary lift for the track. The bass groove holds the track while the whistle gives a touch of class to the composition",
            "ta" : "Power chords and the electric guitars give the necessary lift for the track. The bass groove holds the track while the whistle gives a touch of class to the composition"
          },
          "score" : 11
        },
        "overall" : {
          "comment" : {
            "en" : "Good vocals, nice arrangements with very good sounding make it a must-listen track for the Superstar fans. The whistle at the end gives a semblance of the style of Ennio Morricone and gels well with the track. Sure to raise the pulse of the listener and will be on loop for a number of days ahead.",
            "hi" : "Good vocals, nice arrangements with very good sounding make it a must-listen track for the Superstar fans. The whistle at the end gives a semblance of the style of Ennio Morricone and gels well with the track. Sure to raise the pulse of the listener and will be on loop for a number of days ahead.",
            "te" : "Good vocals, nice arrangements with very good sounding make it a must-listen track for the Superstar fans. The whistle at the end gives a semblance of the style of Ennio Morricone and gels well with the track. Sure to raise the pulse of the listener and will be on loop for a number of days ahead.",
            "ta" : "Good vocals, nice arrangements with very good sounding make it a must-listen track for the Superstar fans. The whistle at the end gives a semblance of the style of Ennio Morricone and gels well with the track. Sure to raise the pulse of the listener and will be on loop for a number of days ahead."
          },
          "score" : 9.5
        },
        "vocal" : {
          "comment" : {
            "en" : "Well-rendered and provides the adrenaline rush",
            "hi" : "Well-rendered and provides the adrenaline rush",
            "te" : "Well-rendered and provides the adrenaline rush",
            "ta" : "The tune carries the signature of the composer and is groovy"
          },
          "score" : 9
        },
        "tune" : {
          "comment" : {
            "en" : "The tune carries the signature of the composer and is groovy",
            "hi" : "The tune carries the signature of the composer and is groovy",
            "te" : "The tune carries the signature of the composer and is groovy",
            "ta" : "The tune carries the signature of the composer and is groovy"
          },
          "score" : 9
        },
        "lyric" : {
          "comment" : {
            "en" : "Tailor-made for the superstar and sure is to raise the pulse of the listener",
            "hi" : "Tailor-made for the superstar and sure is to raise the pulse of the listener",
            "te" : "Tailor-made for the superstar and sure is to raise the pulse of the listener",
            "ta" : "Tailor-made for the superstar and sure is to raise the pulse of the listener"
          },
          "score" : 9
        }
      },
      "author" : {
        "name" : "Ashok",
        "image" : "https:\/\/d1ua79hvv369a0.cloudfront.net\/reflection\/critic\/Ashok_thumb.png"
      },
      "rating" : 9.5
    },
    {
      "review" : {
        "instrument" : {
          "comment" : {
            "en" : "Jhanu Chantar's electric guitar wails in sync with Tapass Naresh's drums to add a mesmerizing layer to the song",
            "hi" : "Jhanu Chantar's electric guitar wails in sync with Tapass Naresh's drums to add a mesmerizing layer to the song",
            "te" : "Jhanu Chantar's electric guitar wails in sync with Tapass Naresh's drums to add a mesmerizing layer to the song",
            "ta" : "Jhanu Chantar's electric guitar wails in sync with Tapass Naresh's drums to add a mesmerizing layer to the song"
          },
          "score" : 12
        },
        "overall" : {
          "comment" : {
            "en" : "Towering highlight of Kabali’s soundtrack!",
            "hi" : "Towering highlight of Kabali’s soundtrack!",
            "te" : "Towering highlight of Kabali’s soundtrack!",
            "ta" : "Towering highlight of Kabali’s soundtrack!"
          },
          "score" : 11.75
        },
        "vocal" : {
          "comment" : {
            "en" : "Arunraja Kamaraj rocks the rendition in style!",
            "hi" : "Arunraja Kamaraj rocks the rendition in style!",
            "te" : "Arunraja Kamaraj rocks the rendition in style!",
            "ta" : "A scorching theme song with an hypnotic impact!"
          },
          "score" : 12
        },
        "tune" : {
          "comment" : {
            "en" : "A scorching theme song with an hypnotic impact!",
            "hi" : "A scorching theme song with an hypnotic impact!",
            "te" : "A scorching theme song with an hypnotic impact!",
            "ta" : "A scorching theme song with an hypnotic impact!"
          },
          "score" : 13
        },
        "lyric" : {
          "comment" : {
            "en" : "Limited lines, but aptly hook’ish!",
            "hi" : "Limited lines, but aptly hook’ish!",
            "te" : "Limited lines, but aptly hook’ish!",
            "ta" : "Limited lines, but aptly hook’ish!"
          },
          "score" : 10
        }
      },
      "author" : {
        "name" : "Karthik",
        "image" : "https:\/\/d1ua79hvv369a0.cloudfront.net\/reflection\/critic\/critic-karthik.png"
      },
      "rating" : 11.75
    }
  ],
  "type" : {
    "slug" : "independent-music",
    "name" : "Independent Music"
  },
  "lyrics" : [
    {
      "data" : "Fire man...<br>Get close man...<br>Can you...(scared?)<br><br>Fire man...<br>Get close man...<br>Let me see...<br>It's the crowd, <br>that chars you<br>if you get close...<br>Can you have the thoughts<br>to beat, to destroy?<br>Is it even possible...<br>Now...<br><br>Are you the one who holds back <br>if controlled?<br><br>Are you the yarn that will unwind<br>if heaved?<br><br>Are you the man who abides by<br>all the bans?<br><br>It's Kabali<br>who loves <br>dawns<br>(Pleased!)<br><br>Say no to sympathy<br>Cut off any worry<br>There will hit<br>a rigor at heart, wait<br>Everyhting here is an illusion, mirage<br>Your valor will always pounce and strike<br>Our nation's vanity will see escalation<br>Even one word will trigger a new transformation<br><br>(Inform that I've come,<br>that I've come back<br>Inform that I've come back <br>like how I went 25 years back<br>Kabali man!)<br><br>Get free!<br>Think about what's the solution<br>Stare at your scare<br>Your daydream, let it tear<br><br>Strength and sacrifice<br>will fight, will fight<br><br>The wound on<br>your shoulder <br>will heal, will heal<br><br>From here on,<br>Hatred and betrayal <br>will vanish, will be gone...<br>The future will be<br>even more of an epic<br>Kabali<br>Kabali",
      "language" : {
        "name" : "English",
        "code" : "en"
      }
    },
    {
      "data" : "நெருப்புடா...<br>நெருங்குடா...<br>முடியுமா... <br><br>நெருப்புடா...<br>நெருங்குடா...<br>பாப்போம்...<br>நெருங்குனா <br>பொசுக்குற <br>கூட்டம்...<br>அடிக்குற <br>அழிக்குற <br>எண்ணம் <br>முடியுமா.. நடக்குமா...<br>இன்னும்...<br><br>அடக்குனா <br>அடங்குற ஆளா <br>நீ <br><br>இழுத்ததும் <br>பிரியிற நூலா <br>நீ <br><br>தடையெல்லாம் <br>மதிக்கிற ஆளா <br>நீ <br><br>விடியல <br>விரும்பிடும் <br>கபாலி <br>கபாலி <br>(மகிழ்ச்சி)<br><br>கருணையை மறு <br>கவலைகளை அறு <br>இதயத்தில் ஒரு <br>இறுக்கம் வரும் பொறு <br>யாவும் இங்கே மாயம் மாயம் <br>உன் வீரம் என்றும் சீறிப் பாயும் <br>நம் தேசம் எங்கும் ரோஷம் ஏறும் <br>ஒரு வார்த்தை கூட புது மாற்றம் காணும் <br><br>(நான் வந்துட்டேன்னு சொல்லு <br>திரும்பி வந்துட்டேன்னு <br>25 வருஷத்துக்கு முன்னால எப்படி போனானோ <br>கபாலி <br>அப்படியே திரும்பி வந்துட்டான்னு சொல்லு <br>கபாலி டா!<br><br>விடுதலையடை !<br>விடையென்ன நினை <br>பயத்தையே முறை <br>பகல் கனவை உடை <br><br>வீரம் <br>தியாகம் <br>மோதும் மோதும் <br><br>உன் தோளில் <br>காயம் <br>ஆறும் ஆறும் <br><br>இனி குரோதம் துரோகம் <br>மாயும் மாயும்...<br>வருங்காலம் இனியும் <br>இதிகாசமாகும் <br>கபாலி <br>கபாலி",
      "language" : {
        "name" : "Tamil",
        "code" : "ta"
      }
    }
  ],
  "id" : "76",
  "phonetic_lyrics" : [
    {
      "data" : "neruppudaa...<br>nerunggudaa...<br>mudayumaa... (payamaa)<br><br>neruppudaa...<br>nerunggudaa...<br>paappoam...<br>nerunggunaa <br>posukkuRa <br>koottam...<br>adikkuRa <br>azhikkuRa <br>eNNam <br>mudayumaa.. nadakkumaa...<br>innum...<br><br>adakkuna <br>adangguRa aaLaa <br>nee <br><br>izhuthadhum <br>piriyiRa noolaa <br>nee <br><br>thadaiyellaam <br>madhikkiRa aaLaa <br>nee <br><br>vidiyala <br>virumpidum <br>kabaali <br>kabaali <br>(magizhchchi)<br><br>karuNaiyai maRu <br>kavalaigaLai aRu <br>idhayathil oru <br>iRukkam varum poRu <br>yaavum inggae maayam maayam <br>un veeram endRum seeRip paayum <br>nam thaesam enggum roasham aeRum <br>oru vaarthai kooda pudhu maatRam kaaNum <br><br>(naan vandhdhuttaennu sollu <br>thirumpi vandhdhuttaennu <br>25 varushathukku munnaala eppadi poanaanoa <br>kabaali <br>appadiyae thirumpi vandhdhuttaannu sollu <br>kabaali taa!)<br><br>vididhalaiyadai !<br>vidaiyenna ninai <br>payathaiyae muRai <br>pagal kanavai udai <br><br>veeram <br>thiyaagam <br>moadhum moadhum <br><br>un thoaLil <br>kaayam <br>aaRum aaRum <br><br>ini kuroadham thuroagam <br>maayum maayum...<br>varunggaalam iniyum <br>idhigaasamaagum <br>kabaali <br>kabaali",
      "language" : {
        "name" : "English",
        "code" : "en"
      }
    },
    {
      "data" : "நெருப்புடா...<br>நெருங்குடா...<br>முடயுமா... (பயமா)<br><br>நெருப்புடா...<br>நெருங்குடா...<br>பாப்போம்...<br>நெருங்குனா <br>பொசுக்குற <br>கூட்டம்...<br>அடிக்குற <br>அழிக்குற <br>எண்ணம் <br>முடயுமா.. நடக்குமா...<br>இன்னும்...<br><br>அடக்குன <br>அடங்குற ஆளா <br>நீ <br><br>இழுத்ததும் <br>பிரியிற நூலா <br>நீ <br><br>தடையெல்லாம் <br>மதிக்கிற ஆளா <br>நீ <br><br>விடியல <br>விரும்பிடும் <br>கபாலி <br>கபாலி <br>(மகிழ்ச்சி)<br><br>கருணையை மறு <br>கவலைகளை அறு <br>இதயத்தில் ஒரு <br>இறுக்கம் வரும் பொறு <br>யாவும் இங்கே மாயம் மாயம் <br>உன் வீரம் என்றும் சீறிப் பாயும் <br>நம் தேசம் எங்கும் ரோஷம் ஏறும் <br>ஒரு வார்த்தை கூட புது மாற்றம் காணும் <br><br>(நான் வந்துட்டேன்னு சொல்லு <br>திரும்பி வந்துட்டேன்னு <br>25 வருஷத்துக்கு முன்னால எப்படி போனானோ <br>கபாலி <br>அப்படியே திரும்பி வந்துட்டான்னு சொல்லு <br>கபாலி டா!)<br><br>விடிதலையடை !<br>விடையென்ன நினை <br>பயத்தையே முறை <br>பகல் கனவை உடை <br><br>வீரம் <br>தியாகம் <br>மோதும் மோதும் <br><br>உன் தோளில் <br>காயம் <br>ஆறும் ஆறும் <br><br>இனி குரோதம் துரோகம் <br>மாயும் மாயும்...<br>வருங்காலம் இனியும் <br>இதிகாசமாகும் <br>கபாலி <br>கபாலி",
      "language" : {
        "name" : "Tamil",
        "code" : "ta"
      }
    },
    {
      "data" : "नेरुप्पुडा... <br>नेरुङ्गुडा... <br>म्उडयुम्आ... (पयमआ) <br> <br>नेरुप्पुडा... <br>नेरुङ्गुडा... <br>पापपोम... <br>नेरुङ्गुना <br>पोसुक्कुड़ <br>कूटटम... <br>अडिक्कुड़ <br>अलिक्कुड़ <br>एंणम <br>म्उडयुम्आ.. नडक्कुम्आ... <br>इननुम... <br> <br>अडक्कुन <br>अडङ्गुड़ आऴा <br>नी <br> <br>इलुतदुम <br>पिरियिड़ नूला <br>नी <br> <br>तडैयेल्लाम <br>म्अदिक्किड़ आऴा <br>नी <br> <br>विडियल <br>विरुम्पिडुम <br>कबालि <br>कबालि <br>(म्अगिल्चचि) <br> <br>कऱुंऐयै म्अड़ु <br>कवलैगळै अड़ु <br>इदयतिल ओरु <br>इड़ुक्कम वरुम पोड़ु <br>यावुम इङगे म्आयम म्आयम <br>उन वीरम एन्ड्ड़ुम सीरिप पायुम <br>नम तेसम एङगुम रोशम एड़ुम <br>ओरु वारतै कूड पुदु म्आट्ड़म कांउम <br> <br>(नान् वन्द दुट्टेन्नु सोल्लु <br>तिरुमपि वन्द दुट्टेन्नु <br>25 वरुशतुक्कु म्उन्नाल एपपडि पोनानो <br>कबालि <br>अप्पडिये तिरुमपि वन्द दुट्टान्नु सोल्लु <br>कबालि टा!) <br> <br>विडिदलैयडै ! <br>विडैयेन्न निनै <br>पयतैये म्उड़ै <br>पगल कनवै उडै <br> <br>वीरम <br>तियागम <br>म्ओदुम म्ओदुम <br> <br>उन तोऴिल <br>कायम <br>आड़ुम आड़ुम <br> <br>इनि कुरोदम तुरोगम <br>म्आयुम म्आयुम... <br>वरुङ्गालम इनियुम <br>इदिगासम्आगुम <br>कबालि <br>कबालि",
      "language" : {
        "name" : "Hindi",
        "code" : "hi"
      }
    },
    {
      "data" : "నెరుప్పుదా... <br>నెరుఙ్గుదా... <br>మ్యుదయుమ్యా... (పయమ్యా) <br> <br>నెరుప్పుదా... <br>నెరుఙ్గుదా... <br>పాప్పోమ్... <br>నెరుఙ్గునా <br>పొసుక్కుఱ <br>కూత్తమ్... <br>అదిక్కుఱ <br>అలిక్కుఱ <br>ఎంణమ్ <br>మ్యుదయుమ్యా.. నదక్కుమ్యా... <br>ఇన్నుమ్... <br> <br>అదక్కున <br>అదఙ్గుఱ ఆళా <br>నె <br> <br>ఇలుథధుమ్ <br>పిరియిఱ నూలా <br>నె <br> <br>థదైయెల్లామ్ <br>మ్యధిక్కిఱ ఆళా <br>నె <br> <br>విదియల <br>విరుమ్పిదుమ్ <br>కబాలి <br>కబాలి <br>(మ్యగిల్ఛ్ఛి) <br> <br>కరుంయైయై మ్యఱు <br>కవలైగళై అఱు <br>ఇధయథిల్ ఒరు <br>ఇఱుక్కమ్ వరుమ్ పొఱు <br>యావుమ్ ఇఙ్గే మ్యాయమ్ మ్యాయమ్ <br>ఉన్ వీరమ్ ఎన్ద్ఱుమ్ సీఱిప్ పాయుమ్ <br>నమ్ థేసమ్ ఎఙ్గుమ్ రోషమ్ ఏఱుమ్ <br>ఒరు వార్థై కూద పుధు మ్యాత్ఱమ్ కాంయుమ్ <br> <br>(నాన్ వన్ధ్ధుత్తేన్ను సొలౢ <br>థిరుమ్పి వన్ధ్ధుత్తేన్ను <br>25 వరుషథుక్కు మ్యున్నాల ఎప్పది పోనానో <br>కబాలి <br>అప్పదియే థిరుమ్పి వన్ధ్ధుత్తాన్ను సొలౢ <br>కబాలి తా!) <br> <br>విదిధలైయదై ! <br>విదైయెన్న నినై <br>పయథైయే మ్యుఱై <br>పగల్ కనవై ఉదై <br> <br>వీరమ్ <br>థియాగమ్ <br>మ్యోధుమ్ మ్యోధుమ్ <br> <br>ఉన్ థోళిల్ <br>కాయమ్ <br>ఆఱుమ్ ఆఱుమ్ <br> <br>ఇని కురోధమ్ థురోగమ్ <br>మ్యాయుమ్ మ్యాయుమ్... <br>వరుఙ్గాలమ్ ఇనియుమ్ <br>ఇధిగాసమ్యాగుమ్ <br>కబాలి <br>కబాలి",
      "language" : {
        "name" : "Telugu",
        "code" : "te"
      }
    },
    {
      "data" : "നെരുപ്പുദാ... <br>നെരുങ്ഗുദാ... <br>മ്യുദയുമ്യാ... (പയമ്യാ) <br> <br>നെരുപ്പുദാ... <br>നെരുങ്ഗുദാ... <br>പാപ്പോമ്... <br>നെരുങ്ഗുനാ <br>പൊസുക്കുറ <br>കൂത്തമ്... <br>അദിക്കുറ <br>അഴിക്കുറ <br>എംണമ് <br>മ്യുദയുമ്യാ.. നദക്കുമ്യാ... <br>ഇന്നുമ്... <br> <br>അദക്കുന <br>അദങ്ഗുറ ആളാ <br>നീ <br> <br>ഇഴുഥധുമ് <br>പിരിയിറ നൂലാ <br>നീ <br> <br>ഥദൈയെല്ലാമ് <br>മ്യധിക്കിറ ആളാ <br>നീ <br> <br>വിദിയല <br>വിരുമ്പിദുമ് <br>കബാലി <br>കബാലി <br>(മ്യഗിഴ്ച്ചി) <br> <br>കരുംയൈയൈ മ്യറു <br>കവലൈഗളൈ അറു <br>ഇധയഥില് ഒരു <br>ഇറുക്കമ് വരുമ് പൊറു <br>യാവുമ് ഇങ്ഗേ മ്യായമ് മ്യായമ് <br>ഉന് വീരമ് എന്ദ്റുമ് സീറിപ് പായുമ് <br>നമ് ഥേസമ് എങ്ഗുമ് രോഷമ് ഏറുമ് <br>ഒരു വാര്ഥൈ കൂദ പുധു മ്യാത്റമ് കാംയുമ് <br> <br>(നാന് വന്ധ്ധുത്തേന്നു സൊല്ലു <br>ഥിരുമ്പി വന്ധ്ധുത്തേന്നു <br>25 വരുഷഥുക്കു മ്യുന്നാല എപ്പദി പോനാനോ <br>കബാലി <br>അപ്പദിയേ ഥിരുമ്പി വന്ധ്ധുത്താന്നു സൊല്ലു <br>കബാലി താ!) <br> <br>വിദിധലൈയദൈ ! <br>വിദൈയെന്ന നിനൈ <br>പയഥൈയേ മ്യുറൈ <br>പഗല് കനവൈ ഉദൈ <br> <br>വീരമ് <br>ഥിയാഗമ് <br>മ്യോധുമ് മ്യോധുമ് <br> <br>ഉന് ഥോളില് <br>കായമ് <br>ആറുമ് ആറുമ് <br> <br>ഇനി കുരോധമ് ഥുരോഗമ് <br>മ്യായുമ് മ്യായുമ്... <br>വരുങ്ഗാലമ് ഇനിയുമ് <br>ഇധിഗാസമ്യാഗുമ് <br>കബാലി <br>കബാലി",
      "language" : {
        "name" : "Malayalam",
        "code" : "ml"
      }
    },
    {
      "data" : "ನೆರುಪ್ಪುದಾ... <br>ನೆರುಙ್ಗುದಾ... <br>ಮ್ಯುದಯುಮ್ಯಾ... (ಪಯಮ್ಯಾ) <br> <br>ನೆರುಪ್ಪುದಾ... <br>ನೆರುಙ್ಗುದಾ... <br>ಪಾಪ್ಪೋಮ್... <br>ನೆರುಙ್ಗುನಾ <br>ಪೊಸುಕ್ಕುರ <br>ಕೂತ್ತಮ್... <br>ಅದಿಕ್ಕುರ <br>ಅಲಿಕ್ಕುರ <br>ಎಂಣಮ್ <br>ಮ್ಯುದಯುಮ್ಯಾ.. ನದಕ್ಕುಮ್ಯಾ... <br>ಇನ್ನುಮ್... <br> <br>ಅದಕ್ಕುನ <br>ಅದಙ್ಗುರ ಆಳಾ <br>ನೀ <br> <br>ಇಲುಥಧುಮ್ <br>ಪಿರಿಯಿರ ನೂಲಾ <br>ನೀ <br> <br>ಥದೈಯೆಲ್ಲಾಮ್ <br>ಮ್ಯಧಿಕ್ಕಿರ ಆಳಾ <br>ನೀ <br> <br>ವಿದಿಯಲ <br>ವಿರುಮ್ಪಿದುಮ್ <br>ಕಬಾಲಿ <br>ಕಬಾಲಿ <br>(ಮ್ಯಗಿಲ್ಚ್ಚಿ) <br> <br>ಕಋಂಯೈಯೈ ಮ್ಯರು <br>ಕವಲೈಗಳೈ ಅರು <br>ಇಧಯಥಿಲ್ ಒರು <br>ಇರುಕ್ಕಮ್ ವರುಮ್ ಪೊರು <br>ಯಾವುಮ್ ಇಙ್ಗೇ ಮ್ಯಾಯಮ್ ಮ್ಯಾಯಮ್ <br>ಉನ್ ವೀರಮ್ ಎನ್ದ್ರುಮ್ ಸೀರಿಪ್ ಪಾಯುಮ್ <br>ನಮ್ ಥೇಸಮ್ ಎಙ್ಗುಮ್ ರೋಶಮ್ ಏರುಮ್ <br>ಒರು ವಾರ್ಥೈ ಕೂದ ಪುಧು ಮ್ಯಾತ್ರಮ್ ಕಾಂಯುಮ್ <br> <br>(ನಾನ್ ವನ್ಧ್ಧುತ್ತೇನ್ನು ಸೊಲ್ಲು <br>ಥಿರುಮ್ಪಿ ವನ್ಧ್ಧುತ್ತೇನ್ನು <br>25 ವರುಶಥುಕ್ಕು ಮ್ಯುನ್ನಾಲ ಎಪ್ಪದಿ ಪೋನಾನೋ <br>ಕಬಾಲಿ <br>ಅಪ್ಪದಿಯೇ ಥಿರುಮ್ಪಿ ವನ್ಧ್ಧುತ್ತಾನ್ನು ಸೊಲ್ಲು <br>ಕಬಾಲಿ ತಾ!) <br> <br>ವಿದಿಧಲೈಯದೈ ! <br>ವಿದೈಯೆನ್ನ ನಿನೈ <br>ಪಯಥೈಯೇ ಮ್ಯುರೈ <br>ಪಗಲ್ ಕನವೈ ಉದೈ <br> <br>ವೀರಮ್ <br>ಥಿಯಾಗಮ್ <br>ಮ್ಯೋಧುಮ್ ಮ್ಯೋಧುಮ್ <br> <br>ಉನ್ ಥೋಳಿಲ್ <br>ಕಾಯಮ್ <br>ಆರುಮ್ ಆರುಮ್ <br> <br>ಇನಿ ಕುರೋಧಮ್ ಥುರೋಗಮ್ <br>ಮ್ಯಾಯುಮ್ ಮ್ಯಾಯುಮ್... <br>ವರುಙ್ಗಾಲಮ್ ಇನಿಯುಮ್ <br>ಇಧಿಗಾಸಮ್ಯಾಗುಮ್ <br>ಕಬಾಲಿ <br>ಕಬಾಲಿ",
      "language" : {
        "name" : "Kanadam",
        "code" : "ka"
      }
    },
    {
      "data" : "নেরুপ্পুদা... <br>নেরুঙ্গুদা... <br>ম্যুদযুম্যা... (পযম্যা) <br> <br>নেরুপ্পুদা... <br>নেরুঙ্গুদা... <br>পাপ্পোম্... <br>নেরুঙ্গুনা <br>পোসুক্কুড় <br>কূত্তম্... <br>অদিক্কুড় <br>অলিক্কুড় <br>এঁণম্ <br>ম্যুদযুম্যা.. নদক্কুম্যা... <br>ইন্নুম্... <br> <br>অদক্কুন <br>অদঙ্গুড় আলা <br>নী <br> <br>ইলুথধুম্ <br>পিরিযিড় নূলা <br>নী <br> <br>থদৈযেল্লাম্ <br>ম্যধিক্কিড় আলা <br>নী <br> <br>ৱিদিযল <br>ৱিরুম্পিদুম্ <br>কবালি <br>কবালি <br>(ম্যগিল্চ্চি) <br> <br>করুঁযৈযৈ ম্যড়ু <br>কৱলৈগলৈ অড়ু <br>ইধযথিল্ ওরু <br>ইড়ুক্কম্ ৱরুম্ পোড়ু <br>যাৱুম্ ইঙ্গে ম্যাযম্ ম্যাযম্ <br>উন্ ৱীরম্ এন্দ্ড়ুম্ সীড়িপ্ পাযুম্ <br>নম্ থেসম্ এঙ্গুম্ রোষম্ এড়ুম্ <br>ওরু ৱার্থৈ কূদ পুধু ম্যাত্ড়ম্ কাঁযুম্ <br> <br>(নান্ ৱন্ধ্ধুত্তেন্নু সোল্লু <br>থিরুম্পি ৱন্ধ্ধুত্তেন্নু <br>25 ৱরুষথুক্কু ম্যুন্নাল এপ্পদি পোনানো <br>কবালি <br>অপ্পদিযে থিরুম্পি ৱন্ধ্ধুত্তান্নু সোল্লু <br>কবালি তা!) <br> <br>ৱিদিধলৈযদৈ ! <br>ৱিদৈযেন্ন নিনৈ <br>পযথৈযে ম্যুড়ৈ <br>পগল্ কনৱৈ উদৈ <br> <br>ৱীরম্ <br>থিযাগম্ <br>ম্যোধুম্ ম্যোধুম্ <br> <br>উন্ থোলিল্ <br>কাযম্ <br>আড়ুম্ আড়ুম্ <br> <br>ইনি কুরোধম্ থুরোগম্ <br>ম্যাযুম্ ম্যাযুম্... <br>ৱরুঙ্গালম্ ইনিযুম্ <br>ইধিগাসম্যাগুম্ <br>কবালি <br>কবালি",
      "language" : {
        "name" : "Bengali",
        "code" : "be"
      }
    },
    {
      "data" : "ણેરુપ્પુદા... <br>ણેરુઙ્ગુદા... <br>મ્યુદયુમ્યા... (પયમ્યા) <br> <br>ણેરુપ્પુદા... <br>ણેરુઙ્ગુદા... <br>પાપ્પૉમ્... <br>ણેરુઙ્ગુના <br>પોસુક્કુર <br>કૂત્તમ્... <br>અદિક્કુર <br>અલિક્કુર <br>એંણમ્ <br>મ્યુદયુમ્યા.. ણદક્કુમ્યા... <br>ઇન્નુમ્... <br> <br>અદક્કુન <br>અદઙ્ગુર આળા <br>ણી <br> <br>ઇલુથધુમ્ <br>પિરિયિર ણૂલા <br>ણી <br> <br>થદૈયેલ્લામ્ <br>મ્યધિક્કિર આળા <br>ણી <br> <br>વિદિયલ <br>વિરુમ્પિદુમ્ <br>કબાલિ <br>કબાલિ <br>(મ્યગિલ્ચ્ચિ) <br> <br>કઋંયૈયૈ મ્યરુ <br>કવલૈગળૈ અરુ <br>ઇધયથિલ્ ઓરુ <br>ઇરુક્કમ્ વરુમ્ પોરુ <br>યાવુમ્ ઇઙ્ગૅ મ્યાયમ્ મ્યાયમ્ <br>ઉન્ વીરમ્ એન્દ્રુમ્ સીરિપ્ પાયુમ્ <br>ણમ્ થૅસમ્ એઙ્ગુમ્ રૉષમ્ ઍરુમ્ <br>ઓરુ વાર્થૈ કૂદ પુધુ મ્યાત્રમ્ કાંયુમ્ <br> <br>(નાન્ વન્ધ્ધુત્તૅન્નુ સોલ્લુ <br>થિરુમ્પિ વન્ધ્ધુત્તૅન્નુ <br>25 વરુષથુક્કુ મ્યુન્નાલ એપ્પદિ પૉનાનૉ <br>કબાલિ <br>અપ્પદિયૅ થિરુમ્પિ વન્ધ્ધુત્તાન્નુ સોલ્લુ <br>કબાલિ તા!) <br> <br>વિદિધલૈયદૈ ! <br>વિદૈયેન્ન ણિનૈ <br>પયથૈયૅ મ્યુરૈ <br>પગલ્ કનવૈ ઉદૈ <br> <br>વીરમ્ <br>થિયાગમ્ <br>મ્યૉધુમ્ મ્યૉધુમ્ <br> <br>ઉન્ થૉળિલ્ <br>કાયમ્ <br>આરુમ્ આરુમ્ <br> <br>ઇનિ કુરૉધમ્ થુરૉગમ્ <br>મ્યાયુમ્ મ્યાયુમ્... <br>વરુઙ્ગાલમ્ ઇનિયુમ્ <br>ઇધિગાસમ્યાગુમ્ <br>કબાલિ <br>કબાલિ",
      "language" : {
        "name" : "Gujarathi",
        "code" : "gu"
      }
    },
    {
      "data" : "नेरुप्पुडा... <br>नेरुङ्गुडा... <br>म्उडयुम्आ... (पयमआ) <br> <br>नेरुप्पुडा... <br>नेरुङ्गुडा... <br>पापपोम... <br>नेरुङ्गुना <br>पोसुक्कुड़ <br>कूटटम... <br>अडिक्कुड़ <br>अलिक्कुड़ <br>एंणम <br>म्उडयुम्आ.. नडक्कुम्आ... <br>इननुम... <br> <br>अडक्कुन <br>अडङ्गुड़ आऴा <br>नी <br> <br>इलुतदुम <br>पिरियिड़ नूला <br>नी <br> <br>तडैयेल्लाम <br>म्अदिक्किड़ आऴा <br>नी <br> <br>विडियल <br>विरुम्पिडुम <br>कबालि <br>कबालि <br>(म्अगिल्चचि) <br> <br>कऱुंऐयै म्अड़ु <br>कवलैगळै अड़ु <br>इदयतिल ओरु <br>इड़ुक्कम वरुम पोड़ु <br>यावुम इङगे म्आयम म्आयम <br>उन वीरम एन्ड्ड़ुम सीरिप पायुम <br>नम तेसम एङगुम रोशम एड़ुम <br>ओरु वारतै कूड पुदु म्आट्ड़म कांउम <br> <br>(नान् वन्द दुट्टेन्नु सोल्लु <br>तिरुमपि वन्द दुट्टेन्नु <br>25 वरुशतुक्कु म्उन्नाल एपपडि पोनानो <br>कबालि <br>अप्पडिये तिरुमपि वन्द दुट्टान्नु सोल्लु <br>कबालि टा!) <br> <br>विडिदलैयडै ! <br>विडैयेन्न निनै <br>पयतैये म्उड़ै <br>पगल कनवै उडै <br> <br>वीरम <br>तियागम <br>म्ओदुम म्ओदुम <br> <br>उन तोऴिल <br>कायम <br>आड़ुम आड़ुम <br> <br>इनि कुरोदम तुरोगम <br>म्आयुम म्आयुम... <br>वरुङ्गालम इनियुम <br>इदिगासम्आगुम <br>कबालि <br>कबालि",
      "language" : {
        "name" : "Marathi",
        "code" : "mr"
      }
    },
    {
      "data" : "ନେରୁପ୍ପୁଦା... <br>ନେରୁଙ୍ଗୁଦା... <br>ମ୍ଯୁଦଯୁମ୍ଯା... (ପଯମ୍ଯା) <br> <br>ନେରୁପ୍ପୁଦା... <br>ନେରୁଙ୍ଗୁଦା... <br>ପାପ୍ପୋମ୍... <br>ନେରୁଙ୍ଗୁନା <br>ପୋସୁକ୍କୁଡ଼ <br>କୂତ୍ତମ୍... <br>ଅଦିକ୍କୁଡ଼ <br>ଅଳିକ୍କୁଡ଼ <br>ଏଂଣମ୍ <br>ମ୍ଯୁଦଯୁମ୍ଯା.. ନଦକ୍କୁମ୍ଯା... <br>ଇନ୍ନୁମ୍... <br> <br>ଅଦକ୍କୁନ <br>ଅଦଙ୍ଗୁଡ଼ ଆଲା <br>ନୀ <br> <br>ଇଳୁଥଧୁମ୍ <br>ପିରିଯିଡ଼ ନୂଳା <br>ନୀ <br> <br>ଥଦୈଯେଳ୍ଳାମ୍ <br>ମ୍ଯଧିକ୍କିଡ଼ ଆଲା <br>ନୀ <br> <br>ୱିଦିଯଳ <br>ୱିରୁମ୍ପିଦୁମ୍ <br>କବାଳି <br>କବାଳି <br>(ମ୍ଯଗିଳ୍ଚ୍ଚି) <br> <br>କଋଂଯୈଯୈ ମ୍ଯଡ଼ୁ <br>କୱଳୈଗଲୈ ଅଡ଼ୁ <br>ଇଧଯଥିଳ୍ ଓରୁ <br>ଇଡ଼ୁକ୍କମ୍ ୱରୁମ୍ ପୋଡ଼ୁ <br>ଯାୱୁମ୍ ଇଙ୍ଗେ ମ୍ଯାଯମ୍ ମ୍ଯାଯମ୍ <br>ଉନ୍ ୱୀରମ୍ ଏନ୍ଦ୍ଡ଼ୁମ୍ ସୀଡ଼ିପ୍ ପାଯୁମ୍ <br>ନମ୍ ଥେସମ୍ ଏଙ୍ଗୁମ୍ ରୋଶମ୍ ଏଡ଼ୁମ୍ <br>ଓରୁ ୱାର୍ଥୈ କୂଦ ପୁଧୁ ମ୍ଯାତ୍ଡ଼ମ୍ କାଂଯୁମ୍ <br> <br>(ନାନ୍ ୱନ୍ଧ୍ଧୁତ୍ତେନ୍ନୁ ସୋଳୢ <br>ଥିରୁମ୍ପି ୱନ୍ଧ୍ଧୁତ୍ତେନ୍ନୁ <br>25 ୱରୁଶଥୁକ୍କୁ ମ୍ଯୁନ୍ନାଳ ଏପ୍ପଦି ପୋନାନୋ <br>କବାଳି <br>ଅପ୍ପଦିଯେ ଥିରୁମ୍ପି ୱନ୍ଧ୍ଧୁତ୍ତାନ୍ନୁ ସୋଳୢ <br>କବାଳି ତା!) <br> <br>ୱିଦିଧଳୈଯଦୈ ! <br>ୱିଦୈଯେନ୍ନ ନିନୈ <br>ପଯଥୈଯେ ମ୍ଯୁଡ଼ୈ <br>ପଗଳ୍ କନୱୈ ଉଦୈ <br> <br>ୱୀରମ୍ <br>ଥିଯାଗମ୍ <br>ମ୍ଯୋଧୁମ୍ ମ୍ଯୋଧୁମ୍ <br> <br>ଉନ୍ ଥୋଲିଳ୍ <br>କାଯମ୍ <br>ଆଡ଼ୁମ୍ ଆଡ଼ୁମ୍ <br> <br>ଇନି କୁରୋଧମ୍ ଥୁରୋଗମ୍ <br>ମ୍ଯାଯୁମ୍ ମ୍ଯାଯୁମ୍... <br>ୱରୁଙ୍ଗାଳମ୍ ଇନିଯୁମ୍ <br>ଇଧିଗାସମ୍ଯାଗୁମ୍ <br>କବାଳି <br>କବାଳି",
      "language" : {
        "name" : "Oriya",
        "code" : "or"
      }
    },
    {
      "data" : "नेरुप्पुडा... <br>नेरुङ्गुडा... <br>म्उडयुम्आ... (पयमआ) <br> <br>नेरुप्पुडा... <br>नेरुङ्गुडा... <br>पापपोम... <br>नेरुङ्गुना <br>पोसुक्कुड़ <br>कूटटम... <br>अडिक्कुड़ <br>अलिक्कुड़ <br>एंणम <br>म्उडयुम्आ.. नडक्कुम्आ... <br>इननुम... <br> <br>अडक्कुन <br>अडङ्गुड़ आऴा <br>नी <br> <br>इलुतदुम <br>पिरियिड़ नूला <br>नी <br> <br>तडैयेल्लाम <br>म्अदिक्किड़ आऴा <br>नी <br> <br>विडियल <br>विरुम्पिडुम <br>कबालि <br>कबालि <br>(म्अगिल्चचि) <br> <br>कऱुंऐयै म्अड़ु <br>कवलैगळै अड़ु <br>इदयतिल ओरु <br>इड़ुक्कम वरुम पोड़ु <br>यावुम इङगे म्आयम म्आयम <br>उन वीरम एन्ड्ड़ुम सीरिप पायुम <br>नम तेसम एङगुम रोशम एड़ुम <br>ओरु वारतै कूड पुदु म्आट्ड़म कांउम <br> <br>(नान् वन्द दुट्टेन्नु सोल्लु <br>तिरुमपि वन्द दुट्टेन्नु <br>25 वरुशतुक्कु म्उन्नाल एपपडि पोनानो <br>कबालि <br>अप्पडिये तिरुमपि वन्द दुट्टान्नु सोल्लु <br>कबालि टा!) <br> <br>विडिदलैयडै ! <br>विडैयेन्न निनै <br>पयतैये म्उड़ै <br>पगल कनवै उडै <br> <br>वीरम <br>तियागम <br>म्ओदुम म्ओदुम <br> <br>उन तोऴिल <br>कायम <br>आड़ुम आड़ुम <br> <br>इनि कुरोदम तुरोगम <br>म्आयुम म्आयुम... <br>वरुङ्गालम इनियुम <br>इदिगासम्आगुम <br>कबालि <br>कबालि",
      "language" : {
        "name" : "konkani",
        "code" : "ko"
      }
    }
  ],
  "mood" : {
    "slug" : "excited",
    "name" : "Excited"
  },
  "release_order_of_the_day" : 5,
  "language" : {
    "name" : "Tamil",
    "code" : "ta"
  },
  "slug" : "neruppu-da",
  "thumbnail" : "https:\/\/d1ua79hvv369a0.cloudfront.net\/images\/songs\/thumbnails\/neruppu-da\/180x150.jpg"
}