{
  "title" : {
    "en" : "Oadittaanga",
    "hi" : "Oadittaanga",
    "te" : "Oadittaanga",
    "ta" : "ஓடிட்டாங்க"
  },
  "credits" : {
    "mixers" : [
      {
        "name" : {
          "en" : "Shadab(Mumbai)",
          "hi" : "Shadab(Mumbai)",
          "te" : "Shadab(Mumbai)",
          "ta" : "ஷதாப் (மும்பை)"
        }
      }
    ],
    "masters" : [
      {
        "name" : {
          "en" : "Shadab(Mumbai)",
          "hi" : "Shadab(Mumbai)",
          "te" : "Shadab(Mumbai)",
          "ta" : "ஷதாப் (மும்பை)"
        }
      }
    ],
    "composers" : [
      {
        "name" : {
          "en" : "C. Sathya",
          "hi" : "C. Sathya",
          "te" : "C. Sathya",
          "ta" : "C. சத்யா"
        }
      }
    ],
    "chorus" : [
      {
        "name" : {
          "en" : "Sudarshan",
          "hi" : "Sudarshan",
          "te" : "Sudarshan",
          "ta" : "சுதர்ஷன்"
        }
      },
      {
        "name" : {
          "en" : "Abishek Iyer",
          "hi" : "Abishek Iyer",
          "te" : "Abishek Iyer",
          "ta" : "அபிஷேக் ஐயர்"
        }
      },
      {
        "name" : {
          "en" : "M.Krishnaraj",
          "hi" : "M.Krishnaraj",
          "te" : "M.Krishnaraj",
          "ta" : "M.கிருஷ்ணராஜ்"
        }
      },
      {
        "name" : {
          "en" : "Arun",
          "hi" : "Arun",
          "te" : "Arun",
          "ta" : "அருண்"
        }
      },
      {
        "name" : {
          "en" : "Poornima",
          "hi" : "Poornima",
          "te" : "Poornima",
          "ta" : "பூர்ணிமா"
        }
      },
      {
        "name" : {
          "en" : "Vaishnavi Kannan",
          "hi" : "Vaishnavi Kannan",
          "te" : "Vaishnavi Kannan",
          "ta" : "வைஷ்ணவி கண்ணன்"
        }
      },
      {
        "name" : {
          "en" : "Haritha",
          "hi" : "Haritha",
          "te" : "Haritha",
          "ta" : "ஹரிதா"
        }
      },
      {
        "name" : {
          "en" : "Lakshmi",
          "hi" : "Lakshmi",
          "te" : "Lakshmi",
          "ta" : "லக்ஷ்மி"
        }
      }
    ],
    "lyricists" : [
      {
        "name" : {
          "en" : "R.K",
          "hi" : "R.K",
          "te" : "R.K",
          "ta" : "ஆர்.கே"
        }
      }
    ],
    "singers" : [
      {
        "name" : {
          "en" : "Mano",
          "hi" : "Mano",
          "te" : "Mano",
          "ta" : "மனோ"
        }
      },
      {
        "name" : {
          "en" : "Krishnaraj",
          "hi" : "Krishnaraj",
          "te" : "Krishnaraj",
          "ta" : "கிருஷ்ணராஜ்"
        }
      },
      {
        "name" : {
          "en" : "Shangee",
          "hi" : "Shangee",
          "te" : "Shangee",
          "ta" : "ஷாங்கி"
        }
      },
      {
        "name" : {
          "en" : "Bangaramma",
          "hi" : "Bangaramma",
          "te" : "Bangaramma",
          "ta" : "பங்காரம்மா"
        }
      }
    ],
    "arrangers" : [
      {
        "name" : {
          "en" : "C. Sathya",
          "hi" : "C. Sathya",
          "te" : "C. Sathya",
          "ta" : "C. சத்யா"
        }
      }
    ],
    "producers" : [
      {
        "name" : {
          "en" : "Abirami Ramanathan",
          "hi" : "Abirami Ramanathan",
          "te" : "Abirami Ramanathan",
          "ta" : "அபிராமி ராமநாதன்"
        }
      }
    ],
    "recorded_studios" : [
      {
        "name" : {
          "en" : "S'Studio",
          "hi" : "S'Studio",
          "te" : "S'Studio",
          "ta" : "S'ஸ்டுடியோ"
        }
      }
    ],
    "translator" : [
      {
        "name" : {
          "en" : "Jayashree Ramanujam",
          "hi" : "Jayashree Ramanujam",
          "te" : "Jayashree Ramanujam",
          "ta" : "ஜெயஸ்ரீ இராமானுஜம்"
        }
      }
    ],
    "programmer_music_production" : [
      {
        "name" : {
          "en" : "C.Sathya and Rahul Sathu(Canada)",
          "hi" : "C.Sathya and Rahul Sathu(Canada)",
          "te" : "C.Sathya and Rahul Sathu(Canada)",
          "ta" : "C.சத்யா & ராகுல்  சாது (கனடா)"
        }
      }
    ],
    "lyric_art" : [
      {
        "name" : {
          "en" : "Nirmal kumar",
          "hi" : "Nirmal kumar",
          "te" : "Nirmal kumar",
          "ta" : "Nirmal kumar"
        }
      }
    ],
    "manager_of_visual_content" : [
      {
        "name" : {
          "en" : "Gokula Krishnan R Vasugi, MFI",
          "hi" : "Gokula Krishnan R Vasugi, MFI",
          "te" : "Gokula Krishnan R Vasugi, MFI",
          "ta" : "கோகுல கிருஷ்ணன் R வாசுகி MFI"
        }
      }
    ],
    "editor" : [
      {
        "name" : {
          "en" : "Mithran.B",
          "hi" : "Mithran.B",
          "te" : "Mithran.B",
          "ta" : "மித்திரன்.B"
        }
      }
    ],
    "senior_editor" : [
      {
        "name" : {
          "en" : "Shyam Sundar Murugesan",
          "hi" : "Shyam Sundar Murugesan",
          "te" : "Shyam Sundar Murugesan",
          "ta" : "ஷியாம் சுந்தர் முருகேசன்"
        }
      }
    ],
    "sound_engineers" : [
      {
        "name" : {
          "en" : "C. Sathya",
          "hi" : "C. Sathya",
          "te" : "C. Sathya",
          "ta" : "C. சத்யா"
        }
      }
    ],
    "junior_cameraman" : [
      {
        "name" : {
          "en" : "Murali Manokar",
          "hi" : "Murali Manokar",
          "te" : "Murali Manokar",
          "ta" : "முரளி மனோகர்"
        }
      }
    ]
  },
  "active" : true,
  "published_on" : "2016-04-24T12:30:00.000Z",
  "description" : {
    "en" : "Have you ever heard a song where parents, family, friends and society rejoiced at their son and daughter eloping? Probably not. This peppy folk number is every lover’s dream come true. The next time you want to convince your parents of your love, try this song. In a nutshell, this song celebrating elopement!",
    "hi" : "Have you ever heard a song where parents, family, friends and society rejoiced at their son and daughter eloping? Probably not. This peppy folk number is every lover’s dream come true. The next time you want to convince your parents of your love, try this song. In a nutshell, this song celebrating elopement!",
    "te" : "Have you ever heard a song where parents, family, friends and society rejoiced at their son and daughter eloping? Probably not. This peppy folk number is every lover’s dream come true. The next time you want to convince your parents of your love, try this song. In a nutshell, this song celebrating elopement!",
    "ta" : "காதலர்கள் ஊரைவிட்டு ஓடுகிறார்கள் என்றால், பெற்றோர், குடும்பத்தினர், நண்பர்கள், சமூகத்தினர் கோபப்படுவார்கள், வருத்தப்படுவார்கள், மாறாக, அவர்கள் எல்லாரும் சேர்ந்து மகிழ்ந்தால் எப்படி இருக்கும்? அதுதான் இந்தப் பாடல். இந்தத் துள்ளலான கிராமியப்பாடல், காதலர்கள் எல்லாருடைய கனவு. உங்கள் காதலைப் பெற்றோர் ஏற்றுக்கொள்ள மறுத்தால், இந்தப் பாடலை ஒலிக்கவிடுங்கள். சுருக்கமாகச் சொல்வதென்றால், ஓடிப்போதலைக் கொண்டாடும் பாடல் இது!"
  },
  "poster" : "https:\/\/d1ua79hvv369a0.cloudfront.net\/reflection\/poster\/023_ooditanga.jpg",
  "album" : {
    "title" : {
      "en" : "Unnodu ka",
      "hi" : "Unnodu ka",
      "te" : "Unnodu ka",
      "ta" : "Unnodu ka"
    },
    "id" : "2",
    "thumbnail" : "https:\/\/d1ua79hvv369a0.cloudfront.net\/reflection\/thumbnail\/unoduka_thumb.jpg"
  },
  "musics" : [
    {
      "players" : [
        {
          "name" : {
            "en" : "Thirumoorthy",
            "hi" : "Thirumoorthy",
            "te" : "Thirumoorthy",
            "ta" : "திருமூர்த்தி"
          }
        }
      ],
      "instrument" : {
        "name" : {
          "name" : {
            "en" : "Nadaswaram",
            "hi" : "Nadaswaram",
            "te" : "Nadaswaram",
            "ta" : "நாதஸ்வரம்"
          }
        }
      }
    },
    {
      "players" : [
        {
          "name" : {
            "en" : "Sanjay",
            "hi" : "Sanjay",
            "te" : "Sanjay",
            "ta" : "சஞ்சய்"
          }
        }
      ],
      "instrument" : {
        "name" : {
          "name" : {
            "en" : "Guitars",
            "hi" : "Guitars",
            "te" : "Guitars",
            "ta" : "கிட்டார்ஸ்"
          }
        }
      }
    },
    {
      "players" : [
        {
          "name" : {
            "en" : "Kishore",
            "hi" : "Kishore",
            "te" : "Kishore",
            "ta" : "கிஷோர்"
          }
        }
      ],
      "instrument" : {
        "name" : {
          "name" : {
            "en" : "Ethnic Percussions",
            "hi" : "Ethnic Percussions",
            "te" : "Ethnic Percussions",
            "ta" : "எத்னிக் பெர்க்யூசன்"
          }
        }
      }
    }
  ],
  "critics" : [
    {
      "review" : {
        "instrument" : {
          "comment" : {
            "en" : "The energy in the music almost seems to signify the speed at which the couple eloped!",
            "hi" : "The energy in the music almost seems to signify the speed at which the couple eloped!",
            "te" : "The energy in the music almost seems to signify the speed at which the couple eloped!",
            "ta" : "The energy in the music almost seems to signify the speed at which the couple eloped!"
          },
          "score" : 11
        },
        "overall" : {
          "comment" : {
            "en" : "A new-age elopement song. Imagine the scene of a couple of running away from 100s of villagers with this music in the background!",
            "hi" : "A new-age elopement song. Imagine the scene of a couple of running away from 100s of villagers with this music in the background!",
            "te" : "A new-age elopement song. Imagine the scene of a couple of running away from 100s of villagers with this music in the background!",
            "ta" : "A new-age elopement song. Imagine the scene of a couple of running away from 100s of villagers with this music in the background!"
          },
          "score" : 11.25
        },
        "vocal" : {
          "comment" : {
            "en" : "Really good mix, and particularly a male duet! Equally good chorus too.",
            "hi" : "Really good mix, and particularly a male duet! Equally good chorus too.",
            "te" : "Really good mix, and particularly a male duet! Equally good chorus too.",
            "ta" : "Highly amusing and enjoyable celebration of a couple’s eloping!"
          },
          "score" : 11
        },
        "tune" : {
          "comment" : {
            "en" : "Highly amusing and enjoyable celebration of a couple’s eloping!",
            "hi" : "Highly amusing and enjoyable celebration of a couple’s eloping!",
            "te" : "Highly amusing and enjoyable celebration of a couple’s eloping!",
            "ta" : "Highly amusing and enjoyable celebration of a couple’s eloping!"
          },
          "score" : 11
        },
        "lyric" : {
          "comment" : {
            "en" : "A fantastic twist to the usual sentiment around elopement; from absolute despair to a celebration of sorts! Highly inventive!",
            "hi" : "A fantastic twist to the usual sentiment around elopement; from absolute despair to a celebration of sorts! Highly inventive!",
            "te" : "A fantastic twist to the usual sentiment around elopement; from absolute despair to a celebration of sorts! Highly inventive!",
            "ta" : "A fantastic twist to the usual sentiment around elopement; from absolute despair to a celebration of sorts! Highly inventive!"
          },
          "score" : 12
        }
      },
      "author" : {
        "name" : "Karthik",
        "image" : "https:\/\/d1ua79hvv369a0.cloudfront.net\/reflection\/critic\/critic-karthik.png"
      },
      "rating" : 11.25
    },
    {
      "review" : {
        "instrument" : {
          "comment" : {
            "en" : "The orchestration strikes a balance between Tamil rustic folk and Alternative Rock.",
            "hi" : "The orchestration strikes a balance between Tamil rustic folk and Alternative Rock.",
            "te" : "The orchestration strikes a balance between Tamil rustic folk and Alternative Rock.",
            "ta" : "The orchestration strikes a balance between Tamil rustic folk and Alternative Rock."
          },
          "score" : 12
        },
        "overall" : {
          "comment" : {
            "en" : "A unique folk party with inquisitiveness!",
            "hi" : "A unique folk party with inquisitiveness!",
            "te" : "A unique folk party with inquisitiveness!",
            "ta" : "A unique folk party with inquisitiveness!"
          },
          "score" : 11.75
        },
        "vocal" : {
          "comment" : {
            "en" : "Rustic, sultry and at the same time focuses on the melodious aspect.",
            "hi" : "Rustic, sultry and at the same time focuses on the melodious aspect.",
            "te" : "Rustic, sultry and at the same time focuses on the melodious aspect.",
            "ta" : "The tune is an effective mix of an idea Tamil folk party atmosphere."
          },
          "score" : 12
        },
        "tune" : {
          "comment" : {
            "en" : "The tune is an effective mix of an idea Tamil folk party atmosphere.",
            "hi" : "The tune is an effective mix of an idea Tamil folk party atmosphere.",
            "te" : "The tune is an effective mix of an idea Tamil folk party atmosphere.",
            "ta" : "The tune is an effective mix of an idea Tamil folk party atmosphere."
          },
          "score" : 11
        },
        "lyric" : {
          "comment" : {
            "en" : "The lyrics are peppy and funky setting up the ideal ambience.",
            "hi" : "The lyrics are peppy and funky setting up the ideal ambience.",
            "te" : "The lyrics are peppy and funky setting up the ideal ambience.",
            "ta" : "The lyrics are peppy and funky setting up the ideal ambience."
          },
          "score" : 12
        }
      },
      "author" : {
        "name" : "Durga",
        "image" : "https:\/\/d1ua79hvv369a0.cloudfront.net\/reflection\/critic\/critic-durga.png"
      },
      "rating" : 11.75
    }
  ],
  "type" : {
    "slug" : "film-music",
    "name" : "Film Music"
  },
  "lyrics" : [
    {
      "data" : "Did you all hear this injustice......<br>A young boy and a girl<br>eloped... it seems...<br><br>Vociferously burst crackers man...<br>Catch hold with string fireworks...<br>To the extent cowshed and bins will gossip, frame musical notes and pull off beats man... <br><br>Eloped eloped<br>They eloped out of village<br><br>Tenderly aged girl from our house<br>Pliably young boy from your house<br>both of them eloped<br><br>For the neighbourhood to know, and<br>such that everyone in the village are informed<br>We came dancing, to tell the news<br><br>Areca nut with invitation on platter<br>wasn't given to all in the village...<br><br>Coconut tree festoons<br>weren't hung at doorstep<br><br>With pictures of the girl and the guy,<br>even posters weren't stuck<br><br>In the joy of eloping,<br>head and feet isn't comprehensible<br><br>Eloped they eloped… Yay…<br>Out of the house they eloped.. Yay…<br>Eloped they eloped… Yay…<br>Out of the house they eloped.. Yay… Yayy..<br><br>For our lads who are in love,<br>we'll show green signal<br><br>We'll bless the girl who ran away from home,<br>with rice mixed in saffron <br><br>Hearing about the runaway report,<br>mom's heart is chilling<br><br>To mention about it to neighbours,<br>heartwarming... It is... <br><br>As the entire village... acclaimed…<br>We delivered… our valuable child...<br><br>Such that those who heard of, felt jealous<br>So as those who saw, eyed on<br>As both became one, they<br>kept the check<br><br>Eloped they eloped… Yay… Yayy..<br>Out of the house they eloped.. Yay… Yayy..<br>Eloped they eloped… Yay… Yayy..<br>Out of the house they eloped.. Yay… Yayy..<br> <br>To hold up family’s legacy<br>there came our bridegroom...<br><br>Hooked up slowly the girl, <br>whom the man loved deeply...<br><br>To talk about generations,<br>got conceived a heirson<br><br>Since two united <br>as three they returned...<br><br>No movies we have gone... Not even to parks...<br><br>No wandering together... on bikes...<br><br>Did no messy-vessy stuff<br>Not even slightly-lightly caressed<br>Either attached or detached<br>He has nailed down the lip lock",
      "language" : {
        "name" : "English",
        "code" : "en"
      }
    },
    {
      "data" : "இந்த அநியாயத்தக் கேட்டீங்களா..............<br>நம்ம தெருவுல <br>வயசு பொண்ணும் வயசு பையனும் <br>ஓடி... .... போய்ட்டாங்களாம்...<br><br>அதிரடி வேட்டு வெடிடா.....<br>சரவெடி போட்டு புடிடா....<br>பட்டித் தொட்டி, பேசும் படிடா....<br>மெட்டு கட்டி, தாளம் அடிடா....<br><br>ஓடிட்டாங்க ஓடிட்டாங்க<br>ஊர விட்டே ஓடிட்டாங்க <br><br>எங்க வீட்டு வயசு பொண்ணு<br>ஒங்க வீட்டு வயசு பையன்<br>இரண்டு பேரும் ஓடிபோனாங்க<br><br>அக்கம் பக்கம் அரியும்படி<br>ஊருக்கெல்லாம் தெரியும்படி <br>செய்தி சொல்ல ஆடிவந்தோங்க...<br><br>ஊருக்கெல்லாம் பாக்கு வச்சி<br>பத்திரிக்க கொடுக்கல...<br><br>வாழமர தோரணமும்<br>வாசலில கட்டல...<br><br>பொண்ணு பையன் போட்டோ போட்டு<br>போஸ்டரும்தான் ஒட்டல...<br><br>ஓடிபோன சந்தோஷத்தில்....<br>தலகாலு புரியல....<br><br>ஓடிட்டாங்க ஓடிட்டாங்க.... ஏ....<br>வீட்டவிட்டு ஓடிட்டாங்க... ஏ.....<br>ஓடிட்டாங்க ஓடிட்டாங்க....ஏ.....<br>வீட்டவிட்டு ஓடிட்டாங்க....ஏ....ஏய்...<br><br>பசங்க காதலுக்குப்  <br>பச்சக்கொடி காட்டுவோம்<br><br>வீட்டவிட்டு போனபொண்ண <br>அச்சதையில்  வாழ்த்துவோம்<br><br>ஓடிபோன செய்தி கேட்டு,<br>தாய்மனசு குளிருதே....<br><br>அக்கம்பக்கம் சொல்லிக்கவே <br>ஆனந்தமா... இருக்குது.....<br><br>ஊரே... பெரும சொல்ல...<br>பெத்தோம்.... அருமபுள்ள.....<br><br>கேட்டவங்க திஷ்டி பட<br><br>பாத்தவங்க கண்ணுபட <br><br>இரண்டுபேரும் ஒன்னுபட <br>வச்சிட்டாங்க செமலாக்கு<br><br>ஓடிட்டாங்க ஓடிட்டாங்க.... ஏ.. ஏய்...<br>வீட்டவிட்டு ஓடிட்டாங்க... ஏ.. ஏய்....<br>ஓடிட்டாங்க ஓடிட்டாங்க....ஏ..ஏய்.....<br>வீட்டவிட்டு ஓடிட்டாங்க... ஏ..ஏய்.....<br><br>பரம்பர பேர சொல்ல <br>வந்துட்டான் மாப்புள்ள....<br><br>விரும்புற பொண்ண <br>மெல்ல தூக்கிட்டான் ஆம்பள....<br><br>தலைமுறை எடுத்து சொல்ல <br>வாரிசுதான் உண்டாச்சு....<br><br>இரண்டுபேரும் சேந்ததால <br>மூணுபேறா வந்தாச்சு.. <br><br>சினிமா...பார்க்கு இல்ல....<br><br>பைக்கில்.....போகவில்ல...<br><br>கசாமுசா பண்ணதில்ல<br>லேசாலேசா தொட்டதில்ல<br>படாமலே விடாமலே<br>வச்சிட்டாண்டா லிப்லாக்கு<br><br>ஓடிட்டாங்க ஓடிட்டாங்க...ஏ....<br>வீட்டவிட்டு ஓடிட்டாங்க.... ஏ....<br>ஓடிட்டாங்க ஓடிட்டாங்க....ஏய்....<br>வீட்டவிட்டு ஓடிட்டாங்க..ஏய்....",
      "language" : {
        "name" : "Tamil",
        "code" : "ta"
      }
    }
  ],
  "id" : "29",
  "phonetic_lyrics" : [
    {
      "data" : "indhdha aniyaayathak kaetteengaLaa..............<br>namma theruvula<br>vayasu poNNum vayasu paiyanum<br>oadi... .... poayttaangaLaam...<br><br>adhiradi vaettu vedidaa.....<br>saravedi poattu pudidaa....<br>pattith thotti, paesum padidaa....<br>mettu katti, thaaLam adidaa....<br><br>oadittaanga oadittaanga<br>oora vittae oadittaanga<br><br>enga veettu vayasu poNNu<br>onga veettu vayasu paiyan<br>iraNdu paerum oadiboanaanga<br><br>akkam pakkam ariyumpadi<br>oorukkellaam theriyumpadi<br>seydhi solla aadivandhdhoanga...<br><br>oorukkellaam paakku vachchi<br>pathirikka kodukkala...<br><br>vaazhamara thoaraNamum<br>vaasalila kattala...<br><br>poNNu paiyan poattoa poattu<br>poaStarumdhaan ottala...<br><br>oadiboana sandhdhoashathil....<br>thalagaalu puriyala....<br><br>oadittaanga oadittaanga.... ae....<br>veettavittu oadittaanga... ae.....<br>oadittaanga oadittaanga....ae.....<br>veettavittu oadittaanga....ae....aey...<br><br>pasanga kaadhalukkup<br>pachchakkodi kaattuvoam<br><br>veettavittu poanaboNNa<br>achchadhaiyil  vaazhthuvoam<br><br>oadiboana seydhi kaettu,<br>thaaymanasu kuLirudhae....<br><br>akkampakkam sollikkavae<br>aanandhdhamaa... irukkudhu.....<br><br>oorae... peruma solla...<br>pethoam.... arumabuLLa.....<br><br>kaettavanga thishti pada<br><br>paathavanga kaNNubada<br><br>iraNdubaerum onnubada<br>vachchittaanga semalaakku<br><br>oadittaanga oadittaanga.... ae.. aey...<br>veettavittu oadittaanga... ae.. aey....<br>oadittaanga oadittaanga....ae..aey.....<br>veettavittu oadittaanga... ae..aey.....<br><br>parampara paera solla<br>vandhdhuttaan maappuLLa....<br><br>virumpuRa poNNa<br>mella thookkittaan aampaLa....<br><br>thalaimuRai eduthu solla<br>vaarisudhaan uNdaachchu....<br><br>iraNdubaerum saendhdhadhaala<br>mooNubaeRaa vandhdhaachchu..<br><br>sinimaa...paarkku illa....<br><br>paikkil.....poagavilla...<br><br>kasaamusaa paNNadhilla<br>laesaalaesaa thottadhilla<br>padaamalae vidaamalae<br>vachchittaaNdaa liplaakku<br><br>oadittaanga oadittaanga...ae....<br>veettavittu oadittaanga.... ae....<br>oadittaanga oadittaanga....aey....<br>veettavittu oadittaanga..aey.....",
      "language" : {
        "name" : "English",
        "code" : "en"
      }
    },
    {
      "data" : "இந்த அநியாயத்தக் கேட்டீங்களா..............<br>நம்ம தெருவுல <br>வயசு பொண்ணும் வயசு பையனும் <br>ஓடி... .... போய்ட்டாங்களாம்...<br><br>அதிரடி வேட்டு வெடிடா.....<br>சரவெடி போட்டு புடிடா....<br>பட்டித் தொட்டி, பேசும் படிடா....<br>மெட்டு கட்டி, தாளம் அடிடா....<br><br>ஓடிட்டாங்க ஓடிட்டாங்க<br>ஊர விட்டே ஓடிட்டாங்க <br><br>எங்க வீட்டு வயசு பொண்ணு<br>ஒங்க வீட்டு வயசு பையன்<br>இரண்டு பேரும் ஓடிபோனாங்க<br><br>அக்கம் பக்கம் அரியும்படி<br>ஊருக்கெல்லாம் தெரியும்படி <br>செய்தி சொல்ல ஆடிவந்தோங்க...<br><br>ஊருக்கெல்லாம் பாக்கு வச்சி<br>பத்திரிக்க கொடுக்கல...<br><br>வாழமர தோரணமும்<br>வாசலில கட்டல...<br><br>பொண்ணு பையன் போட்டோ போட்டு<br>போஸ்டரும்தான் ஒட்டல...<br><br>ஓடிபோன சந்தோஷத்தில்....<br>தலகாலு புரியல....<br><br>ஓடிட்டாங்க ஓடிட்டாங்க.... ஏ....<br>வீட்டவிட்டு ஓடிட்டாங்க... ஏ.....<br>ஓடிட்டாங்க ஓடிட்டாங்க....ஏ.....<br>வீட்டவிட்டு ஓடிட்டாங்க....ஏ....ஏய்...<br><br>பசங்க காதலுக்குப்  <br>பச்சக்கொடி காட்டுவோம்<br><br>வீட்டவிட்டு போனபொண்ண <br>அச்சதையில்  வாழ்த்துவோம்<br><br>ஓடிபோன செய்தி கேட்டு,<br>தாய்மனசு குளிருதே....<br><br>அக்கம்பக்கம் சொல்லிக்கவே <br>ஆனந்தமா... இருக்குது.....<br><br>ஊரே... பெரும சொல்ல...<br>பெத்தோம்.... அருமபுள்ள.....<br><br>கேட்டவங்க திஷ்டி பட<br><br>பாத்தவங்க கண்ணுபட <br><br>இரண்டுபேரும் ஒன்னுபட <br>வச்சிட்டாங்க செமலாக்கு<br><br>ஓடிட்டாங்க ஓடிட்டாங்க.... ஏ.. ஏய்...<br>வீட்டவிட்டு ஓடிட்டாங்க... ஏ.. ஏய்....<br>ஓடிட்டாங்க ஓடிட்டாங்க....ஏ..ஏய்.....<br>வீட்டவிட்டு ஓடிட்டாங்க... ஏ..ஏய்.....<br><br>பரம்பர பேர சொல்ல <br>வந்துட்டான் மாப்புள்ள....<br><br>விரும்புற பொண்ண <br>மெல்ல தூக்கிட்டான் ஆம்பள....<br><br>தலைமுறை எடுத்து சொல்ல <br>வாரிசுதான் உண்டாச்சு....<br><br>இரண்டுபேரும் சேந்ததால <br>மூணுபேறா வந்தாச்சு.. <br><br>சினிமா...பார்க்கு இல்ல....<br><br>பைக்கில்.....போகவில்ல...<br><br>கசாமுசா பண்ணதில்ல<br>லேசாலேசா தொட்டதில்ல<br>படாமலே விடாமலே<br>வச்சிட்டாண்டா லிப்லாக்கு<br><br>ஓடிட்டாங்க ஓடிட்டாங்க...ஏ....<br>வீட்டவிட்டு ஓடிட்டாங்க.... ஏ....<br>ஓடிட்டாங்க ஓடிட்டாங்க....ஏய்....<br>வீட்டவிட்டு ஓடிட்டாங்க..ஏய்....",
      "language" : {
        "name" : "Tamil",
        "code" : "ta"
      }
    },
    {
      "data" : "इन्द द अनियायतक केट्टीङऴा.............. <br>नमम्अ तेरुवुल <br>वयसु पोंणुम वयसु पैयनुम <br>ओडि... .... पोय्ट्टाङऴाम... <br> <br>अदिरडि वेटटु वेडिडा..... <br>सरवेडि पोटटु पुडिडा.... <br>पटटित तोटटि, पेसुम पडिडा.... <br>म्एटटु कटटि, ताळम अडिडा.... <br> <br>ओडिट्टाङ ओडिट्टाङ <br>ऊर विटटे ओडिट्टाङ <br> <br>एङ वीटटु वयसु पोंणु <br>ओङ वीटटु वयसु पैयन <br>इरंडु पेरुम ओडिबोनाङ <br> <br>अककम पककम अरियुम्पडि <br>ऊरुक्केल्लाम तेरियुम्पडि <br>सेयदि सोलल आडिवन्द दोङ... <br> <br>ऊरुक्केल्लाम पाककु वचचि <br>पतिरिक्क कोडुक्कल... <br> <br>वालम्अर तोरंअम्उम <br>वासलिल कटटल... <br> <br>पोंणु पैयन पोटतो पोटटु <br>पोस्टरुम्दान ओटटल... <br> <br>ओडिबोन सन्द दोशतिल.... <br>तलगालु पुरियल.... <br> <br>ओडिट्टाङ ओडिट्टाङ.... ए.... <br>वीट्टविट्टु ओडिट्टाङ... ए..... <br>ओडिट्टाङ ओडिट्टाङ....ए..... <br>वीट्टविट्टु ओडिट्टाङ....ए....एय्... <br> <br>पसङ कादलुक्कुप <br>पच्चक्कोडि काट्टुवोम <br> <br>वीट्टविट्टु पोनबोंण <br>अच्चधैयिल  वाल्तुवोम <br> <br>ओडिबोन सेयदि केटटु, <br>ताय्म्अनसु कुऴिरुधे.... <br> <br>अक्कम्पक्कम सोल्लिक्कवे <br>आनन्द दम्आ... इरुक्कुदु..... <br> <br>ऊरे... पेरुम्अ सोलल... <br>पेतोम.... अरुम्अबुल्ळ..... <br> <br>केट्टवङ तिशटि पड <br> <br>पातवङ कंणुबड <br> <br>इरंडुबेरुम ओन्नुबड <br>वच्चिट्टाङ सेम्अलाक्कु <br> <br>ओडिट्टाङ ओडिट्टाङ.... ए.. एय... <br>वीट्टविट्टु ओडिट्टाङ... ए.. एय.... <br>ओडिट्टाङ ओडिट्टाङ....ए..एय्..... <br>वीट्टविट्टु ओडिट्टाङ... ए..एय्..... <br> <br>परम्पर पेर सोलल <br>वन्द दुट्टान म्आप्पुल्ळ.... <br> <br>विरुम्पुड़ पोंण <br>म्एलल तूक्किट्टान आमपळ.... <br> <br>तलैम्उड़ै एडुतु सोलल <br>वारिसुदान उंडाचचु.... <br> <br>इरंडुबेरुम सेन्द ददाल <br>म्ऊंउबेड़ा वन्द दाच्चु.. <br> <br>सिनिम्आ...पार्क्कु इलल.... <br> <br>पैक्किल्.....पोगविल्ल... <br> <br>कसाम्उसा पंणदिल्ल <br>लेसालेसा तोट्टदिल्ल <br>पडाम्अले विडाम्अले <br>वच्चिट्तांडा लिप्लाक्कु <br> <br>ओडिट्टाङ ओडिट्टाङ...ए.... <br>वीट्टविट्टु ओडिट्टाङ.... ए.... <br>ओडिट्टाङ ओडिट्टाङ....एय्.... <br>वीट्टविट्टु ओडिट्टाङ..एय्..... ",
      "language" : {
        "name" : "Hindi",
        "code" : "hi"
      }
    },
    {
      "data" : "ఇన్ధ్ధ అనియాయథక్ కేత్తీఙళా.............. <br>నమ్మ్య థెరువుల <br>వయసు పొంణుమ్ వయసు పైయనుమ్ <br>ఓది... .... పోయ్త్తాఙళామ్... <br> <br>అధిరది వేత్తు వెదిదా..... <br>సరవెది పోత్తు పుదిదా.... <br>పత్తిథ్ థొత్తి, పేసుమ్ పదిదా.... <br>మ్యెత్తు కత్తి, థాళమ్ అదిదా.... <br> <br>ఓదిత్తాఙ ఓదిత్తాఙ <br>ఊర విత్తే ఓదిత్తాఙ <br> <br>ఎఙ వీత్తు వయసు పొంణు <br>ఒఙ వీత్తు వయసు పైయన్ <br>ఇరందు పేరుమ్ ఓదిబోనాఙ <br> <br>అక్కమ్ పక్కమ్ అరియుమ్పది <br>ఊరుక్కెల్లామ్ థెరియుమ్పది <br>సెయ్ధి సొల్ల ఆదివన్ధ్ధోఙ... <br> <br>ఊరుక్కెల్లామ్ పాక్కు వఛ్ఛి <br>పథిరిక్క కొదుక్కల... <br> <br>వాలమ్యర థోరంయమ్యుమ్ <br>వాసలిల కత్తల... <br> <br>పొంణు పైయన్ పోత్తో పోత్తు <br>పోస్తరుమ్ధాన్ ఒత్తల... <br> <br>ఓదిబోన సన్ధ్ధోషథిల్.... <br>థలగాలు పురియల.... <br> <br>ఓదిత్తాఙ ఓదిత్తాఙ.... ఏ.... <br>వీత్తవిత్తు ఓదిత్తాఙ... ఏ..... <br>ఓదిత్తాఙ ఓదిత్తాఙ....యే..... <br>వీత్తవిత్తు ఓదిత్తాఙ....యే....యేయ్... <br> <br>పసఙ కాధలుక్కుప్ <br>పఛ్ఛక్కొది కాత్తువోమ్ <br> <br>వీత్తవిత్తు పోనబొంణ <br>అఛ్ఛధైయిల్  వాల్థువోమ్ <br> <br>ఓదిబోన సెయ్ధి కేత్తు, <br>థాయ్మ్యనసు కుళిరుధే.... <br> <br>అక్కమ్పక్కమ్ సొల్లిక్కవే <br>ఆనన్ధ్ధమ్యా... ఇరుక్కుధు..... <br> <br>ఊరే... పెరుమ్య సొల్ల... <br>పెథోమ్.... అరుమ్యబుళ్ళ..... <br> <br>కేత్తవఙ థిష్తి పద <br> <br>పాథవఙ కంణుబద <br> <br>ఇరందుబేరుమ్ ఒన్నుబద <br>వఛ్ఛిత్తాఙ సెమ్యలాక్కు <br> <br>ఓదిత్తాఙ ఓదిత్తాఙ.... ఏ.. ఏయ్... <br>వీత్తవిత్తు ఓదిత్తాఙ... ఏ.. ఏయ్.... <br>ఓదిత్తాఙ ఓదిత్తాఙ....యే..యేయ్..... <br>వీత్తవిత్తు ఓదిత్తాఙ... ఏ..యేయ్..... <br> <br>పరమ్పర పేర సొల్ల <br>వన్ధ్ధుత్తాన్ మ్యాప్పుళ్ళ.... <br> <br>విరుమ్పుఱ పొంణ <br>మ్యెల్ల థూక్కిత్తాన్ ఆమ్పళ.... <br> <br>థలైమ్యుఱై ఎదుథు సొల్ల <br>వారిసుధాన్ ఉందాఛ్ఛు.... <br> <br>ఇరందుబేరుమ్ సేన్ధ్ధధాల <br>మ్ఊంయుబేఱా వన్ధ్ధాఛ్ఛు.. <br> <br>సినిమ్యా...పార్క్కు ఇల్ల.... <br> <br>పైక్కిల్.....పోగవిల్ల... <br> <br>కసామ్యుసా పంణధిల్ల <br>లేసాలేసా థొత్తధిల్ల <br>పదామ్యలే విదామ్యలే <br>వఛ్ఛిత్తాందా లిప్లాక్కు <br> <br>ఓదిత్తాఙ ఓదిత్తాఙ...యే.... <br>వీత్తవిత్తు ఓదిత్తాఙ.... ఏ.... <br>ఓదిత్తాఙ ఓదిత్తాఙ....యేయ్.... <br>వీత్తవిత్తు ఓదిత్తాఙ..యేయ్.....",
      "language" : {
        "name" : "Telugu",
        "code" : "te"
      }
    },
    {
      "data" : "ഇന്ധ്ധ അനിയായഥക് കേത്തീങളാ.............. <br>നമ്മ്യ ഥെരുവുല <br>വയസു പൊംണുമ് വയസു പൈയനുമ് <br>ഓദി... .... പോയ്ത്താങളാമ്... <br> <br>അധിരദി വേത്തു വെദിദാ..... <br>സരവെദി പോത്തു പുദിദാ.... <br>പത്തിഥ് ഥൊത്തി, പേസുമ് പദിദാ.... <br>മ്യെത്തു കത്തി, ഥാളമ് അദിദാ.... <br> <br>ഓദിത്താങ ഓദിത്താങ <br>ഊര വിത്തേ ഓദിത്താങ <br> <br>എങ വീത്തു വയസു പൊംണു <br>ഒങ വീത്തു വയസു പൈയന് <br>ഇരംദു പേരുമ് ഓദിബോനാങ <br> <br>അക്കമ് പക്കമ് അരിയുമ്പദി <br>ഊരുക്കെല്ലാമ് ഥെരിയുമ്പദി <br>സെയ്ധി സൊല്ല ആദിവന്ധ്ധോങ... <br> <br>ഊരുക്കെല്ലാമ് പാക്കു വച്ചി <br>പഥിരിക്ക കൊദുക്കല... <br> <br>വാഴമ്യര ഥോരംയമ്യുമ് <br>വാസലില കത്തല... <br> <br>പൊംണു പൈയന് പോത്തോ പോത്തു <br>പോസ്തരുമ്ധാന് ഒത്തല... <br> <br>ഓദിബോന സന്ധ്ധോഷഥില്.... <br>ഥലഗാലു പുരിയല.... <br> <br>ഓദിത്താങ ഓദിത്താങ.... ഏ.... <br>വീത്തവിത്തു ഓദിത്താങ... ഏ..... <br>ഓദിത്താങ ഓദിത്താങ....യേ..... <br>വീത്തവിത്തു ഓദിത്താങ....യേ....യേയ്... <br> <br>പസങ കാധലുക്കുപ് <br>പച്ചക്കൊദി കാത്തുവോമ് <br> <br>വീത്തവിത്തു പോനബൊംണ <br>അച്ചധൈയില്  വാഴ്ഥുവോമ് <br> <br>ഓദിബോന സെയ്ധി കേത്തു, <br>ഥായ്മ്യനസു കുളിരുധേ.... <br> <br>അക്കമ്പക്കമ് സൊല്ലിക്കവേ <br>ആനന്ധ്ധമ്യാ... ഇരുക്കുധു..... <br> <br>ഊരേ... പെരുമ്യ സൊല്ല... <br>പെഥോമ്.... അരുമ്യബുള്ള..... <br> <br>കേത്തവങ ഥിഷ്തി പദ <br> <br>പാഥവങ കംണുബദ <br> <br>ഇരംദുബേരുമ് ഒന്നുബദ <br>വച്ചിത്താങ സെമ്യലാക്കു <br> <br>ഓദിത്താങ ഓദിത്താങ.... ഏ.. ഏയ്... <br>വീത്തവിത്തു ഓദിത്താങ... ഏ.. ഏയ്.... <br>ഓദിത്താങ ഓദിത്താങ....യേ..യേയ്..... <br>വീത്തവിത്തു ഓദിത്താങ... ഏ..യേയ്..... <br> <br>പരമ്പര പേര സൊല്ല <br>വന്ധ്ധുത്താന് മ്യാപ്പുള്ള.... <br> <br>വിരുമ്പുറ പൊംണ <br>മ്യെല്ല ഥൂക്കിത്താന് ആമ്പള.... <br> <br>ഥലൈമ്യുറൈ എദുഥു സൊല്ല <br>വാരിസുധാന് ഉംദാച്ചു.... <br> <br>ഇരംദുബേരുമ് സേന്ധ്ധധാല <br>മ്ഊംയുബേറാ വന്ധ്ധാച്ചു.. <br> <br>സിനിമ്യാ...പാര്ക്കു ഇല്ല.... <br> <br>പൈക്കില്.....പോഗവില്ല... <br> <br>കസാമ്യുസാ പംണധില്ല <br>ലേസാലേസാ ഥൊത്തധില്ല <br>പദാമ്യലേ വിദാമ്യലേ <br>വച്ചിത്താംദാ ലിപ്ലാക്കു <br> <br>ഓദിത്താങ ഓദിത്താങ...യേ.... <br>വീത്തവിത്തു ഓദിത്താങ.... ഏ.... <br>ഓദിത്താങ ഓദിത്താങ....യേയ്.... <br>വീത്തവിത്തു ഓദിത്താങ..യേയ്.....",
      "language" : {
        "name" : "Malayalam",
        "code" : "ml"
      }
    },
    {
      "data" : "ಇನ್ಧ್ಧ ಅನಿಯಾಯಥಕ್ ಕೇತ್ತೀಙಳಾ.............. <br>ನಮ್ಮ್ಯ ಥೆರುವುಲ <br>ವಯಸು ಪೊಂಣುಮ್ ವಯಸು ಪೈಯನುಮ್ <br>ಓದಿ... .... ಪೋಯ್ತ್ತಾಙಳಾಮ್... <br> <br>ಅಧಿರದಿ ವೇತ್ತು ವೆದಿದಾ..... <br>ಸರವೆದಿ ಪೋತ್ತು ಪುದಿದಾ.... <br>ಪತ್ತಿಥ್ ಥೊತ್ತಿ, ಪೇಸುಮ್ ಪದಿದಾ.... <br>ಮ್ಯೆತ್ತು ಕತ್ತಿ, ಥಾಳಮ್ ಅದಿದಾ.... <br> <br>ಓದಿತ್ತಾಙ ಓದಿತ್ತಾಙ <br>ಊರ ವಿತ್ತೇ ಓದಿತ್ತಾಙ <br> <br>ಎಙ ವೀತ್ತು ವಯಸು ಪೊಂಣು <br>ಒಙ ವೀತ್ತು ವಯಸು ಪೈಯನ್ <br>ಇರಂದು ಪೇರುಮ್ ಓದಿಬೋನಾಙ <br> <br>ಅಕ್ಕಮ್ ಪಕ್ಕಮ್ ಅರಿಯುಮ್ಪದಿ <br>ಊರುಕ್ಕೆಲ್ಲಾಮ್ ಥೆರಿಯುಮ್ಪದಿ <br>ಸೆಯ್ಧಿ ಸೊಲ್ಲ ಆದಿವನ್ಧ್ಧೋಙ... <br> <br>ಊರುಕ್ಕೆಲ್ಲಾಮ್ ಪಾಕ್ಕು ವಚ್ಚಿ <br>ಪಥಿರಿಕ್ಕ ಕೊದುಕ್ಕಲ... <br> <br>ವಾಲಮ್ಯರ ಥೋರಂಯಮ್ಯುಮ್ <br>ವಾಸಲಿಲ ಕತ್ತಲ... <br> <br>ಪೊಂಣು ಪೈಯನ್ ಪೋತ್ತೋ ಪೋತ್ತು <br>ಪೋಷ್ತರುಮ್ಧಾನ್ ಒತ್ತಲ... <br> <br>ಓದಿಬೋನ ಸನ್ಧ್ಧೋಶಥಿಲ್.... <br>ಥಲಗಾಲು ಪುರಿಯಲ.... <br> <br>ಓದಿತ್ತಾಙ ಓದಿತ್ತಾಙ.... ಏ.... <br>ವೀತ್ತವಿತ್ತು ಓದಿತ್ತಾಙ... ಏ..... <br>ಓದಿತ್ತಾಙ ಓದಿತ್ತಾಙ....ಯೇ..... <br>ವೀತ್ತವಿತ್ತು ಓದಿತ್ತಾಙ....ಯೇ....ಯೇಯ್... <br> <br>ಪಸಙ ಕಾಧಲುಕ್ಕುಪ್ <br>ಪಚ್ಚಕ್ಕೊದಿ ಕಾತ್ತುವೋಮ್ <br> <br>ವೀತ್ತವಿತ್ತು ಪೋನಬೊಂಣ <br>ಅಚ್ಚಧೈಯಿಲ್  ವಾಲ್ಥುವೋಮ್ <br> <br>ಓದಿಬೋನ ಸೆಯ್ಧಿ ಕೇತ್ತು, <br>ಥಾಯ್ಮ್ಯನಸು ಕುಳಿರುಧೇ.... <br> <br>ಅಕ್ಕಮ್ಪಕ್ಕಮ್ ಸೊಲ್ಲಿಕ್ಕವೇ <br>ಆನನ್ಧ್ಧಮ್ಯಾ... ಇರುಕ್ಕುಧು..... <br> <br>ಊರೇ... ಪೆರುಮ್ಯ ಸೊಲ್ಲ... <br>ಪೆಥೋಮ್.... ಅರುಮ್ಯಬುಳ್ಳ..... <br> <br>ಕೇತ್ತವಙ ಥಿಶ್ತಿ ಪದ <br> <br>ಪಾಥವಙ ಕಂಣುಬದ <br> <br>ಇರಂದುಬೇರುಮ್ ಒನ್ನುಬದ <br>ವಚ್ಚಿತ್ತಾಙ ಸೆಮ್ಯಲಾಕ್ಕು <br> <br>ಓದಿತ್ತಾಙ ಓದಿತ್ತಾಙ.... ಏ.. ಏಯ್... <br>ವೀತ್ತವಿತ್ತು ಓದಿತ್ತಾಙ... ಏ.. ಏಯ್.... <br>ಓದಿತ್ತಾಙ ಓದಿತ್ತಾಙ....ಯೇ..ಯೇಯ್..... <br>ವೀತ್ತವಿತ್ತು ಓದಿತ್ತಾಙ... ಏ..ಯೇಯ್..... <br> <br>ಪರಮ್ಪರ ಪೇರ ಸೊಲ್ಲ <br>ವನ್ಧ್ಧುತ್ತಾನ್ ಮ್ಯಾಪ್ಪುಳ್ಳ.... <br> <br>ವಿರುಮ್ಪುರ ಪೊಂಣ <br>ಮ್ಯೆಲ್ಲ ಥೂಕ್ಕಿತ್ತಾನ್ ಆಮ್ಪಳ.... <br> <br>ಥಲೈಮ್ಯುರೈ ಎದುಥು ಸೊಲ್ಲ <br>ವಾರಿಸುಧಾನ್ ಉಂದಾಚ್ಚು.... <br> <br>ಇರಂದುಬೇರುಮ್ ಸೇನ್ಧ್ಧಧಾಲ <br>ಮ್ಊಂಯುಬೇರಾ ವನ್ಧ್ಧಾಚ್ಚು.. <br> <br>ಸಿನಿಮ್ಯಾ...ಪಾರ್ಕ್ಕು ಇಲ್ಲ.... <br> <br>ಪೈಕ್ಕಿಲ್.....ಪೋಗವಿಲ್ಲ... <br> <br>ಕಸಾಮ್ಯುಸಾ ಪಂಣಧಿಲ್ಲ <br>ಲೇಸಾಲೇಸಾ ಥೊತ್ತಧಿಲ್ಲ <br>ಪದಾಮ್ಯಲೇ ವಿದಾಮ್ಯಲೇ <br>ವಚ್ಚಿತ್ತಾಂದಾ ಲಿಪ್ಲಾಕ್ಕು <br> <br>ಓದಿತ್ತಾಙ ಓದಿತ್ತಾಙ...ಯೇ.... <br>ವೀತ್ತವಿತ್ತು ಓದಿತ್ತಾಙ.... ಏ.... <br>ಓದಿತ್ತಾಙ ಓದಿತ್ತಾಙ....ಯೇಯ್.... <br>ವೀತ್ತವಿತ್ತು ಓದಿತ್ತಾಙ..ಯೇಯ್....",
      "language" : {
        "name" : "Kanadam",
        "code" : "ka"
      }
    },
    {
      "data" : "ইন্ধ্ধ অনিযাযথক্ কেত্তীঙলা.............. <br>নম্ম্য থেরুৱুল <br>ৱযসু পোঁণুম্ ৱযসু পৈযনুম্ <br>ওদি... .... পোয্ত্তাঙলাম্... <br> <br>অধিরদি ৱেত্তু ৱেদিদা..... <br>সরৱেদি পোত্তু পুদিদা.... <br>পত্তিথ্ থোত্তি, পেসুম্ পদিদা.... <br>ম্যেত্তু কত্তি, থালম্ অদিদা.... <br> <br>ওদিত্তাঙ ওদিত্তাঙ <br>ঊর ৱিত্তে ওদিত্তাঙ <br> <br>এঙ ৱীত্তু ৱযসু পোঁণু <br>ওঙ ৱীত্তু ৱযসু পৈযন্ <br>ইরঁদু পেরুম্ ওদিবোনাঙ <br> <br>অক্কম্ পক্কম্ অরিযুম্পদি <br>ঊরুক্কেল্লাম্ থেরিযুম্পদি <br>সেয্ধি সোল্ল আদিৱন্ধ্ধোঙ... <br> <br>ঊরুক্কেল্লাম্ পাক্কু ৱচ্চি <br>পথিরিক্ক কোদুক্কল... <br> <br>ৱালম্যর থোরঁযম্যুম্ <br>ৱাসলিল কত্তল... <br> <br>পোঁণু পৈযন্ পোত্তো পোত্তু <br>পোস্তরুম্ধান্ ওত্তল... <br> <br>ওদিবোন সন্ধ্ধোষথিল্.... <br>থলগালু পুরিযল.... <br> <br>ওদিত্তাঙ ওদিত্তাঙ.... এ.... <br>ৱীত্তৱিত্তু ওদিত্তাঙ... এ..... <br>ওদিত্তাঙ ওদিত্তাঙ....যে..... <br>ৱীত্তৱিত্তু ওদিত্তাঙ....যে....যেয্... <br> <br>পসঙ কাধলুক্কুপ্ <br>পচ্চক্কোদি কাত্তুৱোম্ <br> <br>ৱীত্তৱিত্তু পোনবোঁণ <br>অচ্চধৈযিল্  ৱাল্থুৱোম্ <br> <br>ওদিবোন সেয্ধি কেত্তু, <br>থায্ম্যনসু কুলিরুধে.... <br> <br>অক্কম্পক্কম্ সোল্লিক্কৱে <br>আনন্ধ্ধম্যা... ইরুক্কুধু..... <br> <br>ঊরে... পেরুম্য সোল্ল... <br>পেথোম্.... অরুম্যবুল্ল..... <br> <br>কেত্তৱঙ থিষ্তি পদ <br> <br>পাথৱঙ কঁণুবদ <br> <br>ইরঁদুবেরুম্ ওন্নুবদ <br>ৱচ্চিত্তাঙ সেম্যলাক্কু <br> <br>ওদিত্তাঙ ওদিত্তাঙ.... এ.. এয্... <br>ৱীত্তৱিত্তু ওদিত্তাঙ... এ.. এয্.... <br>ওদিত্তাঙ ওদিত্তাঙ....যে..যেয্..... <br>ৱীত্তৱিত্তু ওদিত্তাঙ... এ..যেয্..... <br> <br>পরম্পর পের সোল্ল <br>ৱন্ধ্ধুত্তান্ ম্যাপ্পুল্ল.... <br> <br>ৱিরুম্পুড় পোঁণ <br>ম্যেল্ল থূক্কিত্তান্ আম্পল.... <br> <br>থলৈম্যুড়ৈ এদুথু সোল্ল <br>ৱারিসুধান্ উঁদাচ্চু.... <br> <br>ইরঁদুবেরুম্ সেন্ধ্ধধাল <br>ম্ঊঁযুবেড়া ৱন্ধ্ধাচ্চু.. <br> <br>সিনিম্যা...পার্ক্কু ইল্ল.... <br> <br>পৈক্কিল্.....পোগৱিল্ল... <br> <br>কসাম্যুসা পঁণধিল্ল <br>লেসালেসা থোত্তধিল্ল <br>পদাম্যলে ৱিদাম্যলে <br>ৱচ্চিত্তাঁদা লিপ্লাক্কু <br> <br>ওদিত্তাঙ ওদিত্তাঙ...যে.... <br>ৱীত্তৱিত্তু ওদিত্তাঙ.... এ.... <br>ওদিত্তাঙ ওদিত্তাঙ....যেয্.... <br>ৱীত্তৱিত্তু ওদিত্তাঙ..যেয্..... ",
      "language" : {
        "name" : "Bengali",
        "code" : "be"
      }
    },
    {
      "data" : "ઇન્ધ્ધ અનિયાયથક્ કૅત્તીઙળા.............. <br>ણમ્મ્ય થેરુવુલ <br>વયસુ પોંણુમ્ વયસુ પૈયનુમ્ <br>ઑદિ... .... પૉય્ત્તાઙળામ્... <br> <br>અધિરદિ વૅત્તુ વેદિદા..... <br>સરવેદિ પૉત્તુ પુદિદા.... <br>પત્તિથ્ થોત્તિ, પૅસુમ્ પદિદા.... <br>મ્યેત્તુ કત્તિ, થાળમ્ અદિદા.... <br> <br>ઑદિત્તાઙ ઑદિત્તાઙ <br>ઊર વિત્તૅ ઑદિત્તાઙ <br> <br>એઙ વીત્તુ વયસુ પોંણુ <br>ઓઙ વીત્તુ વયસુ પૈયન્ <br>ઇરંદુ પૅરુમ્ ઑદિબૉનાઙ <br> <br>અક્કમ્ પક્કમ્ અરિયુમ્પદિ <br>ઊરુક્કેલ્લામ્ થેરિયુમ્પદિ <br>સેય્ધિ સોલ્લ આદિવન્ધ્ધૉઙ... <br> <br>ઊરુક્કેલ્લામ્ પાક્કુ વચ્ચિ <br>પથિરિક્ક કોદુક્કલ... <br> <br>વાલમ્યર થૉરંયમ્યુમ્ <br>વાસલિલ કત્તલ... <br> <br>પોંણુ પૈયન્ પૉત્તૉ પૉત્તુ <br>પૉષ્તરુમ્ધાન્ ઓત્તલ... <br> <br>ઑદિબૉન સન્ધ્ધૉષથિલ્.... <br>થલગાલુ પુરિયલ.... <br> <br>ઑદિત્તાઙ ઑદિત્તાઙ.... ઍ.... <br>વીત્તવિત્તુ ઑદિત્તાઙ... ઍ..... <br>ઑદિત્તાઙ ઑદિત્તાઙ....યૅ..... <br>વીત્તવિત્તુ ઑદિત્તાઙ....યૅ....યૅય્... <br> <br>પસઙ કાધલુક્કુપ્ <br>પચ્ચક્કોદિ કાત્તુવૉમ્ <br> <br>વીત્તવિત્તુ પૉનબોંણ <br>અચ્ચધૈયિલ્  વાલ્થુવૉમ્ <br> <br>ઑદિબૉન સેય્ધિ કૅત્તુ, <br>થાય્મ્યનસુ કુળિરુધૅ.... <br> <br>અક્કમ્પક્કમ્ સોલ્લિક્કવૅ <br>આનન્ધ્ધમ્યા... ઇરુક્કુધુ..... <br> <br>ઊરૅ... પેરુમ્ય સોલ્લ... <br>પેથૉમ્.... અરુમ્યબુળ્ળ..... <br> <br>કૅત્તવઙ થિષ્તિ પદ <br> <br>પાથવઙ કંણુબદ <br> <br>ઇરંદુબૅરુમ્ ઓન્નુબદ <br>વચ્ચિત્તાઙ સેમ્યલાક્કુ <br> <br>ઑદિત્તાઙ ઑદિત્તાઙ.... ઍ.. ઍય્... <br>વીત્તવિત્તુ ઑદિત્તાઙ... ઍ.. ઍય્.... <br>ઑદિત્તાઙ ઑદિત્તાઙ....યૅ..યૅય્..... <br>વીત્તવિત્તુ ઑદિત્તાઙ... ઍ..યૅય્..... <br> <br>પરમ્પર પૅર સોલ્લ <br>વન્ધ્ધુત્તાન્ મ્યાપ્પુળ્ળ.... <br> <br>વિરુમ્પુર પોંણ <br>મ્યેલ્લ થૂક્કિત્તાન્ આમ્પળ.... <br> <br>થલૈમ્યુરૈ એદુથુ સોલ્લ <br>વારિસુધાન્ ઉંદાચ્ચુ.... <br> <br>ઇરંદુબૅરુમ્ સૅન્ધ્ધધાલ <br>મ્ઊંયુબૅરા વન્ધ્ધાચ્ચુ.. <br> <br>સિનિમ્યા...પાર્ક્કુ ઇલ્લ.... <br> <br>પૈક્કિલ્.....પૉગવિલ્લ... <br> <br>કસામ્યુસા પંણધિલ્લ <br>લૅસાલૅસા થોત્તધિલ્લ <br>પદામ્યલૅ વિદામ્યલૅ <br>વચ્ચિત્તાંદા લિપ્લાક્કુ <br> <br>ઑદિત્તાઙ ઑદિત્તાઙ...યૅ.... <br>વીત્તવિત્તુ ઑદિત્તાઙ.... ઍ.... <br>ઑદિત્તાઙ ઑદિત્તાઙ....યૅય્.... <br>વીત્તવિત્તુ ઑદિત્તાઙ..યૅય્.....",
      "language" : {
        "name" : "Gujarathi",
        "code" : "gu"
      }
    },
    {
      "data" : "इन्द द अनियायतक केट्टीङऴा.............. <br>नमम्अ तेरुवुल <br>वयसु पोंणुम वयसु पैयनुम <br>ओडि... .... पोय्ट्टाङऴाम... <br> <br>अदिरडि वेटटु वेडिडा..... <br>सरवेडि पोटटु पुडिडा.... <br>पटटित तोटटि, पेसुम पडिडा.... <br>म्एटटु कटटि, ताळम अडिडा.... <br> <br>ओडिट्टाङ ओडिट्टाङ <br>ऊर विटटे ओडिट्टाङ <br> <br>एङ वीटटु वयसु पोंणु <br>ओङ वीटटु वयसु पैयन <br>इरंडु पेरुम ओडिबोनाङ <br> <br>अककम पककम अरियुम्पडि <br>ऊरुक्केल्लाम तेरियुम्पडि <br>सेयदि सोलल आडिवन्द दोङ... <br> <br>ऊरुक्केल्लाम पाककु वचचि <br>पतिरिक्क कोडुक्कल... <br> <br>वालम्अर तोरंअम्उम <br>वासलिल कटटल... <br> <br>पोंणु पैयन पोटतो पोटटु <br>पोस्टरुम्दान ओटटल... <br> <br>ओडिबोन सन्द दोशतिल.... <br>तलगालु पुरियल.... <br> <br>ओडिट्टाङ ओडिट्टाङ.... ए.... <br>वीट्टविट्टु ओडिट्टाङ... ए..... <br>ओडिट्टाङ ओडिट्टाङ....ए..... <br>वीट्टविट्टु ओडिट्टाङ....ए....एय्... <br> <br>पसङ कादलुक्कुप <br>पच्चक्कोडि काट्टुवोम <br> <br>वीट्टविट्टु पोनबोंण <br>अच्चधैयिल  वाल्तुवोम <br> <br>ओडिबोन सेयदि केटटु, <br>ताय्म्अनसु कुऴिरुधे.... <br> <br>अक्कम्पक्कम सोल्लिक्कवे <br>आनन्द दम्आ... इरुक्कुदु..... <br> <br>ऊरे... पेरुम्अ सोलल... <br>पेतोम.... अरुम्अबुल्ळ..... <br> <br>केट्टवङ तिशटि पड <br> <br>पातवङ कंणुबड <br> <br>इरंडुबेरुम ओन्नुबड <br>वच्चिट्टाङ सेम्अलाक्कु <br> <br>ओडिट्टाङ ओडिट्टाङ.... ए.. एय... <br>वीट्टविट्टु ओडिट्टाङ... ए.. एय.... <br>ओडिट्टाङ ओडिट्टाङ....ए..एय्..... <br>वीट्टविट्टु ओडिट्टाङ... ए..एय्..... <br> <br>परम्पर पेर सोलल <br>वन्द दुट्टान म्आप्पुल्ळ.... <br> <br>विरुम्पुड़ पोंण <br>म्एलल तूक्किट्टान आमपळ.... <br> <br>तलैम्उड़ै एडुतु सोलल <br>वारिसुदान उंडाचचु.... <br> <br>इरंडुबेरुम सेन्द ददाल <br>म्ऊंउबेड़ा वन्द दाच्चु.. <br> <br>सिनिम्आ...पार्क्कु इलल.... <br> <br>पैक्किल्.....पोगविल्ल... <br> <br>कसाम्उसा पंणदिल्ल <br>लेसालेसा तोट्टदिल्ल <br>पडाम्अले विडाम्अले <br>वच्चिट्तांडा लिप्लाक्कु <br> <br>ओडिट्टाङ ओडिट्टाङ...ए.... <br>वीट्टविट्टु ओडिट्टाङ.... ए.... <br>ओडिट्टाङ ओडिट्टाङ....एय्.... <br>वीट्टविट्टु ओडिट्टाङ..एय्....",
      "language" : {
        "name" : "Marathi",
        "code" : "mr"
      }
    },
    {
      "data" : "ଇନ୍ଧ୍ଧ ଅନିଯାଯଥକ୍ କେତ୍ତୀଙଲା.............. <br>ନମ୍ମ୍ଯ ଥେରୁୱୁଳ <br>ୱଯସୁ ପୋଂଣୁମ୍ ୱଯସୁ ପୈଯନୁମ୍ <br>ଓଦି... .... ପୋଯ୍ତ୍ତାଙଲାମ୍... <br> <br>ଅଧିରଦି ୱେତ୍ତୁ ୱେଦିଦା..... <br>ସରୱେଦି ପୋତ୍ତୁ ପୁଦିଦା.... <br>ପତ୍ତିଥ୍ ଥୋତ୍ତି, ପେସୁମ୍ ପଦିଦା.... <br>ମ୍ଯେତ୍ତୁ କତ୍ତି, ଥାଲମ୍ ଅଦିଦା.... <br> <br>ଓଦିତ୍ତାଙ ଓଦିତ୍ତାଙ <br>ଊର ୱିତ୍ତେ ଓଦିତ୍ତାଙ <br> <br>ଏଙ ୱୀତ୍ତୁ ୱଯସୁ ପୋଂଣୁ <br>ଓଙ ୱୀତ୍ତୁ ୱଯସୁ ପୈଯନ୍ <br>ଇରଂଦୁ ପେରୁମ୍ ଓଦିବୋନାଙ <br> <br>ଅକ୍କମ୍ ପକ୍କମ୍ ଅରିଯୁମ୍ପଦି <br>ଊରୁକ୍କେଳ୍ଳାମ୍ ଥେରିଯୁମ୍ପଦି <br>ସେଯ୍ଧି ସୋଳ୍ଳ ଆଦିୱନ୍ଧ୍ଧୋଙ... <br> <br>ଊରୁକ୍କେଳ୍ଳାମ୍ ପାକ୍କୁ ୱଚ୍ଚି <br>ପଥିରିକ୍କ କୋଦୁକ୍କଳ... <br> <br>ୱାଳମ୍ଯର ଥୋରଂଯମ୍ଯୁମ୍ <br>ୱାସଳିଳ କତ୍ତଳ... <br> <br>ପୋଂଣୁ ପୈଯନ୍ ପୋତ୍ତୋ ପୋତ୍ତୁ <br>ପୋଷ୍ତରୁମ୍ଧାନ୍ ଓତ୍ତଳ... <br> <br>ଓଦିବୋନ ସନ୍ଧ୍ଧୋଶଥିଳ୍.... <br>ଥଳଗାଳୁ ପୁରିଯଳ.... <br> <br>ଓଦିତ୍ତାଙ ଓଦିତ୍ତାଙ.... ଏ.... <br>ୱୀତ୍ତୱିତ୍ତୁ ଓଦିତ୍ତାଙ... ଏ..... <br>ଓଦିତ୍ତାଙ ଓଦିତ୍ତାଙ....ଯେ..... <br>ୱୀତ୍ତୱିତ୍ତୁ ଓଦିତ୍ତାଙ....ଯେ....ଯେଯ୍... <br> <br>ପସଙ କାଧଳୁକ୍କୁପ୍ <br>ପଚ୍ଚକ୍କୋଦି କାତ୍ତୁୱୋମ୍ <br> <br>ୱୀତ୍ତୱିତ୍ତୁ ପୋନବୋଂଣ <br>ଅଚ୍ଚଧୈଯିଳ୍  ୱାଳ୍ଥୁୱୋମ୍ <br> <br>ଓଦିବୋନ ସେଯ୍ଧି କେତ୍ତୁ, <br>ଥାଯ୍ମ୍ଯନସୁ କୁଲିରୁଧେ.... <br> <br>ଅକ୍କମ୍ପକ୍କମ୍ ସୋଳ୍ଳିକ୍କୱେ <br>ଆନନ୍ଧ୍ଧମ୍ଯା... ଇରୁକ୍କୁଧୁ..... <br> <br>ଊରେ... ପେରୁମ୍ଯ ସୋଳ୍ଳ... <br>ପେଥୋମ୍.... ଅରୁମ୍ଯବୁଲ୍ଲ..... <br> <br>କେତ୍ତୱଙ ଥିଶ୍ତି ପଦ <br> <br>ପାଥୱଙ କଂଣୁବଦ <br> <br>ଇରଂଦୁବେରୁମ୍ ଓନ୍ନୁବଦ <br>ୱଚ୍ଚିତ୍ତାଙ ସେମ୍ଯଳାକ୍କୁ <br> <br>ଓଦିତ୍ତାଙ ଓଦିତ୍ତାଙ.... ଏ.. ଏଯ୍... <br>ୱୀତ୍ତୱିତ୍ତୁ ଓଦିତ୍ତାଙ... ଏ.. ଏଯ୍.... <br>ଓଦିତ୍ତାଙ ଓଦିତ୍ତାଙ....ଯେ..ଯେଯ୍..... <br>ୱୀତ୍ତୱିତ୍ତୁ ଓଦିତ୍ତାଙ... ଏ..ଯେଯ୍..... <br> <br>ପରମ୍ପର ପେର ସୋଳ୍ଳ <br>ୱନ୍ଧ୍ଧୁତ୍ତାନ୍ ମ୍ଯାପ୍ପୁଲ୍ଲ.... <br> <br>ୱିରୁମ୍ପୁଡ଼ ପୋଂଣ <br>ମ୍ଯେଳ୍ଳ ଥୂକ୍କିତ୍ତାନ୍ ଆମ୍ପଲ.... <br> <br>ଥଳୈମ୍ଯୁଡ଼ୈ ଏଦୁଥୁ ସୋଳ୍ଳ <br>ୱାରିସୁଧାନ୍ ଉଂଦାଚ୍ଚୁ.... <br> <br>ଇରଂଦୁବେରୁମ୍ ସେନ୍ଧ୍ଧଧାଳ <br>ମ୍ଊଂଯୁବେଡ଼ା ୱନ୍ଧ୍ଧାଚ୍ଚୁ.. <br> <br>ସିନିମ୍ଯା...ପାର୍କ୍କୁ ଇଳ୍ଳ.... <br> <br>ପୈକ୍କିଳ୍.....ପୋଗୱିଳ୍ଳ... <br> <br>କସାମ୍ଯୁସା ପଂଣଧିଳ୍ଳ <br>ଳେସାଳେସା ଥୋତ୍ତଧିଳ୍ଳ <br>ପଦାମ୍ଯଳେ ୱିଦାମ୍ଯଳେ <br>ୱଚ୍ଚିତ୍ତାଂଦା ଳିପ୍ଳାକ୍କୁ <br> <br>ଓଦିତ୍ତାଙ ଓଦିତ୍ତାଙ...ଯେ.... <br>ୱୀତ୍ତୱିତ୍ତୁ ଓଦିତ୍ତାଙ.... ଏ.... <br>ଓଦିତ୍ତାଙ ଓଦିତ୍ତାଙ....ଯେଯ୍.... <br>ୱୀତ୍ତୱିତ୍ତୁ ଓଦିତ୍ତାଙ..ଯେଯ୍.....",
      "language" : {
        "name" : "Oriya",
        "code" : "or"
      }
    },
    {
      "data" : "इन्द द अनियायतक केट्टीङऴा.............. <br>नमम्अ तेरुवुल <br>वयसु पोंणुम वयसु पैयनुम <br>ओडि... .... पोय्ट्टाङऴाम... <br> <br>अदिरडि वेटटु वेडिडा..... <br>सरवेडि पोटटु पुडिडा.... <br>पटटित तोटटि, पेसुम पडिडा.... <br>म्एटटु कटटि, ताळम अडिडा.... <br> <br>ओडिट्टाङ ओडिट्टाङ <br>ऊर विटटे ओडिट्टाङ <br> <br>एङ वीटटु वयसु पोंणु <br>ओङ वीटटु वयसु पैयन <br>इरंडु पेरुम ओडिबोनाङ <br> <br>अककम पककम अरियुम्पडि <br>ऊरुक्केल्लाम तेरियुम्पडि <br>सेयदि सोलल आडिवन्द दोङ... <br> <br>ऊरुक्केल्लाम पाककु वचचि <br>पतिरिक्क कोडुक्कल... <br> <br>वालम्अर तोरंअम्उम <br>वासलिल कटटल... <br> <br>पोंणु पैयन पोटतो पोटटु <br>पोस्टरुम्दान ओटटल... <br> <br>ओडिबोन सन्द दोशतिल.... <br>तलगालु पुरियल.... <br> <br>ओडिट्टाङ ओडिट्टाङ.... ए.... <br>वीट्टविट्टु ओडिट्टाङ... ए..... <br>ओडिट्टाङ ओडिट्टाङ....ए..... <br>वीट्टविट्टु ओडिट्टाङ....ए....एय्... <br> <br>पसङ कादलुक्कुप <br>पच्चक्कोडि काट्टुवोम <br> <br>वीट्टविट्टु पोनबोंण <br>अच्चधैयिल  वाल्तुवोम <br> <br>ओडिबोन सेयदि केटटु, <br>ताय्म्अनसु कुऴिरुधे.... <br> <br>अक्कम्पक्कम सोल्लिक्कवे <br>आनन्द दम्आ... इरुक्कुदु..... <br> <br>ऊरे... पेरुम्अ सोलल... <br>पेतोम.... अरुम्अबुल्ळ..... <br> <br>केट्टवङ तिशटि पड <br> <br>पातवङ कंणुबड <br> <br>इरंडुबेरुम ओन्नुबड <br>वच्चिट्टाङ सेम्अलाक्कु <br> <br>ओडिट्टाङ ओडिट्टाङ.... ए.. एय... <br>वीट्टविट्टु ओडिट्टाङ... ए.. एय.... <br>ओडिट्टाङ ओडिट्टाङ....ए..एय्..... <br>वीट्टविट्टु ओडिट्टाङ... ए..एय्..... <br> <br>परम्पर पेर सोलल <br>वन्द दुट्टान म्आप्पुल्ळ.... <br> <br>विरुम्पुड़ पोंण <br>म्एलल तूक्किट्टान आमपळ.... <br> <br>तलैम्उड़ै एडुतु सोलल <br>वारिसुदान उंडाचचु.... <br> <br>इरंडुबेरुम सेन्द ददाल <br>म्ऊंउबेड़ा वन्द दाच्चु.. <br> <br>सिनिम्आ...पार्क्कु इलल.... <br> <br>पैक्किल्.....पोगविल्ल... <br> <br>कसाम्उसा पंणदिल्ल <br>लेसालेसा तोट्टदिल्ल <br>पडाम्अले विडाम्अले <br>वच्चिट्तांडा लिप्लाक्कु <br> <br>ओडिट्टाङ ओडिट्टाङ...ए.... <br>वीट्टविट्टु ओडिट्टाङ.... ए.... <br>ओडिट्टाङ ओडिट्टाङ....एय्.... <br>वीट्टविट्टु ओडिट्टाङ..एय्....",
      "language" : {
        "name" : "konkani",
        "code" : "ko"
      }
    }
  ],
  "mood" : {
    "slug" : "happy",
    "name" : "Happy"
  },
  "thumbnail" : "https:\/\/d1ua79hvv369a0.cloudfront.net\/reflection\/thumbnail\/024_ooditanga_thumb.jpg",
  "language" : {
    "name" : "Tamil",
    "code" : "ta"
  },
  "slug" : "oadittaanga",
  "info" : {
    "lyric_genres" : [
      {
        "name" : {
          "en" : "Event",
          "hi" : "Event",
          "te" : "Event",
          "ta" : "நிகழ்ச்சி"
        }
      }
    ],
    "thaalams" : [
      {
        "name" : {
          "en" : "6x8",
          "hi" : "6x8",
          "te" : "6x8",
          "ta" : "6x8"
        }
      }
    ],
    "lyric_languages" : [
      {
        "name" : {
          "en" : "Tamil",
          "hi" : "Tamil",
          "te" : "Tamil",
          "ta" : "தமிழ்"
        }
      }
    ],
    "lyric_moods" : [
      {
        "name" : {
          "en" : "Happy",
          "hi" : "Happy",
          "te" : "Happy",
          "ta" : "மகிழ்ச்சி "
        }
      }
    ],
    "music_genres" : [
      {
        "name" : {
          "en" : "Modern Folk",
          "hi" : "Modern Folk",
          "te" : "Modern Folk",
          "ta" : "மாடர்ன் ஃபோக்"
        }
      }
    ],
    "best_seasons_to_listen" : [
      {
        "name" : {
          "en" : "Spring",
          "hi" : "Spring",
          "te" : "Spring",
          "ta" : "வசந்த காலம்"
        }
      },
      {
        "name" : {
          "en" : "Summer",
          "hi" : "Summer",
          "te" : "Summer",
          "ta" : "கோடை காலம்"
        }
      }
    ],
    "launch_date" : {
      "en" : "24\/04\/2016",
      "hi" : "24\/04\/2016",
      "te" : "24\/04\/2016",
      "ta" : "24\/04\/2016"
    },
    "lyric_styles" : [
      {
        "name" : {
          "en" : "Traditional",
          "hi" : "Traditional",
          "te" : "Traditional",
          "ta" : "செம்மொழி நடை"
        }
      }
    ],
    "best_time_to_listen" : [
      {
        "name" : {
          "en" : "Night",
          "hi" : "Night",
          "te" : "Night",
          "ta" : "மாலை"
        }
      },
      {
        "name" : {
          "en" : "Weekend",
          "hi" : "Weekend",
          "te" : "Weekend",
          "ta" : "இரவு"
        }
      },
      {
        "name" : {
          "en" : "Party",
          "hi" : "Party",
          "te" : "Party",
          "ta" : "விருந்து"
        }
      },
      {
        "name" : {
          "en" : "Weekend",
          "hi" : "Weekend",
          "te" : "Weekend",
          "ta" : "வார இறுதி"
        }
      }
    ],
    "duration" : 4.07,
    "raagams" : [
      {
        "name" : {
          "en" : "Based on Aaberi",
          "hi" : "Based on Aaberi",
          "te" : "Based on Aaberi",
          "ta" : "பேஸ்டு ஆன் ஆபேரி "
        }
      }
    ],
    "instruments" : [
      {
        "name" : {
          "en" : "Guitars",
          "hi" : "Guitars",
          "te" : "Guitars",
          "ta" : "கிட்டார்ஸ்"
        }
      },
      {
        "name" : {
          "en" : "Ethnic Percussions",
          "hi" : "Ethnic Percussions",
          "te" : "Ethnic Percussions",
          "ta" : "எத்னிக் பெர்க்யூசன்"
        }
      },
      {
        "name" : {
          "en" : "Nadaswaram",
          "hi" : "Nadaswaram",
          "te" : "Nadaswaram",
          "ta" : "நாதஸ்வரம்"
        }
      }
    ]
  }
}