{
  "title" : {
    "en" : "Oodhe",
    "hi" : "Oodhe",
    "te" : "Oodhe",
    "ta" : "ஊதே"
  },
  "credits" : {
    "mixers" : [
      {
        "name" : {
          "en" : "Shadab(Mumbai)",
          "hi" : "Shadab(Mumbai)",
          "te" : "Shadab(Mumbai)",
          "ta" : "ஷதாப் (மும்பை)"
        }
      }
    ],
    "masters" : [
      {
        "name" : {
          "en" : "Shadab(Mumbai)",
          "hi" : "Shadab(Mumbai)",
          "te" : "Shadab(Mumbai)",
          "ta" : "ஷதாப் (மும்பை)"
        }
      }
    ],
    "making_video_light_unit" : [
      {
        "name" : {
          "en" : "Mindscreen Film Institute",
          "hi" : "Mindscreen Film Institute",
          "te" : "Mindscreen Film Institute",
          "ta" : "மைன்ட் ஸ்க்ரீன் பிலிம் இன்ஸ்டிடியூட்"
        }
      }
    ],
    "composers" : [
      {
        "name" : {
          "en" : "C.Sathya",
          "hi" : "C.Sathya",
          "te" : "C.Sathya",
          "ta" : "C.சத்யா"
        }
      }
    ],
    "lyricists" : [
      {
        "name" : {
          "en" : "Karky",
          "hi" : "Karky",
          "te" : "Karky",
          "ta" : "கார்க்கி"
        }
      }
    ],
    "singers" : [
      {
        "name" : {
          "en" : "Vaimitra",
          "hi" : "Vaimitra",
          "te" : "Vaimitra",
          "ta" : "வைமித்ரா"
        }
      },
      {
        "name" : {
          "en" : "Children Chorus",
          "hi" : "Children Chorus",
          "te" : "Children Chorus",
          "ta" : "குழந்தைகள் குழு"
        }
      }
    ],
    "translator" : [
      {
        "name" : {
          "en" : "Jayashree Ramanujam",
          "hi" : "Jayashree Ramanujam",
          "te" : "Jayashree Ramanujam",
          "ta" : "ஜெயஸ்ரீ இராமானுஜம் "
        }
      }
    ],
    "arrangers" : [
      {
        "name" : {
          "en" : "C.Sathya",
          "hi" : "C.Sathya",
          "te" : "C.Sathya",
          "ta" : "C.சத்யா"
        }
      }
    ],
    "producers" : [
      {
        "name" : {
          "en" : "Abirami Ramanathan",
          "hi" : "Abirami Ramanathan",
          "te" : "Abirami Ramanathan",
          "ta" : "அபிராமி ராமநாதன்"
        }
      }
    ],
    "lyric_video_senior_editor" : [
      {
        "name" : {
          "en" : "Shyam",
          "hi" : "Shyam",
          "te" : "Shyam",
          "ta" : "ஷியாம் சுந்தர் முருகேசன்"
        }
      }
    ],
    "recorded_studios" : [
      {
        "name" : {
          "en" : "S'Studio",
          "hi" : "S'Studio",
          "te" : "S'Studio",
          "ta" : "S'ஸ்டுடியோ"
        }
      }
    ],
    "programmer_music_production" : [
      {
        "name" : {
          "en" : "C.Sathya and Rahul Sathu(Canada)",
          "hi" : "C.Sathya and Rahul Sathu(Canada)",
          "te" : "C.Sathya and Rahul Sathu(Canada)",
          "ta" : "C.சத்யா & ராகுல்  சாது (கனடா)"
        }
      }
    ],
    "making_video_director_of_photography" : [
      {
        "name" : {
          "en" : "Gokula Krishnan R Vasugi, MFI",
          "hi" : "Gokula Krishnan R Vasugi, MFI",
          "te" : "Gokula Krishnan R Vasugi, MFI",
          "ta" : "கோகுல கிருஷ்ணன் R வாசுகி MFI "
        }
      }
    ],
    "making_video_junior_cameraman" : [
      {
        "name" : {
          "en" : "Murali Manokar",
          "hi" : "Murali Manokar",
          "te" : "Murali Manokar",
          "ta" : "முரளி மனோகர் "
        }
      }
    ],
    "sound_engineers" : [
      {
        "name" : {
          "en" : "C.Sathya",
          "hi" : "C.Sathya",
          "te" : "C.Sathya",
          "ta" : "C.சத்யா"
        }
      }
    ],
    "lyric_video_editor" : [
      {
        "name" : {
          "en" : "Mithran",
          "hi" : "Mithran",
          "te" : "Mithran",
          "ta" : "மித்திரன்.B"
        }
      }
    ]
  },
  "active" : true,
  "published_on" : "2016-04-21T12:30:00.000Z",
  "description" : {
    "en" : "Oodhey is a song by a bunch of super-talented kids about love and survival. Not just any love, Oodhey tells the story of a rooster and a hen, in love trying to elope from their village to find a living for themselves. Amidst a good race and chase, the couple reminisce the beauty of their village, its people and their times there. The song is made all the more beautiful by its childish rendition.",
    "hi" : "Oodhey is a song by a bunch of super-talented kids about love and survival. Not just any love, Oodhey tells the story of a rooster and a hen, in love trying to elope from their village to find a living for themselves. Amidst a good race and chase, the couple reminisce the beauty of their village, its people and their times there. The song is made all the more beautiful by its childish rendition.",
    "te" : "Oodhey is a song by a bunch of super-talented kids about love and survival. Not just any love, Oodhey tells the story of a rooster and a hen, in love trying to elope from their village to find a living for themselves. Amidst a good race and chase, the couple reminisce the beauty of their village, its people and their times there. The song is made all the more beautiful by its childish rendition.",
    "ta" : "காதல், வாழ்க்கைபற்றிச் சில திறமைசாலி இளைஞர்கள் இணைந்து உருவாக்கிய பாடல், 'ஊதே'. சாதாரணக் காதல் அல்ல, ஒரு சேவலுக்கும் கோழிக்கும் இடையில் உருவான அழகிய காதல் இது, அவை இரண்டும் தங்கள் கிராமத்தைவிட்டு ஓடிச்செல்கின்றன, சொந்தமாக வாழவேண்டும் என்று முனைகின்றன. அப்படிச் சிரமப்பட்டுத் தப்பியபிறகு, அவை தங்களுடைய கிராமத்தின் அழகு, அங்குள்ள மனிதர்கள், தாங்கள் அங்கே செலவிட்ட இனிய நேரங்களைப்பற்றிய இனிய நினைவுகளில் மூழ்குகின்றன. மழலைத்தனமான பாடுமுறையால் இந்தப் பாடல் இன்னும் அழகாகிறது!"
  },
  "poster" : "https:\/\/d1ua79hvv369a0.cloudfront.net\/reflection\/poster\/poster_oothe.jpg",
  "album" : {
    "title" : {
      "en" : "Unnodu ka",
      "hi" : "Unnodu ka",
      "te" : "Unnodu ka",
      "ta" : "Unnodu ka"
    },
    "id" : "2",
    "thumbnail" : "https:\/\/d1ua79hvv369a0.cloudfront.net\/reflection\/thumbnail\/unoduka_thumb.jpg"
  },
  "musics" : [
    {
      "players" : [
        {
          "name" : {
            "en" : "Lydian nadaswaram",
            "hi" : "Lydian nadaswaram",
            "te" : "Lydian nadaswaram",
            "ta" : "லிடியன் நாதஸ்வரம்"
          }
        }
      ],
      "instrument" : {
        "name" : {
          "name" : {
            "en" : "Drums",
            "hi" : "Drums",
            "te" : "Drums",
            "ta" : "டிரம்ஸ்"
          }
        }
      }
    },
    {
      "players" : [
        {
          "name" : {
            "en" : "Telfie",
            "hi" : "Telfie",
            "te" : "Telfie",
            "ta" : "டெல்பி"
          }
        }
      ],
      "instrument" : {
        "name" : {
          "name" : {
            "en" : "Guitar",
            "hi" : "Guitar",
            "te" : "Guitar",
            "ta" : "கிட்டார்"
          }
        }
      }
    },
    {
      "players" : [
        {
          "name" : {
            "en" : "Varshini",
            "hi" : "Varshini",
            "te" : "Varshini",
            "ta" : "வர்ஷினி"
          }
        }
      ],
      "instrument" : {
        "name" : {
          "name" : {
            "en" : "Flute",
            "hi" : "Flute",
            "te" : "Flute",
            "ta" : "புல்லாங்குழல்"
          }
        }
      }
    },
    {
      "players" : [
        {
          "name" : {
            "en" : "Abu",
            "hi" : "Abu",
            "te" : "Abu",
            "ta" : "அபு"
          }
        }
      ],
      "instrument" : {
        "name" : {
          "name" : {
            "en" : "Solo Violin",
            "hi" : "Solo Violin",
            "te" : "Solo Violin",
            "ta" : "சோலோ வயலின்"
          }
        }
      }
    }
  ],
  "critics" : [
    {
      "review" : {
        "instrument" : {
          "comment" : {
            "en" : "Splendid piano backing all through the song that adds to the dash of retro to the tune.",
            "hi" : "Splendid piano backing all through the song that adds to the dash of retro to the tune.",
            "te" : "Splendid piano backing all through the song that adds to the dash of retro to the tune.",
            "ta" : "Splendid piano backing all through the song that adds to the dash of retro to the tune."
          },
          "score" : 129
        },
        "overall" : {
          "comment" : {
            "en" : "Wonderful listen, and a wonderful mix of the child’s voice + retro pop.",
            "hi" : "Wonderful listen, and a wonderful mix of the child’s voice + retro pop.",
            "te" : "Wonderful listen, and a wonderful mix of the child’s voice + retro pop.",
            "ta" : "Wonderful listen, and a wonderful mix of the child’s voice + retro pop."
          },
          "score" : 11
        },
        "vocal" : {
          "comment" : {
            "en" : "Excellent lead vocals by the child and equally good backing kids’ chorus.",
            "hi" : "Excellent lead vocals by the child and equally good backing kids’ chorus.",
            "te" : "Excellent lead vocals by the child and equally good backing kids’ chorus.",
            "ta" : "A joyous tune that is apt for the children’s chorus styled vocals."
          },
          "score" : 12
        },
        "tune" : {
          "comment" : {
            "en" : "A joyous tune that is apt for the children’s chorus styled vocals.",
            "hi" : "A joyous tune that is apt for the children’s chorus styled vocals.",
            "te" : "A joyous tune that is apt for the children’s chorus styled vocals.",
            "ta" : "A joyous tune that is apt for the children’s chorus styled vocals."
          },
          "score" : 9
        },
        "lyric" : {
          "comment" : {
            "en" : "Delightfully Tamil, and that too, a dialect, consistently used all across.",
            "hi" : "Delightfully Tamil, and that too, a dialect, consistently used all across.",
            "te" : "Delightfully Tamil, and that too, a dialect, consistently used all across.",
            "ta" : "Delightfully Tamil, and that too, a dialect, consistently used all across."
          },
          "score" : 11
        }
      },
      "author" : {
        "name" : "Karthik",
        "image" : "https:\/\/d1ua79hvv369a0.cloudfront.net\/reflection\/critic\/critic-karthik.png"
      },
      "rating" : 11
    },
    {
      "review" : {
        "instrument" : {
          "comment" : {
            "en" : "The orchestration is wonderfully blended between Reggae, Jazz Drumming and nostalgic clarinet",
            "hi" : "The orchestration is wonderfully blended between Reggae, Jazz Drumming and nostalgic clarinet",
            "te" : "The orchestration is wonderfully blended between Reggae, Jazz Drumming and nostalgic clarinet",
            "ta" : "The orchestration is wonderfully blended between Reggae, Jazz Drumming and nostalgic clarinet"
          },
          "score" : 14
        },
        "overall" : {
          "comment" : {
            "en" : "Where Tamil folk meets American Reggae!",
            "hi" : "Where Tamil folk meets American Reggae!",
            "te" : "Where Tamil folk meets American Reggae!",
            "ta" : "Where Tamil folk meets American Reggae!"
          },
          "score" : 13
        },
        "vocal" : {
          "comment" : {
            "en" : "Fresh and impressive vocals especially of the kid chorus.",
            "hi" : "Fresh and impressive vocals especially of the kid chorus.",
            "te" : "Fresh and impressive vocals especially of the kid chorus.",
            "ta" : "The tune is instantly catchy and hummable and has an innocent flavor to it."
          },
          "score" : 13
        },
        "tune" : {
          "comment" : {
            "en" : "The tune is instantly catchy and hummable and has an innocent flavor to it.",
            "hi" : "The tune is instantly catchy and hummable and has an innocent flavor to it.",
            "te" : "The tune is instantly catchy and hummable and has an innocent flavor to it.",
            "ta" : "The tune is instantly catchy and hummable and has an innocent flavor to it."
          },
          "score" : 12
        },
        "lyric" : {
          "comment" : {
            "en" : "Sweet and captivating lyrics which speak about simple pleasure in life.",
            "hi" : "Sweet and captivating lyrics which speak about simple pleasure in life.",
            "te" : "Sweet and captivating lyrics which speak about simple pleasure in life.",
            "ta" : "Sweet and captivating lyrics which speak about simple pleasure in life."
          },
          "score" : 13
        }
      },
      "author" : {
        "name" : "Durga",
        "image" : "https:\/\/d1ua79hvv369a0.cloudfront.net\/reflection\/critic\/critic-durga.png"
      },
      "rating" : 13
    }
  ],
  "type" : {
    "slug" : "film-music",
    "name" : "Film Music"
  },
  "lyrics" : [
    {
      "data" : "Even as the entire village scrapped<br>all relatives discarded,<br>I came fleeing with you daasakannu!<br><br>The entire village is chasing,<br>Coming to sack us out<br>Come running as soon as possible chellayi sweetie<br><br>With the night’s darkness, <br>Jounce and come<br>We’ll go in search of some other world!<br><br>Spreading our wings<br>Plunging on to the sky<br>Let's set the clouds and play<br><br>The entire village <br>chasing chasing chasing chasing <br>chasing chasing chasing chasing<br><br>Don't understand why<br>Don't understand for what<br>Without doing a mistake we are escaping!<br><br>One day justice will arrive<br>All in village will agree to their mistake<br>Then we’ll come back and are going to live! <br><br>Leaving back corn, leaving behind <br>Cousins, you're going<br>Is there not a drop of distress in your heart?<br><br>Oh sister’s daughter<br>Is it not joy, to <br>Carry you away handily towards the south?<br><br>Even as the entire village scrapped<br>all relatives discarded,<br>I came running with you daasakannu!<br><br>Sky is upside down basket<br>You're my wife<br>You're peck-eating kisses day in and day out  <br><br>Even after making love<br>Millions of wishes are pending yet,<br>You're crowing and troubling me..<br><br>If from a distance,<br>She sees with her big round eyes,<br>This lady will lay eggs! <br><br>At odd times, <br>With big eyes if you call,<br>This guy with coiled hairdo will shake his head<br><br>Even as the entire village scrapped<br>all relatives discarded,<br>I came fleeing with you daasakannu!<br><br>Even as the entire village scrapped<br>all relatives discarded,<br><br>discarded discarded discarded discarded<br>discarded discarded discarded discarded<br>",
      "language" : {
        "name" : "English",
        "code" : "en"
      }
    },
    {
      "data" : "ஊதே ஒதட்டி ஒதட்டி<br>உதவெல்லாம் ஒதட்டி ஒதட்டி<br>ஒங்கூட ஓடியாந்தேன் தாசாக்கண்ணு! <br><br>ஊதே வெதட்டி வெதட்டி<br>வாதாக வெதட்டி வெதட்டி<br>சீக்கிதமா ஓடியாடி செல்லாயி செல்லம் <br><br>தாவோட தாவா <br>தாவிகிட்டு வா வா<br>வேதோது உலகம் தேடி நாம போவலாம்!<br><br>தெக்கைங்க விதிச்சு<br>வானத்தில் குதிச்சு <br>மேகத்தப்  பதிச்சு நாம வெளையாடலாம்!<br><br>ஊதே ஊதே <br>வெதட்டி வெதட்டி வெதட்டி வெதட்டி<br>வெதட்டி வெதட்டி வெதட்டி வெதட்டி<br><br>ஏன்னு புதியலையே<br>எதுக்குன்னு புதியலையே<br>தப்பே செய்யாம தப்பியோடுதோம்!<br><br>ஒதுநா நாயம் வதும்<br>தப்ப ஊதும் ஒத்துகிதும்<br>அப்ப நாம திதும்பி வந்து வாழப்போகுதோம்!<br><br>மக்கா சோளம் விட்டு <br>மக்க விட்டு போகுதியே<br>நெஞ்சில் ஒத்தச் சொட்டு சோகமில்லையா?<br><br>அக்கா மவ ஒன்ன ஒன்ன<br>தொக்கா தூக்கிகிட்டு<br>தெக்காலிக்கா ஓடுதது இன்பமில்லையா?<br><br>ஊதே ஒதட்டி ஒதட்டி<br>உதவெல்லாம் ஒதட்டி ஒதட்டி<br>ஒங்கூட ஓடியாந்தேன் தாசாக்கண்ணு! <br><br>வானே பஞ்சாதம் <br>நீ என் பொஞ்சாதி<br>கொத்தி கொத்தி நாளும் முத்தம் தின்னுத...<br><br>கூடி கலந்த பின்னும்<br>கோடி கோடி ஆசை இன்னும்<br>கொக்கதக்கோவுன்னு கூவி இம்ச பண்ணுத... <br><br>முட்ட முட்ட கண்ணாலே<br>எட்ட நின்னு பாத்தாலே<br>பொட்ட பொட்ட புள்ள இவ முட்டப்  போடுவா!<br><br>கண்ட கண்ட நேதத்துல<br>குண்டு கண்ணில் நீ அழைச்சா<br>கொண்ட கொண்டக்காதன் இவன் மண்ட ஆட்டுவான்<br><br>ஊதே ஒதட்டி ஒதட்டி<br>உதவெல்லாம் ஒதட்டி ஒதட்டி<br>ஒங்கூட ஓடியாந்தேன் தாசாக்கண்ணு! <br><br>ஊதே ஒதட்டி ஒதட்டி<br>உதவெல்லாம் ஒதட்டி ஒதட்டி<br><br>ஒதட்டி ஒதட்டி ஒதட்டி ஒதட்டி<br>ஒதட்டி ஒதட்டி ஒதட்டி ஒதட்டி ",
      "language" : {
        "name" : "Tamil",
        "code" : "ta"
      }
    }
  ],
  "id" : "10",
  "phonetic_lyrics" : [
    {
      "data" : "oodhae odhatti odhatti<br>udhavellaam odhatti odhatti<br>onggooda oadiyaandhdhaen thaasaakkaNNu!<br><br>oodhae vedhatti vedhatti<br>vaadhaaga vedhatti vedhatti<br>seekkidhamaa oadiyaadi sellaayi sellam<br><br>thaavoada thaavaa<br>thaavigittu vaa vaa<br>vaedhoadhu ulagam thaedi naama poavalaam!<br><br>thekkainga vidhichchu<br>vaanathil kudhichchu<br>maegathap  padhichchu naama veLaiyaadalaam!<br><br>oodhae oodhae<br>vedhatti vedhatti vedhatti vedhatti<br>vedhatti vedhatti vedhatti vedhatti<br><br>aennu pudhiyalaiyae<br>edhukkunnu pudhiyalaiyae<br>thappae seyyaama thappiyoadudhoam!<br><br>odhunaa naayam vadhum<br>thappa oodhum othugidhum<br>appa naama thidhumpi vandhdhu vaazhappoagudhoam!<br><br>makkaa soaLam vittu<br>makka vittu poagudhiyae<br>nenjjil otha chottu soagamillaiyaa?<br><br>akkaa mava onna onna<br>thokkaa thookkigittu<br>thekkaalikkaa oadudhadhu inpamillaiyaa?<br><br>oodhae odhatti odhatti<br>udhavellaam odhatti odhatti<br>onggooda oadiyaandhdhaen thaasaakkaNNu!<br><br>vaanae panjjaadham<br>nee en ponjjaadhi<br>kothi kothi naaLum mutham thinnudha...<br><br>koodi kalandhdha pinnum<br>koadi koadi aasai innum<br>kokkadhakkoavunnu koovi imsa paNNudha...<br><br>mutta mutta kaNNaalae<br>etta ninnu paathaalae<br>potta potta puLLa iva muttap  poaduvaa!<br><br>kaNda kaNda naedhathula<br>kuNdu kaNNil nee azhaichchaa<br>koNda koNdakkaadhan ivan maNda aattuvaan<br><br>oodhae odhatti odhatti<br>udhavellaam odhatti odhatti<br>onggooda oadiyaandhdhaen thaasaakkaNNu!<br><br>oodhae odhatti odhatti<br>udhavellaam odhatti odhatti<br><br>odhatti odhatti odhatti odhatti<br>odhatti odhatti odhatti odhatti",
      "language" : {
        "name" : "English",
        "code" : "en"
      }
    },
    {
      "data" : "ஊதே ஒதட்டி ஒதட்டி<br>உதவெல்லாம் ஒதட்டி ஒதட்டி<br>ஒங்கூட ஓடியாந்தேன் தாசாக்கண்ணு! <br><br>ஊதே வெதட்டி வெதட்டி<br>வாதாக வெதட்டி வெதட்டி<br>சீக்கிதமா ஓடியாடி செல்லாயி செல்லம் <br><br>தாவோட தாவா <br>தாவிகிட்டு வா வா<br>வேதோது உலகம் தேடி நாம போவலாம்!<br><br>தெக்கைங்க விதிச்சு<br>வானத்தில் குதிச்சு <br>மேகத்தப்  பதிச்சு நாம வெளையாடலாம்!<br><br>ஊதே ஊதே <br>வெதட்டி வெதட்டி வெதட்டி வெதட்டி<br>வெதட்டி வெதட்டி வெதட்டி வெதட்டி<br><br>ஏன்னு புதியலையே<br>எதுக்குன்னு புதியலையே<br>தப்பே செய்யாம தப்பியோடுதோம்!<br><br>ஒதுநா நாயம் வதும்<br>தப்ப ஊதும் ஒத்துகிதும்<br>அப்ப நாம திதும்பி வந்து வாழப்போகுதோம்!<br><br>மக்கா சோளம் விட்டு <br>மக்க விட்டு போகுதியே<br>நெஞ்சில் ஒத்தச் சொட்டு சோகமில்லையா?<br><br>அக்கா மவ ஒன்ன ஒன்ன<br>தொக்கா தூக்கிகிட்டு<br>தெக்காலிக்கா ஓடுதது இன்பமில்லையா?<br><br>ஊதே ஒதட்டி ஒதட்டி<br>உதவெல்லாம் ஒதட்டி ஒதட்டி<br>ஒங்கூட ஓடியாந்தேன் தாசாக்கண்ணு! <br><br>வானே பஞ்சாதம் <br>நீ என் பொஞ்சாதி<br>கொத்தி கொத்தி நாளும் முத்தம் தின்னுத...<br><br>கூடி கலந்த பின்னும்<br>கோடி கோடி ஆசை இன்னும்<br>கொக்கதக்கோவுன்னு கூவி இம்ச பண்ணுத... <br><br>முட்ட முட்ட கண்ணாலே<br>எட்ட நின்னு பாத்தாலே<br>பொட்ட பொட்ட புள்ள இவ முட்டப்  போடுவா!<br><br>கண்ட கண்ட நேதத்துல<br>குண்டு கண்ணில் நீ அழைச்சா<br>கொண்ட கொண்டக்காதன் இவன் மண்ட ஆட்டுவான்<br><br>ஊதே ஒதட்டி ஒதட்டி<br>உதவெல்லாம் ஒதட்டி ஒதட்டி<br>ஒங்கூட ஓடியாந்தேன் தாசாக்கண்ணு! <br><br>ஊதே ஒதட்டி ஒதட்டி<br>உதவெல்லாம் ஒதட்டி ஒதட்டி<br><br>ஒதட்டி ஒதட்டி ஒதட்டி ஒதட்டி<br>ஒதட்டி ஒதட்டி ஒதட்டி ஒதட்டி ",
      "language" : {
        "name" : "Tamil",
        "code" : "ta"
      }
    },
    {
      "data" : "ऊधे ओदटटि ओदटटि <br>उदवेल्लाम ओदटटि ओदटटि <br>ओङगूड ओडियान्द धेन तासाक्कंणु! <br> <br>ऊधे वेदटटि वेदटटि <br>वादाग वेदटटि वेदटटि <br>सीक्किदम्आ ओडियाडि सेललायि सेललम <br> <br>तावोड तावा <br>ताविगिट्टु वा वा <br>वेदोदु उलगम तेडि नाम्अ पोवलाम! <br> <br>तेककैङ विदिचचु <br>वानतिल कुदिचचु <br>म्एगतप  पदिचचु नाम्अ वेळैयाडलाम! <br> <br>ऊधे ऊधे <br>वेदटटि वेदटटि वेदटटि वेदटटि <br>वेदटटि वेदटटि वेदटटि वेदटटि <br> <br>एननु पुदियलैये <br>एदुक्कुन्नु पुदियलैये <br>तपपे सेय्याम्अ तप्पियोडुदोम! <br> <br>ओदुना नायम वदुम <br>तपप ऊदुम ओतुगिदुम <br>अपप नाम्अ तिदुमपि वन्द दु वालप्पोगुदोम! <br> <br>म्अकका सोळम विटटु <br>म्अकक विटटु पोगुदिये <br>नेञजिल ओत चोटटु सोगम्इल्लैया? <br> <br>अकका म्अव ओनन ओनन <br>तोकका तूक्किगिट्टु <br>तेक्कालिक्का ओडुददु इन्पम्इल्लैया? <br> <br>ऊधे ओदटटि ओदटटि <br>उदवेल्लाम ओदटटि ओदटटि <br>ओङगूड ओडियान्द धेन तासाक्कंणु! <br> <br>वाने पञ्जादम <br>नी एन पोञजादि <br>कोति कोति नाळुम म्उतम तिननुद... <br> <br>कूडि कलन्द द पिननुम <br>कोडि कोडि आसै इननुम <br>कोक्कदक्कोवुन्नु कूवि इमस पंणुद... <br> <br>म्उटट म्उटट कंणाले <br>एटट निननु पाताले <br>पोटट पोटट पुलळ इव म्उट्टप  पोडुवा! <br> <br>कंड कंड नेदतुल <br>कुंडु कंणिल नी अलैचचा <br>कोंड कोंडक्कादन इवन म्अंड आट्टुवान <br> <br>ऊधे ओदटटि ओदटटि <br>उदवेल्लाम ओदटटि ओदटटि <br>ओङगूड ओडियान्द धेन तासाक्कंणु! <br> <br>ऊधे ओदटटि ओदटटि <br>उदवेल्लाम ओदटटि ओदटटि <br> <br>ओदटटि ओदटटि ओदटटि ओदटटि <br>ओदटटि ओदटटि ओदटटि ओदटटि ",
      "language" : {
        "name" : "Hindi",
        "code" : "hi"
      }
    },
    {
      "data" : "ఊధే ఒధత్తి ఒధత్తి <br>ఉధవెల్లామ్ ఒధత్తి ఒధత్తి <br>ఒఙ్గూద ఓదియాన్ధ్ధేన్ థాసాక్కంణు! <br> <br>ఊధే వెధత్తి వెధత్తి <br>వాధాగ వెధత్తి వెధత్తి <br>సీక్కిధమ్యా ఓదియాది సెల్లాయి సెల్లమ్ <br> <br>థావోద థావా <br>థావిగిత్తు వా వా <br>వేధోధు ఉలగమ్ థేది నామ్య పోవలామ్! <br> <br>థెక్కైఙ విధిఛ్ఛు <br>వానథిల్ కుధిఛ్ఛు <br>మ్యేగథప్  పధిఛ్ఛు నామ్య వెళైయాదలామ్! <br> <br>ఊధే ఊధే <br>వెధత్తి వెధత్తి వెధత్తి వెధత్తి <br>వెధత్తి వెధత్తి వెధత్తి వెధత్తి <br> <br>ఏన్ను పుధియలైయే <br>ఎధుక్కున్ను పుధియలైయే <br>థప్పే సెయ్యామ్య థప్పియోదుధోమ్! <br> <br>ఒధునా నాయమ్ వధుమ్ <br>థప్ప ఊధుమ్ ఒథుగిధుమ్ <br>అప్ప నామ్య థిధుమ్పి వన్ధ్ధు వాలప్పోగుధోమ్! <br> <br>మ్యక్కా సోళమ్ విత్తు <br>మ్యక్క విత్తు పోగుధియే <br>నెఞ్జిల్ ఒథ ఛొత్తు సోగమ్యిల్లైయా? <br> <br>అక్కా మ్యవ ఒన్న ఒన్న <br>థొక్కా థూక్కిగిత్తు <br>థెక్కాలిక్కా ఓదుధధు ఇన్పమ్యిల్లైయా? <br> <br>ఊధే ఒధత్తి ఒధత్తి <br>ఉధవెల్లామ్ ఒధత్తి ఒధత్తి <br>ఒఙ్గూద ఓదియాన్ధ్ధేన్ థాసాక్కంణు! <br> <br>వానే పఞ్జాధమ్ <br>నె ఎన్ పొఞ్జాధి <br>కొథి కొథి నాళుమ్ మ్యుథమ్ థిన్నుధ... <br> <br>కూది కలన్ధ్ధ పిన్నుమ్ <br>కోది కోది ఆసై ఇన్నుమ్ <br>కొక్కధక్కోవున్ను కూవి ఇమ్స పంణుధ... <br> <br>మ్యుత్త మ్యుత్త కంణాలే <br>ఎత్త నిన్ను పాథాలే <br>పొత్త పొత్త పుళ్ళ ఇవ మ్యుత్తప్  పోదువా! <br> <br>కంద కంద నేధథుల <br>కుందు కంణిల్ నె అలైఛ్ఛా <br>కొంద కొందక్కాధన్ ఇవన్ మ్అంద ఆత్తువాన్ <br> <br>ఊధే ఒధత్తి ఒధత్తి <br>ఉధవెల్లామ్ ఒధత్తి ఒధత్తి <br>ఒఙ్గూద ఓదియాన్ధ్ధేన్ థాసాక్కంణు! <br> <br>ఊధే ఒధత్తి ఒధత్తి <br>ఉధవెల్లామ్ ఒధత్తి ఒధత్తి <br> <br>ఒధత్తి ఒధత్తి ఒధత్తి ఒధత్తి <br>ఒధత్తి ఒధత్తి ఒధత్తి ఒధత్తి",
      "language" : {
        "name" : "Telugu",
        "code" : "te"
      }
    },
    {
      "data" : "ഊധേ ഒധത്തി ഒധത്തി <br>ഉധവെല്ലാമ് ഒധത്തി ഒധത്തി <br>ഒങ്ഗൂദ ഓദിയാന്ധ്ധേന് ഥാസാക്കംണു! <br> <br>ഊധേ വെധത്തി വെധത്തി <br>വാധാഗ വെധത്തി വെധത്തി <br>സീക്കിധമ്യാ ഓദിയാദി സെല്ലായി സെല്ലമ് <br> <br>ഥാവോദ ഥാവാ <br>ഥാവിഗിത്തു വാ വാ <br>വേധോധു ഉലഗമ് ഥേദി നാമ്യ പോവലാമ്! <br> <br>ഥെക്കൈങ വിധിച്ചു <br>വാനഥില് കുധിച്ചു <br>മ്യേഗഥപ്  പധിച്ചു നാമ്യ വെളൈയാദലാമ്! <br> <br>ഊധേ ഊധേ <br>വെധത്തി വെധത്തി വെധത്തി വെധത്തി <br>വെധത്തി വെധത്തി വെധത്തി വെധത്തി <br> <br>ഏന്നു പുധിയലൈയേ <br>എധുക്കുന്നു പുധിയലൈയേ <br>ഥപ്പേ സെയ്യാമ്യ ഥപ്പിയോദുധോമ്! <br> <br>ഒധുനാ നായമ് വധുമ് <br>ഥപ്പ ഊധുമ് ഒഥുഗിധുമ് <br>അപ്പ നാമ്യ ഥിധുമ്പി വന്ധ്ധു വാഴപ്പോഗുധോമ്! <br> <br>മ്യക്കാ സോളമ് വിത്തു <br>മ്യക്ക വിത്തു പോഗുധിയേ <br>നെഞ്ജില് ഒഥ ചൊത്തു സോഗമ്യില്ലൈയാ? <br> <br>അക്കാ മ്യവ ഒന്ന ഒന്ന <br>ഥൊക്കാ ഥൂക്കിഗിത്തു <br>ഥെക്കാലിക്കാ ഓദുധധു ഇന്പമ്യില്ലൈയാ? <br> <br>ഊധേ ഒധത്തി ഒധത്തി <br>ഉധവെല്ലാമ് ഒധത്തി ഒധത്തി <br>ഒങ്ഗൂദ ഓദിയാന്ധ്ധേന് ഥാസാക്കംണു! <br> <br>വാനേ പഞ്ജാധമ് <br>നീ എന് പൊഞ്ജാധി <br>കൊഥി കൊഥി നാളുമ് മ്യുഥമ് ഥിന്നുധ... <br> <br>കൂദി കലന്ധ്ധ പിന്നുമ് <br>കോദി കോദി ആസൈ ഇന്നുമ് <br>കൊക്കധക്കോവുന്നു കൂവി ഇമ്സ പംണുധ... <br> <br>മ്യുത്ത മ്യുത്ത കംണാലേ <br>എത്ത നിന്നു പാഥാലേ <br>പൊത്ത പൊത്ത പുള്ള ഇവ മ്യുത്തപ്  പോദുവാ! <br> <br>കംദ കംദ നേധഥുല <br>കുംദു കംണില് നീ അഴൈച്ചാ <br>കൊംദ കൊംദക്കാധന് ഇവന് മ്അംദ ആത്തുവാന് <br> <br>ഊധേ ഒധത്തി ഒധത്തി <br>ഉധവെല്ലാമ് ഒധത്തി ഒധത്തി <br>ഒങ്ഗൂദ ഓദിയാന്ധ്ധേന് ഥാസാക്കംണു! <br> <br>ഊധേ ഒധത്തി ഒധത്തി <br>ഉധവെല്ലാമ് ഒധത്തി ഒധത്തി <br> <br>ഒധത്തി ഒധത്തി ഒധത്തി ഒധത്തി <br>ഒധത്തി ഒധത്തി ഒധത്തി ഒധത്തി ",
      "language" : {
        "name" : "Malayalam",
        "code" : "ml"
      }
    },
    {
      "data" : "ಊಧೇ ಒಧತ್ತಿ ಒಧತ್ತಿ <br>ಉಧವೆಲ್ಲಾಮ್ ಒಧತ್ತಿ ಒಧತ್ತಿ <br>ಒಙ್ಗೂದ ಓದಿಯಾನ್ಧ್ಧೇನ್ ಥಾಸಾಕ್ಕಂಣು! <br> <br>ಊಧೇ ವೆಧತ್ತಿ ವೆಧತ್ತಿ <br>ವಾಧಾಗ ವೆಧತ್ತಿ ವೆಧತ್ತಿ <br>ಸೀಕ್ಕಿಧಮ್ಯಾ ಓದಿಯಾದಿ ಸೆಲ್ಲಾಯಿ ಸೆಲ್ಲಮ್ <br> <br>ಥಾವೋದ ಥಾವಾ <br>ಥಾವಿಗಿತ್ತು ವಾ ವಾ <br>ವೇಧೋಧು ಉಲಗಮ್ ಥೇದಿ ನಾಮ್ಯ ಪೋವಲಾಮ್! <br> <br>ಥೆಕ್ಕೈಙ ವಿಧಿಚ್ಚು <br>ವಾನಥಿಲ್ ಕುಧಿಚ್ಚು <br>ಮ್ಯೇಗಥಪ್  ಪಧಿಚ್ಚು ನಾಮ್ಯ ವೆಳೈಯಾದಲಾಮ್! <br> <br>ಊಧೇ ಊಧೇ <br>ವೆಧತ್ತಿ ವೆಧತ್ತಿ ವೆಧತ್ತಿ ವೆಧತ್ತಿ <br>ವೆಧತ್ತಿ ವೆಧತ್ತಿ ವೆಧತ್ತಿ ವೆಧತ್ತಿ <br> <br>ಏನ್ನು ಪುಧಿಯಲೈಯೇ <br>ಎಧುಕ್ಕುನ್ನು ಪುಧಿಯಲೈಯೇ <br>ಥಪ್ಪೇ ಸೆಯ್ಯಾಮ್ಯ ಥಪ್ಪಿಯೋದುಧೋಮ್! <br> <br>ಒಧುನಾ ನಾಯಮ್ ವಧುಮ್ <br>ಥಪ್ಪ ಊಧುಮ್ ಒಥುಗಿಧುಮ್ <br>ಅಪ್ಪ ನಾಮ್ಯ ಥಿಧುಮ್ಪಿ ವನ್ಧ್ಧು ವಾಲಪ್ಪೋಗುಧೋಮ್! <br> <br>ಮ್ಯಕ್ಕಾ ಸೋಳಮ್ ವಿತ್ತು <br>ಮ್ಯಕ್ಕ ವಿತ್ತು ಪೋಗುಧಿಯೇ <br>ನೆಞ್ಜಿಲ್ ಒಥ ಚೊತ್ತು ಸೋಗಮ್ಯಿಲ್ಲೈಯಾ? <br> <br>ಅಕ್ಕಾ ಮ್ಯವ ಒನ್ನ ಒನ್ನ <br>ಥೊಕ್ಕಾ ಥೂಕ್ಕಿಗಿತ್ತು <br>ಥೆಕ್ಕಾಲಿಕ್ಕಾ ಓದುಧಧು ಇನ್ಪಮ್ಯಿಲ್ಲೈಯಾ? <br> <br>ಊಧೇ ಒಧತ್ತಿ ಒಧತ್ತಿ <br>ಉಧವೆಲ್ಲಾಮ್ ಒಧತ್ತಿ ಒಧತ್ತಿ <br>ಒಙ್ಗೂದ ಓದಿಯಾನ್ಧ್ಧೇನ್ ಥಾಸಾಕ್ಕಂಣು! <br> <br>ವಾನೇ ಪಞ್ಜಾಧಮ್ <br>ನೀ ಎನ್ ಪೊಞ್ಜಾಧಿ <br>ಕೊಥಿ ಕೊಥಿ ನಾಳುಮ್ ಮ್ಯುಥಮ್ ಥಿನ್ನುಧ... <br> <br>ಕೂದಿ ಕಲನ್ಧ್ಧ ಪಿನ್ನುಮ್ <br>ಕೋದಿ ಕೋದಿ ಆಸೈ ಇನ್ನುಮ್ <br>ಕೊಕ್ಕಧಕ್ಕೋವುನ್ನು ಕೂವಿ ಇಮ್ಸ ಪಂಣುಧ... <br> <br>ಮ್ಯುತ್ತ ಮ್ಯುತ್ತ ಕಂಣಾಲೇ <br>ಎತ್ತ ನಿನ್ನು ಪಾಥಾಲೇ <br>ಪೊತ್ತ ಪೊತ್ತ ಪುಳ್ಳ ಇವ ಮ್ಯುತ್ತಪ್  ಪೋದುವಾ! <br> <br>ಕಂದ ಕಂದ ನೇಧಥುಲ <br>ಕುಂದು ಕಂಣಿಲ್ ನೀ ಅಲೈಚ್ಚಾ <br>ಕೊಂದ ಕೊಂದಕ್ಕಾಧನ್ ಇವನ್ ಮ್ಅಂದ ಆತ್ತುವಾನ್ <br> <br>ಊಧೇ ಒಧತ್ತಿ ಒಧತ್ತಿ <br>ಉಧವೆಲ್ಲಾಮ್ ಒಧತ್ತಿ ಒಧತ್ತಿ <br>ಒಙ್ಗೂದ ಓದಿಯಾನ್ಧ್ಧೇನ್ ಥಾಸಾಕ್ಕಂಣು! <br> <br>ಊಧೇ ಒಧತ್ತಿ ಒಧತ್ತಿ <br>ಉಧವೆಲ್ಲಾಮ್ ಒಧತ್ತಿ ಒಧತ್ತಿ <br> <br>ಒಧತ್ತಿ ಒಧತ್ತಿ ಒಧತ್ತಿ ಒಧತ್ತಿ <br>ಒಧತ್ತಿ ಒಧತ್ತಿ ಒಧತ್ತಿ ಒಧತ್ತಿ ",
      "language" : {
        "name" : "Kanadam",
        "code" : "ka"
      }
    },
    {
      "data" : "ঊধে ওধত্তি ওধত্তি <br>উধৱেল্লাম্ ওধত্তি ওধত্তি <br>ওঙ্গূদ ওদিযান্ধ্ধেন্ থাসাক্কঁণু! <br> <br>ঊধে ৱেধত্তি ৱেধত্তি <br>ৱাধাগ ৱেধত্তি ৱেধত্তি <br>সীক্কিধম্যা ওদিযাদি সেল্লাযি সেল্লম্ <br> <br>থাৱোদ থাৱা <br>থাৱিগিত্তু ৱা ৱা <br>ৱেধোধু উলগম্ থেদি নাম্য পোৱলাম্! <br> <br>থেক্কৈঙ ৱিধিচ্চু <br>ৱানথিল্ কুধিচ্চু <br>ম্যেগথপ্  পধিচ্চু নাম্য ৱেলৈযাদলাম্! <br> <br>ঊধে ঊধে <br>ৱেধত্তি ৱেধত্তি ৱেধত্তি ৱেধত্তি <br>ৱেধত্তি ৱেধত্তি ৱেধত্তি ৱেধত্তি <br> <br>এন্নু পুধিযলৈযে <br>এধুক্কুন্নু পুধিযলৈযে <br>থপ্পে সেয্যাম্য থপ্পিযোদুধোম্! <br> <br>ওধুনা নাযম্ ৱধুম্ <br>থপ্প ঊধুম্ ওথুগিধুম্ <br>অপ্প নাম্য থিধুম্পি ৱন্ধ্ধু ৱালপ্পোগুধোম্! <br> <br>ম্যক্কা সোলম্ ৱিত্তু <br>ম্যক্ক ৱিত্তু পোগুধিযে <br>নেঞ্জিল্ ওথ চোত্তু সোগম্যিল্লৈযা? <br> <br>অক্কা ম্যৱ ওন্ন ওন্ন <br>থোক্কা থূক্কিগিত্তু <br>থেক্কালিক্কা ওদুধধু ইন্পম্যিল্লৈযা? <br> <br>ঊধে ওধত্তি ওধত্তি <br>উধৱেল্লাম্ ওধত্তি ওধত্তি <br>ওঙ্গূদ ওদিযান্ধ্ধেন্ থাসাক্কঁণু! <br> <br>ৱানে পঞ্জাধম্ <br>নী এন্ পোঞ্জাধি <br>কোথি কোথি নালুম্ ম্যুথম্ থিন্নুধ... <br> <br>কূদি কলন্ধ্ধ পিন্নুম্ <br>কোদি কোদি আসৈ ইন্নুম্ <br>কোক্কধক্কোৱুন্নু কূৱি ইম্স পঁণুধ... <br> <br>ম্যুত্ত ম্যুত্ত কঁণালে <br>এত্ত নিন্নু পাথালে <br>পোত্ত পোত্ত পুল্ল ইৱ ম্যুত্তপ্  পোদুৱা! <br> <br>কঁদ কঁদ নেধথুল <br>কুঁদু কঁণিল্ নী অলৈচ্চা <br>কোঁদ কোঁদক্কাধন্ ইৱন্ ম্অঁদ আত্তুৱান্ <br> <br>ঊধে ওধত্তি ওধত্তি <br>উধৱেল্লাম্ ওধত্তি ওধত্তি <br>ওঙ্গূদ ওদিযান্ধ্ধেন্ থাসাক্কঁণু! <br> <br>ঊধে ওধত্তি ওধত্তি <br>উধৱেল্লাম্ ওধত্তি ওধত্তি <br> <br>ওধত্তি ওধত্তি ওধত্তি ওধত্তি <br>ওধত্তি ওধত্তি ওধত্তি ওধত্তি ",
      "language" : {
        "name" : "Bengali",
        "code" : "be"
      }
    },
    {
      "data" : "ઊધૅ ઓધત્તિ ઓધત્તિ <br>ઉધવેલ્લામ્ ઓધત્તિ ઓધત્તિ <br>ઓઙ્ગૂદ ઑદિયાન્ધ્ધૅન્ થાસાક્કંણુ! <br> <br>ઊધૅ વેધત્તિ વેધત્તિ <br>વાધાગ વેધત્તિ વેધત્તિ <br>સીક્કિધમ્યા ઑદિયાદિ સેલ્લાયિ સેલ્લમ્ <br> <br>થાવૉદ થાવા <br>થાવિગિત્તુ વા વા <br>વૅધૉધુ ઉલગમ્ થૅદિ ણામ્ય પૉવલામ્! <br> <br>થેક્કૈઙ વિધિચ્ચુ <br>વાનથિલ્ કુધિચ્ચુ <br>મ્યૅગથપ્  પધિચ્ચુ ણામ્ય વેળૈયાદલામ્! <br> <br>ઊધૅ ઊધૅ <br>વેધત્તિ વેધત્તિ વેધત્તિ વેધત્તિ <br>વેધત્તિ વેધત્તિ વેધત્તિ વેધત્તિ <br> <br>ઍન્નુ પુધિયલૈયૅ <br>એધુક્કુન્નુ પુધિયલૈયૅ <br>થપ્પૅ સેય્યામ્ય થપ્પિયૉદુધૉમ્! <br> <br>ઓધુના ણાયમ્ વધુમ્ <br>થપ્પ ઊધુમ્ ઓથુગિધુમ્ <br>અપ્પ ણામ્ય થિધુમ્પિ વન્ધ્ધુ વાલપ્પૉગુધૉમ્! <br> <br>મ્યક્કા સૉળમ્ વિત્તુ <br>મ્યક્ક વિત્તુ પૉગુધિયૅ <br>ણેઞ્જિલ્ ઓથ ચોત્તુ સૉગમ્યિલ્લૈયા? <br> <br>અક્કા મ્યવ ઓન્ન ઓન્ન <br>થોક્કા થૂક્કિગિત્તુ <br>થેક્કાલિક્કા ઑદુધધુ ઇન્પમ્યિલ્લૈયા? <br> <br>ઊધૅ ઓધત્તિ ઓધત્તિ <br>ઉધવેલ્લામ્ ઓધત્તિ ઓધત્તિ <br>ઓઙ્ગૂદ ઑદિયાન્ધ્ધૅન્ થાસાક્કંણુ! <br> <br>વાનૅ પઞ્જાધમ્ <br>ણી એન્ પોઞ્જાધિ <br>કોથિ કોથિ ણાળુમ્ મ્યુથમ્ થિન્નુધ... <br> <br>કૂદિ કલન્ધ્ધ પિન્નુમ્ <br>કૉદિ કૉદિ આસૈ ઇન્નુમ્ <br>કોક્કધક્કૉવુન્નુ કૂવિ ઇમ્સ પંણુધ... <br> <br>મ્યુત્ત મ્યુત્ત કંણાલૅ <br>એત્ત ણિન્નુ પાથાલૅ <br>પોત્ત પોત્ત પુળ્ળ ઇવ મ્યુત્તપ્  પૉદુવા! <br> <br>કંદ કંદ ણૅધથુલ <br>કુંદુ કંણિલ્ ણી અલૈચ્ચા <br>કોંદ કોંદક્કાધન્ ઇવન્ મ્અંદ આત્તુવાન્ <br> <br>ઊધૅ ઓધત્તિ ઓધત્તિ <br>ઉધવેલ્લામ્ ઓધત્તિ ઓધત્તિ <br>ઓઙ્ગૂદ ઑદિયાન્ધ્ધૅન્ થાસાક્કંણુ! <br> <br>ઊધૅ ઓધત્તિ ઓધત્તિ <br>ઉધવેલ્લામ્ ઓધત્તિ ઓધત્તિ <br> <br>ઓધત્તિ ઓધત્તિ ઓધત્તિ ઓધત્તિ <br>ઓધત્તિ ઓધત્તિ ઓધત્તિ ઓધત્તિ ",
      "language" : {
        "name" : "Gujarathi",
        "code" : "gu"
      }
    },
    {
      "data" : "ऊधे ओदटटि ओदटटि <br>उदवेल्लाम ओदटटि ओदटटि <br>ओङगूड ओडियान्द धेन तासाक्कंणु! <br> <br>ऊधे वेदटटि वेदटटि <br>वादाग वेदटटि वेदटटि <br>सीक्किदम्आ ओडियाडि सेललायि सेललम <br> <br>तावोड तावा <br>ताविगिट्टु वा वा <br>वेदोदु उलगम तेडि नाम्अ पोवलाम! <br> <br>तेककैङ विदिचचु <br>वानतिल कुदिचचु <br>म्एगतप  पदिचचु नाम्अ वेळैयाडलाम! <br> <br>ऊधे ऊधे <br>वेदटटि वेदटटि वेदटटि वेदटटि <br>वेदटटि वेदटटि वेदटटि वेदटटि <br> <br>एननु पुदियलैये <br>एदुक्कुन्नु पुदियलैये <br>तपपे सेय्याम्अ तप्पियोडुदोम! <br> <br>ओदुना नायम वदुम <br>तपप ऊदुम ओतुगिदुम <br>अपप नाम्अ तिदुमपि वन्द दु वालप्पोगुदोम! <br> <br>म्अकका सोळम विटटु <br>म्अकक विटटु पोगुदिये <br>नेञजिल ओत चोटटु सोगम्इल्लैया? <br> <br>अकका म्अव ओनन ओनन <br>तोकका तूक्किगिट्टु <br>तेक्कालिक्का ओडुददु इन्पम्इल्लैया? <br> <br>ऊधे ओदटटि ओदटटि <br>उदवेल्लाम ओदटटि ओदटटि <br>ओङगूड ओडियान्द धेन तासाक्कंणु! <br> <br>वाने पञ्जादम <br>नी एन पोञजादि <br>कोति कोति नाळुम म्उतम तिननुद... <br> <br>कूडि कलन्द द पिननुम <br>कोडि कोडि आसै इननुम <br>कोक्कदक्कोवुन्नु कूवि इमस पंणुद... <br> <br>म्उटट म्उटट कंणाले <br>एटट निननु पाताले <br>पोटट पोटट पुलळ इव म्उट्टप  पोडुवा! <br> <br>कंड कंड नेदतुल <br>कुंडु कंणिल नी अलैचचा <br>कोंड कोंडक्कादन इवन म्अंड आट्टुवान <br> <br>ऊधे ओदटटि ओदटटि <br>उदवेल्लाम ओदटटि ओदटटि <br>ओङगूड ओडियान्द धेन तासाक्कंणु! <br> <br>ऊधे ओदटटि ओदटटि <br>उदवेल्लाम ओदटटि ओदटटि <br> <br>ओदटटि ओदटटि ओदटटि ओदटटि <br>ओदटटि ओदटटि ओदटटि ओदटटि ",
      "language" : {
        "name" : "Marathi",
        "code" : "mr"
      }
    },
    {
      "data" : "ଊଧେ ଓଧତ୍ତି ଓଧତ୍ତି <br>ଉଧୱେଳ୍ଳାମ୍ ଓଧତ୍ତି ଓଧତ୍ତି <br>ଓଙ୍ଗୂଦ ଓଦିଯାନ୍ଧ୍ଧେନ୍ ଥାସାକ୍କଂଣୁ! <br> <br>ଊଧେ ୱେଧତ୍ତି ୱେଧତ୍ତି <br>ୱାଧାଗ ୱେଧତ୍ତି ୱେଧତ୍ତି <br>ସୀକ୍କିଧମ୍ଯା ଓଦିଯାଦି ସେଳ୍ଳାଯି ସେଳ୍ଳମ୍ <br> <br>ଥାୱୋଦ ଥାୱା <br>ଥାୱିଗିତ୍ତୁ ୱା ୱା <br>ୱେଧୋଧୁ ଉଳଗମ୍ ଥେଦି ନାମ୍ଯ ପୋୱଳାମ୍! <br> <br>ଥେକ୍କୈଙ ୱିଧିଚ୍ଚୁ <br>ୱାନଥିଳ୍ କୁଧିଚ୍ଚୁ <br>ମ୍ଯେଗଥପ୍  ପଧିଚ୍ଚୁ ନାମ୍ଯ ୱେଲୈଯାଦଳାମ୍! <br> <br>ଊଧେ ଊଧେ <br>ୱେଧତ୍ତି ୱେଧତ୍ତି ୱେଧତ୍ତି ୱେଧତ୍ତି <br>ୱେଧତ୍ତି ୱେଧତ୍ତି ୱେଧତ୍ତି ୱେଧତ୍ତି <br> <br>ଏନ୍ନୁ ପୁଧିଯଳୈଯେ <br>ଏଧୁକ୍କୁନ୍ନୁ ପୁଧିଯଳୈଯେ <br>ଥପ୍ପେ ସେଯ୍ଯାମ୍ଯ ଥପ୍ପିଯୋଦୁଧୋମ୍! <br> <br>ଓଧୁନା ନାଯମ୍ ୱଧୁମ୍ <br>ଥପ୍ପ ଊଧୁମ୍ ଓଥୁଗିଧୁମ୍ <br>ଅପ୍ପ ନାମ୍ଯ ଥିଧୁମ୍ପି ୱନ୍ଧ୍ଧୁ ୱାଳପ୍ପୋଗୁଧୋମ୍! <br> <br>ମ୍ଯକ୍କା ସୋଲମ୍ ୱିତ୍ତୁ <br>ମ୍ଯକ୍କ ୱିତ୍ତୁ ପୋଗୁଧିଯେ <br>ନେଞ୍ଜିଳ୍ ଓଥ ଚୋତ୍ତୁ ସୋଗମ୍ଯିଳ୍ଳୈଯା? <br> <br>ଅକ୍କା ମ୍ଯୱ ଓନ୍ନ ଓନ୍ନ <br>ଥୋକ୍କା ଥୂକ୍କିଗିତ୍ତୁ <br>ଥେକ୍କାଳିକ୍କା ଓଦୁଧଧୁ ଇନ୍ପମ୍ଯିଳ୍ଳୈଯା? <br> <br>ଊଧେ ଓଧତ୍ତି ଓଧତ୍ତି <br>ଉଧୱେଳ୍ଳାମ୍ ଓଧତ୍ତି ଓଧତ୍ତି <br>ଓଙ୍ଗୂଦ ଓଦିଯାନ୍ଧ୍ଧେନ୍ ଥାସାକ୍କଂଣୁ! <br> <br>ୱାନେ ପଞ୍ଜାଧମ୍ <br>ନୀ ଏନ୍ ପୋଞ୍ଜାଧି <br>କୋଥି କୋଥି ନାଲୁମ୍ ମ୍ଯୁଥମ୍ ଥିନ୍ନୁଧ... <br> <br>କୂଦି କଳନ୍ଧ୍ଧ ପିନ୍ନୁମ୍ <br>କୋଦି କୋଦି ଆସୈ ଇନ୍ନୁମ୍ <br>କୋକ୍କଧକ୍କୋୱୁନ୍ନୁ କୂୱି ଇମ୍ସ ପଂଣୁଧ... <br> <br>ମ୍ଯୁତ୍ତ ମ୍ଯୁତ୍ତ କଂଣାଳେ <br>ଏତ୍ତ ନିନ୍ନୁ ପାଥାଳେ <br>ପୋତ୍ତ ପୋତ୍ତ ପୁଲ୍ଲ ଇୱ ମ୍ଯୁତ୍ତପ୍  ପୋଦୁୱା! <br> <br>କଂଦ କଂଦ ନେଧଥୁଳ <br>କୁଂଦୁ କଂଣିଳ୍ ନୀ ଅଳୈଚ୍ଚା <br>କୋଂଦ କୋଂଦକ୍କାଧନ୍ ଇୱନ୍ ମ୍ଅଂଦ ଆତ୍ତୁୱାନ୍ <br> <br>ଊଧେ ଓଧତ୍ତି ଓଧତ୍ତି <br>ଉଧୱେଳ୍ଳାମ୍ ଓଧତ୍ତି ଓଧତ୍ତି <br>ଓଙ୍ଗୂଦ ଓଦିଯାନ୍ଧ୍ଧେନ୍ ଥାସାକ୍କଂଣୁ! <br> <br>ଊଧେ ଓଧତ୍ତି ଓଧତ୍ତି <br>ଉଧୱେଳ୍ଳାମ୍ ଓଧତ୍ତି ଓଧତ୍ତି <br> <br>ଓଧତ୍ତି ଓଧତ୍ତି ଓଧତ୍ତି ଓଧତ୍ତି <br>ଓଧତ୍ତି ଓଧତ୍ତି ଓଧତ୍ତି ଓଧତ୍ତି ",
      "language" : {
        "name" : "Oriya",
        "code" : "or"
      }
    },
    {
      "data" : "ऊधे ओदटटि ओदटटि <br>उदवेल्लाम ओदटटि ओदटटि <br>ओङगूड ओडियान्द धेन तासाक्कंणु! <br> <br>ऊधे वेदटटि वेदटटि <br>वादाग वेदटटि वेदटटि <br>सीक्किदम्आ ओडियाडि सेललायि सेललम <br> <br>तावोड तावा <br>ताविगिट्टु वा वा <br>वेदोदु उलगम तेडि नाम्अ पोवलाम! <br> <br>तेककैङ विदिचचु <br>वानतिल कुदिचचु <br>म्एगतप  पदिचचु नाम्अ वेळैयाडलाम! <br> <br>ऊधे ऊधे <br>वेदटटि वेदटटि वेदटटि वेदटटि <br>वेदटटि वेदटटि वेदटटि वेदटटि <br> <br>एननु पुदियलैये <br>एदुक्कुन्नु पुदियलैये <br>तपपे सेय्याम्अ तप्पियोडुदोम! <br> <br>ओदुना नायम वदुम <br>तपप ऊदुम ओतुगिदुम <br>अपप नाम्अ तिदुमपि वन्द दु वालप्पोगुदोम! <br> <br>म्अकका सोळम विटटु <br>म्अकक विटटु पोगुदिये <br>नेञजिल ओत चोटटु सोगम्इल्लैया? <br> <br>अकका म्अव ओनन ओनन <br>तोकका तूक्किगिट्टु <br>तेक्कालिक्का ओडुददु इन्पम्इल्लैया? <br> <br>ऊधे ओदटटि ओदटटि <br>उदवेल्लाम ओदटटि ओदटटि <br>ओङगूड ओडियान्द धेन तासाक्कंणु! <br> <br>वाने पञ्जादम <br>नी एन पोञजादि <br>कोति कोति नाळुम म्उतम तिननुद... <br> <br>कूडि कलन्द द पिननुम <br>कोडि कोडि आसै इननुम <br>कोक्कदक्कोवुन्नु कूवि इमस पंणुद... <br> <br>म्उटट म्उटट कंणाले <br>एटट निननु पाताले <br>पोटट पोटट पुलळ इव म्उट्टप  पोडुवा! <br> <br>कंड कंड नेदतुल <br>कुंडु कंणिल नी अलैचचा <br>कोंड कोंडक्कादन इवन म्अंड आट्टुवान <br> <br>ऊधे ओदटटि ओदटटि <br>उदवेल्लाम ओदटटि ओदटटि <br>ओङगूड ओडियान्द धेन तासाक्कंणु! <br> <br>ऊधे ओदटटि ओदटटि <br>उदवेल्लाम ओदटटि ओदटटि <br> <br>ओदटटि ओदटटि ओदटटि ओदटटि <br>ओदटटि ओदटटि ओदटटि ओदटटि ",
      "language" : {
        "name" : "konkani",
        "code" : "ko"
      }
    }
  ],
  "mood" : {
    "slug" : "happy",
    "name" : "Happy"
  },
  "thumbnail" : "https:\/\/d1ua79hvv369a0.cloudfront.net\/reflection\/thumbnail\/thumbnail_oothe.jpg",
  "language" : {
    "name" : "Tamil",
    "code" : "ta"
  },
  "slug" : "oodhe",
  "info" : {
    "lyric_genres" : [
      {
        "name" : {
          "en" : "Romance",
          "hi" : "Romance",
          "te" : "Romance",
          "ta" : "காதல்"
        }
      }
    ],
    "thaalams" : [
      {
        "name" : {
          "en" : "4 by 4 in WCM",
          "hi" : "4 by 4 in WCM",
          "te" : "4 by 4 in WCM",
          "ta" : "4 by 4 in WCM"
        }
      }
    ],
    "lyric_languages" : [
      {
        "name" : {
          "en" : "Tamil",
          "hi" : "Tamil",
          "te" : "Tamil",
          "ta" : "தமிழ்"
        }
      }
    ],
    "lyric_moods" : [
      {
        "name" : {
          "en" : "Happy",
          "hi" : "Happy",
          "te" : "Happy",
          "ta" : "மகிழ்ச்சி "
        }
      }
    ],
    "music_genres" : [
      {
        "name" : {
          "en" : "Fusion",
          "hi" : "Fusion",
          "te" : "Fusion",
          "ta" : "ஃப்யூஷன்"
        }
      },
      {
        "name" : {
          "en" : "Reggae",
          "hi" : "Reggae",
          "te" : "Reggae",
          "ta" : "ரெக்கே"
        }
      },
      {
        "name" : {
          "en" : "Country",
          "hi" : "Country",
          "te" : "Country",
          "ta" : "நாடு"
        }
      },
      {
        "name" : {
          "en" : "Folk",
          "hi" : "Folk",
          "te" : "Folk",
          "ta" : "கிராமியம்"
        }
      }
    ],
    "best_seasons_to_listen" : [
      {
        "name" : {
          "en" : "Summer",
          "hi" : "Summer",
          "te" : "Summer",
          "ta" : "கோடை காலம்"
        }
      },
      {
        "name" : {
          "en" : "Spring",
          "hi" : "Spring",
          "te" : "Spring",
          "ta" : "வசந்த காலம்"
        }
      }
    ],
    "launch_date" : {
      "en" : "21\/04\/2016",
      "hi" : "21\/04\/2016",
      "te" : "21\/04\/2016",
      "ta" : "21\/04\/2016"
    },
    "lyric_styles" : [
      {
        "name" : {
          "en" : "Folk",
          "hi" : "Folk",
          "te" : "Folk",
          "ta" : "கிராமியம்"
        }
      }
    ],
    "best_time_to_listen" : [
      {
        "name" : {
          "en" : "Morning",
          "hi" : "Morning",
          "te" : "Morning",
          "ta" : "காலை "
        }
      }
    ],
    "duration" : 3.53,
    "raagams" : [
      {
        "name" : {
          "en" : "Shankarabharanam (C Major Scale WCM)",
          "hi" : "Shankarabharanam (C Major Scale WCM)",
          "te" : "Shankarabharanam (C Major Scale WCM)",
          "ta" : "சங்கராபரணம் ( C மேஜர் ஸ்கேல் WCM)"
        }
      }
    ],
    "instruments" : [
      {
        "name" : {
          "en" : "Piano",
          "hi" : "Piano",
          "te" : "Piano",
          "ta" : "பியானோ "
        }
      },
      {
        "name" : {
          "en" : "Drums",
          "hi" : "Drums",
          "te" : "Drums",
          "ta" : "டிரம்ஸ் "
        }
      },
      {
        "name" : {
          "en" : "Guitars",
          "hi" : "Guitars",
          "te" : "Guitars",
          "ta" : "கிட்டார்ஸ்"
        }
      },
      {
        "name" : {
          "en" : "Flute",
          "hi" : "Flute",
          "te" : "Flute",
          "ta" : "புல்லாங்குழல்"
        }
      },
      {
        "name" : {
          "en" : "Solo Violin",
          "hi" : "Solo Violin",
          "te" : "Solo Violin",
          "ta" : "சோலோ வயலின்"
        }
      }
    ]
  }
}