{
  "title" : {
    "en" : "Poai vaa",
    "hi" : "Poai vaa",
    "te" : "Poai vaa",
    "ta" : "போய் வா"
  },
  "credits" : {
    "mixers" : [
      {
        "name" : {
          "en" : "Achu Rajamani",
          "hi" : "Achu Rajamani",
          "te" : "Achu Rajamani",
          "ta" : "அச்சு ராஜாமணி"
        }
      }
    ],
    "masters" : [
      {
        "name" : {
          "en" : "Achu Rajamani",
          "hi" : "Achu Rajamani",
          "te" : "Achu Rajamani",
          "ta" : "அச்சு ராஜாமணி"
        }
      }
    ],
    "composers" : [
      {
        "name" : {
          "en" : "Achu Rajamani",
          "hi" : "Achu Rajamani",
          "te" : "Achu Rajamani",
          "ta" : "அச்சு ராஜாமணி"
        }
      }
    ],
    "lyricists" : [
      {
        "name" : {
          "en" : "Karky",
          "hi" : "Karky",
          "te" : "Karky",
          "ta" : "கார்க்கி"
        }
      }
    ],
    "singers" : [
      {
        "name" : {
          "en" : "Achu Rajamani",
          "hi" : "Achu Rajamani",
          "te" : "Achu Rajamani",
          "ta" : "அச்சு ராஜாமணி"
        }
      }
    ],
    "translator" : [
      {
        "name" : {
          "en" : "Jayashree Ramanujam",
          "hi" : "Jayashree Ramanujam",
          "te" : "Jayashree Ramanujam",
          "ta" : "முகிலன்"
        }
      }
    ],
    "arrangers" : [
      {
        "name" : {
          "en" : "Achu Rajamani",
          "hi" : "Achu Rajamani",
          "te" : "Achu Rajamani",
          "ta" : "அச்சு ராஜாமணி"
        }
      }
    ],
    "producers" : [
      {
        "name" : {
          "en" : "Achu Rajamani",
          "hi" : "Achu Rajamani",
          "te" : "Achu Rajamani",
          "ta" : "அச்சு ராஜாமணி"
        }
      }
    ],
    "lyric_video_senior_editor" : [
      {
        "name" : {
          "en" : "Shyam Sundar Murugesan",
          "hi" : "Shyam Sundar Murugesan",
          "te" : "Shyam Sundar Murugesan",
          "ta" : "ஷியாம் சுந்தர் முருகேசன்"
        }
      }
    ],
    "recorded_studios" : [
      {
        "name" : {
          "en" : "Achus Hub",
          "hi" : "Achus Hub",
          "te" : "Achus Hub",
          "ta" : "அச்சுஸ் ஹப்"
        }
      }
    ],
    "lyric_art" : [
      {
        "name" : {
          "en" : "Muhilan",
          "hi" : "Muhilan",
          "te" : "Muhilan",
          "ta" : "ஜெயஸ்ரீ இராமானுஜம்"
        }
      }
    ],
    "manager_of_visual_content" : [
      {
        "name" : {
          "en" : "Gokula Krishnan R Vasugi, MFI",
          "hi" : "Gokula Krishnan R Vasugi, MFI",
          "te" : "Gokula Krishnan R Vasugi, MFI",
          "ta" : "கோகுல கிருஷ்ணன் R வாசுகி MFI"
        }
      }
    ],
    "sound_engineers" : [
      {
        "name" : {
          "en" : "Bibin Sabu",
          "hi" : "Bibin Sabu",
          "te" : "Bibin Sabu",
          "ta" : "பிபின் சாபு"
        }
      }
    ],
    "lyric_video_editor" : [
      {
        "name" : {
          "en" : "Mithran.B",
          "hi" : "Mithran.B",
          "te" : "Mithran.B",
          "ta" : "மித்திரன்.B"
        }
      }
    ]
  },
  "active" : true,
  "published_on" : "2016-05-28T12:30:00.000Z",
  "description" : {
    "en" : "All of us have moments of regret over the things we said and the things we missed out from expressing to our loved ones before they part. ‘Poai Vaa’ is a lilting dirge sung in loving memory of a departed soul, expressing guilt over unsaid ‘thank you-s’ and ‘sorry-s’.",
    "hi" : "All of us have moments of regret over the things we said and the things we missed out from expressing to our loved ones before they part. ‘Poai Vaa’ is a lilting dirge sung in loving memory of a departed soul, expressing guilt over unsaid ‘thank you-s’ and ‘sorry-s’.",
    "te" : "All of us have moments of regret over the things we said and the things we missed out from expressing to our loved ones before they part. ‘Poai Vaa’ is a lilting dirge sung in loving memory of a departed soul, expressing guilt over unsaid ‘thank you-s’ and ‘sorry-s’.",
    "ta" : "அன்புக்குரியவர்களிடம் தினமும் பேசினாலும், சொல்லநினைக்கிற எல்லாவற்றையுமா சொல்லிவிடுகிறோம்? எத்தனை 'நன்றி'கள், எத்தனை 'மன்னித்துவிடு'களைச் சொல்லநினைத்தும் சொல்லாமலிருக்கிறோம்! என்றைக்காவது அவர்கள் நம்மைவிட்டு நிரந்தரமாகப் பிரிந்துசென்றுவிட்டால், இவையெல்லாம் நம்மை எப்படி உறுத்தும்! இந்த நுட்பமான உளவியலைக் காட்சிப்படுத்தும் உருக்கமான பாடல், 'போய் வா'."
  },
  "poster" : "https:\/\/d1ua79hvv369a0.cloudfront.net\/reflection\/poster\/28_May-2016\/achu_tribute_cover.jpg",
  "album" : {
    "title" : {
      "en" : "Poai vaa",
      "hi" : "Poai vaa",
      "te" : "Poai vaa",
      "ta" : "Poai vaa"
    },
    "id" : "46",
    "thumbnail" : "https:\/\/d1ua79hvv369a0.cloudfront.net\/reflection\/thumbnail\/28-May-2016\/achu_tribute_thumb.jpg"
  },
  "critics" : [
    {
      "review" : {
        "instrument" : {
          "comment" : {
            "en" : "Simple yet amazing with more emphasis on the grandeur of WCM as well as Carnatic music.",
            "hi" : "Simple yet amazing with more emphasis on the grandeur of WCM as well as Carnatic music.",
            "te" : "Simple yet amazing with more emphasis on the grandeur of WCM as well as Carnatic music.",
            "ta" : "Simple yet amazing with more emphasis on the grandeur of WCM as well as Carnatic music."
          },
          "score" : 13
        },
        "overall" : {
          "comment" : {
            "en" : "Carnatic Shankarabharanam meets Bob Dylan!",
            "hi" : "Carnatic Shankarabharanam meets Bob Dylan!",
            "te" : "Carnatic Shankarabharanam meets Bob Dylan!",
            "ta" : "Carnatic Shankarabharanam meets Bob Dylan!"
          },
          "score" : 12.75
        },
        "vocal" : {
          "comment" : {
            "en" : "The vocals are totally unpretentious and at the same time make a lasting impact.",
            "hi" : "The vocals are totally unpretentious and at the same time make a lasting impact.",
            "te" : "The vocals are totally unpretentious and at the same time make a lasting impact.",
            "ta" : "Fantastic depiction of modern Shankarabharanam without losing the sanctity of the raagam."
          },
          "score" : 13
        },
        "tune" : {
          "comment" : {
            "en" : "Fantastic depiction of modern Shankarabharanam without losing the sanctity of the raagam.",
            "hi" : "Fantastic depiction of modern Shankarabharanam without losing the sanctity of the raagam.",
            "te" : "Fantastic depiction of modern Shankarabharanam without losing the sanctity of the raagam.",
            "ta" : "Fantastic depiction of modern Shankarabharanam without losing the sanctity of the raagam."
          },
          "score" : 13
        },
        "lyric" : {
          "comment" : {
            "en" : "Sweet and straightforward lyrics with overdose of sweetness and touch of quirkiness.",
            "hi" : "Sweet and straightforward lyrics with overdose of sweetness and touch of quirkiness.",
            "te" : "Sweet and straightforward lyrics with overdose of sweetness and touch of quirkiness.",
            "ta" : "Sweet and straightforward lyrics with overdose of sweetness and touch of quirkiness."
          },
          "score" : 12
        }
      },
      "author" : {
        "name" : "Durga",
        "image" : "https:\/\/d1ua79hvv369a0.cloudfront.net\/reflection\/critic\/critic-durga.png"
      },
      "rating" : 12.75
    },
    {
      "review" : {
        "instrument" : {
          "comment" : {
            "en" : "Reminds us of Rahman’s ‘Vellai Pookal’. Nice work on the guitars.",
            "hi" : "Reminds us of Rahman’s ‘Vellai Pookal’. Nice work on the guitars.",
            "te" : "Reminds us of Rahman’s ‘Vellai Pookal’. Nice work on the guitars.",
            "ta" : "Reminds us of Rahman’s ‘Vellai Pookal’. Nice work on the guitars."
          },
          "score" : 9
        },
        "overall" : {
          "comment" : {
            "en" : "Nice poignant melody on thanksgiving to a dear departed one.",
            "hi" : "Nice poignant melody on thanksgiving to a dear departed one.",
            "te" : "Nice poignant melody on thanksgiving to a dear departed one.",
            "ta" : "Nice poignant melody on thanksgiving to a dear departed one."
          },
          "score" : 8.25
        },
        "vocal" : {
          "comment" : {
            "en" : "The male singer has a nice bass voice, suited for such melodies.",
            "hi" : "The male singer has a nice bass voice, suited for such melodies.",
            "te" : "The male singer has a nice bass voice, suited for such melodies.",
            "ta" : "A lovely thanksgiving melody driven by pleasing guitars."
          },
          "score" : 8
        },
        "tune" : {
          "comment" : {
            "en" : "A lovely thanksgiving melody driven by pleasing guitars.",
            "hi" : "A lovely thanksgiving melody driven by pleasing guitars.",
            "te" : "A lovely thanksgiving melody driven by pleasing guitars.",
            "ta" : "A lovely thanksgiving melody driven by pleasing guitars."
          },
          "score" : 8
        },
        "lyric" : {
          "comment" : {
            "en" : "About the loss of a dear one, memories and thanksgiving.",
            "hi" : "About the loss of a dear one, memories and thanksgiving.",
            "te" : "About the loss of a dear one, memories and thanksgiving.",
            "ta" : "About the loss of a dear one, memories and thanksgiving."
          },
          "score" : 8
        }
      },
      "author" : {
        "name" : "Kaushik",
        "image" : "https:\/\/d1ua79hvv369a0.cloudfront.net\/reflection\/critic\/Kaushik-200x200.jpg"
      },
      "rating" : 8.25
    },
    {
      "review" : {
        "instrument" : {
          "comment" : {
            "en" : "Guitar-laden with some great use of strings too.",
            "hi" : "Guitar-laden with some great use of strings too.",
            "te" : "Guitar-laden with some great use of strings too.",
            "ta" : "Guitar-laden with some great use of strings too."
          },
          "score" : 9
        },
        "overall" : {
          "comment" : {
            "en" : "Nice melody that works as a somber reminder of better days of the past.",
            "hi" : "Nice melody that works as a somber reminder of better days of the past.",
            "te" : "Nice melody that works as a somber reminder of better days of the past.",
            "ta" : "Nice melody that works as a somber reminder of better days of the past."
          },
          "score" : 8.75
        },
        "vocal" : {
          "comment" : {
            "en" : "Very earnest male vocals, a bit too earnest and school-boyish perhaps, and that adds to the song’s feel.",
            "hi" : "Very earnest male vocals, a bit too earnest and school-boyish perhaps, and that adds to the song’s feel.",
            "te" : "Very earnest male vocals, a bit too earnest and school-boyish perhaps, and that adds to the song’s feel.",
            "ta" : "Pleasant semi-classical styled melody that possibly uses Neelmbari raga."
          },
          "score" : 9
        },
        "tune" : {
          "comment" : {
            "en" : "Pleasant semi-classical styled melody that possibly uses Neelmbari raga.",
            "hi" : "Pleasant semi-classical styled melody that possibly uses Neelmbari raga.",
            "te" : "Pleasant semi-classical styled melody that possibly uses Neelmbari raga.",
            "ta" : "Pleasant semi-classical styled melody that possibly uses Neelmbari raga."
          },
          "score" : 9
        },
        "lyric" : {
          "comment" : {
            "en" : "Evocative lines that expresses gratitude and longing in an interesting combo.",
            "hi" : "Evocative lines that expresses gratitude and longing in an interesting combo.",
            "te" : "Evocative lines that expresses gratitude and longing in an interesting combo.",
            "ta" : "Evocative lines that expresses gratitude and longing in an interesting combo."
          },
          "score" : 8
        }
      },
      "author" : {
        "name" : "Karthik",
        "image" : "https:\/\/d1ua79hvv369a0.cloudfront.net\/reflection\/critic\/critic-karthik.png"
      },
      "rating" : 8.75
    }
  ],
  "type" : {
    "slug" : "independent-music",
    "name" : "Independent Music"
  },
  "lyrics" : [
    {
      "data" : "Without you..<br>I'm distending...<br>As your memories...<br> <br>What's the sky you shaped for me?<br>What's the joy you showered for me?<br>For you to hear,<br>Never have I uttered that word called thank you<br>Now, to listen there's no you<br>Even then, I'm thanking you,<br>Adieu, to you!<br><br>Hand in hand with you <br>I crossed this far<br>Only as I spoke to you <br>I realised depth called love<br>You left me and went but…<br>as you, everything got set!<br>You went to see God…<br>You became my Lord…!<br><br>What's the sky you shaped for me?<br>What's the joy you showered for me?<br>For you to hear,<br>Never have I uttered that word called thank you<br>Now, to listen there's no you<br>Even then I'm thanking you,<br>Adieu, to you!",
      "language" : {
        "name" : "English",
        "code" : "en"
      }
    },
    {
      "data" : "நீ நீங்கியே...<br>நீள்கிறேன்...<br>உன் நினைவாய்...<br><br>எனக்காக நீ செய்த வானமென்ன?<br>எனக்காக நீ பெய்த இன்பமென்ன?<br>நான் அந்த நன்றி என்ற சொல்லை<br>நீ கேட்க என்றும் சொன்னதில்லை<br>இப்போது கேட்க நீயும் இல்லை<br>ஆனாலும் நன்றி சொல்லுகின்றேனே...<br>நீ போய் வா!<br><br>உன்னுடன் கைகள் கோர்த்து<br>இத்தனை தூரம் கடந்தேன்<br>உன்னோடு பேசும் போதே<br>அன்பெனும் ஆழம் உணர்ந்தேன்<br>எனை நீங்கிப் போனாய் ஆனால்...<br>எல்லாமே நீயே ஆனாய்!<br>தெய்வத்தைக் காணப் போனாய்...<br>என் தெய்வம் என்றே ஆனாயே...!<br><br>எனக்காக நீ செய்த வானமென்ன?<br>எனக்காக நீ பெய்த இன்பமென்ன?<br>நான் அந்த நன்றி என்ற சொல்லை<br>நீ கேட்க என்றும் சொன்னதில்லை<br>இப்போது கேட்க நீயும் இல்லை<br>ஆனாலும் நன்றி சொல்லுகின்றேனே...<br>நீ போய் வா!",
      "language" : {
        "name" : "Tamil",
        "code" : "ta"
      }
    }
  ],
  "id" : "62",
  "phonetic_lyrics" : [
    {
      "data" : "nee neenggiyae...<br>neeLkiRaen...<br>un ninaivaay...<br><br>enakkaaga nee seydha vaanamenna?<br>enakkaaga nee peydha inpamenna?<br>naan andhdha nandRi endRa sollai<br>nee kaetka endRum sonnadhillai<br>ippoadhu kaetka neeyum illai<br>aanaalum nandRi sollugindRaenae...<br>nee poay vaa!<br><br>unnudan kaigaL koarthu<br>ithanai thooram kadandhdhaen<br>unnoadu paesum poadhae<br>anpenum aazham uNarndhdhaen<br>enai neenggip poanaay aanaal...<br>ellaamae neeyae aanaay!<br>theyvathaik kaaNap poanaay...<br>en theyvam endRae aanaayae...!<br><br>enakkaaga nee seydha vaanamenna?<br>enakkaaga nee peydha inpamenna?<br>naan andhdha nandRi endRa sollai<br>nee kaetka endRum sonnadhillai<br>ippoadhu kaetka neeyum illai<br>aanaalum nandRi sollugindRaenae...<br>nee poay vaa!",
      "language" : {
        "name" : "English",
        "code" : "en"
      }
    },
    {
      "data" : "நீ நீங்கியே...<br>நீள்கிறேன்...<br>உன் நினைவாய்...<br><br>எனக்காக நீ செய்த வானமென்ன?<br>எனக்காக நீ பெய்த இன்பமென்ன?<br>நான் அந்த நன்றி என்ற சொல்லை<br>நீ கேட்க என்றும் சொன்னதில்லை<br>இப்போது கேட்க நீயும் இல்லை<br>ஆனாலும் நன்றி சொல்லுகின்றேனே...<br>நீ போய் வா!<br><br>உன்னுடன் கைகள் கோர்த்து<br>இத்தனை தூரம் கடந்தேன்<br>உன்னோடு பேசும் போதே<br>அன்பெனும் ஆழம் உணர்ந்தேன்<br>எனை நீங்கிப் போனாய் ஆனால்...<br>எல்லாமே நீயே ஆனாய்!<br>தெய்வத்தைக் காணப் போனாய்...<br>என் தெய்வம் என்றே ஆனாயே...!<br><br>எனக்காக நீ செய்த வானமென்ன?<br>எனக்காக நீ பெய்த இன்பமென்ன?<br>நான் அந்த நன்றி என்ற சொல்லை<br>நீ கேட்க என்றும் சொன்னதில்லை<br>இப்போது கேட்க நீயும் இல்லை<br>ஆனாலும் நன்றி சொல்லுகின்றேனே...<br>நீ போய் வா!",
      "language" : {
        "name" : "Tamil",
        "code" : "ta"
      }
    },
    {
      "data" : "नी नीङगिये... <br>नील्किड़ेन... <br>उन निनैवाय... <br> <br>एनक्काग नी सेयद वानम्एन्न? <br>एनक्काग नी पेयद इन्पम्एन्न? <br>नान अन्द द ननडरि एनडड़ सोललै <br>नी केटक एन्ड्ड़ुम सोन्नदिल्लै <br>इपपोदु केटक नीयुम इललै <br>आनालुम ननडरि सोल्लुगिन्ड्ड़ेने... <br>नी पोय वा! <br> <br>उन्नुडन कैगल कोरतु <br>इतनै तूरम कडन्द धेन <br>उननोडु पेसुम पोधे <br>अन्पेनुम आलम उंअर्न्द धेन <br>एनै नीङगिप पोनाय आनाल... <br>एल्लाम्ए नीये आनाय! <br>तेय्वतैक कांअप पोनाय... <br>एन तेयवम एनडड़े आनाये...! <br> <br>एनक्काग नी सेयद वानम्एन्न? <br>एनक्काग नी पेयद इन्पम्एन्न? <br>नान अन्द द ननडरि एनडड़ सोललै <br>नी केटक एन्ड्ड़ुम सोन्नदिल्लै <br>इपपोदु केटक नीयुम इललै <br>आनालुम ननडरि सोल्लुगिन्ड्ड़ेने... <br>नी पोय वा!",
      "language" : {
        "name" : "Hindi",
        "code" : "hi"
      }
    },
    {
      "data" : "నె నెఙ్గియే... <br>నెళ్కిఱేన్... <br>ఉన్ నినైవాయ్... <br> <br>ఎనక్కాగ నె సెయ్ధ వానమ్యెన్న? <br>ఎనక్కాగ నె పెయ్ధ ఇన్పమ్యెన్న? <br>నాన్ అన్ధ్ధ నన్ద్ఱి ఎన్ద్ఱ సొల్లై <br>నె కేత్క ఎన్ద్ఱుమ్ సొన్నధిల్లై <br>ఇప్పోధు కేత్క నెయుమ్ ఇల్లై <br>ఆనాలుమ్ నన్ద్ఱి సొలౢగిన్ద్ఱేనే... <br>నె పోయ్ వా! <br> <br>ఉన్నుదన్ కైగళ్ కోర్థు <br>ఇథనై థూరమ్ కదన్ధ్ధేన్ <br>ఉన్నోదు పేసుమ్ పోధే <br>అన్పెనుమ్ ఆలమ్ ఉంయర్న్ధ్ధేన్ <br>ఎనై నెఙ్గిప్ పోనాయ్ ఆనాల్... <br>ఎల్లామ్యే నెయే ఆనాయ్! <br>థెయ్వథైక్ కాంయప్ పోనాయ్... <br>ఎన్ థెయ్వమ్ ఎన్ద్ఱే ఆనాయే...! <br> <br>ఎనక్కాగ నె సెయ్ధ వానమ్యెన్న? <br>ఎనక్కాగ నె పెయ్ధ ఇన్పమ్యెన్న? <br>నాన్ అన్ధ్ధ నన్ద్ఱి ఎన్ద్ఱ సొల్లై <br>నె కేత్క ఎన్ద్ఱుమ్ సొన్నధిల్లై <br>ఇప్పోధు కేత్క నెయుమ్ ఇల్లై <br>ఆనాలుమ్ నన్ద్ఱి సొలౢగిన్ద్ఱేనే... <br>నె పోయ్ వా!",
      "language" : {
        "name" : "Telugu",
        "code" : "te"
      }
    },
    {
      "data" : "നീ നീങ്ഗിയേ... <br>നീള്കിറേന്... <br>ഉന് നിനൈവായ്... <br> <br>എനക്കാഗ നീ സെയ്ധ വാനമ്യെന്ന? <br>എനക്കാഗ നീ പെയ്ധ ഇന്പമ്യെന്ന? <br>നാന് അന്ധ്ധ നന്ദ്റി എന്ദ്റ സൊല്ലൈ <br>നീ കേത്ക എന്ദ്റുമ് സൊന്നധില്ലൈ <br>ഇപ്പോധു കേത്ക നീയുമ് ഇല്ലൈ <br>ആനാലുമ് നന്ദ്റി സൊല്ലുഗിന്ദ്റേനേ... <br>നീ പോയ് വാ! <br> <br>ഉന്നുദന് കൈഗള് കോര്ഥു <br>ഇഥനൈ ഥൂരമ് കദന്ധ്ധേന് <br>ഉന്നോദു പേസുമ് പോധേ <br>അന്പെനുമ് ആഴമ് ഉംയര്ന്ധ്ധേന് <br>എനൈ നീങ്ഗിപ് പോനായ് ആനാല്... <br>എല്ലാമ്യേ നീയേ ആനായ്! <br>ഥെയ്വഥൈക് കാംയപ് പോനായ്... <br>എന് ഥെയ്വമ് എന്ദ്റേ ആനായേ...! <br> <br>എനക്കാഗ നീ സെയ്ധ വാനമ്യെന്ന? <br>എനക്കാഗ നീ പെയ്ധ ഇന്പമ്യെന്ന? <br>നാന് അന്ധ്ധ നന്ദ്റി എന്ദ്റ സൊല്ലൈ <br>നീ കേത്ക എന്ദ്റുമ് സൊന്നധില്ലൈ <br>ഇപ്പോധു കേത്ക നീയുമ് ഇല്ലൈ <br>ആനാലുമ് നന്ദ്റി സൊല്ലുഗിന്ദ്റേനേ... <br>നീ പോയ് വാ!",
      "language" : {
        "name" : "Malayalam",
        "code" : "ml"
      }
    },
    {
      "data" : "ನೀ ನೀಙ್ಗಿಯೇ... <br>ನೀಳ್ಕಿರೇನ್... <br>ಉನ್ ನಿನೈವಾಯ್... <br> <br>ಎನಕ್ಕಾಗ ನೀ ಸೆಯ್ಧ ವಾನಮ್ಯೆನ್ನ? <br>ಎನಕ್ಕಾಗ ನೀ ಪೆಯ್ಧ ಇನ್ಪಮ್ಯೆನ್ನ? <br>ನಾನ್ ಅನ್ಧ್ಧ ನನ್ದ್ರಿ ಎನ್ದ್ರ ಸೊಲ್ಲೈ <br>ನೀ ಕೇತ್ಕ ಎನ್ದ್ರುಮ್ ಸೊನ್ನಧಿಲ್ಲೈ <br>ಇಪ್ಪೋಧು ಕೇತ್ಕ ನೀಯುಮ್ ಇಲ್ಲೈ <br>ಆನಾಲುಮ್ ನನ್ದ್ರಿ ಸೊಲ್ಲುಗಿನ್ದ್ರೇನೇ... <br>ನೀ ಪೋಯ್ ವಾ! <br> <br>ಉನ್ನುದನ್ ಕೈಗಳ್ ಕೋರ್ಥು <br>ಇಥನೈ ಥೂರಮ್ ಕದನ್ಧ್ಧೇನ್ <br>ಉನ್ನೋದು ಪೇಸುಮ್ ಪೋಧೇ <br>ಅನ್ಪೆನುಮ್ ಆಲಮ್ ಉಂಯರ್ನ್ಧ್ಧೇನ್ <br>ಎನೈ ನೀಙ್ಗಿಪ್ ಪೋನಾಯ್ ಆನಾಲ್... <br>ಎಲ್ಲಾಮ್ಯೇ ನೀಯೇ ಆನಾಯ್! <br>ಥೆಯ್ವಥೈಕ್ ಕಾಂಯಪ್ ಪೋನಾಯ್... <br>ಎನ್ ಥೆಯ್ವಮ್ ಎನ್ದ್ರೇ ಆನಾಯೇ...! <br> <br>ಎನಕ್ಕಾಗ ನೀ ಸೆಯ್ಧ ವಾನಮ್ಯೆನ್ನ? <br>ಎನಕ್ಕಾಗ ನೀ ಪೆಯ್ಧ ಇನ್ಪಮ್ಯೆನ್ನ? <br>ನಾನ್ ಅನ್ಧ್ಧ ನನ್ದ್ರಿ ಎನ್ದ್ರ ಸೊಲ್ಲೈ <br>ನೀ ಕೇತ್ಕ ಎನ್ದ್ರುಮ್ ಸೊನ್ನಧಿಲ್ಲೈ <br>ಇಪ್ಪೋಧು ಕೇತ್ಕ ನೀಯುಮ್ ಇಲ್ಲೈ <br>ಆನಾಲುಮ್ ನನ್ದ್ರಿ ಸೊಲ್ಲುಗಿನ್ದ್ರೇನೇ... <br>ನೀ ಪೋಯ್ ವಾ!",
      "language" : {
        "name" : "Kanadam",
        "code" : "ka"
      }
    },
    {
      "data" : "নী নীঙ্গিযে... <br>নীল্কিড়েন্... <br>উন্ নিনৈৱায্... <br> <br>এনক্কাগ নী সেয্ধ ৱানম্যেন্ন? <br>এনক্কাগ নী পেয্ধ ইন্পম্যেন্ন? <br>নান্ অন্ধ্ধ নন্দ্ড়ি এন্দ্ড় সোল্লৈ <br>নী কেত্ক এন্দ্ড়ুম্ সোন্নধিল্লৈ <br>ইপ্পোধু কেত্ক নীযুম্ ইল্লৈ <br>আনালুম্ নন্দ্ড়ি সোল্লুগিন্দ্ড়েনে... <br>নী পোয্ ৱা! <br> <br>উন্নুদন্ কৈগল্ কোর্থু <br>ইথনৈ থূরম্ কদন্ধ্ধেন্ <br>উন্নোদু পেসুম্ পোধে <br>অন্পেনুম্ আলম্ উঁযর্ন্ধ্ধেন্ <br>এনৈ নীঙ্গিপ্ পোনায্ আনাল্... <br>এল্লাম্যে নীযে আনায্! <br>থেয্ৱথৈক্ কাঁযপ্ পোনায্... <br>এন্ থেয্ৱম্ এন্দ্ড়ে আনাযে...! <br> <br>এনক্কাগ নী সেয্ধ ৱানম্যেন্ন? <br>এনক্কাগ নী পেয্ধ ইন্পম্যেন্ন? <br>নান্ অন্ধ্ধ নন্দ্ড়ি এন্দ্ড় সোল্লৈ <br>নী কেত্ক এন্দ্ড়ুম্ সোন্নধিল্লৈ <br>ইপ্পোধু কেত্ক নীযুম্ ইল্লৈ <br>আনালুম্ নন্দ্ড়ি সোল্লুগিন্দ্ড়েনে... <br>নী পোয্ ৱা!",
      "language" : {
        "name" : "Bengali",
        "code" : "be"
      }
    },
    {
      "data" : "ણી ણીઙ્ગિયૅ... <br>ણીળ્કિરૅન્... <br>ઉન્ ણિનૈવાય્... <br> <br>એનક્કાગ ણી સેય્ધ વાનમ્યેન્ન? <br>એનક્કાગ ણી પેય્ધ ઇન્પમ્યેન્ન? <br>ણાન્ અન્ધ્ધ ણન્દ્રિ એન્દ્ર સોલ્લૈ <br>ણી કૅત્ક એન્દ્રુમ્ સોન્નધિલ્લૈ <br>ઇપ્પૉધુ કૅત્ક ણીયુમ્ ઇલ્લૈ <br>આનાલુમ્ ણન્દ્રિ સોલ્લુગિન્દ્રૅનૅ... <br>ણી પૉય્ વા! <br> <br>ઉન્નુદન્ કૈગળ્ કૉર્થુ <br>ઇથનૈ થૂરમ્ કદન્ધ્ધૅન્ <br>ઉન્નૉદુ પૅસુમ્ પૉધૅ <br>અન્પેનુમ્ આલમ્ ઉંયર્ન્ધ્ધૅન્ <br>એનૈ ણીઙ્ગિપ્ પૉનાય્ આનાલ્... <br>એલ્લામ્યૅ ણીયૅ આનાય્! <br>થેય્વથૈક્ કાંયપ્ પૉનાય્... <br>એન્ થેય્વમ્ એન્દ્રૅ આનાયૅ...! <br> <br>એનક્કાગ ણી સેય્ધ વાનમ્યેન્ન? <br>એનક્કાગ ણી પેય્ધ ઇન્પમ્યેન્ન? <br>ણાન્ અન્ધ્ધ ણન્દ્રિ એન્દ્ર સોલ્લૈ <br>ણી કૅત્ક એન્દ્રુમ્ સોન્નધિલ્લૈ <br>ઇપ્પૉધુ કૅત્ક ણીયુમ્ ઇલ્લૈ <br>આનાલુમ્ ણન્દ્રિ સોલ્લુગિન્દ્રૅનૅ... <br>ણી પૉય્ વા!",
      "language" : {
        "name" : "Gujarathi",
        "code" : "gu"
      }
    },
    {
      "data" : "नी नीङगिये... <br>नील्किड़ेन... <br>उन निनैवाय... <br> <br>एनक्काग नी सेयद वानम्एन्न? <br>एनक्काग नी पेयद इन्पम्एन्न? <br>नान अन्द द ननडरि एनडड़ सोललै <br>नी केटक एन्ड्ड़ुम सोन्नदिल्लै <br>इपपोदु केटक नीयुम इललै <br>आनालुम ननडरि सोल्लुगिन्ड्ड़ेने... <br>नी पोय वा! <br> <br>उन्नुडन कैगल कोरतु <br>इतनै तूरम कडन्द धेन <br>उननोडु पेसुम पोधे <br>अन्पेनुम आलम उंअर्न्द धेन <br>एनै नीङगिप पोनाय आनाल... <br>एल्लाम्ए नीये आनाय! <br>तेय्वतैक कांअप पोनाय... <br>एन तेयवम एनडड़े आनाये...! <br> <br>एनक्काग नी सेयद वानम्एन्न? <br>एनक्काग नी पेयद इन्पम्एन्न? <br>नान अन्द द ननडरि एनडड़ सोललै <br>नी केटक एन्ड्ड़ुम सोन्नदिल्लै <br>इपपोदु केटक नीयुम इललै <br>आनालुम ननडरि सोल्लुगिन्ड्ड़ेने... <br>नी पोय वा!",
      "language" : {
        "name" : "Marathi",
        "code" : "mr"
      }
    },
    {
      "data" : "ନୀ ନୀଙ୍ଗିଯେ... <br>ନୀଲ୍କିଡ଼େନ୍... <br>ଉନ୍ ନିନୈୱାଯ୍... <br> <br>ଏନକ୍କାଗ ନୀ ସେଯ୍ଧ ୱାନମ୍ଯେନ୍ନ? <br>ଏନକ୍କାଗ ନୀ ପେଯ୍ଧ ଇନ୍ପମ୍ଯେନ୍ନ? <br>ନାନ୍ ଅନ୍ଧ୍ଧ ନନ୍ଦ୍ଡ଼ି ଏନ୍ଦ୍ଡ଼ ସୋଳ୍ଳୈ <br>ନୀ କେତ୍କ ଏନ୍ଦ୍ଡ଼ୁମ୍ ସୋନ୍ନଧିଳ୍ଳୈ <br>ଇପ୍ପୋଧୁ କେତ୍କ ନୀଯୁମ୍ ଇଳ୍ଳୈ <br>ଆନାଳୁମ୍ ନନ୍ଦ୍ଡ଼ି ସୋଳୢଗିନ୍ଦ୍ଡ଼େନେ... <br>ନୀ ପୋଯ୍ ୱା! <br> <br>ଉନ୍ନୁଦନ୍ କୈଗଲ୍ କୋର୍ଥୁ <br>ଇଥନୈ ଥୂରମ୍ କଦନ୍ଧ୍ଧେନ୍ <br>ଉନ୍ନୋଦୁ ପେସୁମ୍ ପୋଧେ <br>ଅନ୍ପେନୁମ୍ ଆଳମ୍ ଉଂଯର୍ନ୍ଧ୍ଧେନ୍ <br>ଏନୈ ନୀଙ୍ଗିପ୍ ପୋନାଯ୍ ଆନାଳ୍... <br>ଏଳ୍ଳାମ୍ଯେ ନୀଯେ ଆନାଯ୍! <br>ଥେଯ୍ୱଥୈକ୍ କାଂଯପ୍ ପୋନାଯ୍... <br>ଏନ୍ ଥେଯ୍ୱମ୍ ଏନ୍ଦ୍ଡ଼େ ଆନାଯେ...! <br> <br>ଏନକ୍କାଗ ନୀ ସେଯ୍ଧ ୱାନମ୍ଯେନ୍ନ? <br>ଏନକ୍କାଗ ନୀ ପେଯ୍ଧ ଇନ୍ପମ୍ଯେନ୍ନ? <br>ନାନ୍ ଅନ୍ଧ୍ଧ ନନ୍ଦ୍ଡ଼ି ଏନ୍ଦ୍ଡ଼ ସୋଳ୍ଳୈ <br>ନୀ କେତ୍କ ଏନ୍ଦ୍ଡ଼ୁମ୍ ସୋନ୍ନଧିଳ୍ଳୈ <br>ଇପ୍ପୋଧୁ କେତ୍କ ନୀଯୁମ୍ ଇଳ୍ଳୈ <br>ଆନାଳୁମ୍ ନନ୍ଦ୍ଡ଼ି ସୋଳୢଗିନ୍ଦ୍ଡ଼େନେ... <br>ନୀ ପୋଯ୍ ୱା!",
      "language" : {
        "name" : "Oriya",
        "code" : "or"
      }
    },
    {
      "data" : "नी नीङगिये... <br>नील्किड़ेन... <br>उन निनैवाय... <br> <br>एनक्काग नी सेयद वानम्एन्न? <br>एनक्काग नी पेयद इन्पम्एन्न? <br>नान अन्द द ननडरि एनडड़ सोललै <br>नी केटक एन्ड्ड़ुम सोन्नदिल्लै <br>इपपोदु केटक नीयुम इललै <br>आनालुम ननडरि सोल्लुगिन्ड्ड़ेने... <br>नी पोय वा! <br> <br>उन्नुडन कैगल कोरतु <br>इतनै तूरम कडन्द धेन <br>उननोडु पेसुम पोधे <br>अन्पेनुम आलम उंअर्न्द धेन <br>एनै नीङगिप पोनाय आनाल... <br>एल्लाम्ए नीये आनाय! <br>तेय्वतैक कांअप पोनाय... <br>एन तेयवम एनडड़े आनाये...! <br> <br>एनक्काग नी सेयद वानम्एन्न? <br>एनक्काग नी पेयद इन्पम्एन्न? <br>नान अन्द द ननडरि एनडड़ सोललै <br>नी केटक एन्ड्ड़ुम सोन्नदिल्लै <br>इपपोदु केटक नीयुम इललै <br>आनालुम ननडरि सोल्लुगिन्ड्ड़ेने... <br>नी पोय वा!",
      "language" : {
        "name" : "konkani",
        "code" : "ko"
      }
    }
  ],
  "mood" : {
    "slug" : "sad",
    "name" : "Sad"
  },
  "thumbnail" : "https:\/\/d1ua79hvv369a0.cloudfront.net\/reflection\/thumbnail\/28-May-2016\/achu_tribute_thumb.jpg",
  "language" : {
    "name" : "Tamil",
    "code" : "ta"
  },
  "slug" : "poai-vaa",
  "info" : {
    "lyric_languages" : [
      {
        "name" : {
          "en" : "Tamil",
          "hi" : "Tamil",
          "te" : "Tamil",
          "ta" : "தமிழ்"
        }
      }
    ],
    "best_times_to_listen" : [
      {
        "name" : {
          "en" : "Morning",
          "hi" : "Morning",
          "te" : "Morning",
          "ta" : "காலை"
        }
      },
      {
        "name" : {
          "en" : "Evening",
          "hi" : "Evening",
          "te" : "Evening",
          "ta" : "மாலை"
        }
      }
    ],
    "thaalams" : [
      {
        "name" : {
          "en" : "Adi Taalam (4 by 4 in WCM)",
          "hi" : "Adi Taalam (4 by 4 in WCM)",
          "te" : "Adi Taalam (4 by 4 in WCM)",
          "ta" : "ஆதி தாளம் (4 by 4 in WCM)"
        }
      }
    ],
    "lyric_moods" : [
      {
        "name" : {
          "en" : "Sad",
          "hi" : "Sad",
          "te" : "Sad",
          "ta" : "சோகம்"
        }
      }
    ],
    "music_genres" : [
      {
        "name" : {
          "en" : "Fusion",
          "hi" : "Fusion",
          "te" : "Fusion",
          "ta" : "கலவை"
        }
      }
    ],
    "best_seasons_to_listen" : [
      {
        "name" : {
          "en" : "Rain",
          "hi" : "Rain",
          "te" : "Rain",
          "ta" : "மழைக் காலம்"
        }
      },
      {
        "name" : {
          "en" : "Summer",
          "hi" : "Summer",
          "te" : "Summer",
          "ta" : "கோடைக் காலம்"
        }
      }
    ],
    "duration" : 3.27,
    "lyric_styles" : [
      {
        "name" : {
          "en" : "Traditional",
          "hi" : "Traditional",
          "te" : "Traditional",
          "ta" : "செம்மொழி நடை"
        }
      }
    ],
    "lyric_genres" : [
      {
        "name" : {
          "en" : "Relation",
          "hi" : "Relation",
          "te" : "Relation",
          "ta" : "உறவு"
        }
      }
    ],
    "launch_date" : {
      "en" : "28\/05\/2016",
      "hi" : "28\/05\/2016",
      "te" : "28\/05\/2016",
      "ta" : "28\/05\/2016"
    },
    "raagams" : [
      {
        "name" : {
          "en" : "Shankarabharanam (WCM C Major scale)",
          "hi" : "Shankarabharanam (WCM C Major scale)",
          "te" : "Shankarabharanam (WCM C Major scale)",
          "ta" : "சங்கராபரணம்  (WCM C Major scale)"
        }
      }
    ]
  }
}