{
  "title" : {
    "en" : "Poga poga theriyum",
    "hi" : "Poga poga theriyum",
    "te" : "Poga poga theriyum",
    "ta" : "போக போக தெரியும்"
  },
  "credits" : {
    "mixers" : [
      {
        "name" : {
          "en" : "Krishna Chetan",
          "hi" : "Krishna Chetan",
          "te" : "Krishna Chetan",
          "ta" : "கிருஷ்ணா சேட்டன்"
        }
      }
    ],
    "masters" : [
      {
        "name" : {
          "en" : "Suresh Permal",
          "hi" : "Suresh Permal",
          "te" : "Suresh Permal",
          "ta" : "சுரேஷ் பெருமாள்"
        }
      }
    ],
    "composers" : [
      {
        "name" : {
          "en" : "Krishna chetan",
          "hi" : "Krishna chetan",
          "te" : "Krishna chetan",
          "ta" : "கிருஷ்ணா சேட்டன்"
        }
      }
    ],
    "lyricists" : [
      {
        "name" : {
          "en" : "Kannadasan",
          "hi" : "Kannadasan",
          "te" : "Kannadasan",
          "ta" : "கண்ணதாசன்"
        }
      }
    ],
    "singers" : [
      {
        "name" : {
          "en" : "Nikitha Gandhi",
          "hi" : "Nikitha Gandhi",
          "te" : "Nikitha Gandhi",
          "ta" : "நிகிதா காந்தி"
        }
      },
      {
        "name" : {
          "en" : "Krishna Chetan",
          "hi" : "Krishna Chetan",
          "te" : "Krishna Chetan",
          "ta" : "கிருஷ்ணா சேட்டன்"
        }
      }
    ],
    "arrangers" : [
      {
        "name" : {
          "en" : "Krishna Chetan",
          "hi" : "Krishna Chetan",
          "te" : "Krishna Chetan",
          "ta" : "கிருஷ்ணா சேட்டன்"
        }
      },
      {
        "name" : {
          "en" : "Hentry Kuruvilla",
          "hi" : "Hentry Kuruvilla",
          "te" : "Hentry Kuruvilla",
          "ta" : "ஹெண்ட்ரி குருவில்லா"
        }
      }
    ],
    "producers" : [
      {
        "name" : {
          "en" : "Krishna Chetan",
          "hi" : "Krishna Chetan",
          "te" : "Krishna Chetan",
          "ta" : "கிருஷ்ணா சேட்டன்"
        }
      },
      {
        "name" : {
          "en" : "DooPaaDoo",
          "hi" : "DooPaaDoo",
          "te" : "DooPaaDoo",
          "ta" : "டூபாடூ"
        }
      }
    ],
    "recorded_studios" : [
      {
        "name" : {
          "en" : "Am studios",
          "hi" : "Am studios",
          "te" : "Am studios",
          "ta" : "ஆம் ஸ்டுடியோஸ்"
        }
      }
    ],
    "lyric_video_images" : [
      {
        "name" : {
          "en" : "Enthrall Communication",
          "hi" : "Enthrall Communication",
          "te" : "Enthrall Communication",
          "ta" : "எந்திரால் கம்யுனிகேசன்"
        }
      }
    ],
    "manager_of_visual_content" : [
      {
        "name" : {
          "en" : "Gokula Krishnan R Vasugi, MFI",
          "hi" : "Gokula Krishnan R Vasugi, MFI",
          "te" : "Gokula Krishnan R Vasugi, MFI",
          "ta" : "கோகுல கிருஷ்ணன் R வாசுகி MFI"
        }
      }
    ],
    "editor" : [
      {
        "name" : {
          "en" : "Mithran.B",
          "hi" : "Mithran.B",
          "te" : "Mithran.B",
          "ta" : "மித்திரன்.B"
        }
      }
    ],
    "senior_editor" : [
      {
        "name" : {
          "en" : "Shyam Sundar Murugesan",
          "hi" : "Shyam Sundar Murugesan",
          "te" : "Shyam Sundar Murugesan",
          "ta" : "ஷியாம் சுந்தர் முருகேசன்"
        }
      }
    ],
    "sound_engineers" : [
      {
        "name" : {
          "en" : "Krishna Chetan",
          "hi" : "Krishna Chetan",
          "te" : "Krishna Chetan",
          "ta" : "கிருஷ்ணா சேட்டன்"
        }
      }
    ]
  },
  "active" : true,
  "published_on" : "2016-05-01T12:30:00.000Z",
  "description" : {
    "en" : "Kannadasan’s yesteryear hit, an evergreen melody – Poga Poga Theriyum has been rendered with modern beats and given a new tune to make it a contemporary love number. Upon repeated listening, this song will become an easy favourite.",
    "hi" : "Kannadasan’s yesteryear hit, an evergreen melody – Poga Poga Theriyum has been rendered with modern beats and given a new tune to make it a contemporary love number. Upon repeated listening, this song will become an easy favourite.",
    "te" : "Kannadasan’s yesteryear hit, an evergreen melody – Poga Poga Theriyum has been rendered with modern beats and given a new tune to make it a contemporary love number. Upon repeated listening, this song will become an easy favourite.",
    "ta" : "கண்ணதாசன் எழுதி மிகப் பிரபலமான ‘போகப்போகத் தெரியும்’ இப்போது புதுவடிவம் பெறுகிறது. நவீன தாளங்கள், புதிய மெட்டு என இன்றைய காதல் பாடலைப்போல் மின்னுகிறது. இதைக் கேட்கக்கேட்க, இந்தப் பாடல் உங்களுக்கு மிகவும் பிடித்ததாகிவிடும்!"
  },
  "poster" : "https:\/\/d1ua79hvv369a0.cloudfront.net\/reflection\/poster\/01-May-2016\/poga_poga_theriyum_cover.jpg",
  "album" : {
    "title" : {
      "en" : "Meendum Kannadasan",
      "hi" : "Meendum Kannadasan",
      "te" : "Meendum Kannadasan",
      "ta" : "Meendum Kannadasan"
    },
    "id" : "23",
    "thumbnail" : "https:\/\/d1ua79hvv369a0.cloudfront.net\/reflection\/thumbnail\/01-May-2016\/poga_poga_theriyum_thumb.jpg"
  },
  "musics" : [
    {
      "players" : [
        {
          "name" : {
            "en" : "Keba",
            "hi" : "Keba",
            "te" : "Keba",
            "ta" : "கேபா"
          }
        }
      ],
      "instrument" : {
        "name" : {
          "name" : {
            "en" : "Guitars",
            "hi" : "Guitars",
            "te" : "Guitars",
            "ta" : "கிட்டார்"
          }
        }
      }
    }
  ],
  "critics" : [
    {
      "review" : {
        "instrument" : {
          "comment" : {
            "en" : "The best part of the song. The new sound fits the older lyrics well and the arrangements accentuate the moody outlook of the tune well.",
            "hi" : "The best part of the song. The new sound fits the older lyrics well and the arrangements accentuate the moody outlook of the tune well.",
            "te" : "The best part of the song. The new sound fits the older lyrics well and the arrangements accentuate the moody outlook of the tune well.",
            "ta" : "The best part of the song. The new sound fits the older lyrics well and the arrangements accentuate the moody outlook of the tune well."
          },
          "score" : 10
        },
        "overall" : {
          "comment" : {
            "en" : "Good recreation marred by occasionally bad singing.",
            "hi" : "Good recreation marred by occasionally bad singing.",
            "te" : "Good recreation marred by occasionally bad singing.",
            "ta" : "Good recreation marred by occasionally bad singing."
          },
          "score" : 10
        },
        "vocal" : {
          "comment" : {
            "en" : "The female vocals are fantastic, for the moody new tune, but the male vocals is pretty bad, given the way it handles Tamil diction (including ‘vili’ for ‘vizhi’).",
            "hi" : "The female vocals are fantastic, for the moody new tune, but the male vocals is pretty bad, given the way it handles Tamil diction (including ‘vili’ for ‘vizhi’).",
            "te" : "The female vocals are fantastic, for the moody new tune, but the male vocals is pretty bad, given the way it handles Tamil diction (including ‘vili’ for ‘vizhi’).",
            "ta" : "An interesting and imaginative reworking of Server Sundaram’s original song by Viswanathan-Ramamurthy."
          }
        },
        "tune" : {
          "comment" : {
            "en" : "An interesting and imaginative reworking of Server Sundaram’s original song by Viswanathan-Ramamurthy.",
            "hi" : "An interesting and imaginative reworking of Server Sundaram’s original song by Viswanathan-Ramamurthy.",
            "te" : "An interesting and imaginative reworking of Server Sundaram’s original song by Viswanathan-Ramamurthy.",
            "ta" : "An interesting and imaginative reworking of Server Sundaram’s original song by Viswanathan-Ramamurthy."
          },
          "score" : 11
        },
        "lyric" : {
          "comment" : {
            "en" : "The older lyrics fits well with the new melody!",
            "hi" : "The older lyrics fits well with the new melody!",
            "te" : "The older lyrics fits well with the new melody!",
            "ta" : "The older lyrics fits well with the new melody!"
          },
          "score" : 9
        }
      },
      "author" : {
        "name" : "Karthik",
        "image" : "https:\/\/d1ua79hvv369a0.cloudfront.net\/reflection\/critic\/critic-karthik.png"
      },
      "rating" : 10
    },
    {
      "review" : {
        "instrument" : {
          "comment" : {
            "en" : "Unexpected chord progression with impressive classical essence makes it a great listen.",
            "hi" : "Unexpected chord progression with impressive classical essence makes it a great listen.",
            "te" : "Unexpected chord progression with impressive classical essence makes it a great listen.",
            "ta" : "Unexpected chord progression with impressive classical essence makes it a great listen."
          },
          "score" : 10
        },
        "overall" : {
          "comment" : {
            "en" : "A perfect laze out song which suits lounge and chill out listening.",
            "hi" : "A perfect laze out song which suits lounge and chill out listening.",
            "te" : "A perfect laze out song which suits lounge and chill out listening.",
            "ta" : "A perfect laze out song which suits lounge and chill out listening."
          },
          "score" : 9.5
        },
        "vocal" : {
          "comment" : {
            "en" : "The vocals have a sultry yet breezy feel which is a new experiment.",
            "hi" : "The vocals have a sultry yet breezy feel which is a new experiment.",
            "te" : "The vocals have a sultry yet breezy feel which is a new experiment.",
            "ta" : "Typically contemporary with the right changeovers in place."
          },
          "score" : 9
        },
        "tune" : {
          "comment" : {
            "en" : "Typically contemporary with the right changeovers in place.",
            "hi" : "Typically contemporary with the right changeovers in place.",
            "te" : "Typically contemporary with the right changeovers in place.",
            "ta" : "Typically contemporary with the right changeovers in place."
          },
          "score" : 10
        },
        "lyric" : {
          "comment" : {
            "en" : "Lyrics follow the keep it simple motto and stay true to it.",
            "hi" : "Lyrics follow the keep it simple motto and stay true to it.",
            "te" : "Lyrics follow the keep it simple motto and stay true to it.",
            "ta" : "Lyrics follow the keep it simple motto and stay true to it."
          },
          "score" : 9
        }
      },
      "author" : {
        "name" : "Durga",
        "image" : "https:\/\/d1ua79hvv369a0.cloudfront.net\/reflection\/critic\/critic-durga.png"
      },
      "rating" : 9.5
    }
  ],
  "type" : {
    "slug" : "independent-music",
    "name" : "Independent Music"
  },
  "lyrics" : [
    {
      "data" : "With time it'll be revealed<br>this flower's scent will be sensed<br>With time it'll be revealed<br>this flower's scent will be sensed<br><br>A tune will evolve at heart<br>with it, beats of adoration will unite<br>A tune will evolve at heart<br>with it, beats of adoration will unite<br><br>With time it'll be revealed<br>this flower's scent will be sensed<br>With time it'll be revealed<br>this flower's scent will be sensed<br><br>What's up with those little deceptive eyes?<br>what's up with covering those under hand’s guise?<br>What's up with those little deceptive eyes<br>what's up with covering those under hand’s guise?<br><br>Even as outfit shakes and dances,<br>why not ready for staging a dance with me?<br><br>With time it'll be revealed<br>this flower's scent will be sensed<br>With time it'll be revealed<br>this flower's scent will be sensed<br><br>If I behold, it would be your body<br>If I listen, it would be your name<br>If I behold, it would be your body<br>If I listen, it would be your name<br><br>Even as my love is setting up a path for you,<br>why not setting on the journey, oh you?!<br><br>Day and time will strike<br>Doors of our love will raise<br>Our eyes will flutter then<br>Your cheeks will turn red, when?<br><br>With time it'll be revealed<br>this flower's scent will be sensed<br>With time it'll be revealed<br>this flower's scent will be sensed<br>",
      "language" : {
        "name" : "English",
        "code" : "en"
      }
    },
    {
      "data" : "போக போக தெரியும்<br>இந்த பூவின் வாசம் புரியும்<br>போக போக தெரியும்<br>இந்த பூவின் வாசம் புரியும்<br><br>ஒரு ராகம் நெஞ்சினில் விளையும்<br>திரு தாளம் அதிலே இணையும்<br>ஒரு ராகம் நெஞ்சினில் விளையும்<br>திரு தாளம் அதிலே இணையும்<br><br>போக போக தெரியும்<br>இந்த பூவின் வாசம் புரியும்<br>போக போக தெரியும்<br>இந்த பூவின் வாசம் புரியும்<br><br>கள்ள விழி கொஞ்சம் சிரிப்பதென்ன<br>கைகள் அதை மெல்ல மறைப்பதென்ன<br>கள்ள விழி கொஞ்சம் சிரிப்பதென்ன<br>கைகள் அதை மெல்ல மறைப்பதென்ன<br><br>பொன்னாடை தள்ளாட மேடை என்னோடு<br>ஆட வாராமல் இருப்பதென்ன<br><br>போக போக தெரியும்<br>இந்த பூவின் வாசம் புரியும்<br>போக போக தெரியும்<br>இந்த பூவின் வாசம் புரியும்<br><br>பார்த்தால் உன் மேனி பார்த்திருப்பேன்<br>கேட்டால் உன் பேரை கேட்டிருப்பேன்<br>பார்த்தால் உன் மேனி பார்த்திருப்பேன்<br>கேட்டால் உன் பேரை கேட்டிருப்பேன்<br><br>என் காதல் உனக்காக பாதை வகுத்தாலும்<br>பயணம் வாராமல் இருப்பதென்ன<br><br>காலம் நேரம் பிறக்கும்<br>நம் காதல் கதவுகள் திறக்கும்<br>நம் கண்கள் அப்போது துடிக்கும்<br>உன் கன்னம் எப்போது சிவக்கும்<br><br>போக போக தெரியும்<br>இந்த பூவின் வாசம் புரியும்<br>போக போக தெரியும்<br>இந்த பூவின் வாசம் புரியும்",
      "language" : {
        "name" : "Tamil",
        "code" : "ta"
      }
    }
  ],
  "id" : "36",
  "phonetic_lyrics" : [
    {
      "data" : "poaga poaga theriyum<br>indhdha poovin vaasam puriyum<br>poaga poaga theriyum<br>indhdha poovin vaasam puriyum<br><br>oru raagam nenjjinil viLaiyum<br>thiru thaaLam adhilae iNaiyum<br>oru raagam nenjjinil viLaiyum<br>thiru thaaLam adhilae iNaiyum<br><br>poaga poaga theriyum<br>indhdha poovin vaasam puriyum<br>poaga poaga theriyum<br>indhdha poovin vaasam puriyum<br><br>kaLLa vizhi konjam sirippadhenna<br>kaigaL adhai mella maRaippadhenna<br>kaLLa vizhi konjam sirippadhenna<br>kaigaL adhai mella maRaippadhenna<br><br>ponnaadai thaLLaada maedai ennoadu<br>aada vaaraamal iruppadhenna<br><br>poaga poaga theriyum<br>indhdha poovin vaasam puriyum<br>poaga poaga theriyum<br>indhdha poovin vaasam puriyum<br><br>paarthaal un maeni paarthiruppaen<br>kaettaal un paerai kaettiruppaen<br>paarthaal un maeni paarthiruppaen<br>kaettaal un paerai kaettiruppaen<br><br>en kaadhal unakkaaga paadhai vaguthaalum<br>payaNam vaaraamal iruppadhenna<br><br>kaalam naeram piRakkum<br>nam kaadhal kadhavugaL thiRakkum<br>nam kaNkaL appoadhu thudikkum<br>un kannam eppoadhu sivakkum<br><br>poaga poaga theriyum<br>indhdha poovin vaasam puriyum<br>poaga poaga theriyum<br>indhdha poovin vaasam puriyum",
      "language" : {
        "name" : "English",
        "code" : "en"
      }
    },
    {
      "data" : "போக போக தெரியும்<br>இந்த பூவின் வாசம் புரியும்<br>போக போக தெரியும்<br>இந்த பூவின் வாசம் புரியும்<br><br>ஒரு ராகம் நெஞ்சினில் விளையும்<br>திரு தாளம் அதிலே இணையும்<br>ஒரு ராகம் நெஞ்சினில் விளையும்<br>திரு தாளம் அதிலே இணையும்<br><br>போக போக தெரியும்<br>இந்த பூவின் வாசம் புரியும்<br>போக போக தெரியும்<br>இந்த பூவின் வாசம் புரியும்<br><br>கள்ள விழி கொஞ்சம் சிரிப்பதென்ன<br>கைகள் அதை மெல்ல மறைப்பதென்ன<br>கள்ள விழி கொஞ்சம் சிரிப்பதென்ன<br>கைகள் அதை மெல்ல மறைப்பதென்ன<br><br>பொன்னாடை தள்ளாட மேடை என்னோடு<br>ஆட வாராமல் இருப்பதென்ன<br><br>போக போக தெரியும்<br>இந்த பூவின் வாசம் புரியும்<br>போக போக தெரியும்<br>இந்த பூவின் வாசம் புரியும்<br><br>பார்த்தால் உன் மேனி பார்த்திருப்பேன்<br>கேட்டால் உன் பேரை கேட்டிருப்பேன்<br>பார்த்தால் உன் மேனி பார்த்திருப்பேன்<br>கேட்டால் உன் பேரை கேட்டிருப்பேன்<br><br>என் காதல் உனக்காக பாதை வகுத்தாலும்<br>பயணம் வாராமல் இருப்பதென்ன<br><br>காலம் நேரம் பிறக்கும்<br>நம் காதல் கதவுகள் திறக்கும்<br>நம் கண்கள் அப்போது துடிக்கும்<br>உன் கன்னம் எப்போது சிவக்கும்<br><br>போக போக தெரியும்<br>இந்த பூவின் வாசம் புரியும்<br>போக போக தெரியும்<br>இந்த பூவின் வாசம் புரியும்",
      "language" : {
        "name" : "Tamil",
        "code" : "ta"
      }
    },
    {
      "data" : "पोग पोग तेरियुम <br>इन्द द पूविन वासम पुरियुम <br>पोग पोग तेरियुम <br>इन्द द पूविन वासम पुरियुम <br> <br>ओरु रागम नेञ्जिनिल विळैयुम <br>तिरु ताळम अदिले इंऐयुम <br>ओरु रागम नेञ्जिनिल विळैयुम <br>तिरु ताळम अदिले इंऐयुम <br> <br>पोग पोग तेरियुम <br>इन्द द पूविन वासम पुरियुम <br>पोग पोग तेरियुम <br>इन्द द पूविन वासम पुरियुम <br> <br>कलळ विलि कोञम सिरिप्पदेन्न <br>कैगल अधै म्एलल म्अड़ैप्पदेन्न <br>कलळ विलि कोञम सिरिप्पदेन्न <br>कैगल अधै म्एलल म्अड़ैप्पदेन्न <br> <br>पोननाडै तलऴाड म्एडै एननोडु <br>आड वाराम्अल इरुप्पदेन्न <br> <br>पोग पोग तेरियुम <br>इन्द द पूविन वासम पुरियुम <br>पोग पोग तेरियुम <br>इन्द द पूविन वासम पुरियुम <br> <br>पारताल उन म्एनि पार्तिरुप्पेन <br>केटटाल उन पेरै केट्टिरुप्पेन <br>पारताल उन म्एनि पार्तिरुप्पेन <br>केटटाल उन पेरै केट्टिरुप्पेन <br> <br>एन कादल उनक्काग पाधै वगुतालुम <br>पयंअम वाराम्अल इरुप्पदेन्न <br><br>कालम नेरम पिड़क्कुम <br>नम कादल कदवुगल तिड़क्कुम <br>नम कंकल अपपोदु तुडिक्कुम <br>उन कननम एपपोदु सिवक्कुम <br> <br>पोग पोग तेरियुम <br>इन्द द पूविन वासम पुरियुम <br>पोग पोग तेरियुम <br>इन्द द पूविन वासम पुरियुम",
      "language" : {
        "name" : "Hindi",
        "code" : "hi"
      }
    },
    {
      "data" : "పోగ పోగ థెరియుమ్ <br>ఇన్ధ్ధ పూవిన్ వాసమ్ పురియుమ్ <br>పోగ పోగ థెరియుమ్ <br>ఇన్ధ్ధ పూవిన్ వాసమ్ పురియుమ్ <br> <br>ఒరు రాగమ్ నెఞ్జినిల్ విళైయుమ్ <br>థిరు థాళమ్ అధిలే ఇంయైయుమ్ <br>ఒరు రాగమ్ నెఞ్జినిల్ విళైయుమ్ <br>థిరు థాళమ్ అధిలే ఇంయైయుమ్ <br> <br>పోగ పోగ థెరియుమ్ <br>ఇన్ధ్ధ పూవిన్ వాసమ్ పురియుమ్ <br>పోగ పోగ థెరియుమ్ <br>ఇన్ధ్ధ పూవిన్ వాసమ్ పురియుమ్ <br> <br>కళ్ళ విలి కొఞమ్ సిరిప్పధెన్న <br>కైగళ్ అధై మ్యెల్ల మ్యఱైప్పధెన్న <br>కళ్ళ విలి కొఞమ్ సిరిప్పధెన్న <br>కైగళ్ అధై మ్యెల్ల మ్యఱైప్పధెన్న <br> <br>పొన్నాదై థళ్ళాద మ్యేదై ఎన్నోదు <br>ఆద వారామ్యల్ ఇరుప్పధెన్న <br> <br>పోగ పోగ థెరియుమ్ <br>ఇన్ధ్ధ పూవిన్ వాసమ్ పురియుమ్ <br>పోగ పోగ థెరియుమ్ <br>ఇన్ధ్ధ పూవిన్ వాసమ్ పురియుమ్ <br> <br>పార్థాల్ ఉన్ మ్యేని పార్థిరుప్పేన్ <br>కేత్తాల్ ఉన్ పేరై కేత్తిరుప్పేన్ <br>పార్థాల్ ఉన్ మ్యేని పార్థిరుప్పేన్ <br>కేత్తాల్ ఉన్ పేరై కేత్తిరుప్పేన్ <br> <br>ఎన్ కాధల్ ఉనక్కాగ పాధై వగుథాలుమ్ <br>పయంయమ్ వారామ్యల్ ఇరుప్పధెన్న <br> <br>కాలమ్ నేరమ్ పిఱక్కుమ్ <br>నమ్ కాధల్ కధవుగళ్ థిఱక్కుమ్ <br>నమ్ కంకళ్ అప్పోధు థుదిక్కుమ్ <br>ఉన్ కన్నమ్ ఎప్పోధు సివక్కుమ్ <br> <br>పోగ పోగ థెరియుమ్ <br>ఇన్ధ్ధ పూవిన్ వాసమ్ పురియుమ్ <br>పోగ పోగ థెరియుమ్ <br>ఇన్ధ్ధ పూవిన్ వాసమ్ పురియుమ్ ",
      "language" : {
        "name" : "Telugu",
        "code" : "te"
      }
    },
    {
      "data" : "പോഗ പോഗ ഥെരിയുമ് <br>ഇന്ധ്ധ പൂവിന് വാസമ് പുരിയുമ് <br>പോഗ പോഗ ഥെരിയുമ് <br>ഇന്ധ്ധ പൂവിന് വാസമ് പുരിയുമ് <br> <br>ഒരു രാഗമ് നെഞ്ജിനില് വിളൈയുമ് <br>ഥിരു ഥാളമ് അധിലേ ഇംയൈയുമ് <br>ഒരു രാഗമ് നെഞ്ജിനില് വിളൈയുമ് <br>ഥിരു ഥാളമ് അധിലേ ഇംയൈയുമ് <br> <br>പോഗ പോഗ ഥെരിയുമ് <br>ഇന്ധ്ധ പൂവിന് വാസമ് പുരിയുമ് <br>പോഗ പോഗ ഥെരിയുമ് <br>ഇന്ധ്ധ പൂവിന് വാസമ് പുരിയുമ് <br> <br>കള്ള വിഴി കൊഞമ് സിരിപ്പധെന്ന <br>കൈഗള് അധൈ മ്യെല്ല മ്യറൈപ്പധെന്ന <br>കള്ള വിഴി കൊഞമ് സിരിപ്പധെന്ന <br>കൈഗള് അധൈ മ്യെല്ല മ്യറൈപ്പധെന്ന <br> <br>പൊന്നാദൈ ഥള്ളാദ മ്യേദൈ എന്നോദു <br>ആദ വാരാമ്യല് ഇരുപ്പധെന്ന <br> <br>പോഗ പോഗ ഥെരിയുമ് <br>ഇന്ധ്ധ പൂവിന് വാസമ് പുരിയുമ് <br>പോഗ പോഗ ഥെരിയുമ് <br>ഇന്ധ്ധ പൂവിന് വാസമ് പുരിയുമ് <br> <br>പാര്ഥാല് ഉന് മ്യേനി പാര്ഥിരുപ്പേന് <br>കേത്താല് ഉന് പേരൈ കേത്തിരുപ്പേന് <br>പാര്ഥാല് ഉന് മ്യേനി പാര്ഥിരുപ്പേന് <br>കേത്താല് ഉന് പേരൈ കേത്തിരുപ്പേന് <br> <br>എന് കാധല് ഉനക്കാഗ പാധൈ വഗുഥാലുമ് <br>പയംയമ് വാരാമ്യല് ഇരുപ്പധെന്ന <br> <br>കാലമ് നേരമ് പിറക്കുമ് <br>നമ് കാധല് കധവുഗള് ഥിറക്കുമ് <br>നമ് കംകള് അപ്പോധു ഥുദിക്കുമ് <br>ഉന് കന്നമ് എപ്പോധു സിവക്കുമ് <br> <br>പോഗ പോഗ ഥെരിയുമ് <br>ഇന്ധ്ധ പൂവിന് വാസമ് പുരിയുമ് <br>പോഗ പോഗ ഥെരിയുമ് <br>ഇന്ധ്ധ പൂവിന് വാസമ് പുരിയുമ് ",
      "language" : {
        "name" : "Malayalam",
        "code" : "ml"
      }
    },
    {
      "data" : "ಪೋಗ ಪೋಗ ಥೆರಿಯುಮ್ <br>ಇನ್ಧ್ಧ ಪೂವಿನ್ ವಾಸಮ್ ಪುರಿಯುಮ್ <br>ಪೋಗ ಪೋಗ ಥೆರಿಯುಮ್ <br>ಇನ್ಧ್ಧ ಪೂವಿನ್ ವಾಸಮ್ ಪುರಿಯುಮ್ <br> <br>ಒರು ರಾಗಮ್ ನೆಞ್ಜಿನಿಲ್ ವಿಳೈಯುಮ್ <br>ಥಿರು ಥಾಳಮ್ ಅಧಿಲೇ ಇಂಯೈಯುಮ್ <br>ಒರು ರಾಗಮ್ ನೆಞ್ಜಿನಿಲ್ ವಿಳೈಯುಮ್ <br>ಥಿರು ಥಾಳಮ್ ಅಧಿಲೇ ಇಂಯೈಯುಮ್ <br> <br>ಪೋಗ ಪೋಗ ಥೆರಿಯುಮ್ <br>ಇನ್ಧ್ಧ ಪೂವಿನ್ ವಾಸಮ್ ಪುರಿಯುಮ್ <br>ಪೋಗ ಪೋಗ ಥೆರಿಯುಮ್ <br>ಇನ್ಧ್ಧ ಪೂವಿನ್ ವಾಸಮ್ ಪುರಿಯುಮ್ <br> <br>ಕಳ್ಳ ವಿಲಿ ಕೊಞಮ್ ಸಿರಿಪ್ಪಧೆನ್ನ <br>ಕೈಗಳ್ ಅಧೈ ಮ್ಯೆಲ್ಲ ಮ್ಯರೈಪ್ಪಧೆನ್ನ <br>ಕಳ್ಳ ವಿಲಿ ಕೊಞಮ್ ಸಿರಿಪ್ಪಧೆನ್ನ <br>ಕೈಗಳ್ ಅಧೈ ಮ್ಯೆಲ್ಲ ಮ್ಯರೈಪ್ಪಧೆನ್ನ <br> <br>ಪೊನ್ನಾದೈ ಥಳ್ಳಾದ ಮ್ಯೇದೈ ಎನ್ನೋದು <br>ಆದ ವಾರಾಮ್ಯಲ್ ಇರುಪ್ಪಧೆನ್ನ <br> <br>ಪೋಗ ಪೋಗ ಥೆರಿಯುಮ್ <br>ಇನ್ಧ್ಧ ಪೂವಿನ್ ವಾಸಮ್ ಪುರಿಯುಮ್ <br>ಪೋಗ ಪೋಗ ಥೆರಿಯುಮ್ <br>ಇನ್ಧ್ಧ ಪೂವಿನ್ ವಾಸಮ್ ಪುರಿಯುಮ್ <br> <br>ಪಾರ್ಥಾಲ್ ಉನ್ ಮ್ಯೇನಿ ಪಾರ್ಥಿರುಪ್ಪೇನ್ <br>ಕೇತ್ತಾಲ್ ಉನ್ ಪೇರೈ ಕೇತ್ತಿರುಪ್ಪೇನ್ <br>ಪಾರ್ಥಾಲ್ ಉನ್ ಮ್ಯೇನಿ ಪಾರ್ಥಿರುಪ್ಪೇನ್ <br>ಕೇತ್ತಾಲ್ ಉನ್ ಪೇರೈ ಕೇತ್ತಿರುಪ್ಪೇನ್ <br> <br>ಎನ್ ಕಾಧಲ್ ಉನಕ್ಕಾಗ ಪಾಧೈ ವಗುಥಾಲುಮ್ <br>ಪಯಂಯಮ್ ವಾರಾಮ್ಯಲ್ ಇರುಪ್ಪಧೆನ್ನ <br> <br>ಕಾಲಮ್ ನೇರಮ್ ಪಿರಕ್ಕುಮ್ <br>ನಮ್ ಕಾಧಲ್ ಕಧವುಗಳ್ ಥಿರಕ್ಕುಮ್ <br>ನಮ್ ಕಂಕಳ್ ಅಪ್ಪೋಧು ಥುದಿಕ್ಕುಮ್ <br>ಉನ್ ಕನ್ನಮ್ ಎಪ್ಪೋಧು ಸಿವಕ್ಕುಮ್ <br> <br>ಪೋಗ ಪೋಗ ಥೆರಿಯುಮ್ <br>ಇನ್ಧ್ಧ ಪೂವಿನ್ ವಾಸಮ್ ಪುರಿಯುಮ್ <br>ಪೋಗ ಪೋಗ ಥೆರಿಯುಮ್ <br>ಇನ್ಧ್ಧ ಪೂವಿನ್ ವಾಸಮ್ ಪುರಿಯುಮ್ ",
      "language" : {
        "name" : "Kanadam",
        "code" : "ka"
      }
    },
    {
      "data" : "পোগ পোগ থেরিযুম্ <br>ইন্ধ্ধ পূৱিন্ ৱাসম্ পুরিযুম্ <br>পোগ পোগ থেরিযুম্ <br>ইন্ধ্ধ পূৱিন্ ৱাসম্ পুরিযুম্ <br> <br>ওরু রাগম্ নেঞ্জিনিল্ ৱিলৈযুম্ <br>থিরু থালম্ অধিলে ইঁযৈযুম্ <br>ওরু রাগম্ নেঞ্জিনিল্ ৱিলৈযুম্ <br>থিরু থালম্ অধিলে ইঁযৈযুম্ <br> <br>পোগ পোগ থেরিযুম্ <br>ইন্ধ্ধ পূৱিন্ ৱাসম্ পুরিযুম্ <br>পোগ পোগ থেরিযুম্ <br>ইন্ধ্ধ পূৱিন্ ৱাসম্ পুরিযুম্ <br> <br>কল্ল ৱিলি কোঞম্ সিরিপ্পধেন্ন <br>কৈগল্ অধৈ ম্যেল্ল ম্যড়ৈপ্পধেন্ন <br>কল্ল ৱিলি কোঞম্ সিরিপ্পধেন্ন <br>কৈগল্ অধৈ ম্যেল্ল ম্যড়ৈপ্পধেন্ন <br> <br>পোন্নাদৈ থল্লাদ ম্যেদৈ এন্নোদু <br>আদ ৱারাম্যল্ ইরুপ্পধেন্ন <br> <br>পোগ পোগ থেরিযুম্ <br>ইন্ধ্ধ পূৱিন্ ৱাসম্ পুরিযুম্ <br>পোগ পোগ থেরিযুম্ <br>ইন্ধ্ধ পূৱিন্ ৱাসম্ পুরিযুম্ <br> <br>পার্থাল্ উন্ ম্যেনি পার্থিরুপ্পেন্ <br>কেত্তাল্ উন্ পেরৈ কেত্তিরুপ্পেন্ <br>পার্থাল্ উন্ ম্যেনি পার্থিরুপ্পেন্ <br>কেত্তাল্ উন্ পেরৈ কেত্তিরুপ্পেন্ <br> <br>এন্ কাধল্ উনক্কাগ পাধৈ ৱগুথালুম্ <br>পযঁযম্ ৱারাম্যল্ ইরুপ্পধেন্ন <br> <br>কালম্ নেরম্ পিড়ক্কুম্ <br>নম্ কাধল্ কধৱুগল্ থিড়ক্কুম্ <br>নম্ কঁকল্ অপ্পোধু থুদিক্কুম্ <br>উন্ কন্নম্ এপ্পোধু সিৱক্কুম্ <br> <br>পোগ পোগ থেরিযুম্ <br>ইন্ধ্ধ পূৱিন্ ৱাসম্ পুরিযুম্ <br>পোগ পোগ থেরিযুম্ <br>ইন্ধ্ধ পূৱিন্ ৱাসম্ পুরিযুম্ ",
      "language" : {
        "name" : "Bengali",
        "code" : "be"
      }
    },
    {
      "data" : "પૉગ પૉગ થેરિયુમ્ <br>ઇન્ધ્ધ પૂવિન્ વાસમ્ પુરિયુમ્ <br>પૉગ પૉગ થેરિયુમ્ <br>ઇન્ધ્ધ પૂવિન્ વાસમ્ પુરિયુમ્ <br> <br>ઓરુ રાગમ્ ણેઞ્જિનિલ્ વિળૈયુમ્ <br>થિરુ થાળમ્ અધિલૅ ઇંયૈયુમ્ <br>ઓરુ રાગમ્ ણેઞ્જિનિલ્ વિળૈયુમ્ <br>થિરુ થાળમ્ અધિલૅ ઇંયૈયુમ્ <br> <br>પૉગ પૉગ થેરિયુમ્ <br>ઇન્ધ્ધ પૂવિન્ વાસમ્ પુરિયુમ્ <br>પૉગ પૉગ થેરિયુમ્ <br>ઇન્ધ્ધ પૂવિન્ વાસમ્ પુરિયુમ્ <br> <br>કળ્ળ વિલિ કોઞમ્ સિરિપ્પધેન્ન <br>કૈગળ્ અધૈ મ્યેલ્લ મ્યરૈપ્પધેન્ન <br>કળ્ળ વિલિ કોઞમ્ સિરિપ્પધેન્ન <br>કૈગળ્ અધૈ મ્યેલ્લ મ્યરૈપ્પધેન્ન <br> <br>પોન્નાદૈ થળ્ળાદ મ્યૅદૈ એન્નૉદુ <br>આદ વારામ્યલ્ ઇરુપ્પધેન્ન <br> <br>પૉગ પૉગ થેરિયુમ્ <br>ઇન્ધ્ધ પૂવિન્ વાસમ્ પુરિયુમ્ <br>પૉગ પૉગ થેરિયુમ્ <br>ઇન્ધ્ધ પૂવિન્ વાસમ્ પુરિયુમ્ <br> <br>પાર્થાલ્ ઉન્ મ્યૅનિ પાર્થિરુપ્પૅન્ <br>કૅત્તાલ્ ઉન્ પૅરૈ કૅત્તિરુપ્પૅન્ <br>પાર્થાલ્ ઉન્ મ્યૅનિ પાર્થિરુપ્પૅન્ <br>કૅત્તાલ્ ઉન્ પૅરૈ કૅત્તિરુપ્પૅન્ <br> <br>એન્ કાધલ્ ઉનક્કાગ પાધૈ વગુથાલુમ્ <br>પયંયમ્ વારામ્યલ્ ઇરુપ્પધેન્ન <br> <br>કાલમ્ ણૅરમ્ પિરક્કુમ્ <br>ણમ્ કાધલ્ કધવુગળ્ થિરક્કુમ્ <br>ણમ્ કંકળ્ અપ્પૉધુ થુદિક્કુમ્ <br>ઉન્ કન્નમ્ એપ્પૉધુ સિવક્કુમ્ <br> <br>પૉગ પૉગ થેરિયુમ્ <br>ઇન્ધ્ધ પૂવિન્ વાસમ્ પુરિયુમ્ <br>પૉગ પૉગ થેરિયુમ્ <br>ઇન્ધ્ધ પૂવિન્ વાસમ્ પુરિયુમ્ ",
      "language" : {
        "name" : "Gujarathi",
        "code" : "gu"
      }
    },
    {
      "data" : "पोग पोग तेरियुम <br>इन्द द पूविन वासम पुरियुम <br>पोग पोग तेरियुम <br>इन्द द पूविन वासम पुरियुम <br> <br>ओरु रागम नेञ्जिनिल विळैयुम <br>तिरु ताळम अदिले इंऐयुम <br>ओरु रागम नेञ्जिनिल विळैयुम <br>तिरु ताळम अदिले इंऐयुम <br> <br>पोग पोग तेरियुम <br>इन्द द पूविन वासम पुरियुम <br>पोग पोग तेरियुम <br>इन्द द पूविन वासम पुरियुम <br> <br>कलळ विलि कोञम सिरिप्पदेन्न <br>कैगल अधै म्एलल म्अड़ैप्पदेन्न <br>कलळ विलि कोञम सिरिप्पदेन्न <br>कैगल अधै म्एलल म्अड़ैप्पदेन्न <br> <br>पोननाडै तलऴाड म्एडै एननोडु <br>आड वाराम्अल इरुप्पदेन्न <br> <br>पोग पोग तेरियुम <br>इन्द द पूविन वासम पुरियुम <br>पोग पोग तेरियुम <br>इन्द द पूविन वासम पुरियुम <br> <br>पारताल उन म्एनि पार्तिरुप्पेन <br>केटटाल उन पेरै केट्टिरुप्पेन <br>पारताल उन म्एनि पार्तिरुप्पेन <br>केटटाल उन पेरै केट्टिरुप्पेन <br> <br>एन कादल उनक्काग पाधै वगुतालुम <br>पयंअम वाराम्अल इरुप्पदेन्न <br><br>कालम नेरम पिड़क्कुम <br>नम कादल कदवुगल तिड़क्कुम <br>नम कंकल अपपोदु तुडिक्कुम <br>उन कननम एपपोदु सिवक्कुम <br> <br>पोग पोग तेरियुम <br>इन्द द पूविन वासम पुरियुम <br>पोग पोग तेरियुम <br>इन्द द पूविन वासम पुरियुम",
      "language" : {
        "name" : "Marathi",
        "code" : "mr"
      }
    },
    {
      "data" : "ପୋଗ ପୋଗ ଥେରିଯୁମ୍ <br>ଇନ୍ଧ୍ଧ ପୂୱିନ୍ ୱାସମ୍ ପୁରିଯୁମ୍ <br>ପୋଗ ପୋଗ ଥେରିଯୁମ୍ <br>ଇନ୍ଧ୍ଧ ପୂୱିନ୍ ୱାସମ୍ ପୁରିଯୁମ୍ <br> <br>ଓରୁ ରାଗମ୍ ନେଞ୍ଜିନିଳ୍ ୱିଲୈଯୁମ୍ <br>ଥିରୁ ଥାଲମ୍ ଅଧିଳେ ଇଂଯୈଯୁମ୍ <br>ଓରୁ ରାଗମ୍ ନେଞ୍ଜିନିଳ୍ ୱିଲୈଯୁମ୍ <br>ଥିରୁ ଥାଲମ୍ ଅଧିଳେ ଇଂଯୈଯୁମ୍ <br> <br>ପୋଗ ପୋଗ ଥେରିଯୁମ୍ <br>ଇନ୍ଧ୍ଧ ପୂୱିନ୍ ୱାସମ୍ ପୁରିଯୁମ୍ <br>ପୋଗ ପୋଗ ଥେରିଯୁମ୍ <br>ଇନ୍ଧ୍ଧ ପୂୱିନ୍ ୱାସମ୍ ପୁରିଯୁମ୍ <br> <br>କଲ୍ଲ ୱିଳି କୋଞମ୍ ସିରିପ୍ପଧେନ୍ନ <br>କୈଗଲ୍ ଅଧୈ ମ୍ଯେଳ୍ଳ ମ୍ଯଡ଼ୈପ୍ପଧେନ୍ନ <br>କଲ୍ଲ ୱିଳି କୋଞମ୍ ସିରିପ୍ପଧେନ୍ନ <br>କୈଗଲ୍ ଅଧୈ ମ୍ଯେଳ୍ଳ ମ୍ଯଡ଼ୈପ୍ପଧେନ୍ନ <br> <br>ପୋନ୍ନାଦୈ ଥଲ୍ଲାଦ ମ୍ଯେଦୈ ଏନ୍ନୋଦୁ <br>ଆଦ ୱାରାମ୍ଯଳ୍ ଇରୁପ୍ପଧେନ୍ନ <br> <br>ପୋଗ ପୋଗ ଥେରିଯୁମ୍ <br>ଇନ୍ଧ୍ଧ ପୂୱିନ୍ ୱାସମ୍ ପୁରିଯୁମ୍ <br>ପୋଗ ପୋଗ ଥେରିଯୁମ୍ <br>ଇନ୍ଧ୍ଧ ପୂୱିନ୍ ୱାସମ୍ ପୁରିଯୁମ୍ <br> <br>ପାର୍ଥାଳ୍ ଉନ୍ ମ୍ଯେନି ପାର୍ଥିରୁପ୍ପେନ୍ <br>କେତ୍ତାଳ୍ ଉନ୍ ପେରୈ କେତ୍ତିରୁପ୍ପେନ୍ <br>ପାର୍ଥାଳ୍ ଉନ୍ ମ୍ଯେନି ପାର୍ଥିରୁପ୍ପେନ୍ <br>କେତ୍ତାଳ୍ ଉନ୍ ପେରୈ କେତ୍ତିରୁପ୍ପେନ୍ <br> <br>ଏନ୍ କାଧଳ୍ ଉନକ୍କାଗ ପାଧୈ ୱଗୁଥାଳୁମ୍ <br>ପଯଂଯମ୍ ୱାରାମ୍ଯଳ୍ ଇରୁପ୍ପଧେନ୍ନ <br> <br>କାଳମ୍ ନେରମ୍ ପିଡ଼କ୍କୁମ୍ <br>ନମ୍ କାଧଳ୍ କଧୱୁଗଲ୍ ଥିଡ଼କ୍କୁମ୍ <br>ନମ୍ କଂକଲ୍ ଅପ୍ପୋଧୁ ଥୁଦିକ୍କୁମ୍ <br>ଉନ୍ କନ୍ନମ୍ ଏପ୍ପୋଧୁ ସିୱକ୍କୁମ୍ <br> <br>ପୋଗ ପୋଗ ଥେରିଯୁମ୍ <br>ଇନ୍ଧ୍ଧ ପୂୱିନ୍ ୱାସମ୍ ପୁରିଯୁମ୍ <br>ପୋଗ ପୋଗ ଥେରିଯୁମ୍ <br>ଇନ୍ଧ୍ଧ ପୂୱିନ୍ ୱାସମ୍ ପୁରିଯୁମ୍ ",
      "language" : {
        "name" : "Oriya",
        "code" : "or"
      }
    },
    {
      "data" : "पोग पोग तेरियुम <br>इन्द द पूविन वासम पुरियुम <br>पोग पोग तेरियुम <br>इन्द द पूविन वासम पुरियुम <br> <br>ओरु रागम नेञ्जिनिल विळैयुम <br>तिरु ताळम अदिले इंऐयुम <br>ओरु रागम नेञ्जिनिल विळैयुम <br>तिरु ताळम अदिले इंऐयुम <br> <br>पोग पोग तेरियुम <br>इन्द द पूविन वासम पुरियुम <br>पोग पोग तेरियुम <br>इन्द द पूविन वासम पुरियुम <br> <br>कलळ विलि कोञम सिरिप्पदेन्न <br>कैगल अधै म्एलल म्अड़ैप्पदेन्न <br>कलळ विलि कोञम सिरिप्पदेन्न <br>कैगल अधै म्एलल म्अड़ैप्पदेन्न <br> <br>पोननाडै तलऴाड म्एडै एननोडु <br>आड वाराम्अल इरुप्पदेन्न <br> <br>पोग पोग तेरियुम <br>इन्द द पूविन वासम पुरियुम <br>पोग पोग तेरियुम <br>इन्द द पूविन वासम पुरियुम <br> <br>पारताल उन म्एनि पार्तिरुप्पेन <br>केटटाल उन पेरै केट्टिरुप्पेन <br>पारताल उन म्एनि पार्तिरुप्पेन <br>केटटाल उन पेरै केट्टिरुप्पेन <br> <br>एन कादल उनक्काग पाधै वगुतालुम <br>पयंअम वाराम्अल इरुप्पदेन्न <br><br>कालम नेरम पिड़क्कुम <br>नम कादल कदवुगल तिड़क्कुम <br>नम कंकल अपपोदु तुडिक्कुम <br>उन कननम एपपोदु सिवक्कुम <br> <br>पोग पोग तेरियुम <br>इन्द द पूविन वासम पुरियुम <br>पोग पोग तेरियुम <br>इन्द द पूविन वासम पुरियुम",
      "language" : {
        "name" : "konkani",
        "code" : "ko"
      }
    }
  ],
  "mood" : {
    "slug" : "happy",
    "name" : "Happy"
  },
  "thumbnail" : "https:\/\/d1ua79hvv369a0.cloudfront.net\/reflection\/thumbnail\/01-May-2016\/poga_poga_theriyum_thumb.jpg",
  "language" : {
    "name" : "Tamil",
    "code" : "ta"
  },
  "slug" : "poga-poga-theriyum",
  "info" : {
    "lyric_genres" : [
      {
        "name" : {
          "en" : "Romance",
          "hi" : "Romance",
          "te" : "Romance",
          "ta" : "காதல்"
        }
      }
    ],
    "thaalams" : [
      {
        "name" : {
          "en" : "Adi Thalam",
          "hi" : "Adi Thalam",
          "te" : "Adi Thalam",
          "ta" : "அடி தாளம்"
        }
      }
    ],
    "lyric_languages" : [
      {
        "name" : {
          "en" : "Tamil",
          "hi" : "Tamil",
          "te" : "Tamil",
          "ta" : "தமிழ்"
        }
      }
    ],
    "lyric_moods" : [
      {
        "name" : {
          "en" : "Happy",
          "hi" : "Happy",
          "te" : "Happy",
          "ta" : "மகிழ்ச்சி"
        }
      }
    ],
    "music_genres" : [
      {
        "name" : {
          "en" : "Neoclassical new-age",
          "hi" : "Neoclassical new-age",
          "te" : "Neoclassical new-age",
          "ta" : "நியு கிளாசிக்கல் நியு ஏஜ்"
        }
      },
      {
        "name" : {
          "en" : "Modern Jazz",
          "hi" : "Modern Jazz",
          "te" : "Modern Jazz",
          "ta" : "மாடர்ன் ஜாஸ்"
        }
      }
    ],
    "best_seasons_to_listen" : [
      {
        "name" : {
          "en" : "Winter",
          "hi" : "Winter",
          "te" : "Winter",
          "ta" : "குளிர்காலம்"
        }
      },
      {
        "name" : {
          "en" : "Autumn",
          "hi" : "Autumn",
          "te" : "Autumn",
          "ta" : "இலையுதிர் காலம்"
        }
      }
    ],
    "launch_date" : {
      "en" : "01\/05\/2016",
      "hi" : "01\/05\/2016",
      "te" : "01\/05\/2016",
      "ta" : "01\/05\/2016"
    },
    "lyric_styles" : [
      {
        "name" : {
          "en" : "Contemporary",
          "hi" : "Contemporary",
          "te" : "Contemporary",
          "ta" : "சமகால நடை"
        }
      }
    ],
    "best_time_to_listen" : [
      {
        "name" : {
          "en" : "Night",
          "hi" : "Night",
          "te" : "Night",
          "ta" : "இரவு"
        }
      },
      {
        "name" : {
          "en" : "Evening",
          "hi" : "Evening",
          "te" : "Evening",
          "ta" : "மாலை"
        }
      }
    ],
    "duration" : 4.18,
    "raagams" : [
      {
        "name" : {
          "en" : "Natabhairavi",
          "hi" : "Natabhairavi",
          "te" : "Natabhairavi",
          "ta" : "நடபைரவி"
        }
      },
      {
        "name" : {
          "en" : "Jaunpuri",
          "hi" : "Jaunpuri",
          "te" : "Jaunpuri",
          "ta" : "ஜான்புரி"
        }
      }
    ],
    "instruments" : [
      {
        "name" : {
          "en" : "Strings",
          "hi" : "Strings",
          "te" : "Strings",
          "ta" : "ஸ்ட்ரிங்ஸ்"
        }
      },
      {
        "name" : {
          "en" : "Sarangi",
          "hi" : "Sarangi",
          "te" : "Sarangi",
          "ta" : "சாரங்கி"
        }
      },
      {
        "name" : {
          "en" : "Whistle",
          "hi" : "Whistle",
          "te" : "Whistle",
          "ta" : "விசில்"
        }
      },
      {
        "name" : {
          "en" : "Guitar",
          "hi" : "Guitar",
          "te" : "Guitar",
          "ta" : "கிட்டார்"
        }
      },
      {
        "name" : {
          "en" : "Rhythm",
          "hi" : "Rhythm",
          "te" : "Rhythm",
          "ta" : "ரிதம்"
        }
      }
    ]
  }
}