{
  "title" : {
    "en" : "Sri Durga Devi",
    "hi" : "Sri Durga Devi",
    "te" : "Sri Durga Devi",
    "ta" : "ஸ்ரீ துர்க்கா தேவி"
  },
  "credits" : {
    "mixers" : [
      {
        "name" : {
          "en" : "U. K. Murali",
          "hi" : "U. K. Murali",
          "te" : "U. K. Murali",
          "ta" : "U. K. முரளி"
        }
      }
    ],
    "masters" : [
      {
        "name" : {
          "en" : "U. K. Murali",
          "hi" : "U. K. Murali",
          "te" : "U. K. Murali",
          "ta" : "U. K. முரளி"
        }
      }
    ],
    "composers" : [
      {
        "name" : {
          "en" : "U. K. Murali",
          "hi" : "U. K. Murali",
          "te" : "U. K. Murali",
          "ta" : "U. K. முரளி"
        }
      }
    ],
    "lyricists" : [
      {
        "name" : {
          "en" : "Ponmani",
          "hi" : "Ponmani",
          "te" : "Ponmani",
          "ta" : "பொன்மணி"
        }
      }
    ],
    "singers" : [
      {
        "name" : {
          "en" : "Srinisha",
          "hi" : "Srinisha",
          "te" : "Srinisha",
          "ta" : "ஸ்ரீநிஷா"
        }
      }
    ],
    "translator" : [
      {
        "name" : {
          "en" : "Jayashree Ramanujam",
          "hi" : "Jayashree Ramanujam",
          "te" : "Jayashree Ramanujam",
          "ta" : "ஜெயஸ்ரீ இராமானுஜம்"
        }
      }
    ],
    "arrangers" : [
      {
        "name" : {
          "en" : "Mohan Ram",
          "hi" : "Mohan Ram",
          "te" : "Mohan Ram",
          "ta" : "மோகன் ராம்"
        }
      }
    ],
    "producers" : [
      {
        "name" : {
          "en" : "Karky",
          "hi" : "Karky",
          "te" : "Karky",
          "ta" : "கார்க்கி"
        }
      }
    ],
    "lyric_video_senior_editor" : [
      {
        "name" : {
          "en" : "Shyam Sundar Murugesan",
          "hi" : "Shyam Sundar Murugesan",
          "te" : "Shyam Sundar Murugesan",
          "ta" : "ஷியாம் சுந்தர் முருகேசன்"
        }
      }
    ],
    "recorded_studios" : [
      {
        "name" : {
          "en" : "U K Digital Studios",
          "hi" : "U K Digital Studios",
          "te" : "U K Digital Studios",
          "ta" : "U K டிஜிடல் ஸ்டுடியோஸ்"
        }
      }
    ],
    "manager_of_visual_content" : [
      {
        "name" : {
          "en" : "Gokula Krishnan R Vasugi, MFI",
          "hi" : "Gokula Krishnan R Vasugi, MFI",
          "te" : "Gokula Krishnan R Vasugi, MFI",
          "ta" : "கோகுல கிருஷ்ணன் R வாசுகி MFI"
        }
      }
    ],
    "sound_engineers" : [
      {
        "name" : {
          "en" : "Katiravan Natarajan",
          "hi" : "Katiravan Natarajan",
          "te" : "Katiravan Natarajan",
          "ta" : "கதிரவன் நடராஜன்"
        }
      }
    ],
    "lyric_video_editor" : [
      {
        "name" : {
          "en" : "Mithran.B",
          "hi" : "Mithran.B",
          "te" : "Mithran.B",
          "ta" : "மித்திரன்.B"
        }
      }
    ]
  },
  "active" : true,
  "published_on" : "2016-05-16T12:30:00.000Z",
  "description" : {
    "en" : "The omnipresent Durgai amma encompasses the whole world in her love, compassion and protection. Sri Durga Devi is a devotional song praising Durgai Amma for being our guardian and our light and for guiding us through everything.",
    "hi" : "The omnipresent Durgai amma encompasses the whole world in her love, compassion and protection. Sri Durga Devi is a devotional song praising Durgai Amma for being our guardian and our light and for guiding us through everything.",
    "te" : "The omnipresent Durgai amma encompasses the whole world in her love, compassion and protection. Sri Durga Devi is a devotional song praising Durgai Amma for being our guardian and our light and for guiding us through everything.",
    "ta" : "The omnipresent Durgai amma encompasses the whole world in her love, compassion and protection. Sri Durga Devi is a devotional song praising Durgai Amma for being our guardian and our light and for guiding us through everything."
  },
  "poster" : "https:\/\/d1ua79hvv369a0.cloudfront.net\/reflection\/poster\/16-May-2016\/Durga_Devi_poster.jpg",
  "album" : {
    "title" : {
      "en" : "Sri Durga Devi",
      "hi" : "Sri Durga Devi",
      "te" : "Sri Durga Devi",
      "ta" : "Sri Durga Devi"
    },
    "id" : "34",
    "thumbnail" : "https:\/\/d1ua79hvv369a0.cloudfront.net\/reflection\/thumbnail\/16-May-2016\/Durga_Devi_thumb.jpg"
  },
  "critics" : [
    {
      "review" : {
        "instrument" : {
          "comment" : {
            "en" : "The orchestration suits the devotional theme and doesn’t experiment much.",
            "hi" : "The orchestration suits the devotional theme and doesn’t experiment much.",
            "te" : "The orchestration suits the devotional theme and doesn’t experiment much.",
            "ta" : "The orchestration suits the devotional theme and doesn’t experiment much."
          },
          "score" : 9
        },
        "overall" : {
          "comment" : {
            "en" : "Devotional Hailing in Shivaranjani!",
            "hi" : "Devotional Hailing in Shivaranjani!",
            "te" : "Devotional Hailing in Shivaranjani!",
            "ta" : "Devotional Hailing in Shivaranjani!"
          },
          "score" : 9.5
        },
        "vocal" : {
          "comment" : {
            "en" : "The vocals are impressive but would do much better with more dynamics.",
            "hi" : "The vocals are impressive but would do much better with more dynamics.",
            "te" : "The vocals are impressive but would do much better with more dynamics.",
            "ta" : "The composer chooses Shivaranjani, a raga which evokes sadness mingled with devotion."
          },
          "score" : 8
        },
        "tune" : {
          "comment" : {
            "en" : "The composer chooses Shivaranjani, a raga which evokes sadness mingled with devotion.",
            "hi" : "The composer chooses Shivaranjani, a raga which evokes sadness mingled with devotion.",
            "te" : "The composer chooses Shivaranjani, a raga which evokes sadness mingled with devotion.",
            "ta" : "The composer chooses Shivaranjani, a raga which evokes sadness mingled with devotion."
          },
          "score" : 10
        },
        "lyric" : {
          "comment" : {
            "en" : "The powerful lyrics speak of the goddess Durga in great aggression and vigor.",
            "hi" : "The powerful lyrics speak of the goddess Durga in great aggression and vigor.",
            "te" : "The powerful lyrics speak of the goddess Durga in great aggression and vigor.",
            "ta" : "The powerful lyrics speak of the goddess Durga in great aggression and vigor."
          },
          "score" : 11
        }
      },
      "author" : {
        "name" : "Durga",
        "image" : "https:\/\/d1ua79hvv369a0.cloudfront.net\/reflection\/critic\/critic-durga.png"
      },
      "rating" : 9.5
    },
    {
      "review" : {
        "instrument" : {
          "comment" : {
            "en" : "Basic and perfunctory.",
            "hi" : "Basic and perfunctory.",
            "te" : "Basic and perfunctory.",
            "ta" : "Basic and perfunctory."
          },
          "score" : 6
        },
        "overall" : {
          "comment" : {
            "en" : "Straight of All India Radio’s early morning programming. Aptly and predictably devotional.",
            "hi" : "Straight of All India Radio’s early morning programming. Aptly and predictably devotional.",
            "te" : "Straight of All India Radio’s early morning programming. Aptly and predictably devotional.",
            "ta" : "Straight of All India Radio’s early morning programming. Aptly and predictably devotional."
          },
          "score" : 7.5
        },
        "vocal" : {
          "comment" : {
            "en" : "Makes up for the not-so-proficient edge by sounding very heartfelt and emotional – ideal for a religious song like this.",
            "hi" : "Makes up for the not-so-proficient edge by sounding very heartfelt and emotional – ideal for a religious song like this.",
            "te" : "Makes up for the not-so-proficient edge by sounding very heartfelt and emotional – ideal for a religious song like this.",
            "ta" : "Sivaranjani, as a raga, can rarely go wrong. It seems even more apt for a religious song like this one!"
          },
          "score" : 9
        },
        "tune" : {
          "comment" : {
            "en" : "Sivaranjani, as a raga, can rarely go wrong. It seems even more apt for a religious song like this one!",
            "hi" : "Sivaranjani, as a raga, can rarely go wrong. It seems even more apt for a religious song like this one!",
            "te" : "Sivaranjani, as a raga, can rarely go wrong. It seems even more apt for a religious song like this one!",
            "ta" : "Sivaranjani, as a raga, can rarely go wrong. It seems even more apt for a religious song like this one!"
          },
          "score" : 8
        },
        "lyric" : {
          "comment" : {
            "en" : "Usual sentence constructions, evoking deep devotion. Easy to understand and induce faith.",
            "hi" : "Usual sentence constructions, evoking deep devotion. Easy to understand and induce faith.",
            "te" : "Usual sentence constructions, evoking deep devotion. Easy to understand and induce faith.",
            "ta" : "Usual sentence constructions, evoking deep devotion. Easy to understand and induce faith."
          },
          "score" : 7
        }
      },
      "author" : {
        "name" : "Karthik",
        "image" : "https:\/\/d1ua79hvv369a0.cloudfront.net\/reflection\/critic\/critic-karthik.png"
      },
      "rating" : 7.5
    },
    {
      "review" : {
        "instrument" : {
          "comment" : {
            "en" : "Regular classical devotional number’s instrumental arrangement.",
            "hi" : "Regular classical devotional number’s instrumental arrangement.",
            "te" : "Regular classical devotional number’s instrumental arrangement.",
            "ta" : "Regular classical devotional number’s instrumental arrangement."
          },
          "score" : 5
        },
        "overall" : {
          "comment" : {
            "en" : "Nothing special in this devotional number",
            "hi" : "Nothing special in this devotional number",
            "te" : "Nothing special in this devotional number",
            "ta" : "Nothing special in this devotional number"
          },
          "score" : 5.5
        },
        "vocal" : {
          "comment" : {
            "en" : "It’s an involved performance from the male singer.",
            "hi" : "It’s an involved performance from the male singer.",
            "te" : "It’s an involved performance from the male singer.",
            "ta" : "Standard devotional number on a sentimental note."
          },
          "score" : 6
        },
        "tune" : {
          "comment" : {
            "en" : "Standard devotional number on a sentimental note.",
            "hi" : "Standard devotional number on a sentimental note.",
            "te" : "Standard devotional number on a sentimental note.",
            "ta" : "Standard devotional number on a sentimental note."
          },
          "score" : 5
        },
        "lyric" : {
          "comment" : {
            "en" : "Dedicated to Goddess Durga.",
            "hi" : "Dedicated to Goddess Durga.",
            "te" : "Dedicated to Goddess Durga.",
            "ta" : "Dedicated to Goddess Durga."
          },
          "score" : 6
        }
      },
      "author" : {
        "name" : "Kaushik",
        "image" : "https:\/\/d1ua79hvv369a0.cloudfront.net\/reflection\/critic\/Kaushik-200x200.jpg"
      },
      "rating" : 5.5
    }
  ],
  "type" : {
    "slug" : "independent-music",
    "name" : "Independent Music"
  },
  "lyrics" : [
    {
      "data" : "ஸ்ரீதுர்க்காதேவியே நீயே கதி <br>உந்தன் தூமணிப் பாதமே சரணாகதி<br><br>ஸ்ரீதுர்க்காதேவியே நீயே கதி <br>உந்தன் தூமணிப் பாதமே சரணாகதி<br>உந்தன் தூமணிப் பாதமே சரணாகதி<br><br>ஸ்ரீதுர்க்காதேவியே நீயே கதி <br><br>கைலாச வாசினியே கருணைவிழி காட்டு<br>கண்ணனுக்கு மூத்தவளே கண்ணேறு போக்கு<br>கைலாச வாசினியே கருணைவிழி காட்டு<br>கண்ணனுக்கு மூத்தவளே கண்ணேறு போக்கு<br><br>சூலாயுதம் ஏந்தி அம்மா நீ வந்தால்<br>சூழும்வினை யாவும் பொடியாகிப் போகும்<br>சூலாயுதம் ஏந்தி அம்மா நீ வந்தால்<br>சூழும்வினை யாவும் பொடியாகிப் போகும்<br>சூழும்வினை யாவும் பொடியாகிப் போகும்<br><br>ஸ்ரீதுர்க்காதேவியே நீயே கதி <br>உந்தன் தூமணிப் பாதமே சரணாகதி<br><br>படைபல வந்தாலும் உன் நாமம் கவசமே !<br>தடைபல வந்தாலும் துர்க்கா நீ கவசமே !<br>படைபல வந்தாலும் உன் நாமம் கவசமே !<br>தடைபல வந்தாலும் துர்க்கா நீ கவசமே !<br><br>கடைக்கோடி உயிருக்கும் உன்நாமம் கவசமே !<br>அடிபணிவோர்க் கெல்லாம் அம்மா நீ கவசமே !<br>கடைக்கோடி உயிருக்கும் உன்நாமம் கவசமே !<br>அடிபணிவோர்க் கெல்லாம் அம்மா நீ கவசமே <br>அடிபணிவோர்க் கெல்லாம் அம்மா நீ கவசமே <br><br>ஸ்ரீதுர்க்காதேவியே நீயே கதி <br>உந்தன் தூமணிப் பாதமே சரணாகதி<br>     <br>ஜெயஜெய துர்க்காநீ செயலாற்றல் தந்திடு<br>ஜெயஜெய துர்க்காநீ ஜெயமென்றும் தந்திடு<br>ஜெயஜெய துர்க்காநீ செயலாற்றல் தந்திடு<br>ஜெயஜெய துர்க்காநீ ஜெயமென்றும் தந்திடு<br><br>ஜெயஜெய துர்க்காநீ அன்போடு வந்திடு<br>ஜெயஜெய துர்க்காநீ ஆனந்தம் தந்திடு<br>ஜெயஜெய துர்க்காநீ அன்போடு வந்திடு<br>ஜெயஜெய துர்க்காநீ ஆனந்தம் தந்திடு<br>ஜெயஜெய துர்க்காநீ ஆனந்தம் தந்திடு<br><br>ஸ்ரீதுர்க்காதேவியே நீயே கதி <br>உந்தன் தூமணிப் பாதமே சரணாகதி<br><br>ஸ்ரீதுர்க்காதேவியே நீயே கதி <br>உந்தன் தூமணிப் பாதமே சரணாகதி<br>உந்தன் தூமணிப் பாதமே சரணாகதி             <br>ஸ்ரீதுர்க்காதேவியே நீயே கதி...",
      "language" : {
        "name" : "Tamil",
        "code" : "ta"
      }
    }
  ],
  "id" : "49",
  "phonetic_lyrics" : [
    {
      "data" : "Sreedhurkkaadhaeviyae neeyae kadhi<br>undhdhan thoomaNip paadhamae saraNaagadhi<br><br>Sreedhurkkaadhaeviyae neeyae kadhi<br>undhdhan thoomaNip paadhamae saraNaagadhi<br>undhdhan thoomaNip paadhamae saraNaagadhi<br><br>Sreedhurkkaadhaeviyae neeyae kadhi<br><br>kailaasa vaasiniyae karuNaivizhi kaattu<br>kaNNanukku moothavaLae kaNNaeRu poakku<br>kailaasa vaasiniyae karuNaivizhi kaattu<br>kaNNanukku moothavaLae kaNNaeRu poakku<br><br>soolaayudham aendhdhi ammaa nee vandhdhaal<br>soozhumvinai yaavum podiyaagip poagum<br>soolaayudham aendhdhi ammaa nee vandhdhaal<br>soozhumvinai yaavum podiyaagip poagum<br>soozhumvinai yaavum podiyaagip poagum<br><br>Sreedhurkkaadhaeviyae neeyae kadhi<br>undhdhan thoomaNip paadhamae saraNaagadhi<br><br>padaibala vandhdhaalum un naamam kavasamae !<br>thadaibala vandhdhaalum thurkkaa nee kavasamae !<br>padaibala vandhdhaalum un naamam kavasamae !<br>thadaibala vandhdhaalum thurkkaa nee kavasamae !<br><br>kadaikkoadi uyirukkum unnaamam kavasamae !<br>adibaNivoark kellaam ammaa nee kavasamae !<br>kadaikkoadi uyirukkum unnaamam kavasamae !<br>adibaNivoark kellaam ammaa nee kavasamae<br>adibaNivoark kellaam ammaa nee kavasamae<br><br>Sreedhurkkaadhaeviyae neeyae kadhi<br>undhdhan thoomaNip paadhamae saraNaagadhi<br><br>JeyaJeya thurkkaanee seyalaatRal thandhdhidu<br>JeyaJeya thurkkaanee JeyamendRum thandhdhidu<br>JeyaJeya thurkkaanee seyalaatRal thandhdhidu<br>JeyaJeya thurkkaanee JeyamendRum thandhdhidu<br><br>JeyaJeya thurkkaanee anpoadu vandhdhidu<br>JeyaJeya thurkkaanee aanandhdham thandhdhidu<br>JeyaJeya thurkkaanee anpoadu vandhdhidu<br>JeyaJeya thurkkaanee aanandhdham thandhdhidu<br>JeyaJeya thurkkaanee aanandhdham thandhdhidu<br><br>Sreedhurkkaadhaeviyae neeyae kadhi<br>undhdhan thoomaNip paadhamae saraNaagadhi<br><br>Sreedhurkkaadhaeviyae neeyae kadhi<br>undhdhan thoomaNip paadhamae saraNaagadhi<br>undhdhan thoomaNip paadhamae saraNaagadhi<br>Sreedhurkkaadhaeviyae neeyae kadhi...",
      "language" : {
        "name" : "English",
        "code" : "en"
      }
    },
    {
      "data" : "ஸ்ரீதுர்க்காதேவியே நீயே கதி <br>உந்தன் தூமணிப் பாதமே சரணாகதி<br><br>ஸ்ரீதுர்க்காதேவியே நீயே கதி <br>உந்தன் தூமணிப் பாதமே சரணாகதி<br>உந்தன் தூமணிப் பாதமே சரணாகதி<br><br>ஸ்ரீதுர்க்காதேவியே நீயே கதி <br><br>கைலாச வாசினியே கருணைவிழி காட்டு<br>கண்ணனுக்கு மூத்தவளே கண்ணேறு போக்கு<br>கைலாச வாசினியே கருணைவிழி காட்டு<br>கண்ணனுக்கு மூத்தவளே கண்ணேறு போக்கு<br><br>சூலாயுதம் ஏந்தி அம்மா நீ வந்தால்<br>சூழும்வினை யாவும் பொடியாகிப் போகும்<br>சூலாயுதம் ஏந்தி அம்மா நீ வந்தால்<br>சூழும்வினை யாவும் பொடியாகிப் போகும்<br>சூழும்வினை யாவும் பொடியாகிப் போகும்<br><br>ஸ்ரீதுர்க்காதேவியே நீயே கதி <br>உந்தன் தூமணிப் பாதமே சரணாகதி<br><br>படைபல வந்தாலும் உன் நாமம் கவசமே !<br>தடைபல வந்தாலும் துர்க்கா நீ கவசமே !<br>படைபல வந்தாலும் உன் நாமம் கவசமே !<br>தடைபல வந்தாலும் துர்க்கா நீ கவசமே !<br><br>கடைக்கோடி உயிருக்கும் உன்நாமம் கவசமே !<br>அடிபணிவோர்க் கெல்லாம் அம்மா நீ கவசமே !<br>கடைக்கோடி உயிருக்கும் உன்நாமம் கவசமே !<br>அடிபணிவோர்க் கெல்லாம் அம்மா நீ கவசமே <br>அடிபணிவோர்க் கெல்லாம் அம்மா நீ கவசமே <br><br>ஸ்ரீதுர்க்காதேவியே நீயே கதி <br>உந்தன் தூமணிப் பாதமே சரணாகதி<br>     <br>ஜெயஜெய துர்க்காநீ செயலாற்றல் தந்திடு<br>ஜெயஜெய துர்க்காநீ ஜெயமென்றும் தந்திடு<br>ஜெயஜெய துர்க்காநீ செயலாற்றல் தந்திடு<br>ஜெயஜெய துர்க்காநீ ஜெயமென்றும் தந்திடு<br><br>ஜெயஜெய துர்க்காநீ அன்போடு வந்திடு<br>ஜெயஜெய துர்க்காநீ ஆனந்தம் தந்திடு<br>ஜெயஜெய துர்க்காநீ அன்போடு வந்திடு<br>ஜெயஜெய துர்க்காநீ ஆனந்தம் தந்திடு<br>ஜெயஜெய துர்க்காநீ ஆனந்தம் தந்திடு<br><br>ஸ்ரீதுர்க்காதேவியே நீயே கதி <br>உந்தன் தூமணிப் பாதமே சரணாகதி<br><br>ஸ்ரீதுர்க்காதேவியே நீயே கதி <br>உந்தன் தூமணிப் பாதமே சரணாகதி<br>உந்தன் தூமணிப் பாதமே சரணாகதி             <br>ஸ்ரீதுர்க்காதேவியே நீயே கதி...",
      "language" : {
        "name" : "Tamil",
        "code" : "ta"
      }
    },
    {
      "data" : "स्रीदुर्क्काधेविये नीये कदि <br>उन्द दन तूम्अंइप पादम्ए सरंआगदि <br> <br>स्रीदुर्क्काधेविये नीये कदि <br>उन्द दन तूम्अंइप पादम्ए सरंआगदि <br>उन्द दन तूम्अंइप पादम्ए सरंआगदि <br> <br>स्रीदुर्क्काधेविये नीये कदि <br> <br>कैलास वासिनिये कऱुंऐविलि काटटु <br>कंणनुक्कु म्ऊतवऴे कंणेड़ु पोककु <br>कैलास वासिनिये कऱुंऐविलि काटटु <br>कंणनुक्कु म्ऊतवऴे कंणेड़ु पोककु <br> <br>सूलायुदम एन्द दि अमम्आ नी वन्द दाल <br>सूलुम्विनै यावुम पोडियागिप पोगुम <br>सूलायुदम एन्द दि अमम्आ नी वन्द दाल <br>सूलुम्विनै यावुम पोडियागिप पोगुम <br>सूलुम्विनै यावुम पोडियागिप पोगुम <br> <br>स्रीदुर्क्काधेविये नीये कदि <br>उन्द दन तूम्अंइप पादम्ए सरंआगदि <br> <br>पडैबल वन्द दालुम उन नामअम कवसम्ए ! <br>तडैबल वन्द दालुम तुरकका नी कवसम्ए ! <br>पडैबल वन्द दालुम उन नामअम कवसम्ए ! <br>तडैबल वन्द दालुम तुरकका नी कवसम्ए ! <br> <br>कडैक्कोडि उयिरुक्कुम उन्नाम्अम कवसम्ए ! <br>अडिबंइवोर्क केललाम अमम्आ नी कवसम्ए ! <br>कडैक्कोडि उयिरुक्कुम उन्नाम्अम कवसम्ए ! <br>अडिबंइवोर्क केललाम अमम्आ नी कवसम्ए <br>अडिबंइवोर्क केललाम अमम्आ नी कवसम्ए <br> <br>स्रीदुर्क्काधेविये नीये कदि <br>उन्द दन तूम्अंइप पादम्ए सरंआगदि <br> <br>जेयजेय तुर्क्कानी सेयलाट्ड़ल तन्द दिडु <br>जेयजेय तुर्क्कानी जेयम्एन्ड्ड़ुम तन्द दिडु <br>जेयजेय तुर्क्कानी सेयलाट्ड़ल तन्द दिडु <br>जेयजेय तुर्क्कानी जेयम्एन्ड्ड़ुम तन्द दिडु <br> <br>जेयजेय तुर्क्कानी अनपोडु वन्द दिडु <br>जेयजेय तुर्क्कानी आनन्द दम तन्द दिडु <br>जेयजेय तुर्क्कानी अनपोडु वन्द दिडु <br>जेयजेय तुर्क्कानी आनन्द दम तन्द दिडु <br>जेयजेय तुर्क्कानी आनन्द दम तन्द दिडु <br> <br>स्रीदुर्क्काधेविये नीये कदि <br>उन्द दन तूम्अंइप पादम्ए सरंआगदि <br> <br>स्रीदुर्क्काधेविये नीये कदि <br>उन्द दन तूम्अंइप पादम्ए सरंआगदि <br>उन्द दन तूम्अंइप पादम्ए सरंआगदि <br>स्रीदुर्क्काधेविये नीये कदि... ",
      "language" : {
        "name" : "Hindi",
        "code" : "hi"
      }
    },
    {
      "data" : "స్రీధుర్క్కాధేవియే నెయే కధి <br>ఉన్ధ్ధన్ థూమ్అంయిప్ పాధమ్యే సరంయాగధి <br> <br>స్రీధుర్క్కాధేవియే నెయే కధి <br>ఉన్ధ్ధన్ థూమ్అంయిప్ పాధమ్యే సరంయాగధి <br>ఉన్ధ్ధన్ థూమ్అంయిప్ పాధమ్యే సరంయాగధి <br> <br>స్రీధుర్క్కాధేవియే నెయే కధి <br> <br>కైలాస వాసినియే కరుంయైవిలి కాత్తు <br>కంణనుక్కు మ్యూథవళే కంణేఱు పోక్కు <br>కైలాస వాసినియే కరుంయైవిలి కాత్తు <br>కంణనుక్కు మ్యూథవళే కంణేఱు పోక్కు <br> <br>సూలాయుధమ్ ఏన్ధ్ధి అమ్మ్యా నె వన్ధ్ధాల్ <br>సూలుమ్వినై యావుమ్ పొదియాగిప్ పోగుమ్ <br>సూలాయుధమ్ ఏన్ధ్ధి అమ్మ్యా నె వన్ధ్ధాల్ <br>సూలుమ్వినై యావుమ్ పొదియాగిప్ పోగుమ్ <br>సూలుమ్వినై యావుమ్ పొదియాగిప్ పోగుమ్ <br> <br>స్రీధుర్క్కాధేవియే నెయే కధి <br>ఉన్ధ్ధన్ థూమ్అంయిప్ పాధమ్యే సరంయాగధి <br> <br>పదైబల వన్ధ్ధాలుమ్ ఉన్ నామ్యమ్ కవసమ్యే ! <br>థదైబల వన్ధ్ధాలుమ్ థుర్క్కా నె కవసమ్యే ! <br>పదైబల వన్ధ్ధాలుమ్ ఉన్ నామ్యమ్ కవసమ్యే ! <br>థదైబల వన్ధ్ధాలుమ్ థుర్క్కా నె కవసమ్యే ! <br> <br>కదైక్కోది ఉయిరుక్కుమ్ ఉన్నామ్యమ్ కవసమ్యే ! <br>అదిబంయివోర్క్ కెల్లామ్ అమ్మ్యా నె కవసమ్యే ! <br>కదైక్కోది ఉయిరుక్కుమ్ ఉన్నామ్యమ్ కవసమ్యే ! <br>అదిబంయివోర్క్ కెల్లామ్ అమ్మ్యా నె కవసమ్యే <br>అదిబంయివోర్క్ కెల్లామ్ అమ్మ్యా నె కవసమ్యే <br> <br>స్రీధుర్క్కాధేవియే నెయే కధి <br>ఉన్ధ్ధన్ థూమ్అంయిప్ పాధమ్యే సరంయాగధి <br> <br>జెయజెయ థుర్క్కానీ సెయలాత్ఱల్ థన్ధ్ధిదు <br>జెయజెయ థుర్క్కానీ జెయమ్యెన్ద్ఱుమ్ థన్ధ్ధిదు <br>జెయజెయ థుర్క్కానీ సెయలాత్ఱల్ థన్ధ్ధిదు <br>జెయజెయ థుర్క్కానీ జెయమ్యెన్ద్ఱుమ్ థన్ధ్ధిదు <br> <br>జెయజెయ థుర్క్కానీ అన్పోదు వన్ధ్ధిదు <br>జెయజెయ థుర్క్కానీ ఆనన్ధ్ధమ్ థన్ధ్ధిదు <br>జెయజెయ థుర్క్కానీ అన్పోదు వన్ధ్ధిదు <br>జెయజెయ థుర్క్కానీ ఆనన్ధ్ధమ్ థన్ధ్ధిదు <br>జెయజెయ థుర్క్కానీ ఆనన్ధ్ధమ్ థన్ధ్ధిదు <br> <br>స్రీధుర్క్కాధేవియే నెయే కధి <br>ఉన్ధ్ధన్ థూమ్అంయిప్ పాధమ్యే సరంయాగధి <br> <br>స్రీధుర్క్కాధేవియే నెయే కధి <br>ఉన్ధ్ధన్ థూమ్అంయిప్ పాధమ్యే సరంయాగధి <br>ఉన్ధ్ధన్ థూమ్అంయిప్ పాధమ్యే సరంయాగధి <br>స్రీధుర్క్కాధేవియే నెయే కధి... ",
      "language" : {
        "name" : "Telugu",
        "code" : "te"
      }
    },
    {
      "data" : "സ്രീധുര്ക്കാധേവിയേ നീയേ കധി <br>ഉന്ധ്ധന് ഥൂമ്അംയിപ് പാധമ്യേ സരംയാഗധി <br> <br>സ്രീധുര്ക്കാധേവിയേ നീയേ കധി <br>ഉന്ധ്ധന് ഥൂമ്അംയിപ് പാധമ്യേ സരംയാഗധി <br>ഉന്ധ്ധന് ഥൂമ്അംയിപ് പാധമ്യേ സരംയാഗധി <br> <br>സ്രീധുര്ക്കാധേവിയേ നീയേ കധി <br> <br>കൈലാസ വാസിനിയേ കരുംയൈവിഴി കാത്തു <br>കംണനുക്കു മ്യൂഥവളേ കംണേറു പോക്കു <br>കൈലാസ വാസിനിയേ കരുംയൈവിഴി കാത്തു <br>കംണനുക്കു മ്യൂഥവളേ കംണേറു പോക്കു <br> <br>സൂലായുധമ് ഏന്ധ്ധി അമ്മ്യാ നീ വന്ധ്ധാല് <br>സൂഴുമ്വിനൈ യാവുമ് പൊദിയാഗിപ് പോഗുമ് <br>സൂലായുധമ് ഏന്ധ്ധി അമ്മ്യാ നീ വന്ധ്ധാല് <br>സൂഴുമ്വിനൈ യാവുമ് പൊദിയാഗിപ് പോഗുമ് <br>സൂഴുമ്വിനൈ യാവുമ് പൊദിയാഗിപ് പോഗുമ് <br> <br>സ്രീധുര്ക്കാധേവിയേ നീയേ കധി <br>ഉന്ധ്ധന് ഥൂമ്അംയിപ് പാധമ്യേ സരംയാഗധി <br> <br>പദൈബല വന്ധ്ധാലുമ് ഉന് നാമ്യമ് കവസമ്യേ ! <br>ഥദൈബല വന്ധ്ധാലുമ് ഥുര്ക്കാ നീ കവസമ്യേ ! <br>പദൈബല വന്ധ്ധാലുമ് ഉന് നാമ്യമ് കവസമ്യേ ! <br>ഥദൈബല വന്ധ്ധാലുമ് ഥുര്ക്കാ നീ കവസമ്യേ ! <br> <br>കദൈക്കോദി ഉയിരുക്കുമ് ഉന്നാമ്യമ് കവസമ്യേ ! <br>അദിബംയിവോര്ക് കെല്ലാമ് അമ്മ്യാ നീ കവസമ്യേ ! <br>കദൈക്കോദി ഉയിരുക്കുമ് ഉന്നാമ്യമ് കവസമ്യേ ! <br>അദിബംയിവോര്ക് കെല്ലാമ് അമ്മ്യാ നീ കവസമ്യേ <br>അദിബംയിവോര്ക് കെല്ലാമ് അമ്മ്യാ നീ കവസമ്യേ <br> <br>സ്രീധുര്ക്കാധേവിയേ നീയേ കധി <br>ഉന്ധ്ധന് ഥൂമ്അംയിപ് പാധമ്യേ സരംയാഗധി <br> <br>ജെയജെയ ഥുര്ക്കാനീ സെയലാത്റല് ഥന്ധ്ധിദു <br>ജെയജെയ ഥുര്ക്കാനീ ജെയമ്യെന്ദ്റുമ് ഥന്ധ്ധിദു <br>ജെയജെയ ഥുര്ക്കാനീ സെയലാത്റല് ഥന്ധ്ധിദു <br>ജെയജെയ ഥുര്ക്കാനീ ജെയമ്യെന്ദ്റുമ് ഥന്ധ്ധിദു <br> <br>ജെയജെയ ഥുര്ക്കാനീ അന്പോദു വന്ധ്ധിദു <br>ജെയജെയ ഥുര്ക്കാനീ ആനന്ധ്ധമ് ഥന്ധ്ധിദു <br>ജെയജെയ ഥുര്ക്കാനീ അന്പോദു വന്ധ്ധിദു <br>ജെയജെയ ഥുര്ക്കാനീ ആനന്ധ്ധമ് ഥന്ധ്ധിദു <br>ജെയജെയ ഥുര്ക്കാനീ ആനന്ധ്ധമ് ഥന്ധ്ധിദു <br> <br>സ്രീധുര്ക്കാധേവിയേ നീയേ കധി <br>ഉന്ധ്ധന് ഥൂമ്അംയിപ് പാധമ്യേ സരംയാഗധി <br> <br>സ്രീധുര്ക്കാധേവിയേ നീയേ കധി <br>ഉന്ധ്ധന് ഥൂമ്അംയിപ് പാധമ്യേ സരംയാഗധി <br>ഉന്ധ്ധന് ഥൂമ്അംയിപ് പാധമ്യേ സരംയാഗധി <br>സ്രീധുര്ക്കാധേവിയേ നീയേ കധി... ",
      "language" : {
        "name" : "Malayalam",
        "code" : "ml"
      }
    },
    {
      "data" : "ಷ್ರೀಧುರ್ಕ್ಕಾಧೇವಿಯೇ ನೀಯೇ ಕಧಿ <br>ಉನ್ಧ್ಧನ್ ಥೂಮ್ಅಂಯಿಪ್ ಪಾಧಮ್ಯೇ ಸರಂಯಾಗಧಿ <br> <br>ಷ್ರೀಧುರ್ಕ್ಕಾಧೇವಿಯೇ ನೀಯೇ ಕಧಿ <br>ಉನ್ಧ್ಧನ್ ಥೂಮ್ಅಂಯಿಪ್ ಪಾಧಮ್ಯೇ ಸರಂಯಾಗಧಿ <br>ಉನ್ಧ್ಧನ್ ಥೂಮ್ಅಂಯಿಪ್ ಪಾಧಮ್ಯೇ ಸರಂಯಾಗಧಿ <br> <br>ಷ್ರೀಧುರ್ಕ್ಕಾಧೇವಿಯೇ ನೀಯೇ ಕಧಿ <br> <br>ಕೈಲಾಸ ವಾಸಿನಿಯೇ ಕಋಂಯೈವಿಲಿ ಕಾತ್ತು <br>ಕಂಣನುಕ್ಕು ಮ್ಯೂಥವಳೇ ಕಂಣೇರು ಪೋಕ್ಕು <br>ಕೈಲಾಸ ವಾಸಿನಿಯೇ ಕಋಂಯೈವಿಲಿ ಕಾತ್ತು <br>ಕಂಣನುಕ್ಕು ಮ್ಯೂಥವಳೇ ಕಂಣೇರು ಪೋಕ್ಕು <br> <br>ಸೂಲಾಯುಧಮ್ ಏನ್ಧ್ಧಿ ಅಮ್ಮ್ಯಾ ನೀ ವನ್ಧ್ಧಾಲ್ <br>ಸೂಲುಮ್ವಿನೈ ಯಾವುಮ್ ಪೊದಿಯಾಗಿಪ್ ಪೋಗುಮ್ <br>ಸೂಲಾಯುಧಮ್ ಏನ್ಧ್ಧಿ ಅಮ್ಮ್ಯಾ ನೀ ವನ್ಧ್ಧಾಲ್ <br>ಸೂಲುಮ್ವಿನೈ ಯಾವುಮ್ ಪೊದಿಯಾಗಿಪ್ ಪೋಗುಮ್ <br>ಸೂಲುಮ್ವಿನೈ ಯಾವುಮ್ ಪೊದಿಯಾಗಿಪ್ ಪೋಗುಮ್ <br> <br>ಷ್ರೀಧುರ್ಕ್ಕಾಧೇವಿಯೇ ನೀಯೇ ಕಧಿ <br>ಉನ್ಧ್ಧನ್ ಥೂಮ್ಅಂಯಿಪ್ ಪಾಧಮ್ಯೇ ಸರಂಯಾಗಧಿ <br> <br>ಪದೈಬಲ ವನ್ಧ್ಧಾಲುಮ್ ಉನ್ ನಾಮ್ಯಮ್ ಕವಸಮ್ಯೇ ! <br>ಥದೈಬಲ ವನ್ಧ್ಧಾಲುಮ್ ಥುರ್ಕ್ಕಾ ನೀ ಕವಸಮ್ಯೇ ! <br>ಪದೈಬಲ ವನ್ಧ್ಧಾಲುಮ್ ಉನ್ ನಾಮ್ಯಮ್ ಕವಸಮ್ಯೇ ! <br>ಥದೈಬಲ ವನ್ಧ್ಧಾಲುಮ್ ಥುರ್ಕ್ಕಾ ನೀ ಕವಸಮ್ಯೇ ! <br> <br>ಕದೈಕ್ಕೋದಿ ಉಯಿರುಕ್ಕುಮ್ ಉನ್ನಾಮ್ಯಮ್ ಕವಸಮ್ಯೇ ! <br>ಅದಿಬಂಯಿವೋರ್ಕ್ ಕೆಲ್ಲಾಮ್ ಅಮ್ಮ್ಯಾ ನೀ ಕವಸಮ್ಯೇ ! <br>ಕದೈಕ್ಕೋದಿ ಉಯಿರುಕ್ಕುಮ್ ಉನ್ನಾಮ್ಯಮ್ ಕವಸಮ್ಯೇ ! <br>ಅದಿಬಂಯಿವೋರ್ಕ್ ಕೆಲ್ಲಾಮ್ ಅಮ್ಮ್ಯಾ ನೀ ಕವಸಮ್ಯೇ <br>ಅದಿಬಂಯಿವೋರ್ಕ್ ಕೆಲ್ಲಾಮ್ ಅಮ್ಮ್ಯಾ ನೀ ಕವಸಮ್ಯೇ <br> <br>ಷ್ರೀಧುರ್ಕ್ಕಾಧೇವಿಯೇ ನೀಯೇ ಕಧಿ <br>ಉನ್ಧ್ಧನ್ ಥೂಮ್ಅಂಯಿಪ್ ಪಾಧಮ್ಯೇ ಸರಂಯಾಗಧಿ <br> <br>ಜೆಯಜೆಯ ಥುರ್ಕ್ಕಾನೀ ಸೆಯಲಾತ್ರಲ್ ಥನ್ಧ್ಧಿದು <br>ಜೆಯಜೆಯ ಥುರ್ಕ್ಕಾನೀ ಜೆಯಮ್ಯೆನ್ದ್ರುಮ್ ಥನ್ಧ್ಧಿದು <br>ಜೆಯಜೆಯ ಥುರ್ಕ್ಕಾನೀ ಸೆಯಲಾತ್ರಲ್ ಥನ್ಧ್ಧಿದು <br>ಜೆಯಜೆಯ ಥುರ್ಕ್ಕಾನೀ ಜೆಯಮ್ಯೆನ್ದ್ರುಮ್ ಥನ್ಧ್ಧಿದು <br> <br>ಜೆಯಜೆಯ ಥುರ್ಕ್ಕಾನೀ ಅನ್ಪೋದು ವನ್ಧ್ಧಿದು <br>ಜೆಯಜೆಯ ಥುರ್ಕ್ಕಾನೀ ಆನನ್ಧ್ಧಮ್ ಥನ್ಧ್ಧಿದು <br>ಜೆಯಜೆಯ ಥುರ್ಕ್ಕಾನೀ ಅನ್ಪೋದು ವನ್ಧ್ಧಿದು <br>ಜೆಯಜೆಯ ಥುರ್ಕ್ಕಾನೀ ಆನನ್ಧ್ಧಮ್ ಥನ್ಧ್ಧಿದು <br>ಜೆಯಜೆಯ ಥುರ್ಕ್ಕಾನೀ ಆನನ್ಧ್ಧಮ್ ಥನ್ಧ್ಧಿದು <br> <br>ಷ್ರೀಧುರ್ಕ್ಕಾಧೇವಿಯೇ ನೀಯೇ ಕಧಿ <br>ಉನ್ಧ್ಧನ್ ಥೂಮ್ಅಂಯಿಪ್ ಪಾಧಮ್ಯೇ ಸರಂಯಾಗಧಿ <br> <br>ಷ್ರೀಧುರ್ಕ್ಕಾಧೇವಿಯೇ ನೀಯೇ ಕಧಿ <br>ಉನ್ಧ್ಧನ್ ಥೂಮ್ಅಂಯಿಪ್ ಪಾಧಮ್ಯೇ ಸರಂಯಾಗಧಿ <br>ಉನ್ಧ್ಧನ್ ಥೂಮ್ಅಂಯಿಪ್ ಪಾಧಮ್ಯೇ ಸರಂಯಾಗಧಿ <br>ಷ್ರೀಧುರ್ಕ್ಕಾಧೇವಿಯೇ ನೀಯೇ ಕಧಿ...",
      "language" : {
        "name" : "Kanadam",
        "code" : "ka"
      }
    },
    {
      "data" : "স্রীধুর্ক্কাধেৱিযে নীযে কধি <br>উন্ধ্ধন্ থূম্অঁযিপ্ পাধম্যে সরঁযাগধি <br> <br>স্রীধুর্ক্কাধেৱিযে নীযে কধি <br>উন্ধ্ধন্ থূম্অঁযিপ্ পাধম্যে সরঁযাগধি <br>উন্ধ্ধন্ থূম্অঁযিপ্ পাধম্যে সরঁযাগধি <br> <br>স্রীধুর্ক্কাধেৱিযে নীযে কধি <br> <br>কৈলাস ৱাসিনিযে করুঁযৈৱিলি কাত্তু <br>কঁণনুক্কু ম্যূথৱলে কঁণেড়ু পোক্কু <br>কৈলাস ৱাসিনিযে করুঁযৈৱিলি কাত্তু <br>কঁণনুক্কু ম্যূথৱলে কঁণেড়ু পোক্কু <br> <br>সূলাযুধম্ এন্ধ্ধি অম্ম্যা নী ৱন্ধ্ধাল্ <br>সূলুম্ৱিনৈ যাৱুম্ পোদিযাগিপ্ পোগুম্ <br>সূলাযুধম্ এন্ধ্ধি অম্ম্যা নী ৱন্ধ্ধাল্ <br>সূলুম্ৱিনৈ যাৱুম্ পোদিযাগিপ্ পোগুম্ <br>সূলুম্ৱিনৈ যাৱুম্ পোদিযাগিপ্ পোগুম্ <br> <br>স্রীধুর্ক্কাধেৱিযে নীযে কধি <br>উন্ধ্ধন্ থূম্অঁযিপ্ পাধম্যে সরঁযাগধি <br> <br>পদৈবল ৱন্ধ্ধালুম্ উন্ নাম্যম্ কৱসম্যে ! <br>থদৈবল ৱন্ধ্ধালুম্ থুর্ক্কা নী কৱসম্যে ! <br>পদৈবল ৱন্ধ্ধালুম্ উন্ নাম্যম্ কৱসম্যে ! <br>থদৈবল ৱন্ধ্ধালুম্ থুর্ক্কা নী কৱসম্যে ! <br> <br>কদৈক্কোদি উযিরুক্কুম্ উন্নাম্যম্ কৱসম্যে ! <br>অদিবঁযিৱোর্ক্ কেল্লাম্ অম্ম্যা নী কৱসম্যে ! <br>কদৈক্কোদি উযিরুক্কুম্ উন্নাম্যম্ কৱসম্যে ! <br>অদিবঁযিৱোর্ক্ কেল্লাম্ অম্ম্যা নী কৱসম্যে <br>অদিবঁযিৱোর্ক্ কেল্লাম্ অম্ম্যা নী কৱসম্যে <br> <br>স্রীধুর্ক্কাধেৱিযে নীযে কধি <br>উন্ধ্ধন্ থূম্অঁযিপ্ পাধম্যে সরঁযাগধি <br> <br>জেযজেয থুর্ক্কানী সেযলাত্ড়ল্ থন্ধ্ধিদু <br>জেযজেয থুর্ক্কানী জেযম্যেন্দ্ড়ুম্ থন্ধ্ধিদু <br>জেযজেয থুর্ক্কানী সেযলাত্ড়ল্ থন্ধ্ধিদু <br>জেযজেয থুর্ক্কানী জেযম্যেন্দ্ড়ুম্ থন্ধ্ধিদু <br> <br>জেযজেয থুর্ক্কানী অন্পোদু ৱন্ধ্ধিদু <br>জেযজেয থুর্ক্কানী আনন্ধ্ধম্ থন্ধ্ধিদু <br>জেযজেয থুর্ক্কানী অন্পোদু ৱন্ধ্ধিদু <br>জেযজেয থুর্ক্কানী আনন্ধ্ধম্ থন্ধ্ধিদু <br>জেযজেয থুর্ক্কানী আনন্ধ্ধম্ থন্ধ্ধিদু <br> <br>স্রীধুর্ক্কাধেৱিযে নীযে কধি <br>উন্ধ্ধন্ থূম্অঁযিপ্ পাধম্যে সরঁযাগধি <br> <br>স্রীধুর্ক্কাধেৱিযে নীযে কধি <br>উন্ধ্ধন্ থূম্অঁযিপ্ পাধম্যে সরঁযাগধি <br>উন্ধ্ধন্ থূম্অঁযিপ্ পাধম্যে সরঁযাগধি <br>স্রীধুর্ক্কাধেৱিযে নীযে কধি... ",
      "language" : {
        "name" : "Bengali",
        "code" : "be"
      }
    },
    {
      "data" : "ષ્રીધુર્ક્કાધૅવિયૅ ણીયૅ કધિ <br>ઉન્ધ્ધન્ થૂમ્અંયિપ્ પાધમ્યૅ સરંયાગધિ <br> <br>ષ્રીધુર્ક્કાધૅવિયૅ ણીયૅ કધિ <br>ઉન્ધ્ધન્ થૂમ્અંયિપ્ પાધમ્યૅ સરંયાગધિ <br>ઉન્ધ્ધન્ થૂમ્અંયિપ્ પાધમ્યૅ સરંયાગધિ <br> <br>ષ્રીધુર્ક્કાધૅવિયૅ ણીયૅ કધિ <br> <br>કૈલાસ વાસિનિયૅ કઋંયૈવિલિ કાત્તુ <br>કંણનુક્કુ મ્યૂથવળૅ કંણૅરુ પૉક્કુ <br>કૈલાસ વાસિનિયૅ કઋંયૈવિલિ કાત્તુ <br>કંણનુક્કુ મ્યૂથવળૅ કંણૅરુ પૉક્કુ <br> <br>સૂલાયુધમ્ ઍન્ધ્ધિ અમ્મ્યા ણી વન્ધ્ધાલ્ <br>સૂલુમ્વિનૈ યાવુમ્ પોદિયાગિપ્ પૉગુમ્ <br>સૂલાયુધમ્ ઍન્ધ્ધિ અમ્મ્યા ણી વન્ધ્ધાલ્ <br>સૂલુમ્વિનૈ યાવુમ્ પોદિયાગિપ્ પૉગુમ્ <br>સૂલુમ્વિનૈ યાવુમ્ પોદિયાગિપ્ પૉગુમ્ <br> <br>ષ્રીધુર્ક્કાધૅવિયૅ ણીયૅ કધિ <br>ઉન્ધ્ધન્ થૂમ્અંયિપ્ પાધમ્યૅ સરંયાગધિ <br> <br>પદૈબલ વન્ધ્ધાલુમ્ ઉન્ ણામ્યમ્ કવસમ્યૅ ! <br>થદૈબલ વન્ધ્ધાલુમ્ થુર્ક્કા ણી કવસમ્યૅ ! <br>પદૈબલ વન્ધ્ધાલુમ્ ઉન્ ણામ્યમ્ કવસમ્યૅ ! <br>થદૈબલ વન્ધ્ધાલુમ્ થુર્ક્કા ણી કવસમ્યૅ ! <br> <br>કદૈક્કૉદિ ઉયિરુક્કુમ્ ઉન્નામ્યમ્ કવસમ્યૅ ! <br>અદિબંયિવૉર્ક્ કેલ્લામ્ અમ્મ્યા ણી કવસમ્યૅ ! <br>કદૈક્કૉદિ ઉયિરુક્કુમ્ ઉન્નામ્યમ્ કવસમ્યૅ ! <br>અદિબંયિવૉર્ક્ કેલ્લામ્ અમ્મ્યા ણી કવસમ્યૅ <br>અદિબંયિવૉર્ક્ કેલ્લામ્ અમ્મ્યા ણી કવસમ્યૅ <br> <br>ષ્રીધુર્ક્કાધૅવિયૅ ણીયૅ કધિ <br>ઉન્ધ્ધન્ થૂમ્અંયિપ્ પાધમ્યૅ સરંયાગધિ <br> <br>જેયજેય થુર્ક્કાની સેયલાત્રલ્ થન્ધ્ધિદુ <br>જેયજેય થુર્ક્કાની જેયમ્યેન્દ્રુમ્ થન્ધ્ધિદુ <br>જેયજેય થુર્ક્કાની સેયલાત્રલ્ થન્ધ્ધિદુ <br>જેયજેય થુર્ક્કાની જેયમ્યેન્દ્રુમ્ થન્ધ્ધિદુ <br> <br>જેયજેય થુર્ક્કાની અન્પૉદુ વન્ધ્ધિદુ <br>જેયજેય થુર્ક્કાની આનન્ધ્ધમ્ થન્ધ્ધિદુ <br>જેયજેય થુર્ક્કાની અન્પૉદુ વન્ધ્ધિદુ <br>જેયજેય થુર્ક્કાની આનન્ધ્ધમ્ થન્ધ્ધિદુ <br>જેયજેય થુર્ક્કાની આનન્ધ્ધમ્ થન્ધ્ધિદુ <br> <br>ષ્રીધુર્ક્કાધૅવિયૅ ણીયૅ કધિ <br>ઉન્ધ્ધન્ થૂમ્અંયિપ્ પાધમ્યૅ સરંયાગધિ <br> <br>ષ્રીધુર્ક્કાધૅવિયૅ ણીયૅ કધિ <br>ઉન્ધ્ધન્ થૂમ્અંયિપ્ પાધમ્યૅ સરંયાગધિ <br>ઉન્ધ્ધન્ થૂમ્અંયિપ્ પાધમ્યૅ સરંયાગધિ <br>ષ્રીધુર્ક્કાધૅવિયૅ ણીયૅ કધિ... ",
      "language" : {
        "name" : "Gujarathi",
        "code" : "gu"
      }
    },
    {
      "data" : "स्रीदुर्क्काधेविये नीये कदि <br>उन्द दन तूम्अंइप पादम्ए सरंआगदि <br> <br>स्रीदुर्क्काधेविये नीये कदि <br>उन्द दन तूम्अंइप पादम्ए सरंआगदि <br>उन्द दन तूम्अंइप पादम्ए सरंआगदि <br> <br>स्रीदुर्क्काधेविये नीये कदि <br> <br>कैलास वासिनिये कऱुंऐविलि काटटु <br>कंणनुक्कु म्ऊतवऴे कंणेड़ु पोककु <br>कैलास वासिनिये कऱुंऐविलि काटटु <br>कंणनुक्कु म्ऊतवऴे कंणेड़ु पोककु <br> <br>सूलायुदम एन्द दि अमम्आ नी वन्द दाल <br>सूलुम्विनै यावुम पोडियागिप पोगुम <br>सूलायुदम एन्द दि अमम्आ नी वन्द दाल <br>सूलुम्विनै यावुम पोडियागिप पोगुम <br>सूलुम्विनै यावुम पोडियागिप पोगुम <br> <br>स्रीदुर्क्काधेविये नीये कदि <br>उन्द दन तूम्अंइप पादम्ए सरंआगदि <br> <br>पडैबल वन्द दालुम उन नामअम कवसम्ए ! <br>तडैबल वन्द दालुम तुरकका नी कवसम्ए ! <br>पडैबल वन्द दालुम उन नामअम कवसम्ए ! <br>तडैबल वन्द दालुम तुरकका नी कवसम्ए ! <br> <br>कडैक्कोडि उयिरुक्कुम उन्नाम्अम कवसम्ए ! <br>अडिबंइवोर्क केललाम अमम्आ नी कवसम्ए ! <br>कडैक्कोडि उयिरुक्कुम उन्नाम्अम कवसम्ए ! <br>अडिबंइवोर्क केललाम अमम्आ नी कवसम्ए <br>अडिबंइवोर्क केललाम अमम्आ नी कवसम्ए <br> <br>स्रीदुर्क्काधेविये नीये कदि <br>उन्द दन तूम्अंइप पादम्ए सरंआगदि <br> <br>जेयजेय तुर्क्कानी सेयलाट्ड़ल तन्द दिडु <br>जेयजेय तुर्क्कानी जेयम्एन्ड्ड़ुम तन्द दिडु <br>जेयजेय तुर्क्कानी सेयलाट्ड़ल तन्द दिडु <br>जेयजेय तुर्क्कानी जेयम्एन्ड्ड़ुम तन्द दिडु <br> <br>जेयजेय तुर्क्कानी अनपोडु वन्द दिडु <br>जेयजेय तुर्क्कानी आनन्द दम तन्द दिडु <br>जेयजेय तुर्क्कानी अनपोडु वन्द दिडु <br>जेयजेय तुर्क्कानी आनन्द दम तन्द दिडु <br>जेयजेय तुर्क्कानी आनन्द दम तन्द दिडु <br> <br>स्रीदुर्क्काधेविये नीये कदि <br>उन्द दन तूम्अंइप पादम्ए सरंआगदि <br> <br>स्रीदुर्क्काधेविये नीये कदि <br>उन्द दन तूम्अंइप पादम्ए सरंआगदि <br>उन्द दन तूम्अंइप पादम्ए सरंआगदि <br>स्रीदुर्क्काधेविये नीये कदि... ",
      "language" : {
        "name" : "Marathi",
        "code" : "mr"
      }
    },
    {
      "data" : "ଷ୍ରୀଧୁର୍କ୍କାଧେୱିଯେ ନୀଯେ କଧି <br>ଉନ୍ଧ୍ଧନ୍ ଥୂମ୍ଅଂଯିପ୍ ପାଧମ୍ଯେ ସରଂଯାଗଧି <br> <br>ଷ୍ରୀଧୁର୍କ୍କାଧେୱିଯେ ନୀଯେ କଧି <br>ଉନ୍ଧ୍ଧନ୍ ଥୂମ୍ଅଂଯିପ୍ ପାଧମ୍ଯେ ସରଂଯାଗଧି <br>ଉନ୍ଧ୍ଧନ୍ ଥୂମ୍ଅଂଯିପ୍ ପାଧମ୍ଯେ ସରଂଯାଗଧି <br> <br>ଷ୍ରୀଧୁର୍କ୍କାଧେୱିଯେ ନୀଯେ କଧି <br> <br>କୈଳାସ ୱାସିନିଯେ କଋଂଯୈୱିଳି କାତ୍ତୁ <br>କଂଣନୁକ୍କୁ ମ୍ଯୂଥୱଲେ କଂଣେଡ଼ୁ ପୋକ୍କୁ <br>କୈଳାସ ୱାସିନିଯେ କଋଂଯୈୱିଳି କାତ୍ତୁ <br>କଂଣନୁକ୍କୁ ମ୍ଯୂଥୱଲେ କଂଣେଡ଼ୁ ପୋକ୍କୁ <br> <br>ସୂଳାଯୁଧମ୍ ଏନ୍ଧ୍ଧି ଅମ୍ମ୍ଯା ନୀ ୱନ୍ଧ୍ଧାଳ୍ <br>ସୂଳୁମ୍ୱିନୈ ଯାୱୁମ୍ ପୋଦିଯାଗିପ୍ ପୋଗୁମ୍ <br>ସୂଳାଯୁଧମ୍ ଏନ୍ଧ୍ଧି ଅମ୍ମ୍ଯା ନୀ ୱନ୍ଧ୍ଧାଳ୍ <br>ସୂଳୁମ୍ୱିନୈ ଯାୱୁମ୍ ପୋଦିଯାଗିପ୍ ପୋଗୁମ୍ <br>ସୂଳୁମ୍ୱିନୈ ଯାୱୁମ୍ ପୋଦିଯାଗିପ୍ ପୋଗୁମ୍ <br> <br>ଷ୍ରୀଧୁର୍କ୍କାଧେୱିଯେ ନୀଯେ କଧି <br>ଉନ୍ଧ୍ଧନ୍ ଥୂମ୍ଅଂଯିପ୍ ପାଧମ୍ଯେ ସରଂଯାଗଧି <br> <br>ପଦୈବଳ ୱନ୍ଧ୍ଧାଳୁମ୍ ଉନ୍ ନାମ୍ଯମ୍ କୱସମ୍ଯେ ! <br>ଥଦୈବଳ ୱନ୍ଧ୍ଧାଳୁମ୍ ଥୁର୍କ୍କା ନୀ କୱସମ୍ଯେ ! <br>ପଦୈବଳ ୱନ୍ଧ୍ଧାଳୁମ୍ ଉନ୍ ନାମ୍ଯମ୍ କୱସମ୍ଯେ ! <br>ଥଦୈବଳ ୱନ୍ଧ୍ଧାଳୁମ୍ ଥୁର୍କ୍କା ନୀ କୱସମ୍ଯେ ! <br> <br>କଦୈକ୍କୋଦି ଉଯିରୁକ୍କୁମ୍ ଉନ୍ନାମ୍ଯମ୍ କୱସମ୍ଯେ ! <br>ଅଦିବଂଯିୱୋର୍କ୍ କେଳ୍ଳାମ୍ ଅମ୍ମ୍ଯା ନୀ କୱସମ୍ଯେ ! <br>କଦୈକ୍କୋଦି ଉଯିରୁକ୍କୁମ୍ ଉନ୍ନାମ୍ଯମ୍ କୱସମ୍ଯେ ! <br>ଅଦିବଂଯିୱୋର୍କ୍ କେଳ୍ଳାମ୍ ଅମ୍ମ୍ଯା ନୀ କୱସମ୍ଯେ <br>ଅଦିବଂଯିୱୋର୍କ୍ କେଳ୍ଳାମ୍ ଅମ୍ମ୍ଯା ନୀ କୱସମ୍ଯେ <br> <br>ଷ୍ରୀଧୁର୍କ୍କାଧେୱିଯେ ନୀଯେ କଧି <br>ଉନ୍ଧ୍ଧନ୍ ଥୂମ୍ଅଂଯିପ୍ ପାଧମ୍ଯେ ସରଂଯାଗଧି <br> <br>ଜେଯଜେଯ ଥୁର୍କ୍କାନୀ ସେଯଳାତ୍ଡ଼ଳ୍ ଥନ୍ଧ୍ଧିଦୁ <br>ଜେଯଜେଯ ଥୁର୍କ୍କାନୀ ଜେଯମ୍ଯେନ୍ଦ୍ଡ଼ୁମ୍ ଥନ୍ଧ୍ଧିଦୁ <br>ଜେଯଜେଯ ଥୁର୍କ୍କାନୀ ସେଯଳାତ୍ଡ଼ଳ୍ ଥନ୍ଧ୍ଧିଦୁ <br>ଜେଯଜେଯ ଥୁର୍କ୍କାନୀ ଜେଯମ୍ଯେନ୍ଦ୍ଡ଼ୁମ୍ ଥନ୍ଧ୍ଧିଦୁ <br> <br>ଜେଯଜେଯ ଥୁର୍କ୍କାନୀ ଅନ୍ପୋଦୁ ୱନ୍ଧ୍ଧିଦୁ <br>ଜେଯଜେଯ ଥୁର୍କ୍କାନୀ ଆନନ୍ଧ୍ଧମ୍ ଥନ୍ଧ୍ଧିଦୁ <br>ଜେଯଜେଯ ଥୁର୍କ୍କାନୀ ଅନ୍ପୋଦୁ ୱନ୍ଧ୍ଧିଦୁ <br>ଜେଯଜେଯ ଥୁର୍କ୍କାନୀ ଆନନ୍ଧ୍ଧମ୍ ଥନ୍ଧ୍ଧିଦୁ <br>ଜେଯଜେଯ ଥୁର୍କ୍କାନୀ ଆନନ୍ଧ୍ଧମ୍ ଥନ୍ଧ୍ଧିଦୁ <br> <br>ଷ୍ରୀଧୁର୍କ୍କାଧେୱିଯେ ନୀଯେ କଧି <br>ଉନ୍ଧ୍ଧନ୍ ଥୂମ୍ଅଂଯିପ୍ ପାଧମ୍ଯେ ସରଂଯାଗଧି <br> <br>ଷ୍ରୀଧୁର୍କ୍କାଧେୱିଯେ ନୀଯେ କଧି <br>ଉନ୍ଧ୍ଧନ୍ ଥୂମ୍ଅଂଯିପ୍ ପାଧମ୍ଯେ ସରଂଯାଗଧି <br>ଉନ୍ଧ୍ଧନ୍ ଥୂମ୍ଅଂଯିପ୍ ପାଧମ୍ଯେ ସରଂଯାଗଧି <br>ଷ୍ରୀଧୁର୍କ୍କାଧେୱିଯେ ନୀଯେ କଧି... ",
      "language" : {
        "name" : "Oriya",
        "code" : "or"
      }
    },
    {
      "data" : "स्रीदुर्क्काधेविये नीये कदि <br>उन्द दन तूम्अंइप पादम्ए सरंआगदि <br> <br>स्रीदुर्क्काधेविये नीये कदि <br>उन्द दन तूम्अंइप पादम्ए सरंआगदि <br>उन्द दन तूम्अंइप पादम्ए सरंआगदि <br> <br>स्रीदुर्क्काधेविये नीये कदि <br> <br>कैलास वासिनिये कऱुंऐविलि काटटु <br>कंणनुक्कु म्ऊतवऴे कंणेड़ु पोककु <br>कैलास वासिनिये कऱुंऐविलि काटटु <br>कंणनुक्कु म्ऊतवऴे कंणेड़ु पोककु <br> <br>सूलायुदम एन्द दि अमम्आ नी वन्द दाल <br>सूलुम्विनै यावुम पोडियागिप पोगुम <br>सूलायुदम एन्द दि अमम्आ नी वन्द दाल <br>सूलुम्विनै यावुम पोडियागिप पोगुम <br>सूलुम्विनै यावुम पोडियागिप पोगुम <br> <br>स्रीदुर्क्काधेविये नीये कदि <br>उन्द दन तूम्अंइप पादम्ए सरंआगदि <br> <br>पडैबल वन्द दालुम उन नामअम कवसम्ए ! <br>तडैबल वन्द दालुम तुरकका नी कवसम्ए ! <br>पडैबल वन्द दालुम उन नामअम कवसम्ए ! <br>तडैबल वन्द दालुम तुरकका नी कवसम्ए ! <br> <br>कडैक्कोडि उयिरुक्कुम उन्नाम्अम कवसम्ए ! <br>अडिबंइवोर्क केललाम अमम्आ नी कवसम्ए ! <br>कडैक्कोडि उयिरुक्कुम उन्नाम्अम कवसम्ए ! <br>अडिबंइवोर्क केललाम अमम्आ नी कवसम्ए <br>अडिबंइवोर्क केललाम अमम्आ नी कवसम्ए <br> <br>स्रीदुर्क्काधेविये नीये कदि <br>उन्द दन तूम्अंइप पादम्ए सरंआगदि <br> <br>जेयजेय तुर्क्कानी सेयलाट्ड़ल तन्द दिडु <br>जेयजेय तुर्क्कानी जेयम्एन्ड्ड़ुम तन्द दिडु <br>जेयजेय तुर्क्कानी सेयलाट्ड़ल तन्द दिडु <br>जेयजेय तुर्क्कानी जेयम्एन्ड्ड़ुम तन्द दिडु <br> <br>जेयजेय तुर्क्कानी अनपोडु वन्द दिडु <br>जेयजेय तुर्क्कानी आनन्द दम तन्द दिडु <br>जेयजेय तुर्क्कानी अनपोडु वन्द दिडु <br>जेयजेय तुर्क्कानी आनन्द दम तन्द दिडु <br>जेयजेय तुर्क्कानी आनन्द दम तन्द दिडु <br> <br>स्रीदुर्क्काधेविये नीये कदि <br>उन्द दन तूम्अंइप पादम्ए सरंआगदि <br> <br>स्रीदुर्क्काधेविये नीये कदि <br>उन्द दन तूम्अंइप पादम्ए सरंआगदि <br>उन्द दन तूम्अंइप पादम्ए सरंआगदि <br>स्रीदुर्क्काधेविये नीये कदि... ",
      "language" : {
        "name" : "konkani",
        "code" : "ko"
      }
    }
  ],
  "mood" : {
    "slug" : "happy",
    "name" : "Happy"
  },
  "thumbnail" : "https:\/\/d1ua79hvv369a0.cloudfront.net\/reflection\/thumbnail\/16-May-2016\/Durga_Devi_thumb.jpg",
  "language" : {
    "name" : "Tamil",
    "code" : "ta"
  },
  "slug" : "sri-durga-devi",
  "info" : {
    "lyric_languages" : [
      {
        "name" : {
          "en" : "Tamil",
          "hi" : "Tamil",
          "te" : "Tamil",
          "ta" : "தமிழ்"
        }
      }
    ],
    "launch_date" : {
      "en" : "16\/05\/2016",
      "hi" : "16\/05\/2016",
      "te" : "16\/05\/2016",
      "ta" : "16\/05\/2016"
    },
    "thaalams" : [
      {
        "name" : {
          "en" : "Adi Taalam",
          "hi" : "Adi Taalam",
          "te" : "Adi Taalam",
          "ta" : "ஆதி தாளம்"
        }
      }
    ],
    "lyric_moods" : [
      {
        "name" : {
          "en" : "Happy",
          "hi" : "Happy",
          "te" : "Happy",
          "ta" : "மகிழ்ச்சி"
        }
      }
    ],
    "music_genres" : [
      {
        "name" : {
          "en" : "Devotional",
          "hi" : "Devotional",
          "te" : "Devotional",
          "ta" : "ஆன்மீகம்"
        }
      }
    ],
    "lyric_genres" : [
      {
        "name" : {
          "en" : "Spiritual ",
          "hi" : "Spiritual ",
          "te" : "Spiritual ",
          "ta" : "ஆன்மீகம் "
        }
      }
    ],
    "duration" : 4.42,
    "lyric_styles" : [
      {
        "name" : {
          "en" : "Traditional",
          "hi" : "Traditional",
          "te" : "Traditional",
          "ta" : "செம்மொழி நடை"
        }
      }
    ],
    "best_seasons_to_listen" : [
      {
        "name" : {
          "en" : "All",
          "hi" : "All",
          "te" : "All",
          "ta" : "அனைத்தும்"
        }
      }
    ],
    "raagams" : [
      {
        "name" : {
          "en" : "Shivaranjani",
          "hi" : "Shivaranjani",
          "te" : "Shivaranjani",
          "ta" : "சிவரஞ்சனி"
        }
      }
    ],
    "best_time_to_listen" : [
      {
        "name" : {
          "en" : "Morning",
          "hi" : "Morning",
          "te" : "Morning",
          "ta" : "காலை"
        }
      },
      {
        "name" : {
          "en" : "Evening",
          "hi" : "Evening",
          "te" : "Evening",
          "ta" : "மாலை"
        }
      }
    ]
  }
}