{
  "title" : {
    "en" : "Sunrise and Waves",
    "hi" : "Sunrise and Waves",
    "te" : "Sunrise and Waves",
    "ta" : "சூரியோதயம்"
  },
  "info" : {
    "best_time_to_listen" : [
      {
        "name" : {
          "en" : "All",
          "hi" : "All",
          "te" : "All",
          "ta" : "எப்பொழுதும்"
        }
      }
    ],
    "best_seasons_to_listen" : [
      {
        "name" : {
          "en" : "All",
          "hi" : "All",
          "te" : "All",
          "ta" : "எப்பொழுதும்"
        }
      }
    ],
    "music_genres" : [
      {
        "name" : {
          "en" : "Rehab",
          "hi" : "Rehab",
          "te" : "Rehab",
          "ta" : "மறுவாழ்வு"
        }
      }
    ],
    "launch_date" : {
      "en" : "18\/04\/2016",
      "hi" : "18\/04\/2016",
      "te" : "18\/04\/2016",
      "ta" : "18\/04\/2016"
    },
    "duration" : 9.17
  },
  "active" : true,
  "credits" : {
    "director_of_photography" : [
      {
        "name" : {
          "en" : "Gokula Krishnan R Vasugi MFI",
          "hi" : "Gokula Krishnan R Vasugi MFI",
          "te" : "Gokula Krishnan R Vasugi MFI",
          "ta" : "கோகுல கிருஷ்ணன் R வாசுகி, MFI"
        }
      }
    ],
    "editing_and_motion_design" : [
      {
        "name" : {
          "en" : "Shyam Sundar Murugesan",
          "hi" : "Shyam Sundar Murugesan",
          "te" : "Shyam Sundar Murugesan",
          "ta" : "ஷியாம் சுந்தர் முருகேசன்"
        }
      }
    ],
    "junior_cameraman" : [
      {
        "name" : {
          "en" : "Rama Krishnan R",
          "hi" : "Rama Krishnan R",
          "te" : "Rama Krishnan R",
          "ta" : "இராம கிருஷ்ணன் R"
        }
      }
    ]
  },
  "published_on" : "2016-04-18T12:30:00.000Z",
  "description" : {
    "en" : "You can cover yourself from the sun with a single palm and yet the sun envelops the entire world with its light. Watch, as the sun rises and the waves lap up new territories of shore. Let the Nature bring you the much needed relaxation.",
    "hi" : "You can cover yourself from the sun with a single palm and yet the sun envelops the entire world with its light. Watch, as the sun rises and the waves lap up new territories of shore. Let the Nature bring you the much needed relaxation.",
    "te" : "You can cover yourself from the sun with a single palm and yet the sun envelops the entire world with its light. Watch, as the sun rises and the waves lap up new territories of shore. Let the Nature bring you the much needed relaxation.",
    "ta" : "விழும் ஒவ்வொன்றும் மீண்டும் எழும் என தினம் தினம் நம் ஐம்புலன்களுக்கும் பாடம் புகட்டுகிறது சூரியன். அலைகள் உங்கள் மனதின் கால்களை நனைக்க, விழிகள் சூரியனின் உதயத்தைப் பார்க்க, இயற்கையை விட எது நம்மை அமைதிபடுத்த முடியும்?"
  },
  "poster" : "https:\/\/d1ua79hvv369a0.cloudfront.net\/reflection\/poster\/sunrise-poster.jpg",
  "album" : {
    "id" : "1",
    "title" : {
      "en" : "Rehab",
      "hi" : "Rehab",
      "te" : "Rehab",
      "ta" : "மறுவாழ்வு"
    },
    "poster" : "https:\/\/d1ua79hvv369a0.cloudfront.net\/reflection\/thumbnail\/Playlist_Rehab_Cover.jpg",
    "description" : {
      "en" : "Feeling mesmerized, lost, energized or upbeat after listening to a playlist? Welcome to Rehab, here we bring you the best of relaxation – to soothe your eyes and to train your ears for Round 2.",
      "hi" : "Feeling mesmerized, lost, energized or upbeat after listening to a playlist? Welcome to Rehab, here we bring you the best of relaxation – to soothe your eyes and to train your ears for Round 2.",
      "te" : "Feeling mesmerized, lost, energized or upbeat after listening to a playlist? Welcome to Rehab, here we bring you the best of relaxation – to soothe your eyes and to train your ears for Round 2.",
      "ta" : "இசையின் போதையின் மயக்கம் தெளிய எங்கள் மறுவாழ்வு மையம் உதவும். உங்களை அமைதிபடுத்த, இசையின் சப்தங்களில் இருந்தும் சொற்களின் பிடியில் இருந்தும் உங்களை சற்று விடுவிக்க, கண்களையும் செவிகளையும் அடுத்த சுற்றுக்கு தயார் படுத்தவே இந்த மையம்."
    },
    "thumbnail" : "https:\/\/d1ua79hvv369a0.cloudfront.net\/reflection\/thumbnail\/Playlist_Rehab_Cover.jpg"
  },
  "type" : {
    "slug" : "independent-music",
    "name" : "Independent Music"
  },
  "id" : "7",
  "mood" : {
    "slug" : "excited",
    "name" : "Excited"
  },
  "release_order_of_the_day" : 4,
  "language" : {
    "name" : "Tamil",
    "code" : "ta"
  },
  "slug" : "sunrise-and-waves",
  "thumbnail" : "https:\/\/d1ua79hvv369a0.cloudfront.net\/reflection\/thumbnail\/Sunraise_thumb.jpg"
}