{
  "title" : {
    "en" : "Thaai Engal Thamizhnaadae",
    "hi" : "Thaai Engal Thamizhnaadae",
    "te" : "Thaai Engal Thamizhnaadae",
    "ta" : "தாய் எங்கள் தமிழ்நடே"
  },
  "info" : {
    "lyric_genres" : [
      {
        "name" : {
          "en" : "Patriotic",
          "hi" : "Patriotic",
          "te" : "Patriotic",
          "ta" : "தேசப்பற்று"
        }
      }
    ],
    "thaalams" : [
      {
        "name" : {
          "en" : "Adi Taalam (4 by 4 in slower tempo WCM)",
          "hi" : "Adi Taalam (4 by 4 in slower tempo WCM)",
          "te" : "Adi Taalam (4 by 4 in slower tempo WCM)",
          "ta" : "Adi Taalam (4 by 4 in slower tempo WCM)"
        }
      }
    ],
    "lyric_languages" : [
      {
        "name" : {
          "en" : "English",
          "hi" : "English",
          "te" : "English",
          "ta" : "English"
        }
      },
      {
        "name" : {
          "en" : "தமிழ்",
          "hi" : "தமிழ்",
          "te" : "தமிழ்",
          "ta" : "தமிழ்"
        }
      }
    ],
    "lyric_moods" : [
      {
        "name" : {
          "en" : "Happy",
          "hi" : "Happy",
          "te" : "Happy",
          "ta" : "மகிழ்ச்சி"
        }
      }
    ],
    "music_genres" : [
      {
        "name" : {
          "en" : "Alternative",
          "hi" : "Alternative",
          "te" : "Alternative",
          "ta" : "Alternative"
        }
      },
      {
        "name" : {
          "en" : "Indian Folk",
          "hi" : "Indian Folk",
          "te" : "Indian Folk",
          "ta" : "Indian Folk"
        }
      }
    ],
    "best_seasons_to_listen" : [
      {
        "name" : {
          "en" : "All",
          "hi" : "All",
          "te" : "All",
          "ta" : "மழை"
        }
      }
    ],
    "launch_date" : {
      "en" : "18\/04\/2016",
      "hi" : "18\/04\/2016",
      "te" : "18\/04\/2016",
      "ta" : "18\/04\/2016"
    },
    "lyric_styles" : [
      {
        "name" : {
          "en" : "Traditional",
          "hi" : "Traditional",
          "te" : "Traditional",
          "ta" : "பாரம்பரியம்"
        }
      }
    ],
    "best_time_to_listen" : [
      {
        "name" : {
          "en" : "Night",
          "hi" : "Night",
          "te" : "Night",
          "ta" : "மாலை"
        }
      }
    ],
    "duration" : 6.23,
    "raagams" : [
      {
        "name" : {
          "en" : "Mohanam (The flavor is clearly seen in the nadaswaram solo)",
          "hi" : "Mohanam (The flavor is clearly seen in the nadaswaram solo)",
          "te" : "Mohanam (The flavor is clearly seen in the nadaswaram solo)",
          "ta" : "Mohanam (The flavor is clearly seen in the nadaswaram solo)"
        }
      }
    ],
    "instruments" : [
      {
        "name" : {
          "en" : "Acoustic Guitar",
          "hi" : "Acoustic Guitar",
          "te" : "Acoustic Guitar",
          "ta" : "அகௌஸ்டிக் கிட்டார்"
        }
      },
      {
        "name" : {
          "en" : "Electric Guitar",
          "hi" : "Electric Guitar",
          "te" : "Electric Guitar",
          "ta" : "எலெக்ட்ரிக் கிட்டார்"
        }
      },
      {
        "name" : {
          "en" : "Piano",
          "hi" : "Piano",
          "te" : "Piano",
          "ta" : "பியானோ"
        }
      },
      {
        "name" : {
          "en" : "Nadaswaram",
          "hi" : "Nadaswaram",
          "te" : "Nadaswaram",
          "ta" : "நாதஸ்வரம் "
        }
      }
    ]
  },
  "active" : true,
  "credits" : {
    "mixers" : [
      {
        "name" : {
          "en" : "Santhosh Narayanan",
          "hi" : "Santhosh Narayanan",
          "te" : "Santhosh Narayanan",
          "ta" : "சந்தோஷ் நாராயணன்"
        }
      }
    ],
    "light_unit" : [
      {
        "name" : {
          "en" : "Mindscreen Film Institute",
          "hi" : "Mindscreen Film Institute",
          "te" : "Mindscreen Film Institute",
          "ta" : "மைன்ட் ஸ்க்ரீன் பிலிம் இன்ஸ்டியூட்"
        }
      }
    ],
    "masters" : [
      {
        "name" : {
          "en" : "Leon Zervos",
          "hi" : "Leon Zervos",
          "te" : "Leon Zervos",
          "ta" : "லியன் ஸெர்வோஸ் "
        }
      }
    ],
    "composers" : [
      {
        "name" : {
          "en" : "Santhosh Narayan",
          "hi" : "Santhosh Narayan",
          "te" : "Santhosh Narayan",
          "ta" : "சந்தோஷ் நாராயணன்"
        }
      }
    ],
    "lyricists" : [
      {
        "name" : {
          "en" : "Muthamil",
          "hi" : "Muthamil",
          "te" : "Muthamil",
          "ta" : "முத்தமிழ்"
        }
      }
    ],
    "singers" : [
      {
        "name" : {
          "en" : "Sean Roldan",
          "hi" : "Sean Roldan",
          "te" : "Sean Roldan",
          "ta" : "ஷான் ரால்டன்"
        }
      }
    ],
    "editing_and_motion_design" : [
      {
        "name" : {
          "en" : "Shyam",
          "hi" : "Shyam",
          "te" : "Shyam",
          "ta" : "ஷியாம்"
        }
      }
    ],
    "arrangers" : [
      {
        "name" : {
          "en" : "Coralie Hartl",
          "hi" : "Coralie Hartl",
          "te" : "Coralie Hartl",
          "ta" : "கோரேலி ஹார்ட்ல்"
        }
      },
      {
        "name" : {
          "en" : "Kalyani Nair",
          "hi" : "Kalyani Nair",
          "te" : "Kalyani Nair",
          "ta" : "மீனாக்ஷி ஐயர் "
        }
      }
    ],
    "producers" : [
      {
        "name" : {
          "en" : "Santhosh Narayan",
          "hi" : "Santhosh Narayan",
          "te" : "Santhosh Narayan",
          "ta" : "சந்தோஷ் நாராயணன்"
        }
      }
    ],
    "recorded_studios" : [
      {
        "name" : {
          "en" : "Studios 301",
          "hi" : "Studios 301",
          "te" : "Studios 301",
          "ta" : "Studios 301"
        }
      },
      {
        "name" : {
          "en" : "Future tense Studios",
          "hi" : "Future tense Studios",
          "te" : "Future tense Studios",
          "ta" : "ஃப்யூச்சர் டென்ஸ் ஸ்டுடியோ"
        }
      }
    ],
    "translator" : [
      {
        "name" : {
          "en" : "Jayashree Ramanujam",
          "hi" : "Jayashree Ramanujam",
          "te" : "Jayashree Ramanujam",
          "ta" : "ஜெயஸ்ரீ இராமனுஜம் "
        }
      }
    ],
    "lyric_video_images" : [
      {
        "name" : {
          "en" : "Enthrall Communication",
          "hi" : "Enthrall Communication",
          "te" : "Enthrall Communication",
          "ta" : "எந்த்ரால் கம்யுனிகேசன் "
        }
      }
    ],
    "dop" : [
      {
        "name" : {
          "en" : "Gokula Krishnan R Vasugi, MFI",
          "hi" : "Gokula Krishnan R Vasugi, MFI",
          "te" : "Gokula Krishnan R Vasugi, MFI",
          "ta" : "கோகுல கிருஷ்ணன் R வாசுகி MFI "
        }
      }
    ],
    "editor" : [
      {
        "name" : {
          "en" : "Mithran",
          "hi" : "Mithran",
          "te" : "Mithran",
          "ta" : "மித்திரன் "
        }
      }
    ],
    "sound_engineers" : [
      {
        "name" : {
          "en" : "Simonk todkill",
          "hi" : "Simonk todkill",
          "te" : "Simonk todkill",
          "ta" : "சிமங்க் டோட்கில்"
        }
      },
      {
        "name" : {
          "en" : "Sean Astill",
          "hi" : "Sean Astill",
          "te" : "Sean Astill",
          "ta" : "சின் அஸ்டில் "
        }
      }
    ],
    "junior_cameraman" : [
      {
        "name" : {
          "en" : "Murali Manokar",
          "hi" : "Murali Manokar",
          "te" : "Murali Manokar",
          "ta" : "முரளி மனோகர் "
        }
      }
    ]
  },
  "published_on" : "2016-04-18T12:30:00.000Z",
  "description" : {
    "en" : "The beauty of Thamizh Nadu in all its manifestations is showcased in this Santhosh Narayanan tribute to Thamizh Nadu. Flowing waters and expansive mountains. Cultural heritages and folk festivals. Sculptures of pride and talents by passion. Thamizh Nadu is all this and more. The nativity, culture, landscapes, lives, livelihood, spirit and soul of Tamil Nadu is uniquely portrayed through the eyes of a young Thamizh boy.",
    "hi" : "The beauty of Thamizh Nadu in all its manifestations is showcased in this Santhosh Narayanan tribute to Thamizh Nadu. Flowing waters and expansive mountains. Cultural heritages and folk festivals. Sculptures of pride and talents by passion. Thamizh Nadu is all this and more. The nativity, culture, landscapes, lives, livelihood, spirit and soul of Tamil Nadu is uniquely portrayed through the eyes of a young Thamizh boy.",
    "te" : "The beauty of Thamizh Nadu in all its manifestations is showcased in this Santhosh Narayanan tribute to Thamizh Nadu. Flowing waters and expansive mountains. Cultural heritages and folk festivals. Sculptures of pride and talents by passion. Thamizh Nadu is all this and more. The nativity, culture, landscapes, lives, livelihood, spirit and soul of Tamil Nadu is uniquely portrayed through the eyes of a young Thamizh boy.",
    "ta" : "தமிழை, தமிழ்நாட்டை போற்றும் முத்தமிழின் வரிகளும் கொண்டாடும் சந்தோஷ் நாராயணனின் இசையும், கேட்கும் உங்களை தமிழ்நாட்டுக்குள் சுற்றுலா அழைத்துச் செல்லும். கூட்டாஞ்சோறு, தப்பாட்டம், அரிசிமாக்கோலம் என மண்வாசனை கிளப்பும் பாடல்."
  },
  "poster" : "https:\/\/d1ua79hvv369a0.cloudfront.net\/reflection\/poster\/thai-engal-thamizhnade.jpg",
  "album" : {
    "title" : {
      "en" : "Thaai Engal Thamizhnaadae!",
      "hi" : "Thaai Engal Thamizhnaadae!",
      "te" : "Thaai Engal Thamizhnaadae!",
      "ta" : "தாய் எங்கள் தமிழ்நாடே!"
    },
    "id" : "4"
  },
  "musics" : [
    {
      "players" : [
        {
          "name" : {
            "en" : "Pradeep Kumar",
            "hi" : "Pradeep Kumar",
            "te" : "Pradeep Kumar",
            "ta" : "பிரதீப் குமார்"
          }
        }
      ],
      "instrument" : {
        "name" : {
          "name" : {
            "en" : "Acoustic guitars",
            "hi" : "Acoustic guitars",
            "te" : "Acoustic guitars",
            "ta" : "அகௌஸ்டிக் கிட்டார் "
          }
        }
      }
    },
    {
      "players" : [
        {
          "name" : {
            "en" : "Jospeh Vijay",
            "hi" : "Jospeh Vijay",
            "te" : "Jospeh Vijay",
            "ta" : "ஜோஸப் விஜய்"
          }
        }
      ],
      "instrument" : {
        "name" : {
          "name" : {
            "en" : "Electric guitars",
            "hi" : "Electric guitars",
            "te" : "Electric guitars",
            "ta" : "எலெக்ட்ரிக் கிட்டார் "
          }
        }
      }
    },
    {
      "players" : [
        {
          "name" : {
            "en" : "Hamish Stuart",
            "hi" : "Hamish Stuart",
            "te" : "Hamish Stuart",
            "ta" : "ஹமீஷ்  ஸ்டூவர்ட் "
          }
        }
      ],
      "instrument" : {
        "name" : {
          "name" : {
            "en" : "Drums",
            "hi" : "Drums",
            "te" : "Drums",
            "ta" : "டிரம்ஸ் "
          }
        }
      }
    }
  ],
  "critics" : [
    {
      "review" : {
        "instrument" : {
          "comment" : {
            "en" : "The song gradually progresses towards aggression but doesn’t go overboard at any point of time.",
            "hi" : "The song gradually progresses towards aggression but doesn’t go overboard at any point of time.",
            "te" : "The song gradually progresses towards aggression but doesn’t go overboard at any point of time.",
            "ta" : "The song gradually progresses towards aggression but doesn’t go overboard at any point of time."
          },
          "score" : 11
        },
        "overall" : {
          "comment" : {
            "en" : "A folk man’s interpretation of patriotism and fusion experimentation!",
            "hi" : "A folk man’s interpretation of patriotism and fusion experimentation!",
            "te" : "A folk man’s interpretation of patriotism and fusion experimentation!",
            "ta" : "A folk man’s interpretation of patriotism and fusion experimentation!"
          },
          "score" : 10.75
        },
        "vocal" : {
          "comment" : {
            "en" : "The vocals are aggressive at the same time musically wonderful.",
            "hi" : "The vocals are aggressive at the same time musically wonderful.",
            "te" : "The vocals are aggressive at the same time musically wonderful.",
            "ta" : "A passionate tune which speaks loads about the patriotic feeling"
          },
          "score" : 11
        },
        "tune" : {
          "comment" : {
            "en" : "A passionate tune which speaks loads about the patriotic feeling",
            "hi" : "A passionate tune which speaks loads about the patriotic feeling",
            "te" : "A passionate tune which speaks loads about the patriotic feeling",
            "ta" : "A passionate tune which speaks loads about the patriotic feeling"
          },
          "score" : 10
        },
        "lyric" : {
          "comment" : {
            "en" : "Riveting lyrics which stir mellowed yet strong emotions.",
            "hi" : "Riveting lyrics which stir mellowed yet strong emotions.",
            "te" : "Riveting lyrics which stir mellowed yet strong emotions.",
            "ta" : "Riveting lyrics which stir mellowed yet strong emotions."
          },
          "score" : 11
        }
      },
      "author" : {
        "name" : "Durga",
        "image" : "https:\/\/d1ua79hvv369a0.cloudfront.net\/reflection\/critic\/critic-durga.png"
      },
      "rating" : 10.75
    },
    {
      "review" : {
        "instrument" : {
          "comment" : {
            "en" : "Delightful mix of western pop and eventually Tamil folk percussion.",
            "hi" : "Delightful mix of western pop and eventually Tamil folk percussion.",
            "te" : "Delightful mix of western pop and eventually Tamil folk percussion.",
            "ta" : "Delightful mix of western pop and eventually Tamil folk percussion."
          },
          "score" : 13
        },
        "overall" : {
          "comment" : {
            "en" : "Wonderful song. Very good tune, very well sung and a fabulous instrumental mix.",
            "hi" : "Wonderful song. Very good tune, very well sung and a fabulous instrumental mix.",
            "te" : "Wonderful song. Very good tune, very well sung and a fabulous instrumental mix.",
            "ta" : "Wonderful song. Very good tune, very well sung and a fabulous instrumental mix."
          },
          "score" : 12.5
        },
        "vocal" : {
          "comment" : {
            "en" : "Absolutely apt, with great diction. The rousing nature of the tune is largely due to the honesty in the vocals.",
            "hi" : "Absolutely apt, with great diction. The rousing nature of the tune is largely due to the honesty in the vocals.",
            "te" : "Absolutely apt, with great diction. The rousing nature of the tune is largely due to the honesty in the vocals.",
            "ta" : "Wonderfully rousing! The build-up is slow and steady, The mid-way folk percussion is absolutely mesmerizing! The first part is very Coldplay’ish too!"
          },
          "score" : 12
        },
        "tune" : {
          "comment" : {
            "en" : "Wonderfully rousing! The build-up is slow and steady, The mid-way folk percussion is absolutely mesmerizing! The first part is very Coldplay’ish too!",
            "hi" : "Wonderfully rousing! The build-up is slow and steady, The mid-way folk percussion is absolutely mesmerizing! The first part is very Coldplay’ish too!",
            "te" : "Wonderfully rousing! The build-up is slow and steady, The mid-way folk percussion is absolutely mesmerizing! The first part is very Coldplay’ish too!",
            "ta" : "Wonderfully rousing! The build-up is slow and steady, The mid-way folk percussion is absolutely mesmerizing! The first part is very Coldplay’ish too!"
          },
          "score" : 13
        },
        "lyric" : {
          "comment" : {
            "en" : "Fantastic ode to Tamil Nadu, with the verses sung with incredible feel.",
            "hi" : "Fantastic ode to Tamil Nadu, with the verses sung with incredible feel.",
            "te" : "Fantastic ode to Tamil Nadu, with the verses sung with incredible feel.",
            "ta" : "Fantastic ode to Tamil Nadu, with the verses sung with incredible feel."
          },
          "score" : 12
        }
      },
      "author" : {
        "name" : "Karthik",
        "image" : "https:\/\/d1ua79hvv369a0.cloudfront.net\/reflection\/critic\/critic-karthik.png"
      },
      "rating" : 12.5
    }
  ],
  "type" : {
    "slug" : "independent-music",
    "name" : "Independent Music"
  },
  "lyrics" : [
    {
      "data" : "kaalangaL enna aanaalum<br>maaRaadhae engaL maNvaasam<br>thaavum oadaiyum thaaLam meettidum<br>pookkum pookkaLum<br>naesam.. paesidum<br><br>vaanamae kooRidum<br>maanamae veeramae<br>eeramae.. vaazhumae<br>thaay engaL thamizhnaadae<br><br>thaen koNda naerangaL<br>theeraadhae endhnaaLum<br>uLLam aedhilum<br>uNmai ooRidum<br>eNNam yaavaiyum<br>unnai chaarndhdhidum<br><br>vaanamae kooRidum<br>maanamae veeramae<br>eeramae.. vaazhumae<br>thaay engaL thamizhnaadae<br><br>vaanangaL maaRaadhae<br>engaL maNvaasam<br>kaalangaL enna aanaalum<br>maaRaadhae engaL maNvaasam<br><br><br><br>vaanamae vaanamae veeramae<br>thaay engaL thamizhnaadae<br>thaay engaL thamizhnaadae ...<br>thaay engaL thamizhnaadae<br>thaay engaL thamizhnaadae ...<br>thaay engaL thamizhnaadae<br>thaay engaL thamizhnaadae ...<br>thaay engaL thamizhnaadae<br>thaay engaL thamizhnaadae ...<br>thaay engaL thamizhnaadae ...<br>thamizhnaadae<br>thamizhnaadae<br>thamizhnaadae<br>thamizhnaadae<br>thaay engaL thamizhnaadae ...<br>thaayae thamizhae thamizhnaadae",
      "language" : {
        "name" : "English",
        "code" : "en"
      }
    },
    {
      "data" : "காலங்கள் என்ன ஆனாலும்<br>மாறாதே எங்கள் மண்வாசம்<br>தாவும் ஓடையும் தாளம் மீட்டிடும்<br>பூக்கும் பூக்களும்<br>நேசம்.. பேசிடும்<br><br>வானமே கூறிடும்<br>மானமே வீரமே<br>ஈரமே.. வாழுமே<br>தாய் எங்கள் தமிழ்நாடே<br><br>தேன் கொண்ட நேரங்கள்<br>தீராதே எந்நாளும்<br>உள்ளம் ஏதிலும்<br>உண்மை ஊறிடும்<br>எண்ணம் யாவையும்<br>உன்னைச் சார்ந்திடும்<br><br>வானமே கூறிடும்<br>மானமே வீரமே<br>ஈரமே.. வாழுமே<br>தாய் எங்கள் தமிழ்நாடே<br><br>வானங்கள் மாறாதே<br>எங்கள் மண்வாசம்<br>காலங்கள் என்ன ஆனாலும்<br>மாறாதே எங்கள் மண்வாசம்<br><br><br><br>வானமே வானமே வீரமே<br>தாய் எங்கள் தமிழ்நாடே<br>தாய் எங்கள் தமிழ்நாடே ...<br>தாய் எங்கள் தமிழ்நாடே<br>தாய் எங்கள் தமிழ்நாடே ...<br>தாய் எங்கள் தமிழ்நாடே<br>தாய் எங்கள் தமிழ்நாடே ...<br>தாய் எங்கள் தமிழ்நாடே<br>தாய் எங்கள் தமிழ்நாடே ...<br>தாய் எங்கள் தமிழ்நாடே ...<br>தமிழ்நாடே<br>தமிழ்நாடே<br>தமிழ்நாடே<br>தமிழ்நாடே<br>தாய் எங்கள் தமிழ்நாடே ...<br>தாயே தமிழே தமிழ்நாடே",
      "language" : {
        "name" : "Tamil",
        "code" : "ta"
      }
    }
  ],
  "id" : "4",
  "phonetic_lyrics" : [
    {
      "data" : "kaalangaL enna aanaalum<br>maaRaadhae engaL maNvaasam<br>thaavum oadaiyum thaaLam meettidum<br>pookkum pookkaLum<br>naesam.. paesidum<br><br>vaanamae kooRidum<br>maanamae veeramae<br>eeramae.. vaazhumae<br>thaay engaL thamizhnaadae<br><br>thaen koNda naerangaL<br>theeraadhae endhnaaLum<br>uLLam aedhilum<br>uNmai ooRidum<br>eNNam yaavaiyum<br>unnai chaarndhdhidum<br><br>vaanamae kooRidum<br>maanamae veeramae<br>eeramae.. vaazhumae<br>thaay engaL thamizhnaadae<br><br>vaanangaL maaRaadhae<br>engaL maNvaasam<br>kaalangaL enna aanaalum<br>maaRaadhae engaL maNvaasam<br><br><br><br>vaanamae vaanamae veeramae<br>thaay engaL thamizhnaadae<br>thaay engaL thamizhnaadae ...<br>thaay engaL thamizhnaadae<br>thaay engaL thamizhnaadae ...<br>thaay engaL thamizhnaadae<br>thaay engaL thamizhnaadae ...<br>thaay engaL thamizhnaadae<br>thaay engaL thamizhnaadae ...<br>thaay engaL thamizhnaadae ...<br>thamizhnaadae<br>thamizhnaadae<br>thamizhnaadae<br>thamizhnaadae<br>thaay engaL thamizhnaadae ...<br>thaayae thamizhae thamizhnaadae",
      "language" : {
        "name" : "English",
        "code" : "en"
      }
    },
    {
      "data" : "காலங்கள் என்ன ஆனாலும்<br>மாறாதே எங்கள் மண்வாசம்<br>தாவும் ஓடையும் தாளம் மீட்டிடும்<br>பூக்கும் பூக்களும்<br>நேசம்.. பேசிடும்<br><br>வானமே கூறிடும்<br>மானமே வீரமே<br>ஈரமே.. வாழுமே<br>தாய் எங்கள் தமிழ்நாடே<br><br>தேன் கொண்ட நேரங்கள்<br>தீராதே எந்நாளும்<br>உள்ளம் ஏதிலும்<br>உண்மை ஊறிடும்<br>எண்ணம் யாவையும்<br>உன்னைச் சார்ந்திடும்<br><br>வானமே கூறிடும்<br>மானமே வீரமே<br>ஈரமே.. வாழுமே<br>தாய் எங்கள் தமிழ்நாடே<br><br>வானங்கள் மாறாதே<br>எங்கள் மண்வாசம்<br>காலங்கள் என்ன ஆனாலும்<br>மாறாதே எங்கள் மண்வாசம்<br><br><br><br>வானமே வானமே வீரமே<br>தாய் எங்கள் தமிழ்நாடே<br>தாய் எங்கள் தமிழ்நாடே ...<br>தாய் எங்கள் தமிழ்நாடே<br>தாய் எங்கள் தமிழ்நாடே ...<br>தாய் எங்கள் தமிழ்நாடே<br>தாய் எங்கள் தமிழ்நாடே ...<br>தாய் எங்கள் தமிழ்நாடே<br>தாய் எங்கள் தமிழ்நாடே ...<br>தாய் எங்கள் தமிழ்நாடே ...<br>தமிழ்நாடே<br>தமிழ்நாடே<br>தமிழ்நாடே<br>தமிழ்நாடே<br>தாய் எங்கள் தமிழ்நாடே ...<br>தாயே தமிழே தமிழ்நாடே",
      "language" : {
        "name" : "Tamil",
        "code" : "ta"
      }
    },
    {
      "data" : "कालङल एनन आनालुम <br>म्आड़ाधे एङल म्अंवासम <br>तावुम ओडैयुम ताळम म्ईट्टिडुम <br>पूककुम पूक्कळुम <br>नेसम.. पेसिडुम <br> <br>वानम्ए कूरिडुम <br>म्आनम्ए वीरम्ए <br>ईरम्ए.. वालुम्ए <br>ताय एङल तम्इल्नाडे <br> <br>तेन कोंड नेरङल <br>तीराधे एन्द नाळुम <br>उलळम एदिलुम <br>उंम्ऐ ऊरिडुम <br>एंणम यावैयुम <br>उननै चार्न्द दिडुम <br> <br>वानम्ए कूरिडुम <br>म्आनम्ए वीरम्ए <br>ईरम्ए.. वालुम्ए <br>ताय एङल तम्इल्नाडे <br> <br>वानङल म्आड़ाधे <br>एङल म्अंवासम <br>कालङल एनन आनालुम <br>म्आड़ाधे एङल म्अंवासम <br> <br> <br> <br>वानम्ए वानम्ए वीरम्ए <br>ताय एङल तम्इल्नाडे <br>ताय एङल तम्इल्नाडे ... <br>ताय एङल तम्इल्नाडे <br>ताय एङल तम्इल्नाडे ... <br>ताय एङल तम्इल्नाडे <br>ताय एङल तम्इल्नाडे ... <br>ताय एङल तम्इल्नाडे <br>ताय एङल तम्इल्नाडे ... <br>ताय एङल तम्इल्नाडे ... <br>तम्इल्नाडे <br>तम्इल्नाडे <br>तम्इल्नाडे <br>तम्इल्नाडे <br>ताय एङल तम्इल्नाडे ... <br>ताये तमइले तम्इल्नाडे ",
      "language" : {
        "name" : "Hindi",
        "code" : "hi"
      }
    },
    {
      "data" : "కాలఙళ్ ఎన్న ఆనాలుమ్ <br>మ్యాఱాధే ఎఙళ్ మ్అంవాసమ్ <br>థావుమ్ ఓదైయుమ్ థాళమ్ మ్యీత్తిదుమ్ <br>పూక్కుమ్ పూక్కళుమ్ <br>నేసమ్.. పేసిదుమ్ <br> <br>వానమ్యే కూఱిదుమ్ <br>మ్యానమ్యే వీరమ్యే <br>ఈరమ్యే.. వాలుమ్యే <br>థాయ్ ఎఙళ్ థమ్యిల్నాదే <br> <br>థేన్ కొంద నేరఙళ్ <br>థీరాధే ఎన్ధ్నాళుమ్ <br>ఉళ్ళమ్ ఏధిలుమ్ <br>ఉంమ్యై ఊఱిదుమ్ <br>ఎంణమ్ యావైయుమ్ <br>ఉన్నై ఛార్న్ధ్ధిదుమ్ <br> <br>వానమ్యే కూఱిదుమ్ <br>మ్యానమ్యే వీరమ్యే <br>ఈరమ్యే.. వాలుమ్యే <br>థాయ్ ఎఙళ్ థమ్యిల్నాదే <br> <br>వానఙళ్ మ్యాఱాధే <br>ఎఙళ్ మ్అంవాసమ్ <br>కాలఙళ్ ఎన్న ఆనాలుమ్ <br>మ్యాఱాధే ఎఙళ్ మ్అంవాసమ్ <br> <br> <br> <br>వానమ్యే వానమ్యే వీరమ్యే <br>థాయ్ ఎఙళ్ థమ్యిల్నాదే <br>థాయ్ ఎఙళ్ థమ్యిల్నాదే ... <br>థాయ్ ఎఙళ్ థమ్యిల్నాదే <br>థాయ్ ఎఙళ్ థమ్యిల్నాదే ... <br>థాయ్ ఎఙళ్ థమ్యిల్నాదే <br>థాయ్ ఎఙళ్ థమ్యిల్నాదే ... <br>థాయ్ ఎఙళ్ థమ్యిల్నాదే <br>థాయ్ ఎఙళ్ థమ్యిల్నాదే ... <br>థాయ్ ఎఙళ్ థమ్యిల్నాదే ... <br>థమ్యిల్నాదే <br>థమ్యిల్నాదే <br>థమ్యిల్నాదే <br>థమ్యిల్నాదే <br>థాయ్ ఎఙళ్ థమ్యిల్నాదే ... <br>థాయే థమ్యిలే థమ్యిల్నాదే ",
      "language" : {
        "name" : "Telugu",
        "code" : "te"
      }
    },
    {
      "data" : "കാലങള് എന്ന ആനാലുമ് <br>മ്യാറാധേ എങള് മ്അംവാസമ് <br>ഥാവുമ് ഓദൈയുമ് ഥാളമ് മ്യീത്തിദുമ് <br>പൂക്കുമ് പൂക്കളുമ് <br>നേസമ്.. പേസിദുമ് <br> <br>വാനമ്യേ കൂറിദുമ് <br>മ്യാനമ്യേ വീരമ്യേ <br>ഈരമ്യേ.. വാഴുമ്യേ <br>ഥായ് എങള് ഥമ്യിഴ്നാദേ <br> <br>ഥേന് കൊംദ നേരങള് <br>ഥീരാധേ എന്ധ്നാളുമ് <br>ഉള്ളമ് ഏധിലുമ് <br>ഉംമ്യൈ ഊറിദുമ് <br>എംണമ് യാവൈയുമ് <br>ഉന്നൈ ചാര്ന്ധ്ധിദുമ് <br> <br>വാനമ്യേ കൂറിദുമ് <br>മ്യാനമ്യേ വീരമ്യേ <br>ഈരമ്യേ.. വാഴുമ്യേ <br>ഥായ് എങള് ഥമ്യിഴ്നാദേ <br> <br>വാനങള് മ്യാറാധേ <br>എങള് മ്അംവാസമ് <br>കാലങള് എന്ന ആനാലുമ് <br>മ്യാറാധേ എങള് മ്അംവാസമ് <br> <br> <br> <br>വാനമ്യേ വാനമ്യേ വീരമ്യേ <br>ഥായ് എങള് ഥമ്യിഴ്നാദേ <br>ഥായ് എങള് ഥമ്യിഴ്നാദേ ... <br>ഥായ് എങള് ഥമ്യിഴ്നാദേ <br>ഥായ് എങള് ഥമ്യിഴ്നാദേ ... <br>ഥായ് എങള് ഥമ്യിഴ്നാദേ <br>ഥായ് എങള് ഥമ്യിഴ്നാദേ ... <br>ഥായ് എങള് ഥമ്യിഴ്നാദേ <br>ഥായ് എങള് ഥമ്യിഴ്നാദേ ... <br>ഥായ് എങള് ഥമ്യിഴ്നാദേ ... <br>ഥമ്യിഴ്നാദേ <br>ഥമ്യിഴ്നാദേ <br>ഥമ്യിഴ്നാദേ <br>ഥമ്യിഴ്നാദേ <br>ഥായ് എങള് ഥമ്യിഴ്നാദേ ... <br>ഥായേ ഥമ്യിഴേ ഥമ്യിഴ്നാദേ ",
      "language" : {
        "name" : "Malayalam",
        "code" : "ml"
      }
    },
    {
      "data" : "ಕಾಲಙಳ್ ಎನ್ನ ಆನಾಲುಮ್ <br>ಮ್ಯಾರಾಧೇ ಎಙಳ್ ಮ್ಅಂವಾಸಮ್ <br>ಥಾವುಮ್ ಓದೈಯುಮ್ ಥಾಳಮ್ ಮ್ಯೀತ್ತಿದುಮ್ <br>ಪೂಕ್ಕುಮ್ ಪೂಕ್ಕಳುಮ್ <br>ನೇಸಮ್.. ಪೇಸಿದುಮ್ <br> <br>ವಾನಮ್ಯೇ ಕೂರಿದುಮ್ <br>ಮ್ಯಾನಮ್ಯೇ ವೀರಮ್ಯೇ <br>ಈರಮ್ಯೇ.. ವಾಲುಮ್ಯೇ <br>ಥಾಯ್ ಎಙಳ್ ಥಮ್ಯಿಲ್ನಾದೇ <br> <br>ಥೇನ್ ಕೊಂದ ನೇರಙಳ್ <br>ಥೀರಾಧೇ ಎನ್ಧ್ನಾಳುಮ್ <br>ಉಳ್ಳಮ್ ಏಧಿಲುಮ್ <br>ಉಂಮ್ಯೈ ಊರಿದುಮ್ <br>ಎಂಣಮ್ ಯಾವೈಯುಮ್ <br>ಉನ್ನೈ ಚಾರ್ನ್ಧ್ಧಿದುಮ್ <br> <br>ವಾನಮ್ಯೇ ಕೂರಿದುಮ್ <br>ಮ್ಯಾನಮ್ಯೇ ವೀರಮ್ಯೇ <br>ಈರಮ್ಯೇ.. ವಾಲುಮ್ಯೇ <br>ಥಾಯ್ ಎಙಳ್ ಥಮ್ಯಿಲ್ನಾದೇ <br> <br>ವಾನಙಳ್ ಮ್ಯಾರಾಧೇ <br>ಎಙಳ್ ಮ್ಅಂವಾಸಮ್ <br>ಕಾಲಙಳ್ ಎನ್ನ ಆನಾಲುಮ್ <br>ಮ್ಯಾರಾಧೇ ಎಙಳ್ ಮ್ಅಂವಾಸಮ್ <br> <br> <br> <br>ವಾನಮ್ಯೇ ವಾನಮ್ಯೇ ವೀರಮ್ಯೇ <br>ಥಾಯ್ ಎಙಳ್ ಥಮ್ಯಿಲ್ನಾದೇ <br>ಥಾಯ್ ಎಙಳ್ ಥಮ್ಯಿಲ್ನಾದೇ ... <br>ಥಾಯ್ ಎಙಳ್ ಥಮ್ಯಿಲ್ನಾದೇ <br>ಥಾಯ್ ಎಙಳ್ ಥಮ್ಯಿಲ್ನಾದೇ ... <br>ಥಾಯ್ ಎಙಳ್ ಥಮ್ಯಿಲ್ನಾದೇ <br>ಥಾಯ್ ಎಙಳ್ ಥಮ್ಯಿಲ್ನಾದೇ ... <br>ಥಾಯ್ ಎಙಳ್ ಥಮ್ಯಿಲ್ನಾದೇ <br>ಥಾಯ್ ಎಙಳ್ ಥಮ್ಯಿಲ್ನಾದೇ ... <br>ಥಾಯ್ ಎಙಳ್ ಥಮ್ಯಿಲ್ನಾದೇ ... <br>ಥಮ್ಯಿಲ್ನಾದೇ <br>ಥಮ್ಯಿಲ್ನಾದೇ <br>ಥಮ್ಯಿಲ್ನಾದೇ <br>ಥಮ್ಯಿಲ್ನಾದೇ <br>ಥಾಯ್ ಎಙಳ್ ಥಮ್ಯಿಲ್ನಾದೇ ... <br>ಥಾಯೇ ಥಮ್ಯಿಲೇ ಥಮ್ಯಿಲ್ನಾದೇ ",
      "language" : {
        "name" : "Kanadam",
        "code" : "ka"
      }
    },
    {
      "data" : "কালঙল্ এন্ন আনালুম্ <br>ম্যাড়াধে এঙল্ ম্অঁৱাসম্ <br>থাৱুম্ ওদৈযুম্ থালম্ ম্যীত্তিদুম্ <br>পূক্কুম্ পূক্কলুম্ <br>নেসম্.. পেসিদুম্ <br> <br>ৱানম্যে কূড়িদুম্ <br>ম্যানম্যে ৱীরম্যে <br>ঈরম্যে.. ৱালুম্যে <br>থায্ এঙল্ থম্যিল্নাদে <br> <br>থেন্ কোঁদ নেরঙল্ <br>থীরাধে এন্ধ্নালুম্ <br>উল্লম্ এধিলুম্ <br>উঁম্যৈ ঊড়িদুম্ <br>এঁণম্ যাৱৈযুম্ <br>উন্নৈ চার্ন্ধ্ধিদুম্ <br> <br>ৱানম্যে কূড়িদুম্ <br>ম্যানম্যে ৱীরম্যে <br>ঈরম্যে.. ৱালুম্যে <br>থায্ এঙল্ থম্যিল্নাদে <br> <br>ৱানঙল্ ম্যাড়াধে <br>এঙল্ ম্অঁৱাসম্ <br>কালঙল্ এন্ন আনালুম্ <br>ম্যাড়াধে এঙল্ ম্অঁৱাসম্ <br> <br> <br> <br>ৱানম্যে ৱানম্যে ৱীরম্যে <br>থায্ এঙল্ থম্যিল্নাদে <br>থায্ এঙল্ থম্যিল্নাদে ... <br>থায্ এঙল্ থম্যিল্নাদে <br>থায্ এঙল্ থম্যিল্নাদে ... <br>থায্ এঙল্ থম্যিল্নাদে <br>থায্ এঙল্ থম্যিল্নাদে ... <br>থায্ এঙল্ থম্যিল্নাদে <br>থায্ এঙল্ থম্যিল্নাদে ... <br>থায্ এঙল্ থম্যিল্নাদে ... <br>থম্যিল্নাদে <br>থম্যিল্নাদে <br>থম্যিল্নাদে <br>থম্যিল্নাদে <br>থায্ এঙল্ থম্যিল্নাদে ... <br>থাযে থম্যিলে থম্যিল্নাদে ",
      "language" : {
        "name" : "Bengali",
        "code" : "be"
      }
    },
    {
      "data" : "કાલઙળ્ એન્ન આનાલુમ્ <br>મ્યારાધૅ એઙળ્ મ્અંવાસમ્ <br>થાવુમ્ ઑદૈયુમ્ થાળમ્ મ્યીત્તિદુમ્ <br>પૂક્કુમ્ પૂક્કળુમ્ <br>ણૅસમ્.. પૅસિદુમ્ <br> <br>વાનમ્યૅ કૂરિદુમ્ <br>મ્યાનમ્યૅ વીરમ્યૅ <br>ઈરમ્યૅ.. વાલુમ્યૅ <br>થાય્ એઙળ્ થમ્યિલ્નાદૅ <br> <br>થૅન્ કોંદ ણૅરઙળ્ <br>થીરાધૅ એન્ધ્નાળુમ્ <br>ઉળ્ળમ્ ઍધિલુમ્ <br>ઉંમ્યૈ ઊરિદુમ્ <br>એંણમ્ યાવૈયુમ્ <br>ઉન્નૈ ચાર્ન્ધ્ધિદુમ્ <br> <br>વાનમ્યૅ કૂરિદુમ્ <br>મ્યાનમ્યૅ વીરમ્યૅ <br>ઈરમ્યૅ.. વાલુમ્યૅ <br>થાય્ એઙળ્ થમ્યિલ્નાદૅ <br> <br>વાનઙળ્ મ્યારાધૅ <br>એઙળ્ મ્અંવાસમ્ <br>કાલઙળ્ એન્ન આનાલુમ્ <br>મ્યારાધૅ એઙળ્ મ્અંવાસમ્ <br> <br> <br> <br>વાનમ્યૅ વાનમ્યૅ વીરમ્યૅ <br>થાય્ એઙળ્ થમ્યિલ્નાદૅ <br>થાય્ એઙળ્ થમ્યિલ્નાદૅ ... <br>થાય્ એઙળ્ થમ્યિલ્નાદૅ <br>થાય્ એઙળ્ થમ્યિલ્નાદૅ ... <br>થાય્ એઙળ્ થમ્યિલ્નાદૅ <br>થાય્ એઙળ્ થમ્યિલ્નાદૅ ... <br>થાય્ એઙળ્ થમ્યિલ્નાદૅ <br>થાય્ એઙળ્ થમ્યિલ્નાદૅ ... <br>થાય્ એઙળ્ થમ્યિલ્નાદૅ ... <br>થમ્યિલ્નાદૅ <br>થમ્યિલ્નાદૅ <br>થમ્યિલ્નાદૅ <br>થમ્યિલ્નાદૅ <br>થાય્ એઙળ્ થમ્યિલ્નાદૅ ... <br>થાયૅ થમ્યિલૅ થમ્યિલ્નાદૅ",
      "language" : {
        "name" : "Gujarathi",
        "code" : "gu"
      }
    },
    {
      "data" : "कालङल एनन आनालुम <br>म्आड़ाधे एङल म्अंवासम <br>तावुम ओडैयुम ताळम म्ईट्टिडुम <br>पूककुम पूक्कळुम <br>नेसम.. पेसिडुम <br> <br>वानम्ए कूरिडुम <br>म्आनम्ए वीरम्ए <br>ईरम्ए.. वालुम्ए <br>ताय एङल तम्इल्नाडे <br> <br>तेन कोंड नेरङल <br>तीराधे एन्द नाळुम <br>उलळम एदिलुम <br>उंम्ऐ ऊरिडुम <br>एंणम यावैयुम <br>उननै चार्न्द दिडुम <br> <br>वानम्ए कूरिडुम <br>म्आनम्ए वीरम्ए <br>ईरम्ए.. वालुम्ए <br>ताय एङल तम्इल्नाडे <br> <br>वानङल म्आड़ाधे <br>एङल म्अंवासम <br>कालङल एनन आनालुम <br>म्आड़ाधे एङल म्अंवासम <br> <br> <br> <br>वानम्ए वानम्ए वीरम्ए <br>ताय एङल तम्इल्नाडे <br>ताय एङल तम्इल्नाडे ... <br>ताय एङल तम्इल्नाडे <br>ताय एङल तम्इल्नाडे ... <br>ताय एङल तम्इल्नाडे <br>ताय एङल तम्इल्नाडे ... <br>ताय एङल तम्इल्नाडे <br>ताय एङल तम्इल्नाडे ... <br>ताय एङल तम्इल्नाडे ... <br>तम्इल्नाडे <br>तम्इल्नाडे <br>तम्इल्नाडे <br>तम्इल्नाडे <br>ताय एङल तम्इल्नाडे ... <br>ताये तमइले तम्इल्नाडे ",
      "language" : {
        "name" : "Marathi",
        "code" : "mr"
      }
    },
    {
      "data" : "କାଳଙଲ୍ ଏନ୍ନ ଆନାଳୁମ୍ <br>ମ୍ଯାଡ଼ାଧେ ଏଙଲ୍ ମ୍ଅଂୱାସମ୍ <br>ଥାୱୁମ୍ ଓଦୈଯୁମ୍ ଥାଲମ୍ ମ୍ଯୀତ୍ତିଦୁମ୍ <br>ପୂକ୍କୁମ୍ ପୂକ୍କଲୁମ୍ <br>ନେସମ୍.. ପେସିଦୁମ୍ <br> <br>ୱାନମ୍ଯେ କୂଡ଼ିଦୁମ୍ <br>ମ୍ଯାନମ୍ଯେ ୱୀରମ୍ଯେ <br>ଈରମ୍ଯେ.. ୱାଳୁମ୍ଯେ <br>ଥାଯ୍ ଏଙଲ୍ ଥମ୍ଯିଳ୍ନାଦେ <br> <br>ଥେନ୍ କୋଂଦ ନେରଙଲ୍ <br>ଥୀରାଧେ ଏନ୍ଧ୍ନାଲୁମ୍ <br>ଉଲ୍ଲମ୍ ଏଧିଳୁମ୍ <br>ଉଂମ୍ଯୈ ଊଡ଼ିଦୁମ୍ <br>ଏଂଣମ୍ ଯାୱୈଯୁମ୍ <br>ଉନ୍ନୈ ଚାର୍ନ୍ଧ୍ଧିଦୁମ୍ <br> <br>ୱାନମ୍ଯେ କୂଡ଼ିଦୁମ୍ <br>ମ୍ଯାନମ୍ଯେ ୱୀରମ୍ଯେ <br>ଈରମ୍ଯେ.. ୱାଳୁମ୍ଯେ <br>ଥାଯ୍ ଏଙଲ୍ ଥମ୍ଯିଳ୍ନାଦେ <br> <br>ୱାନଙଲ୍ ମ୍ଯାଡ଼ାଧେ <br>ଏଙଲ୍ ମ୍ଅଂୱାସମ୍ <br>କାଳଙଲ୍ ଏନ୍ନ ଆନାଳୁମ୍ <br>ମ୍ଯାଡ଼ାଧେ ଏଙଲ୍ ମ୍ଅଂୱାସମ୍ <br> <br> <br> <br>ୱାନମ୍ଯେ ୱାନମ୍ଯେ ୱୀରମ୍ଯେ <br>ଥାଯ୍ ଏଙଲ୍ ଥମ୍ଯିଳ୍ନାଦେ <br>ଥାଯ୍ ଏଙଲ୍ ଥମ୍ଯିଳ୍ନାଦେ ... <br>ଥାଯ୍ ଏଙଲ୍ ଥମ୍ଯିଳ୍ନାଦେ <br>ଥାଯ୍ ଏଙଲ୍ ଥମ୍ଯିଳ୍ନାଦେ ... <br>ଥାଯ୍ ଏଙଲ୍ ଥମ୍ଯିଳ୍ନାଦେ <br>ଥାଯ୍ ଏଙଲ୍ ଥମ୍ଯିଳ୍ନାଦେ ... <br>ଥାଯ୍ ଏଙଲ୍ ଥମ୍ଯିଳ୍ନାଦେ <br>ଥାଯ୍ ଏଙଲ୍ ଥମ୍ଯିଳ୍ନାଦେ ... <br>ଥାଯ୍ ଏଙଲ୍ ଥମ୍ଯିଳ୍ନାଦେ ... <br>ଥମ୍ଯିଳ୍ନାଦେ <br>ଥମ୍ଯିଳ୍ନାଦେ <br>ଥମ୍ଯିଳ୍ନାଦେ <br>ଥମ୍ଯିଳ୍ନାଦେ <br>ଥାଯ୍ ଏଙଲ୍ ଥମ୍ଯିଳ୍ନାଦେ ... <br>ଥାଯେ ଥମ୍ଯିଳେ ଥମ୍ଯିଳ୍ନାଦେ",
      "language" : {
        "name" : "Oriya",
        "code" : "or"
      }
    },
    {
      "data" : "कालङल एनन आनालुम <br>म्आड़ाधे एङल म्अंवासम <br>तावुम ओडैयुम ताळम म्ईट्टिडुम <br>पूककुम पूक्कळुम <br>नेसम.. पेसिडुम <br> <br>वानम्ए कूरिडुम <br>म्आनम्ए वीरम्ए <br>ईरम्ए.. वालुम्ए <br>ताय एङल तम्इल्नाडे <br> <br>तेन कोंड नेरङल <br>तीराधे एन्द नाळुम <br>उलळम एदिलुम <br>उंम्ऐ ऊरिडुम <br>एंणम यावैयुम <br>उननै चार्न्द दिडुम <br> <br>वानम्ए कूरिडुम <br>म्आनम्ए वीरम्ए <br>ईरम्ए.. वालुम्ए <br>ताय एङल तम्इल्नाडे <br> <br>वानङल म्आड़ाधे <br>एङल म्अंवासम <br>कालङल एनन आनालुम <br>म्आड़ाधे एङल म्अंवासम <br> <br> <br> <br>वानम्ए वानम्ए वीरम्ए <br>ताय एङल तम्इल्नाडे <br>ताय एङल तम्इल्नाडे ... <br>ताय एङल तम्इल्नाडे <br>ताय एङल तम्इल्नाडे ... <br>ताय एङल तम्इल्नाडे <br>ताय एङल तम्इल्नाडे ... <br>ताय एङल तम्इल्नाडे <br>ताय एङल तम्इल्नाडे ... <br>ताय एङल तम्इल्नाडे ... <br>तम्इल्नाडे <br>तम्इल्नाडे <br>तम्इल्नाडे <br>तम्इल्नाडे <br>ताय एङल तम्इल्नाडे ... <br>ताये तमइले तम्इल्नाडे ",
      "language" : {
        "name" : "konkani",
        "code" : "ko"
      }
    }
  ],
  "mood" : {
    "slug" : "happy",
    "name" : "Happy"
  },
  "release_order_of_the_day" : 5,
  "language" : {
    "name" : "Tamil",
    "code" : "ta"
  },
  "slug" : "thaai-engal-thamizhnaadae",
  "thumbnail" : "https:\/\/d1ua79hvv369a0.cloudfront.net\/reflection\/thumbnail\/thai-engal-thamizhnade.jpg"
}