{
  "title" : {
    "en" : "Thirumagal Thudhi",
    "hi" : "Thirumagal Thudhi",
    "te" : "Thirumagal Thudhi",
    "ta" : "திருமகள் துதி"
  },
  "credits" : {
    "mixers" : [
      {
        "name" : {
          "en" : "UK. Murali",
          "hi" : "UK. Murali",
          "te" : "UK. Murali",
          "ta" : "UK. முரளி"
        }
      }
    ],
    "masters" : [
      {
        "name" : {
          "en" : "UK. Murali",
          "hi" : "UK. Murali",
          "te" : "UK. Murali",
          "ta" : "UK. முரளி"
        }
      }
    ],
    "composers" : [
      {
        "name" : {
          "en" : "UK. Murali",
          "hi" : "UK. Murali",
          "te" : "UK. Murali",
          "ta" : "UK. முரளி"
        }
      }
    ],
    "lyricists" : [
      {
        "name" : {
          "en" : "Ponmani",
          "hi" : "Ponmani",
          "te" : "Ponmani",
          "ta" : "பொன்மணி"
        }
      }
    ],
    "singers" : [
      {
        "name" : {
          "en" : "Krithika Babu",
          "hi" : "Krithika Babu",
          "te" : "Krithika Babu",
          "ta" : "கிருத்திகா பாபு"
        }
      }
    ],
    "translator" : [
      {
        "name" : {
          "en" : "Jayashree Ramanujam",
          "hi" : "Jayashree Ramanujam",
          "te" : "Jayashree Ramanujam",
          "ta" : "ஜெயஸ்ரீ இராமானுஜம்"
        }
      }
    ],
    "arrangers" : [
      {
        "name" : {
          "en" : "Mohan Ram",
          "hi" : "Mohan Ram",
          "te" : "Mohan Ram",
          "ta" : "மோகன் ராம்"
        }
      }
    ],
    "producers" : [
      {
        "name" : {
          "en" : "Karky",
          "hi" : "Karky",
          "te" : "Karky",
          "ta" : "கார்க்கி"
        }
      }
    ],
    "lyric_video_senior_editor" : [
      {
        "name" : {
          "en" : "Shyam Sundar Murugesan",
          "hi" : "Shyam Sundar Murugesan",
          "te" : "Shyam Sundar Murugesan",
          "ta" : "ஷியாம் சுந்தர் முருகேசன்"
        }
      }
    ],
    "recorded_studios" : [
      {
        "name" : {
          "en" : "U K Digital Studios",
          "hi" : "U K Digital Studios",
          "te" : "U K Digital Studios",
          "ta" : "U K டிஜிடல் ஸ்டுடியோ"
        }
      }
    ],
    "manager_of_visual_content" : [
      {
        "name" : {
          "en" : "Gokula Krishnan R Vasugi, MFI",
          "hi" : "Gokula Krishnan R Vasugi, MFI",
          "te" : "Gokula Krishnan R Vasugi, MFI",
          "ta" : "கோகுல கிருஷ்ணன் R வாசுகி MFI"
        }
      }
    ],
    "sound_engineers" : [
      {
        "name" : {
          "en" : "Katiravan Natarajan",
          "hi" : "Katiravan Natarajan",
          "te" : "Katiravan Natarajan",
          "ta" : "கதிரவன் நடராஜன்"
        }
      }
    ],
    "lyric_video_editor" : [
      {
        "name" : {
          "en" : "Mithran.B",
          "hi" : "Mithran.B",
          "te" : "Mithran.B",
          "ta" : "மித்திரன்.B"
        }
      }
    ]
  },
  "active" : true,
  "published_on" : "2016-05-30T12:30:00.000Z",
  "description" : {
    "en" : "Some devotional songs touch your soul, some devotional songs lift your spirit. This hymn is the latter. An energetic chant inviting Sreedevi to come down and shower us with her blessings. Add this to your Friday prayers and feel the divinity.",
    "hi" : "Some devotional songs touch your soul, some devotional songs lift your spirit. This hymn is the latter. An energetic chant inviting Sreedevi to come down and shower us with her blessings. Add this to your Friday prayers and feel the divinity.",
    "te" : "Some devotional songs touch your soul, some devotional songs lift your spirit. This hymn is the latter. An energetic chant inviting Sreedevi to come down and shower us with her blessings. Add this to your Friday prayers and feel the divinity.",
    "ta" : "சில பக்திப்பாடல்கள் உங்கள் உள்ளத்தைத் தொடும், சில உங்களுக்கு ஊக்கம் தரும். இந்தப் பாடல் இரண்டாம் வகை. ஶ்ரீதேவியை வணங்கி நமக்கு அருள்மழை பொழியச்சொல்லும் துள்ளலான பாடல் இது. உங்களுடைய வெள்ளிக்கிழமை வழிபாடுகளில் இப்பாடலைச் சேர்த்துக்கொள்ளுங்கள், ஆன்மிக உணர்வை அனுபவியுங்கள்."
  },
  "poster" : "https:\/\/d1ua79hvv369a0.cloudfront.net\/reflection\/poster\/30-May-2016\/lakshmi_cover.jpg",
  "album" : {
    "title" : {
      "en" : "Thirumagal Thudhi",
      "hi" : "Thirumagal Thudhi",
      "te" : "Thirumagal Thudhi",
      "ta" : "Thirumagal Thudhi"
    },
    "id" : "47",
    "thumbnail" : "https:\/\/d1ua79hvv369a0.cloudfront.net\/reflection\/thumbnail\/30-May-2016\/lakshmi_thumbnail.jpg"
  },
  "musics" : [
    {
      "players" : [
        {
          "name" : {
            "en" : "Diwan Kumar",
            "hi" : "Diwan Kumar",
            "te" : "Diwan Kumar",
            "ta" : "திவான் குமார்"
          }
        }
      ],
      "instrument" : {
        "name" : {
          "name" : {
            "en" : "Tambora",
            "hi" : "Tambora",
            "te" : "Tambora",
            "ta" : "தம்புரா"
          }
        }
      }
    },
    {
      "players" : [
        {
          "name" : {
            "en" : "Chandru",
            "hi" : "Chandru",
            "te" : "Chandru",
            "ta" : "சந்துரு"
          }
        }
      ],
      "instrument" : {
        "name" : {
          "name" : {
            "en" : "Flute",
            "hi" : "Flute",
            "te" : "Flute",
            "ta" : "புல்லாங்குழல்"
          }
        }
      }
    },
    {
      "players" : [
        {
          "name" : {
            "en" : "Jai Kumar",
            "hi" : "Jai Kumar",
            "te" : "Jai Kumar",
            "ta" : "ஜெய் குமார்"
          }
        }
      ],
      "instrument" : {
        "name" : {
          "name" : {
            "en" : "Miruthangam",
            "hi" : "Miruthangam",
            "te" : "Miruthangam",
            "ta" : "மிருதங்கம்"
          }
        }
      }
    }
  ],
  "critics" : [
    {
      "review" : {
        "instrument" : {
          "comment" : {
            "en" : "Too old-fashioned, typical and mundane.",
            "hi" : "Too old-fashioned, typical and mundane.",
            "te" : "Too old-fashioned, typical and mundane.",
            "ta" : "Too old-fashioned, typical and mundane."
          },
          "score" : 4
        },
        "overall" : {
          "comment" : {
            "en" : "Another addition to the list of typical devotional songs.",
            "hi" : "Another addition to the list of typical devotional songs.",
            "te" : "Another addition to the list of typical devotional songs.",
            "ta" : "Another addition to the list of typical devotional songs."
          },
          "score" : 4.25
        },
        "vocal" : {
          "comment" : {
            "en" : "Fits the bill as a typical female devotional playback singer.",
            "hi" : "Fits the bill as a typical female devotional playback singer.",
            "te" : "Fits the bill as a typical female devotional playback singer.",
            "ta" : "Regular devotional number’s template. Too long"
          },
          "score" : 5
        },
        "tune" : {
          "comment" : {
            "en" : "Regular devotional number’s template. Too long",
            "hi" : "Regular devotional number’s template. Too long",
            "te" : "Regular devotional number’s template. Too long",
            "ta" : "Regular devotional number’s template. Too long"
          },
          "score" : 4
        },
        "lyric" : {
          "comment" : {
            "en" : "Singing praise of the Lord.",
            "hi" : "Singing praise of the Lord.",
            "te" : "Singing praise of the Lord.",
            "ta" : "Singing praise of the Lord."
          },
          "score" : 4
        }
      },
      "author" : {
        "name" : "Kaushik",
        "image" : "https:\/\/d1ua79hvv369a0.cloudfront.net\/reflection\/critic\/Kaushik-200x200.jpg"
      },
      "rating" : 4.25
    },
    {
      "review" : {
        "instrument" : {
          "comment" : {
            "en" : "Reimagines the meaning of the word perfunctory",
            "hi" : "Reimagines the meaning of the word perfunctory",
            "te" : "Reimagines the meaning of the word perfunctory",
            "ta" : "Reimagines the meaning of the word perfunctory"
          },
          "score" : 3
        },
        "overall" : {
          "comment" : {
            "en" : "If you are a fan of Doordarshan-style music, you’ll love this.",
            "hi" : "If you are a fan of Doordarshan-style music, you’ll love this.",
            "te" : "If you are a fan of Doordarshan-style music, you’ll love this.",
            "ta" : "If you are a fan of Doordarshan-style music, you’ll love this."
          },
          "score" : 3.25
        },
        "vocal" : {
          "comment" : {
            "en" : "If only good intentions turn into good output…",
            "hi" : "If only good intentions turn into good output…",
            "te" : "If only good intentions turn into good output…",
            "ta" : "Straight out of Doordarshan studios."
          },
          "score" : 3
        },
        "tune" : {
          "comment" : {
            "en" : "Straight out of Doordarshan studios.",
            "hi" : "Straight out of Doordarshan studios.",
            "te" : "Straight out of Doordarshan studios.",
            "ta" : "Straight out of Doordarshan studios."
          },
          "score" : 4
        },
        "lyric" : {
          "comment" : {
            "en" : "Would make T.Rajhendharrr (not sure what his last spelling is) proud.",
            "hi" : "Would make T.Rajhendharrr (not sure what his last spelling is) proud.",
            "te" : "Would make T.Rajhendharrr (not sure what his last spelling is) proud.",
            "ta" : "Would make T.Rajhendharrr (not sure what his last spelling is) proud."
          },
          "score" : 3
        }
      },
      "author" : {
        "name" : "Karthik",
        "image" : "https:\/\/d1ua79hvv369a0.cloudfront.net\/reflection\/critic\/critic-karthik.png"
      },
      "rating" : 3.25
    }
  ],
  "type" : {
    "slug" : "independent-music",
    "name" : "Independent Music"
  },
  "lyrics" : [
    {
      "data" : "ஸ்ரீதேவித் திருமகளே ! சீதனங்கள் தருமகளே !<br>மாதவன் மணமகளே ! மங்கலமாய் வருமகளே !<br><br>ஆதரவு தந்தெமக்கு ஆனந்தம் தருபவளே !<br>ஆதரவு தந்தெமக்கு ஆனந்தம் தருபவளே !<br>ஆதரவு தந்தெமக்கு ஆனந்தம் தருபவளே !<br><br>ஸ்ரீதேவித் திருமகளே ! சீதனங்கள் தருமகளே !<br>மாதவன் மணமகளே ! மங்கலமாய் வருமகளே !<br><br>செந்தாமரை மலரில் வசிக்கின்ற செந்திருவே !<br>செந்தாமரை மலரில் வசிக்கின்ற செந்திருவே !<br><br>சுந்தரமால் மார்பில் வாழுகின்ற சுந்தரியே !<br>சுந்தரமால் மார்பில் வாழுகின்ற சுந்தரியே <br><br>அந்தமிலாக் கருணை அன்பர்க்குப் பொழிபவளே !<br>அந்தமிலாக் கருணை அன்பர்க்குப் பொழிபவளே !<br><br>மந்திரத்தால்துதித்தால் கனகமழை பொழிபவளே !<br>மந்திரத்தால்துதித்தால் கனகமழை பொழிபவளே !<br><br>ஸ்ரீதேவித் திருமகளே ! சீதனங்கள் தருமகளே !<br>மாதவன் மணமகளே ! மங்கலமாய் வருமகளே !<br><br>இகவாழ்வைப் பொருளாக்கும் வரமாகினாயே !<br>இகவாழ்வைப் பொருளாக்கும் வரமாகினாயே !<br><br>ஜெகம்யாவும் துதிபாடும் திருவா கினாயே !<br>ஜெகம்யாவும் துதிபாடும் திருவா கினாயே !<br><br>நவநிதியைத் தருகின்ற தாயாகினாயே !<br>நவநிதியைத் தருகின்ற தாயாகினாயே !<br><br>புவியாவும் கொண்டாடும் பொன்னாகி னாயே !<br>புவியாவும் கொண்டாடும் பொன்னாகி னாயே !<br><br> ஸ்ரீதேவித் திருமகளே ! சீதனங்கள் தருமகளே !<br>மாதவன் மணமகளே ! மங்கலமாய் வருமகளே !<br><br>வரலக்ஷ்மி தனலக்ஷ்மி தனதான்ய லக்ஷ்மிநீ !<br>வரலக்ஷ்மி தனலக்ஷ்மி தனதான்ய லக்ஷ்மிநீ !<br><br>கெஜலக்ஷ்மி சந்தான சாந்தவீர லக்ஷ்மிநீ !<br>கெஜலக்ஷ்மி சந்தான சாந்தவீர லக்ஷ்மிநீ !<br><br>ஜெயலக்ஷ்மி ஜெகலக்ஷ்மி விஜயந்தரு லக்ஷ்மிநீ !<br>ஜெயலக்ஷ்மி ஜெகலக்ஷ்மி விஜயந்தரு லக்ஷ்மிநீ !",
      "language" : {
        "name" : "Tamil",
        "code" : "ta"
      }
    }
  ],
  "id" : "63",
  "phonetic_lyrics" : [
    {
      "data" : "Sreedhaevith thirumagaLae ! seedhanangaL tharumagaLae !<br>maadhavan maNamagaLae ! mangalamaay varumagaLae !<br><br>aadharavu thandhdhemakku aanandhdham tharubavaLae !<br>aadharavu thandhdhemakku aanandhdham tharubavaLae !<br>aadharavu thandhdhemakku aanandhdham tharubavaLae !<br><br>Sreedhaevith thirumagaLae ! seedhanangaL tharumagaLae !<br>maadhavan maNamagaLae ! mangalamaay varumagaLae !<br><br>sendhdhaamarai malaril vasikkindRa sendhdhiruvae !<br>sendhdhaamarai malaril vasikkindRa sendhdhiruvae !<br><br>sundhdharamaal maarpil vaazhugindRa sundhdhariyae !<br>sundhdharamaal maarpil vaazhugindRa sundhdhariyae<br><br>andhdhamilaak karuNai anparkkup pozhibavaLae !<br>andhdhamilaak karuNai anparkkup pozhibavaLae !<br><br>mandhdhirathaaldhudhithaal kanagamazhai pozhibavaLae !<br>mandhdhirathaaldhudhithaal kanagamazhai pozhibavaLae !<br><br>Sreedhaevith thirumagaLae ! seedhanangaL tharumagaLae !<br>maadhavan maNamagaLae ! mangalamaay varumagaLae !<br><br>igavaazhvaip poruLaakkum varamaaginaayae !<br>igavaazhvaip poruLaakkum varamaaginaayae !<br><br>Jegamyaavum thudhibaadum thiruvaa kinaayae !<br>Jegamyaavum thudhibaadum thiruvaa kinaayae !<br><br>navanidhiyaith tharugindRa thaayaaginaayae !<br>navanidhiyaith tharugindRa thaayaaginaayae !<br><br>puviyaavum koNdaadum ponnaagi naayae !<br>puviyaavum koNdaadum ponnaagi naayae !<br><br>Sreedhaevith thirumagaLae ! seedhanangaL tharumagaLae !<br>maadhavan maNamagaLae ! mangalamaay varumagaLae !<br><br>varalakshmi thanalakshmi thanadhaanya lakshminee !<br>varalakshmi thanalakshmi thanadhaanya lakshminee !<br><br>keJalakshmi sandhdhaana saandhdhaveera lakshminee !<br>keJalakshmi sandhdhaana saandhdhaveera lakshminee !<br><br>Jeyalakshmi Jegalakshmi viJayandhdharu lakshminee !<br>Jeyalakshmi Jegalakshmi viJayandhdharu lakshminee !<br>JeyaJeya magaalakshmi ! JeyaJeya magaalakshmi !<br>JeyaJeya magaalakshmi ! JeyaJeya magaalakshmi !<br><br>Sreedhaevith thirumagaLae ! seedhanangaL tharumagaLae !<br>maadhavan maNamagaLae ! mangalamaay varumagaLae !<br><br>aadharavu thandhdhemakku aanandhdham tharubavaLae !<br>aadharavu thandhdhemakku aanandhdham tharubavaLae !<br>aadharavu thandhdhemakku aanandhdham tharubavaLae !<br><br>Sreedhaevith thirumagaLae ! seedhanangaL tharumagaLae !<br>maadhavan maNamagaLae ! mangalamaay varumagaLae !",
      "language" : {
        "name" : "English",
        "code" : "en"
      }
    },
    {
      "data" : "ஸ்ரீதேவித் திருமகளே ! சீதனங்கள் தருமகளே !<br>மாதவன் மணமகளே ! மங்கலமாய் வருமகளே !<br><br>ஆதரவு தந்தெமக்கு ஆனந்தம் தருபவளே !<br>ஆதரவு தந்தெமக்கு ஆனந்தம் தருபவளே !<br>ஆதரவு தந்தெமக்கு ஆனந்தம் தருபவளே !<br><br>ஸ்ரீதேவித் திருமகளே ! சீதனங்கள் தருமகளே !<br>மாதவன் மணமகளே ! மங்கலமாய் வருமகளே !<br><br>செந்தாமரை மலரில் வசிக்கின்ற செந்திருவே !<br>செந்தாமரை மலரில் வசிக்கின்ற செந்திருவே !<br><br>சுந்தரமால் மார்பில் வாழுகின்ற சுந்தரியே !<br>சுந்தரமால் மார்பில் வாழுகின்ற சுந்தரியே <br><br>அந்தமிலாக் கருணை அன்பர்க்குப் பொழிபவளே !<br>அந்தமிலாக் கருணை அன்பர்க்குப் பொழிபவளே !<br><br>மந்திரத்தால்துதித்தால் கனகமழை பொழிபவளே !<br>மந்திரத்தால்துதித்தால் கனகமழை பொழிபவளே !<br><br>ஸ்ரீதேவித் திருமகளே ! சீதனங்கள் தருமகளே !<br>மாதவன் மணமகளே ! மங்கலமாய் வருமகளே !<br><br>இகவாழ்வைப் பொருளாக்கும் வரமாகினாயே !<br>இகவாழ்வைப் பொருளாக்கும் வரமாகினாயே !<br><br>ஜெகம்யாவும் துதிபாடும் திருவா கினாயே !<br>ஜெகம்யாவும் துதிபாடும் திருவா கினாயே !<br><br>நவநிதியைத் தருகின்ற தாயாகினாயே !<br>நவநிதியைத் தருகின்ற தாயாகினாயே !<br><br>புவியாவும் கொண்டாடும் பொன்னாகி னாயே !<br>புவியாவும் கொண்டாடும் பொன்னாகி னாயே !<br><br> ஸ்ரீதேவித் திருமகளே ! சீதனங்கள் தருமகளே !<br>மாதவன் மணமகளே ! மங்கலமாய் வருமகளே !<br><br>வரலக்ஷ்மி தனலக்ஷ்மி தனதான்ய லக்ஷ்மிநீ !<br>வரலக்ஷ்மி தனலக்ஷ்மி தனதான்ய லக்ஷ்மிநீ !<br><br>கெஜலக்ஷ்மி சந்தான சாந்தவீர லக்ஷ்மிநீ !<br>கெஜலக்ஷ்மி சந்தான சாந்தவீர லக்ஷ்மிநீ !<br><br>ஜெயலக்ஷ்மி ஜெகலக்ஷ்மி விஜயந்தரு லக்ஷ்மிநீ !<br>ஜெயலக்ஷ்மி ஜெகலக்ஷ்மி விஜயந்தரு லக்ஷ்மிநீ !",
      "language" : {
        "name" : "Tamil",
        "code" : "ta"
      }
    },
    {
      "data" : "स्रीधेवित तिरुम्अगऴे ! सीदनङल तरुम्अगऴे ! <br>म्आदवन म्अंअम्अगऴे ! म्अङलम्आय वरुम्अगऴे ! <br> <br>आदरवु तन्द देम्अक्कु आनन्द दम तरुबवऴे ! <br>आदरवु तन्द देम्अक्कु आनन्द दम तरुबवऴे ! <br>आदरवु तन्द देम्अक्कु आनन्द दम तरुबवऴे ! <br> <br>स्रीधेवित तिरुम्अगऴे ! सीदनङल तरुम्अगऴे ! <br>म्आदवन म्अंअम्अगऴे ! म्अङलम्आय वरुम्अगऴे ! <br> <br>सेन्द दाम्अरै म्अलरिल वसिक्किन्ड्ड़ सेन्द दिरुवे ! <br>सेन्द दाम्अरै म्अलरिल वसिक्किन्ड्ड़ सेन्द दिरुवे ! <br> <br>सुन्द दरम्आल म्आर्पिल वालुगिन्ड्ड़ सुन्द दरिये ! <br>सुन्द दरम्आल म्आर्पिल वालुगिन्ड्ड़ सुन्द दरिये <br> <br>अन्द दम्इलाक कऱुंऐ अन्पर्क्कुप पोलिबवऴे ! <br>अन्द दम्इलाक कऱुंऐ अन्पर्क्कुप पोलिबवऴे ! <br> <br>म्अन्द दिरताल्दुदिताल कनगम्अलै पोलिबवऴे ! <br>म्अन्द दिरताल्दुदिताल कनगम्अलै पोलिबवऴे ! <br> <br>स्रीधेवित तिरुम्अगऴे ! सीदनङल तरुम्अगऴे ! <br>म्आदवन म्अंअम्अगऴे ! म्अङलम्आय वरुम्अगऴे ! <br> <br>इगवाल्वैप पोरुऴाक्कुम वरम्आगिनाये ! <br>इगवाल्वैप पोरुऴाक्कुम वरम्आगिनाये ! <br> <br>जेगम्यावुम तुदिबाडुम तिरुवा किनाये ! <br>जेगम्यावुम तुदिबाडुम तिरुवा किनाये ! <br> <br>नवनिदियैत तरुगिन्ड्ड़ तायागिनाये ! <br>नवनिदियैत तरुगिन्ड्ड़ तायागिनाये ! <br> <br>पुवियावुम कोंडाडुम पोननागि नाये ! <br>पुवियावुम कोंडाडुम पोननागि नाये ! <br> <br>स्रीधेवित तिरुम्अगऴे ! सीदनङल तरुम्अगऴे ! <br>म्आदवन म्अंअम्अगऴे ! म्अङलम्आय वरुम्अगऴे ! <br> <br>वरलक्ष्म्इ तनलक्ष्म्इ तनदान्य लक्ष्म्इनी ! <br>वरलक्ष्म्इ तनलक्ष्म्इ तनदान्य लक्ष्म्इनी ! <br> <br>केजलक्ष्म्इ सन्द दान सान्द दवीर लक्ष्म्इनी ! <br>केजलक्ष्म्इ सन्द दान सान्द दवीर लक्ष्म्इनी ! <br> <br>जेयलक्ष्म्इ जेगलक्ष्म्इ विजयन्द दरु लक्ष्म्इनी ! <br>जेयलक्ष्म्इ जेगलक्ष्म्इ विजयन्द दरु लक्ष्म्इनी ! <br>जेयजेय म्अगालक्ष्म्इ ! जेयजेय म्अगालक्ष्म्इ ! <br>जेयजेय म्अगालक्ष्म्इ ! जेयजेय म्अगालक्ष्म्इ ! <br> <br>स्रीधेवित तिरुम्अगऴे ! सीदनङल तरुम्अगऴे ! <br>म्आदवन म्अंअम्अगऴे ! म्अङलम्आय वरुम्अगऴे ! <br> <br>आदरवु तन्द देम्अक्कु आनन्द दम तरुबवऴे ! <br>आदरवु तन्द देम्अक्कु आनन्द दम तरुबवऴे ! <br>आदरवु तन्द देम्अक्कु आनन्द दम तरुबवऴे ! <br> <br>स्रीधेवित तिरुम्अगऴे ! सीदनङल तरुम्अगऴे ! <br>म्आदवन म्अंअम्अगऴे ! म्अङलम्आय वरुम्अगऴे !",
      "language" : {
        "name" : "Hindi",
        "code" : "hi"
      }
    },
    {
      "data" : "స్రీధేవిథ్ థిరుమ్యగళే ! సీధనఙళ్ థరుమ్యగళే ! <br>మ్యాధవన్ మ్అంయమ్యగళే ! మ్యఙలమ్యాయ్ వరుమ్యగళే ! <br> <br>ఆధరవు థన్ధ్ధెమ్యక్కు ఆనన్ధ్ధమ్ థరుబవళే ! <br>ఆధరవు థన్ధ్ధెమ్యక్కు ఆనన్ధ్ధమ్ థరుబవళే ! <br>ఆధరవు థన్ధ్ధెమ్యక్కు ఆనన్ధ్ధమ్ థరుబవళే ! <br> <br>స్రీధేవిథ్ థిరుమ్యగళే ! సీధనఙళ్ థరుమ్యగళే ! <br>మ్యాధవన్ మ్అంయమ్యగళే ! మ్యఙలమ్యాయ్ వరుమ్యగళే ! <br> <br>సెన్ధ్ధామ్యరై మ్యలరిల్ వసిక్కిన్ద్ఱ సెన్ధ్ధిరువే ! <br>సెన్ధ్ధామ్యరై మ్యలరిల్ వసిక్కిన్ద్ఱ సెన్ధ్ధిరువే ! <br> <br>సున్ధ్ధరమ్యాల్ మ్యార్పిల్ వాలుగిన్ద్ఱ సున్ధ్ధరియే ! <br>సున్ధ్ధరమ్యాల్ మ్యార్పిల్ వాలుగిన్ద్ఱ సున్ధ్ధరియే <br> <br>అన్ధ్ధమ్యిలాక్ కరుంయై అన్పర్క్కుప్ పొలిబవళే ! <br>అన్ధ్ధమ్యిలాక్ కరుంయై అన్పర్క్కుప్ పొలిబవళే ! <br> <br>మ్యన్ధ్ధిరథాల్ధుధిథాల్ కనగమ్యలై పొలిబవళే ! <br>మ్యన్ధ్ధిరథాల్ధుధిథాల్ కనగమ్యలై పొలిబవళే ! <br> <br>స్రీధేవిథ్ థిరుమ్యగళే ! సీధనఙళ్ థరుమ్యగళే ! <br>మ్యాధవన్ మ్అంయమ్యగళే ! మ్యఙలమ్యాయ్ వరుమ్యగళే ! <br> <br>ఇగవాల్వైప్ పొరుళాక్కుమ్ వరమ్యాగినాయే ! <br>ఇగవాల్వైప్ పొరుళాక్కుమ్ వరమ్యాగినాయే ! <br> <br>జెగమ్యావుమ్ థుధిబాదుమ్ థిరువా కినాయే ! <br>జెగమ్యావుమ్ థుధిబాదుమ్ థిరువా కినాయే ! <br> <br>నవనిధియైథ్ థరుగిన్ద్ఱ థాయాగినాయే ! <br>నవనిధియైథ్ థరుగిన్ద్ఱ థాయాగినాయే ! <br> <br>పువియావుమ్ కొందాదుమ్ పొన్నాగి నాయే ! <br>పువియావుమ్ కొందాదుమ్ పొన్నాగి నాయే ! <br> <br>స్రీధేవిథ్ థిరుమ్యగళే ! సీధనఙళ్ థరుమ్యగళే ! <br>మ్యాధవన్ మ్అంయమ్యగళే ! మ్యఙలమ్యాయ్ వరుమ్యగళే ! <br> <br>వరలక్ష్మ్యి థనలక్ష్మ్యి థనధాన్య లక్ష్మ్యినీ ! <br>వరలక్ష్మ్యి థనలక్ష్మ్యి థనధాన్య లక్ష్మ్యినీ ! <br> <br>కెజలక్ష్మ్యి సన్ధ్ధాన సాన్ధ్ధవీర లక్ష్మ్యినీ ! <br>కెజలక్ష్మ్యి సన్ధ్ధాన సాన్ధ్ధవీర లక్ష్మ్యినీ ! <br> <br>జెయలక్ష్మ్యి జెగలక్ష్మ్యి విజయన్ధ్ధరు లక్ష్మ్యినీ ! <br>జెయలక్ష్మ్యి జెగలక్ష్మ్యి విజయన్ధ్ధరు లక్ష్మ్యినీ ! <br>జెయజెయ మ్యగాలక్ష్మ్యి ! జెయజెయ మ్యగాలక్ష్మ్యి ! <br>జెయజెయ మ్యగాలక్ష్మ్యి ! జెయజెయ మ్యగాలక్ష్మ్యి ! <br> <br>స్రీధేవిథ్ థిరుమ్యగళే ! సీధనఙళ్ థరుమ్యగళే ! <br>మ్యాధవన్ మ్అంయమ్యగళే ! మ్యఙలమ్యాయ్ వరుమ్యగళే ! <br> <br>ఆధరవు థన్ధ్ధెమ్యక్కు ఆనన్ధ్ధమ్ థరుబవళే ! <br>ఆధరవు థన్ధ్ధెమ్యక్కు ఆనన్ధ్ధమ్ థరుబవళే ! <br>ఆధరవు థన్ధ్ధెమ్యక్కు ఆనన్ధ్ధమ్ థరుబవళే ! <br> <br>స్రీధేవిథ్ థిరుమ్యగళే ! సీధనఙళ్ థరుమ్యగళే ! <br>మ్యాధవన్ మ్అంయమ్యగళే ! మ్యఙలమ్యాయ్ వరుమ్యగళే !",
      "language" : {
        "name" : "Telugu",
        "code" : "te"
      }
    },
    {
      "data" : "സ്രീധേവിഥ് ഥിരുമ്യഗളേ ! സീധനങള് ഥരുമ്യഗളേ ! <br>മ്യാധവന് മ്അംയമ്യഗളേ ! മ്യങലമ്യായ് വരുമ്യഗളേ ! <br> <br>ആധരവു ഥന്ധ്ധെമ്യക്കു ആനന്ധ്ധമ് ഥരുബവളേ ! <br>ആധരവു ഥന്ധ്ധെമ്യക്കു ആനന്ധ്ധമ് ഥരുബവളേ ! <br>ആധരവു ഥന്ധ്ധെമ്യക്കു ആനന്ധ്ധമ് ഥരുബവളേ ! <br> <br>സ്രീധേവിഥ് ഥിരുമ്യഗളേ ! സീധനങള് ഥരുമ്യഗളേ ! <br>മ്യാധവന് മ്അംയമ്യഗളേ ! മ്യങലമ്യായ് വരുമ്യഗളേ ! <br> <br>സെന്ധ്ധാമ്യരൈ മ്യലരില് വസിക്കിന്ദ്റ സെന്ധ്ധിരുവേ ! <br>സെന്ധ്ധാമ്യരൈ മ്യലരില് വസിക്കിന്ദ്റ സെന്ധ്ധിരുവേ ! <br> <br>സുന്ധ്ധരമ്യാല് മ്യാര്പില് വാഴുഗിന്ദ്റ സുന്ധ്ധരിയേ ! <br>സുന്ധ്ധരമ്യാല് മ്യാര്പില് വാഴുഗിന്ദ്റ സുന്ധ്ധരിയേ <br> <br>അന്ധ്ധമ്യിലാക് കരുംയൈ അന്പര്ക്കുപ് പൊഴിബവളേ ! <br>അന്ധ്ധമ്യിലാക് കരുംയൈ അന്പര്ക്കുപ് പൊഴിബവളേ ! <br> <br>മ്യന്ധ്ധിരഥാല്ധുധിഥാല് കനഗമ്യഴൈ പൊഴിബവളേ ! <br>മ്യന്ധ്ധിരഥാല്ധുധിഥാല് കനഗമ്യഴൈ പൊഴിബവളേ ! <br> <br>സ്രീധേവിഥ് ഥിരുമ്യഗളേ ! സീധനങള് ഥരുമ്യഗളേ ! <br>മ്യാധവന് മ്അംയമ്യഗളേ ! മ്യങലമ്യായ് വരുമ്യഗളേ ! <br> <br>ഇഗവാഴ്വൈപ് പൊരുളാക്കുമ് വരമ്യാഗിനായേ ! <br>ഇഗവാഴ്വൈപ് പൊരുളാക്കുമ് വരമ്യാഗിനായേ ! <br> <br>ജെഗമ്യാവുമ് ഥുധിബാദുമ് ഥിരുവാ കിനായേ ! <br>ജെഗമ്യാവുമ് ഥുധിബാദുമ് ഥിരുവാ കിനായേ ! <br> <br>നവനിധിയൈഥ് ഥരുഗിന്ദ്റ ഥായാഗിനായേ ! <br>നവനിധിയൈഥ് ഥരുഗിന്ദ്റ ഥായാഗിനായേ ! <br> <br>പുവിയാവുമ് കൊംദാദുമ് പൊന്നാഗി നായേ ! <br>പുവിയാവുമ് കൊംദാദുമ് പൊന്നാഗി നായേ ! <br> <br>സ്രീധേവിഥ് ഥിരുമ്യഗളേ ! സീധനങള് ഥരുമ്യഗളേ ! <br>മ്യാധവന് മ്അംയമ്യഗളേ ! മ്യങലമ്യായ് വരുമ്യഗളേ ! <br> <br>വരലക്ഷ്മ്യി ഥനലക്ഷ്മ്യി ഥനധാന്യ ലക്ഷ്മ്യിനീ ! <br>വരലക്ഷ്മ്യി ഥനലക്ഷ്മ്യി ഥനധാന്യ ലക്ഷ്മ്യിനീ ! <br> <br>കെജലക്ഷ്മ്യി സന്ധ്ധാന സാന്ധ്ധവീര ലക്ഷ്മ്യിനീ ! <br>കെജലക്ഷ്മ്യി സന്ധ്ധാന സാന്ധ്ധവീര ലക്ഷ്മ്യിനീ ! <br> <br>ജെയലക്ഷ്മ്യി ജെഗലക്ഷ്മ്യി വിജയന്ധ്ധരു ലക്ഷ്മ്യിനീ ! <br>ജെയലക്ഷ്മ്യി ജെഗലക്ഷ്മ്യി വിജയന്ധ്ധരു ലക്ഷ്മ്യിനീ ! <br>ജെയജെയ മ്യഗാലക്ഷ്മ്യി ! ജെയജെയ മ്യഗാലക്ഷ്മ്യി ! <br>ജെയജെയ മ്യഗാലക്ഷ്മ്യി ! ജെയജെയ മ്യഗാലക്ഷ്മ്യി ! <br> <br>സ്രീധേവിഥ് ഥിരുമ്യഗളേ ! സീധനങള് ഥരുമ്യഗളേ ! <br>മ്യാധവന് മ്അംയമ്യഗളേ ! മ്യങലമ്യായ് വരുമ്യഗളേ ! <br> <br>ആധരവു ഥന്ധ്ധെമ്യക്കു ആനന്ധ്ധമ് ഥരുബവളേ ! <br>ആധരവു ഥന്ധ്ധെമ്യക്കു ആനന്ധ്ധമ് ഥരുബവളേ ! <br>ആധരവു ഥന്ധ്ധെമ്യക്കു ആനന്ധ്ധമ് ഥരുബവളേ ! <br> <br>സ്രീധേവിഥ് ഥിരുമ്യഗളേ ! സീധനങള് ഥരുമ്യഗളേ ! <br>മ്യാധവന് മ്അംയമ്യഗളേ ! മ്യങലമ്യായ് വരുമ്യഗളേ !",
      "language" : {
        "name" : "Malayalam",
        "code" : "ml"
      }
    },
    {
      "data" : "ಷ್ರೀಧೇವಿಥ್ ಥಿರುಮ್ಯಗಳೇ ! ಸೀಧನಙಳ್ ಥರುಮ್ಯಗಳೇ ! <br>ಮ್ಯಾಧವನ್ ಮ್ಅಂಯಮ್ಯಗಳೇ ! ಮ್ಯಙಲಮ್ಯಾಯ್ ವರುಮ್ಯಗಳೇ ! <br> <br>ಆಧರವು ಥನ್ಧ್ಧೆಮ್ಯಕ್ಕು ಆನನ್ಧ್ಧಮ್ ಥರುಬವಳೇ ! <br>ಆಧರವು ಥನ್ಧ್ಧೆಮ್ಯಕ್ಕು ಆನನ್ಧ್ಧಮ್ ಥರುಬವಳೇ ! <br>ಆಧರವು ಥನ್ಧ್ಧೆಮ್ಯಕ್ಕು ಆನನ್ಧ್ಧಮ್ ಥರುಬವಳೇ ! <br> <br>ಷ್ರೀಧೇವಿಥ್ ಥಿರುಮ್ಯಗಳೇ ! ಸೀಧನಙಳ್ ಥರುಮ್ಯಗಳೇ ! <br>ಮ್ಯಾಧವನ್ ಮ್ಅಂಯಮ್ಯಗಳೇ ! ಮ್ಯಙಲಮ್ಯಾಯ್ ವರುಮ್ಯಗಳೇ ! <br> <br>ಸೆನ್ಧ್ಧಾಮ್ಯರೈ ಮ್ಯಲರಿಲ್ ವಸಿಕ್ಕಿನ್ದ್ರ ಸೆನ್ಧ್ಧಿರುವೇ ! <br>ಸೆನ್ಧ್ಧಾಮ್ಯರೈ ಮ್ಯಲರಿಲ್ ವಸಿಕ್ಕಿನ್ದ್ರ ಸೆನ್ಧ್ಧಿರುವೇ ! <br> <br>ಸುನ್ಧ್ಧರಮ್ಯಾಲ್ ಮ್ಯಾರ್ಪಿಲ್ ವಾಲುಗಿನ್ದ್ರ ಸುನ್ಧ್ಧರಿಯೇ ! <br>ಸುನ್ಧ್ಧರಮ್ಯಾಲ್ ಮ್ಯಾರ್ಪಿಲ್ ವಾಲುಗಿನ್ದ್ರ ಸುನ್ಧ್ಧರಿಯೇ <br> <br>ಅನ್ಧ್ಧಮ್ಯಿಲಾಕ್ ಕಋಂಯೈ ಅನ್ಪರ್ಕ್ಕುಪ್ ಪೊಲಿಬವಳೇ ! <br>ಅನ್ಧ್ಧಮ್ಯಿಲಾಕ್ ಕಋಂಯೈ ಅನ್ಪರ್ಕ್ಕುಪ್ ಪೊಲಿಬವಳೇ ! <br> <br>ಮ್ಯನ್ಧ್ಧಿರಥಾಲ್ಧುಧಿಥಾಲ್ ಕನಗಮ್ಯಲೈ ಪೊಲಿಬವಳೇ ! <br>ಮ್ಯನ್ಧ್ಧಿರಥಾಲ್ಧುಧಿಥಾಲ್ ಕನಗಮ್ಯಲೈ ಪೊಲಿಬವಳೇ ! <br> <br>ಷ್ರೀಧೇವಿಥ್ ಥಿರುಮ್ಯಗಳೇ ! ಸೀಧನಙಳ್ ಥರುಮ್ಯಗಳೇ ! <br>ಮ್ಯಾಧವನ್ ಮ್ಅಂಯಮ್ಯಗಳೇ ! ಮ್ಯಙಲಮ್ಯಾಯ್ ವರುಮ್ಯಗಳೇ ! <br> <br>ಇಗವಾಲ್ವೈಪ್ ಪೊರುಳಾಕ್ಕುಮ್ ವರಮ್ಯಾಗಿನಾಯೇ ! <br>ಇಗವಾಲ್ವೈಪ್ ಪೊರುಳಾಕ್ಕುಮ್ ವರಮ್ಯಾಗಿನಾಯೇ ! <br> <br>ಜೆಗಮ್ಯಾವುಮ್ ಥುಧಿಬಾದುಮ್ ಥಿರುವಾ ಕಿನಾಯೇ ! <br>ಜೆಗಮ್ಯಾವುಮ್ ಥುಧಿಬಾದುಮ್ ಥಿರುವಾ ಕಿನಾಯೇ ! <br> <br>ನವನಿಧಿಯೈಥ್ ಥರುಗಿನ್ದ್ರ ಥಾಯಾಗಿನಾಯೇ ! <br>ನವನಿಧಿಯೈಥ್ ಥರುಗಿನ್ದ್ರ ಥಾಯಾಗಿನಾಯೇ ! <br> <br>ಪುವಿಯಾವುಮ್ ಕೊಂದಾದುಮ್ ಪೊನ್ನಾಗಿ ನಾಯೇ ! <br>ಪುವಿಯಾವುಮ್ ಕೊಂದಾದುಮ್ ಪೊನ್ನಾಗಿ ನಾಯೇ ! <br> <br>ಷ್ರೀಧೇವಿಥ್ ಥಿರುಮ್ಯಗಳೇ ! ಸೀಧನಙಳ್ ಥರುಮ್ಯಗಳೇ ! <br>ಮ್ಯಾಧವನ್ ಮ್ಅಂಯಮ್ಯಗಳೇ ! ಮ್ಯಙಲಮ್ಯಾಯ್ ವರುಮ್ಯಗಳೇ ! <br> <br>ವರಲಕ್ಷ್ಮ್ಯಿ ಥನಲಕ್ಷ್ಮ್ಯಿ ಥನಧಾನ್ಯ ಲಕ್ಷ್ಮ್ಯಿನೀ ! <br>ವರಲಕ್ಷ್ಮ್ಯಿ ಥನಲಕ್ಷ್ಮ್ಯಿ ಥನಧಾನ್ಯ ಲಕ್ಷ್ಮ್ಯಿನೀ ! <br> <br>ಕೆಜಲಕ್ಷ್ಮ್ಯಿ ಸನ್ಧ್ಧಾನ ಸಾನ್ಧ್ಧವೀರ ಲಕ್ಷ್ಮ್ಯಿನೀ ! <br>ಕೆಜಲಕ್ಷ್ಮ್ಯಿ ಸನ್ಧ್ಧಾನ ಸಾನ್ಧ್ಧವೀರ ಲಕ್ಷ್ಮ್ಯಿನೀ ! <br> <br>ಜೆಯಲಕ್ಷ್ಮ್ಯಿ ಜೆಗಲಕ್ಷ್ಮ್ಯಿ ವಿಜಯನ್ಧ್ಧರು ಲಕ್ಷ್ಮ್ಯಿನೀ ! <br>ಜೆಯಲಕ್ಷ್ಮ್ಯಿ ಜೆಗಲಕ್ಷ್ಮ್ಯಿ ವಿಜಯನ್ಧ್ಧರು ಲಕ್ಷ್ಮ್ಯಿನೀ ! <br>ಜೆಯಜೆಯ ಮ್ಯಗಾಲಕ್ಷ್ಮ್ಯಿ ! ಜೆಯಜೆಯ ಮ್ಯಗಾಲಕ್ಷ್ಮ್ಯಿ ! <br>ಜೆಯಜೆಯ ಮ್ಯಗಾಲಕ್ಷ್ಮ್ಯಿ ! ಜೆಯಜೆಯ ಮ್ಯಗಾಲಕ್ಷ್ಮ್ಯಿ ! <br> <br>ಷ್ರೀಧೇವಿಥ್ ಥಿರುಮ್ಯಗಳೇ ! ಸೀಧನಙಳ್ ಥರುಮ್ಯಗಳೇ ! <br>ಮ್ಯಾಧವನ್ ಮ್ಅಂಯಮ್ಯಗಳೇ ! ಮ್ಯಙಲಮ್ಯಾಯ್ ವರುಮ್ಯಗಳೇ ! <br> <br>ಆಧರವು ಥನ್ಧ್ಧೆಮ್ಯಕ್ಕು ಆನನ್ಧ್ಧಮ್ ಥರುಬವಳೇ ! <br>ಆಧರವು ಥನ್ಧ್ಧೆಮ್ಯಕ್ಕು ಆನನ್ಧ್ಧಮ್ ಥರುಬವಳೇ ! <br>ಆಧರವು ಥನ್ಧ್ಧೆಮ್ಯಕ್ಕು ಆನನ್ಧ್ಧಮ್ ಥರುಬವಳೇ ! <br> <br>ಷ್ರೀಧೇವಿಥ್ ಥಿರುಮ್ಯಗಳೇ ! ಸೀಧನಙಳ್ ಥರುಮ್ಯಗಳೇ ! <br>ಮ್ಯಾಧವನ್ ಮ್ಅಂಯಮ್ಯಗಳೇ ! ಮ್ಯಙಲಮ್ಯಾಯ್ ವರುಮ್ಯಗಳೇ !",
      "language" : {
        "name" : "Kanadam",
        "code" : "ka"
      }
    },
    {
      "data" : "স্রীধেৱিথ্ থিরুম্যগলে ! সীধনঙল্ থরুম্যগলে ! <br>ম্যাধৱন্ ম্অঁযম্যগলে ! ম্যঙলম্যায্ ৱরুম্যগলে ! <br> <br>আধরৱু থন্ধ্ধেম্যক্কু আনন্ধ্ধম্ থরুবৱলে ! <br>আধরৱু থন্ধ্ধেম্যক্কু আনন্ধ্ধম্ থরুবৱলে ! <br>আধরৱু থন্ধ্ধেম্যক্কু আনন্ধ্ধম্ থরুবৱলে ! <br> <br>স্রীধেৱিথ্ থিরুম্যগলে ! সীধনঙল্ থরুম্যগলে ! <br>ম্যাধৱন্ ম্অঁযম্যগলে ! ম্যঙলম্যায্ ৱরুম্যগলে ! <br> <br>সেন্ধ্ধাম্যরৈ ম্যলরিল্ ৱসিক্কিন্দ্ড় সেন্ধ্ধিরুৱে ! <br>সেন্ধ্ধাম্যরৈ ম্যলরিল্ ৱসিক্কিন্দ্ড় সেন্ধ্ধিরুৱে ! <br> <br>সুন্ধ্ধরম্যাল্ ম্যার্পিল্ ৱালুগিন্দ্ড় সুন্ধ্ধরিযে ! <br>সুন্ধ্ধরম্যাল্ ম্যার্পিল্ ৱালুগিন্দ্ড় সুন্ধ্ধরিযে <br> <br>অন্ধ্ধম্যিলাক্ করুঁযৈ অন্পর্ক্কুপ্ পোলিবৱলে ! <br>অন্ধ্ধম্যিলাক্ করুঁযৈ অন্পর্ক্কুপ্ পোলিবৱলে ! <br> <br>ম্যন্ধ্ধিরথাল্ধুধিথাল্ কনগম্যলৈ পোলিবৱলে ! <br>ম্যন্ধ্ধিরথাল্ধুধিথাল্ কনগম্যলৈ পোলিবৱলে ! <br> <br>স্রীধেৱিথ্ থিরুম্যগলে ! সীধনঙল্ থরুম্যগলে ! <br>ম্যাধৱন্ ম্অঁযম্যগলে ! ম্যঙলম্যায্ ৱরুম্যগলে ! <br> <br>ইগৱাল্ৱৈপ্ পোরুলাক্কুম্ ৱরম্যাগিনাযে ! <br>ইগৱাল্ৱৈপ্ পোরুলাক্কুম্ ৱরম্যাগিনাযে ! <br> <br>জেগম্যাৱুম্ থুধিবাদুম্ থিরুৱা কিনাযে ! <br>জেগম্যাৱুম্ থুধিবাদুম্ থিরুৱা কিনাযে ! <br> <br>নৱনিধিযৈথ্ থরুগিন্দ্ড় থাযাগিনাযে ! <br>নৱনিধিযৈথ্ থরুগিন্দ্ড় থাযাগিনাযে ! <br> <br>পুৱিযাৱুম্ কোঁদাদুম্ পোন্নাগি নাযে ! <br>পুৱিযাৱুম্ কোঁদাদুম্ পোন্নাগি নাযে ! <br> <br>স্রীধেৱিথ্ থিরুম্যগলে ! সীধনঙল্ থরুম্যগলে ! <br>ম্যাধৱন্ ম্অঁযম্যগলে ! ম্যঙলম্যায্ ৱরুম্যগলে ! <br> <br>ৱরলক্ষ্ম্যি থনলক্ষ্ম্যি থনধান্য লক্ষ্ম্যিনী ! <br>ৱরলক্ষ্ম্যি থনলক্ষ্ম্যি থনধান্য লক্ষ্ম্যিনী ! <br> <br>কেজলক্ষ্ম্যি সন্ধ্ধান সান্ধ্ধৱীর লক্ষ্ম্যিনী ! <br>কেজলক্ষ্ম্যি সন্ধ্ধান সান্ধ্ধৱীর লক্ষ্ম্যিনী ! <br> <br>জেযলক্ষ্ম্যি জেগলক্ষ্ম্যি ৱিজযন্ধ্ধরু লক্ষ্ম্যিনী ! <br>জেযলক্ষ্ম্যি জেগলক্ষ্ম্যি ৱিজযন্ধ্ধরু লক্ষ্ম্যিনী ! <br>জেযজেয ম্যগালক্ষ্ম্যি ! জেযজেয ম্যগালক্ষ্ম্যি ! <br>জেযজেয ম্যগালক্ষ্ম্যি ! জেযজেয ম্যগালক্ষ্ম্যি ! <br> <br>স্রীধেৱিথ্ থিরুম্যগলে ! সীধনঙল্ থরুম্যগলে ! <br>ম্যাধৱন্ ম্অঁযম্যগলে ! ম্যঙলম্যায্ ৱরুম্যগলে ! <br> <br>আধরৱু থন্ধ্ধেম্যক্কু আনন্ধ্ধম্ থরুবৱলে ! <br>আধরৱু থন্ধ্ধেম্যক্কু আনন্ধ্ধম্ থরুবৱলে ! <br>আধরৱু থন্ধ্ধেম্যক্কু আনন্ধ্ধম্ থরুবৱলে ! <br> <br>স্রীধেৱিথ্ থিরুম্যগলে ! সীধনঙল্ থরুম্যগলে ! <br>ম্যাধৱন্ ম্অঁযম্যগলে ! ম্যঙলম্যায্ ৱরুম্যগলে !",
      "language" : {
        "name" : "Bengali",
        "code" : "be"
      }
    },
    {
      "data" : "ષ્રીધૅવિથ્ થિરુમ્યગળૅ ! સીધનઙળ્ થરુમ્યગળૅ ! <br>મ્યાધવન્ મ્અંયમ્યગળૅ ! મ્યઙલમ્યાય્ વરુમ્યગળૅ ! <br> <br>આધરવુ થન્ધ્ધેમ્યક્કુ આનન્ધ્ધમ્ થરુબવળૅ ! <br>આધરવુ થન્ધ્ધેમ્યક્કુ આનન્ધ્ધમ્ થરુબવળૅ ! <br>આધરવુ થન્ધ્ધેમ્યક્કુ આનન્ધ્ધમ્ થરુબવળૅ ! <br> <br>ષ્રીધૅવિથ્ થિરુમ્યગળૅ ! સીધનઙળ્ થરુમ્યગળૅ ! <br>મ્યાધવન્ મ્અંયમ્યગળૅ ! મ્યઙલમ્યાય્ વરુમ્યગળૅ ! <br> <br>સેન્ધ્ધામ્યરૈ મ્યલરિલ્ વસિક્કિન્દ્ર સેન્ધ્ધિરુવૅ ! <br>સેન્ધ્ધામ્યરૈ મ્યલરિલ્ વસિક્કિન્દ્ર સેન્ધ્ધિરુવૅ ! <br> <br>સુન્ધ્ધરમ્યાલ્ મ્યાર્પિલ્ વાલુગિન્દ્ર સુન્ધ્ધરિયૅ ! <br>સુન્ધ્ધરમ્યાલ્ મ્યાર્પિલ્ વાલુગિન્દ્ર સુન્ધ્ધરિયૅ <br> <br>અન્ધ્ધમ્યિલાક્ કઋંયૈ અન્પર્ક્કુપ્ પોલિબવળૅ ! <br>અન્ધ્ધમ્યિલાક્ કઋંયૈ અન્પર્ક્કુપ્ પોલિબવળૅ ! <br> <br>મ્યન્ધ્ધિરથાલ્ધુધિથાલ્ કનગમ્યલૈ પોલિબવળૅ ! <br>મ્યન્ધ્ધિરથાલ્ધુધિથાલ્ કનગમ્યલૈ પોલિબવળૅ ! <br> <br>ષ્રીધૅવિથ્ થિરુમ્યગળૅ ! સીધનઙળ્ થરુમ્યગળૅ ! <br>મ્યાધવન્ મ્અંયમ્યગળૅ ! મ્યઙલમ્યાય્ વરુમ્યગળૅ ! <br> <br>ઇગવાલ્વૈપ્ પોરુળાક્કુમ્ વરમ્યાગિનાયૅ ! <br>ઇગવાલ્વૈપ્ પોરુળાક્કુમ્ વરમ્યાગિનાયૅ ! <br> <br>જેગમ્યાવુમ્ થુધિબાદુમ્ થિરુવા કિનાયૅ ! <br>જેગમ્યાવુમ્ થુધિબાદુમ્ થિરુવા કિનાયૅ ! <br> <br>ણવનિધિયૈથ્ થરુગિન્દ્ર થાયાગિનાયૅ ! <br>ણવનિધિયૈથ્ થરુગિન્દ્ર થાયાગિનાયૅ ! <br> <br>પુવિયાવુમ્ કોંદાદુમ્ પોન્નાગિ ણાયૅ ! <br>પુવિયાવુમ્ કોંદાદુમ્ પોન્નાગિ ણાયૅ ! <br> <br>ષ્રીધૅવિથ્ થિરુમ્યગળૅ ! સીધનઙળ્ થરુમ્યગળૅ ! <br>મ્યાધવન્ મ્અંયમ્યગળૅ ! મ્યઙલમ્યાય્ વરુમ્યગળૅ ! <br> <br>વરલક્ષ્મ્યિ થનલક્ષ્મ્યિ થનધાન્ય લક્ષ્મ્યિની ! <br>વરલક્ષ્મ્યિ થનલક્ષ્મ્યિ થનધાન્ય લક્ષ્મ્યિની ! <br> <br>કેજલક્ષ્મ્યિ સન્ધ્ધાન સાન્ધ્ધવીર લક્ષ્મ્યિની ! <br>કેજલક્ષ્મ્યિ સન્ધ્ધાન સાન્ધ્ધવીર લક્ષ્મ્યિની ! <br> <br>જેયલક્ષ્મ્યિ જેગલક્ષ્મ્યિ વિજયન્ધ્ધરુ લક્ષ્મ્યિની ! <br>જેયલક્ષ્મ્યિ જેગલક્ષ્મ્યિ વિજયન્ધ્ધરુ લક્ષ્મ્યિની ! <br>જેયજેય મ્યગાલક્ષ્મ્યિ ! જેયજેય મ્યગાલક્ષ્મ્યિ ! <br>જેયજેય મ્યગાલક્ષ્મ્યિ ! જેયજેય મ્યગાલક્ષ્મ્યિ ! <br> <br>ષ્રીધૅવિથ્ થિરુમ્યગળૅ ! સીધનઙળ્ થરુમ્યગળૅ ! <br>મ્યાધવન્ મ્અંયમ્યગળૅ ! મ્યઙલમ્યાય્ વરુમ્યગળૅ ! <br> <br>આધરવુ થન્ધ્ધેમ્યક્કુ આનન્ધ્ધમ્ થરુબવળૅ ! <br>આધરવુ થન્ધ્ધેમ્યક્કુ આનન્ધ્ધમ્ થરુબવળૅ ! <br>આધરવુ થન્ધ્ધેમ્યક્કુ આનન્ધ્ધમ્ થરુબવળૅ ! <br> <br>ષ્રીધૅવિથ્ થિરુમ્યગળૅ ! સીધનઙળ્ થરુમ્યગળૅ ! <br>મ્યાધવન્ મ્અંયમ્યગળૅ ! મ્યઙલમ્યાય્ વરુમ્યગળૅ !",
      "language" : {
        "name" : "Gujarathi",
        "code" : "gu"
      }
    },
    {
      "data" : "स्रीधेवित तिरुम्अगऴे ! सीदनङल तरुम्अगऴे ! <br>म्आदवन म्अंअम्अगऴे ! म्अङलम्आय वरुम्अगऴे ! <br> <br>आदरवु तन्द देम्अक्कु आनन्द दम तरुबवऴे ! <br>आदरवु तन्द देम्अक्कु आनन्द दम तरुबवऴे ! <br>आदरवु तन्द देम्अक्कु आनन्द दम तरुबवऴे ! <br> <br>स्रीधेवित तिरुम्अगऴे ! सीदनङल तरुम्अगऴे ! <br>म्आदवन म्अंअम्अगऴे ! म्अङलम्आय वरुम्अगऴे ! <br> <br>सेन्द दाम्अरै म्अलरिल वसिक्किन्ड्ड़ सेन्द दिरुवे ! <br>सेन्द दाम्अरै म्अलरिल वसिक्किन्ड्ड़ सेन्द दिरुवे ! <br> <br>सुन्द दरम्आल म्आर्पिल वालुगिन्ड्ड़ सुन्द दरिये ! <br>सुन्द दरम्आल म्आर्पिल वालुगिन्ड्ड़ सुन्द दरिये <br> <br>अन्द दम्इलाक कऱुंऐ अन्पर्क्कुप पोलिबवऴे ! <br>अन्द दम्इलाक कऱुंऐ अन्पर्क्कुप पोलिबवऴे ! <br> <br>म्अन्द दिरताल्दुदिताल कनगम्अलै पोलिबवऴे ! <br>म्अन्द दिरताल्दुदिताल कनगम्अलै पोलिबवऴे ! <br> <br>स्रीधेवित तिरुम्अगऴे ! सीदनङल तरुम्अगऴे ! <br>म्आदवन म्अंअम्अगऴे ! म्अङलम्आय वरुम्अगऴे ! <br> <br>इगवाल्वैप पोरुऴाक्कुम वरम्आगिनाये ! <br>इगवाल्वैप पोरुऴाक्कुम वरम्आगिनाये ! <br> <br>जेगम्यावुम तुदिबाडुम तिरुवा किनाये ! <br>जेगम्यावुम तुदिबाडुम तिरुवा किनाये ! <br> <br>नवनिदियैत तरुगिन्ड्ड़ तायागिनाये ! <br>नवनिदियैत तरुगिन्ड्ड़ तायागिनाये ! <br> <br>पुवियावुम कोंडाडुम पोननागि नाये ! <br>पुवियावुम कोंडाडुम पोननागि नाये ! <br> <br>स्रीधेवित तिरुम्अगऴे ! सीदनङल तरुम्अगऴे ! <br>म्आदवन म्अंअम्अगऴे ! म्अङलम्आय वरुम्अगऴे ! <br> <br>वरलक्ष्म्इ तनलक्ष्म्इ तनदान्य लक्ष्म्इनी ! <br>वरलक्ष्म्इ तनलक्ष्म्इ तनदान्य लक्ष्म्इनी ! <br> <br>केजलक्ष्म्इ सन्द दान सान्द दवीर लक्ष्म्इनी ! <br>केजलक्ष्म्इ सन्द दान सान्द दवीर लक्ष्म्इनी ! <br> <br>जेयलक्ष्म्इ जेगलक्ष्म्इ विजयन्द दरु लक्ष्म्इनी ! <br>जेयलक्ष्म्इ जेगलक्ष्म्इ विजयन्द दरु लक्ष्म्इनी ! <br>जेयजेय म्अगालक्ष्म्इ ! जेयजेय म्अगालक्ष्म्इ ! <br>जेयजेय म्अगालक्ष्म्इ ! जेयजेय म्अगालक्ष्म्इ ! <br> <br>स्रीधेवित तिरुम्अगऴे ! सीदनङल तरुम्अगऴे ! <br>म्आदवन म्अंअम्अगऴे ! म्अङलम्आय वरुम्अगऴे ! <br> <br>आदरवु तन्द देम्अक्कु आनन्द दम तरुबवऴे ! <br>आदरवु तन्द देम्अक्कु आनन्द दम तरुबवऴे ! <br>आदरवु तन्द देम्अक्कु आनन्द दम तरुबवऴे ! <br> <br>स्रीधेवित तिरुम्अगऴे ! सीदनङल तरुम्अगऴे ! <br>म्आदवन म्अंअम्अगऴे ! म्अङलम्आय वरुम्अगऴे !",
      "language" : {
        "name" : "Marathi",
        "code" : "mr"
      }
    },
    {
      "data" : "ଷ୍ରୀଧେୱିଥ୍ ଥିରୁମ୍ଯଗଲେ ! ସୀଧନଙଲ୍ ଥରୁମ୍ଯଗଲେ ! <br>ମ୍ଯାଧୱନ୍ ମ୍ଅଂଯମ୍ଯଗଲେ ! ମ୍ଯଙଳମ୍ଯାଯ୍ ୱରୁମ୍ଯଗଲେ ! <br> <br>ଆଧରୱୁ ଥନ୍ଧ୍ଧେମ୍ଯକ୍କୁ ଆନନ୍ଧ୍ଧମ୍ ଥରୁବୱଲେ ! <br>ଆଧରୱୁ ଥନ୍ଧ୍ଧେମ୍ଯକ୍କୁ ଆନନ୍ଧ୍ଧମ୍ ଥରୁବୱଲେ ! <br>ଆଧରୱୁ ଥନ୍ଧ୍ଧେମ୍ଯକ୍କୁ ଆନନ୍ଧ୍ଧମ୍ ଥରୁବୱଲେ ! <br> <br>ଷ୍ରୀଧେୱିଥ୍ ଥିରୁମ୍ଯଗଲେ ! ସୀଧନଙଲ୍ ଥରୁମ୍ଯଗଲେ ! <br>ମ୍ଯାଧୱନ୍ ମ୍ଅଂଯମ୍ଯଗଲେ ! ମ୍ଯଙଳମ୍ଯାଯ୍ ୱରୁମ୍ଯଗଲେ ! <br> <br>ସେନ୍ଧ୍ଧାମ୍ଯରୈ ମ୍ଯଳରିଳ୍ ୱସିକ୍କିନ୍ଦ୍ଡ଼ ସେନ୍ଧ୍ଧିରୁୱେ ! <br>ସେନ୍ଧ୍ଧାମ୍ଯରୈ ମ୍ଯଳରିଳ୍ ୱସିକ୍କିନ୍ଦ୍ଡ଼ ସେନ୍ଧ୍ଧିରୁୱେ ! <br> <br>ସୁନ୍ଧ୍ଧରମ୍ଯାଳ୍ ମ୍ଯାର୍ପିଳ୍ ୱାଳୁଗିନ୍ଦ୍ଡ଼ ସୁନ୍ଧ୍ଧରିଯେ ! <br>ସୁନ୍ଧ୍ଧରମ୍ଯାଳ୍ ମ୍ଯାର୍ପିଳ୍ ୱାଳୁଗିନ୍ଦ୍ଡ଼ ସୁନ୍ଧ୍ଧରିଯେ <br> <br>ଅନ୍ଧ୍ଧମ୍ଯିଳାକ୍ କଋଂଯୈ ଅନ୍ପର୍କ୍କୁପ୍ ପୋଳିବୱଲେ ! <br>ଅନ୍ଧ୍ଧମ୍ଯିଳାକ୍ କଋଂଯୈ ଅନ୍ପର୍କ୍କୁପ୍ ପୋଳିବୱଲେ ! <br> <br>ମ୍ଯନ୍ଧ୍ଧିରଥାଳ୍ଧୁଧିଥାଳ୍ କନଗମ୍ଯଳୈ ପୋଳିବୱଲେ ! <br>ମ୍ଯନ୍ଧ୍ଧିରଥାଳ୍ଧୁଧିଥାଳ୍ କନଗମ୍ଯଳୈ ପୋଳିବୱଲେ ! <br> <br>ଷ୍ରୀଧେୱିଥ୍ ଥିରୁମ୍ଯଗଲେ ! ସୀଧନଙଲ୍ ଥରୁମ୍ଯଗଲେ ! <br>ମ୍ଯାଧୱନ୍ ମ୍ଅଂଯମ୍ଯଗଲେ ! ମ୍ଯଙଳମ୍ଯାଯ୍ ୱରୁମ୍ଯଗଲେ ! <br> <br>ଇଗୱାଳ୍ୱୈପ୍ ପୋରୁଲାକ୍କୁମ୍ ୱରମ୍ଯାଗିନାଯେ ! <br>ଇଗୱାଳ୍ୱୈପ୍ ପୋରୁଲାକ୍କୁମ୍ ୱରମ୍ଯାଗିନାଯେ ! <br> <br>ଜେଗମ୍ଯାୱୁମ୍ ଥୁଧିବାଦୁମ୍ ଥିରୁୱା କିନାଯେ ! <br>ଜେଗମ୍ଯାୱୁମ୍ ଥୁଧିବାଦୁମ୍ ଥିରୁୱା କିନାଯେ ! <br> <br>ନୱନିଧିଯୈଥ୍ ଥରୁଗିନ୍ଦ୍ଡ଼ ଥାଯାଗିନାଯେ ! <br>ନୱନିଧିଯୈଥ୍ ଥରୁଗିନ୍ଦ୍ଡ଼ ଥାଯାଗିନାଯେ ! <br> <br>ପୁୱିଯାୱୁମ୍ କୋଂଦାଦୁମ୍ ପୋନ୍ନାଗି ନାଯେ ! <br>ପୁୱିଯାୱୁମ୍ କୋଂଦାଦୁମ୍ ପୋନ୍ନାଗି ନାଯେ ! <br> <br>ଷ୍ରୀଧେୱିଥ୍ ଥିରୁମ୍ଯଗଲେ ! ସୀଧନଙଲ୍ ଥରୁମ୍ଯଗଲେ ! <br>ମ୍ଯାଧୱନ୍ ମ୍ଅଂଯମ୍ଯଗଲେ ! ମ୍ଯଙଳମ୍ଯାଯ୍ ୱରୁମ୍ଯଗଲେ ! <br> <br>ୱରଳକ୍ଶ୍ମ୍ଯି ଥନଳକ୍ଶ୍ମ୍ଯି ଥନଧାନ୍ଯ ଳକ୍ଶ୍ମ୍ଯିନୀ ! <br>ୱରଳକ୍ଶ୍ମ୍ଯି ଥନଳକ୍ଶ୍ମ୍ଯି ଥନଧାନ୍ଯ ଳକ୍ଶ୍ମ୍ଯିନୀ ! <br> <br>କେଜଳକ୍ଶ୍ମ୍ଯି ସନ୍ଧ୍ଧାନ ସାନ୍ଧ୍ଧୱୀର ଳକ୍ଶ୍ମ୍ଯିନୀ ! <br>କେଜଳକ୍ଶ୍ମ୍ଯି ସନ୍ଧ୍ଧାନ ସାନ୍ଧ୍ଧୱୀର ଳକ୍ଶ୍ମ୍ଯିନୀ ! <br> <br>ଜେଯଳକ୍ଶ୍ମ୍ଯି ଜେଗଳକ୍ଶ୍ମ୍ଯି ୱିଜଯନ୍ଧ୍ଧରୁ ଳକ୍ଶ୍ମ୍ଯିନୀ ! <br>ଜେଯଳକ୍ଶ୍ମ୍ଯି ଜେଗଳକ୍ଶ୍ମ୍ଯି ୱିଜଯନ୍ଧ୍ଧରୁ ଳକ୍ଶ୍ମ୍ଯିନୀ ! <br>ଜେଯଜେଯ ମ୍ଯଗାଳକ୍ଶ୍ମ୍ଯି ! ଜେଯଜେଯ ମ୍ଯଗାଳକ୍ଶ୍ମ୍ଯି ! <br>ଜେଯଜେଯ ମ୍ଯଗାଳକ୍ଶ୍ମ୍ଯି ! ଜେଯଜେଯ ମ୍ଯଗାଳକ୍ଶ୍ମ୍ଯି ! <br> <br>ଷ୍ରୀଧେୱିଥ୍ ଥିରୁମ୍ଯଗଲେ ! ସୀଧନଙଲ୍ ଥରୁମ୍ଯଗଲେ ! <br>ମ୍ଯାଧୱନ୍ ମ୍ଅଂଯମ୍ଯଗଲେ ! ମ୍ଯଙଳମ୍ଯାଯ୍ ୱରୁମ୍ଯଗଲେ ! <br> <br>ଆଧରୱୁ ଥନ୍ଧ୍ଧେମ୍ଯକ୍କୁ ଆନନ୍ଧ୍ଧମ୍ ଥରୁବୱଲେ ! <br>ଆଧରୱୁ ଥନ୍ଧ୍ଧେମ୍ଯକ୍କୁ ଆନନ୍ଧ୍ଧମ୍ ଥରୁବୱଲେ ! <br>ଆଧରୱୁ ଥନ୍ଧ୍ଧେମ୍ଯକ୍କୁ ଆନନ୍ଧ୍ଧମ୍ ଥରୁବୱଲେ ! <br> <br>ଷ୍ରୀଧେୱିଥ୍ ଥିରୁମ୍ଯଗଲେ ! ସୀଧନଙଲ୍ ଥରୁମ୍ଯଗଲେ ! <br>ମ୍ଯାଧୱନ୍ ମ୍ଅଂଯମ୍ଯଗଲେ ! ମ୍ଯଙଳମ୍ଯାଯ୍ ୱରୁମ୍ଯଗଲେ !",
      "language" : {
        "name" : "Oriya",
        "code" : "or"
      }
    },
    {
      "data" : "स्रीधेवित तिरुम्अगऴे ! सीदनङल तरुम्अगऴे ! <br>म्आदवन म्अंअम्अगऴे ! म्अङलम्आय वरुम्अगऴे ! <br> <br>आदरवु तन्द देम्अक्कु आनन्द दम तरुबवऴे ! <br>आदरवु तन्द देम्अक्कु आनन्द दम तरुबवऴे ! <br>आदरवु तन्द देम्अक्कु आनन्द दम तरुबवऴे ! <br> <br>स्रीधेवित तिरुम्अगऴे ! सीदनङल तरुम्अगऴे ! <br>म्आदवन म्अंअम्अगऴे ! म्अङलम्आय वरुम्अगऴे ! <br> <br>सेन्द दाम्अरै म्अलरिल वसिक्किन्ड्ड़ सेन्द दिरुवे ! <br>सेन्द दाम्अरै म्अलरिल वसिक्किन्ड्ड़ सेन्द दिरुवे ! <br> <br>सुन्द दरम्आल म्आर्पिल वालुगिन्ड्ड़ सुन्द दरिये ! <br>सुन्द दरम्आल म्आर्पिल वालुगिन्ड्ड़ सुन्द दरिये <br> <br>अन्द दम्इलाक कऱुंऐ अन्पर्क्कुप पोलिबवऴे ! <br>अन्द दम्इलाक कऱुंऐ अन्पर्क्कुप पोलिबवऴे ! <br> <br>म्अन्द दिरताल्दुदिताल कनगम्अलै पोलिबवऴे ! <br>म्अन्द दिरताल्दुदिताल कनगम्अलै पोलिबवऴे ! <br> <br>स्रीधेवित तिरुम्अगऴे ! सीदनङल तरुम्अगऴे ! <br>म्आदवन म्अंअम्अगऴे ! म्अङलम्आय वरुम्अगऴे ! <br> <br>इगवाल्वैप पोरुऴाक्कुम वरम्आगिनाये ! <br>इगवाल्वैप पोरुऴाक्कुम वरम्आगिनाये ! <br> <br>जेगम्यावुम तुदिबाडुम तिरुवा किनाये ! <br>जेगम्यावुम तुदिबाडुम तिरुवा किनाये ! <br> <br>नवनिदियैत तरुगिन्ड्ड़ तायागिनाये ! <br>नवनिदियैत तरुगिन्ड्ड़ तायागिनाये ! <br> <br>पुवियावुम कोंडाडुम पोननागि नाये ! <br>पुवियावुम कोंडाडुम पोननागि नाये ! <br> <br>स्रीधेवित तिरुम्अगऴे ! सीदनङल तरुम्अगऴे ! <br>म्आदवन म्अंअम्अगऴे ! म्अङलम्आय वरुम्अगऴे ! <br> <br>वरलक्ष्म्इ तनलक्ष्म्इ तनदान्य लक्ष्म्इनी ! <br>वरलक्ष्म्इ तनलक्ष्म्इ तनदान्य लक्ष्म्इनी ! <br> <br>केजलक्ष्म्इ सन्द दान सान्द दवीर लक्ष्म्इनी ! <br>केजलक्ष्म्इ सन्द दान सान्द दवीर लक्ष्म्इनी ! <br> <br>जेयलक्ष्म्इ जेगलक्ष्म्इ विजयन्द दरु लक्ष्म्इनी ! <br>जेयलक्ष्म्इ जेगलक्ष्म्इ विजयन्द दरु लक्ष्म्इनी ! <br>जेयजेय म्अगालक्ष्म्इ ! जेयजेय म्अगालक्ष्म्इ ! <br>जेयजेय म्अगालक्ष्म्इ ! जेयजेय म्अगालक्ष्म्इ ! <br> <br>स्रीधेवित तिरुम्अगऴे ! सीदनङल तरुम्अगऴे ! <br>म्आदवन म्अंअम्अगऴे ! म्अङलम्आय वरुम्अगऴे ! <br> <br>आदरवु तन्द देम्अक्कु आनन्द दम तरुबवऴे ! <br>आदरवु तन्द देम्अक्कु आनन्द दम तरुबवऴे ! <br>आदरवु तन्द देम्अक्कु आनन्द दम तरुबवऴे ! <br> <br>स्रीधेवित तिरुम्अगऴे ! सीदनङल तरुम्अगऴे ! <br>म्आदवन म्अंअम्अगऴे ! म्अङलम्आय वरुम्अगऴे !",
      "language" : {
        "name" : "konkani",
        "code" : "ko"
      }
    }
  ],
  "mood" : {
    "slug" : "happy",
    "name" : "Happy"
  },
  "thumbnail" : "https:\/\/d1ua79hvv369a0.cloudfront.net\/reflection\/thumbnail\/30-May-2016\/lakshmi_thumbnail.jpg",
  "language" : {
    "name" : "Tamil",
    "code" : "ta"
  },
  "slug" : "thirumagal-thudhi",
  "info" : {
    "lyric_genres" : [
      {
        "name" : {
          "en" : "Spritual",
          "hi" : "Spritual",
          "te" : "Spritual",
          "ta" : "ஆன்மீகம்"
        }
      }
    ],
    "thaalams" : [
      {
        "name" : {
          "en" : "Adi",
          "hi" : "Adi",
          "te" : "Adi",
          "ta" : "ஆதி"
        }
      }
    ],
    "lyric_languages" : [
      {
        "name" : {
          "en" : "Tamil",
          "hi" : "Tamil",
          "te" : "Tamil",
          "ta" : "தமிழ்"
        }
      }
    ],
    "lyric_moods" : [
      {
        "name" : {
          "en" : "Happy",
          "hi" : "Happy",
          "te" : "Happy",
          "ta" : "மகிழ்ச்சி"
        }
      }
    ],
    "music_genres" : [
      {
        "name" : {
          "en" : "Devotional",
          "hi" : "Devotional",
          "te" : "Devotional",
          "ta" : "ஆன்மீகம்"
        }
      }
    ],
    "best_seasons_to_listen" : [
      {
        "name" : {
          "en" : "All",
          "hi" : "All",
          "te" : "All",
          "ta" : "எப்பொழுதும்"
        }
      }
    ],
    "launch_date" : {
      "en" : "30\/05\/2016",
      "hi" : "30\/05\/2016",
      "te" : "30\/05\/2016",
      "ta" : "30\/05\/2016"
    },
    "lyric_styles" : [
      {
        "name" : {
          "en" : "Traditional",
          "hi" : "Traditional",
          "te" : "Traditional",
          "ta" : "செம்மொழி நடை"
        }
      }
    ],
    "duration" : 5.06,
    "raagams" : [
      {
        "name" : {
          "en" : "Harikambodi",
          "hi" : "Harikambodi",
          "te" : "Harikambodi",
          "ta" : "ஹரிகம்போடி"
        }
      }
    ],
    "instruments" : [
      {
        "name" : {
          "en" : "Tambora",
          "hi" : "Tambora",
          "te" : "Tambora",
          "ta" : "தம்புரா"
        }
      },
      {
        "name" : {
          "en" : "Flute",
          "hi" : "Flute",
          "te" : "Flute",
          "ta" : "புல்லாங்குழல்"
        }
      },
      {
        "name" : {
          "en" : "Miruthangam",
          "hi" : "Miruthangam",
          "te" : "Miruthangam",
          "ta" : "மிருதங்கம்"
        }
      }
    ],
    "best_times_to_listen" : [
      {
        "name" : {
          "en" : "Morning",
          "hi" : "Morning",
          "te" : "Morning",
          "ta" : "காலை"
        }
      },
      {
        "name" : {
          "en" : "Evening",
          "hi" : "Evening",
          "te" : "Evening",
          "ta" : "மாலை"
        }
      }
    ]
  }
}