{
  "title" : {
    "en" : "Ulagam Oruvanukka",
    "hi" : "Ulagam Oruvanukka",
    "te" : "Ulagam Oruvanukka",
    "ta" : "உலகம் ஒருவனுக்காக"
  },
  "info" : {
    "lyric_languages" : [
      {
        "name" : {
          "en" : "Tamil",
          "hi" : "Tamil",
          "te" : "Tamil",
          "ta" : "Tamil"
        }
      }
    ],
    "instruments" : [
      {
        "name" : {
          "en" : "Bass",
          "hi" : "Bass",
          "te" : "Bass",
          "ta" : "பேஸ்"
        }
      },
      {
        "name" : {
          "en" : "Drums",
          "hi" : "Drums",
          "te" : "Drums",
          "ta" : "டிரம்ஸ்"
        }
      }
    ],
    "thaalams" : [
      {
        "name" : {
          "en" : "4 by 4 WCM",
          "hi" : "4 by 4 WCM",
          "te" : "4 by 4 WCM",
          "ta" : "4 by 4 WCM"
        }
      }
    ],
    "lyric_moods" : [
      {
        "name" : {
          "en" : "Happy",
          "hi" : "Happy",
          "te" : "Happy",
          "ta" : "மகிழ்ச்சி"
        }
      }
    ],
    "music_genres" : [
      {
        "name" : {
          "en" : "Fusion",
          "hi" : "Fusion",
          "te" : "Fusion",
          "ta" : "கலவை"
        }
      }
    ],
    "best_seasons_to_listen" : [
      {
        "name" : {
          "en" : "Spring",
          "hi" : "Spring",
          "te" : "Spring",
          "ta" : "வசந்த காலம்"
        }
      },
      {
        "name" : {
          "en" : "Summer",
          "hi" : "Summer",
          "te" : "Summer",
          "ta" : "கோடை காலம்"
        }
      }
    ],
    "duration" : 4.02,
    "lyric_styles" : [
      {
        "name" : {
          "en" : "Traditional",
          "hi" : "Traditional",
          "te" : "Traditional",
          "ta" : "செம்மொழி நடை"
        }
      }
    ],
    "lyric_genres" : [
      {
        "name" : {
          "en" : "Philosophy",
          "hi" : "Philosophy",
          "te" : "Philosophy",
          "ta" : "தத்துவம்"
        }
      }
    ],
    "best_times_to_listen" : [
      {
        "name" : {
          "en" : "Evening",
          "hi" : "Evening",
          "te" : "Evening",
          "ta" : "மாலை"
        }
      },
      {
        "name" : {
          "en" : "Night",
          "hi" : "Night",
          "te" : "Night",
          "ta" : "இரவு"
        }
      },
      {
        "name" : {
          "en" : "Party",
          "hi" : "Party",
          "te" : "Party",
          "ta" : "பார்ட்டி"
        }
      }
    ],
    "launch_date" : {
      "en" : "12\/06\/2016",
      "hi" : "12\/06\/2016",
      "te" : "12\/06\/2016",
      "ta" : "12\/06\/2016"
    }
  },
  "active" : true,
  "credits" : {
    "audio_label" : [
      {
        "name" : {
          "en" : "Think Music",
          "hi" : "Think Music",
          "te" : "Think Music",
          "ta" : "திங்க் மியூசிக்"
        }
      }
    ],
    "producers" : [
      {
        "name" : {
          "en" : "Kalaippuli S.Thanu",
          "hi" : "Kalaippuli S.Thanu",
          "te" : "Kalaippuli S.Thanu",
          "ta" : "கலைப்புலி S.தானு"
        }
      }
    ],
    "percussion_arranged_and_recorded" : [
      {
        "name" : {
          "en" : "RK Sundar",
          "hi" : "RK Sundar",
          "te" : "RK Sundar",
          "ta" : "RK சுந்தர்"
        }
      }
    ],
    "composers" : [
      {
        "name" : {
          "en" : "Santhosh Narayanan",
          "hi" : "Santhosh Narayanan",
          "te" : "Santhosh Narayanan",
          "ta" : "சந்தோஷ் நாராயணன்"
        }
      }
    ],
    "chorus" : [
      {
        "name" : {
          "en" : "Vasudevan",
          "hi" : "Vasudevan",
          "te" : "Vasudevan",
          "ta" : "வாசுதேவன்"
        }
      },
      {
        "name" : {
          "en" : "Senthil Das",
          "hi" : "Senthil Das",
          "te" : "Senthil Das",
          "ta" : "செந்தில் தாஸ்"
        }
      },
      {
        "name" : {
          "en" : "Sam",
          "hi" : "Sam",
          "te" : "Sam",
          "ta" : "சாம்"
        }
      },
      {
        "name" : {
          "en" : "Sunderrajan",
          "hi" : "Sunderrajan",
          "te" : "Sunderrajan",
          "ta" : "சுந்தர் ராஜன்"
        }
      },
      {
        "name" : {
          "en" : "Balaji",
          "hi" : "Balaji",
          "te" : "Balaji",
          "ta" : "பாலாஜி"
        }
      },
      {
        "name" : {
          "en" : "Murali",
          "hi" : "Murali",
          "te" : "Murali",
          "ta" : "முரளி"
        }
      }
    ],
    "tamil_rap" : [
      {
        "name" : {
          "en" : "Vivek",
          "hi" : "Vivek",
          "te" : "Vivek",
          "ta" : "விவேக்"
        }
      }
    ],
    "rap" : [
      {
        "name" : {
          "en" : "Roshan Jamrock",
          "hi" : "Roshan Jamrock",
          "te" : "Roshan Jamrock",
          "ta" : "ரோஷன் ஜேம்ராக்"
        }
      }
    ],
    "lyricists" : [
      {
        "name" : {
          "en" : "Kabilan",
          "hi" : "Kabilan",
          "te" : "Kabilan",
          "ta" : "கபிலன்"
        }
      }
    ],
    "singers" : [
      {
        "name" : {
          "en" : "Ananthu",
          "hi" : "Ananthu",
          "te" : "Ananthu",
          "ta" : "அனந்து"
        }
      },
      {
        "name" : {
          "en" : "Santhosh Narayanan",
          "hi" : "Santhosh Narayanan",
          "te" : "Santhosh Narayanan",
          "ta" : "சந்தோஷ் நாராயணன்"
        }
      },
      {
        "name" : {
          "en" : "Gana Bala",
          "hi" : "Gana Bala",
          "te" : "Gana Bala",
          "ta" : "கானா பாலா"
        }
      }
    ],
    "translator" : [
      {
        "name" : {
          "en" : "Jayashree Ramanujam",
          "hi" : "Jayashree Ramanujam",
          "te" : "Jayashree Ramanujam",
          "ta" : "ஜெயஸ்ரீ இராமானுஜம்"
        }
      }
    ]
  },
  "published_on" : "2016-06-12T12:30:00.000Z",
  "description" : {
    "en" : "Santhosh Narayanan has given a twist to the traditional Superstar opening song. This refreshing and thoughtful song is a sure shot dance number which will give Rajini fans a high that can only be satiated when the film plays on big screen. Words like ‘let your eyes rest, not your dreams!’ drive this powerful number.",
    "hi" : "Santhosh Narayanan has given a twist to the traditional Superstar opening song. This refreshing and thoughtful song is a sure shot dance number which will give Rajini fans a high that can only be satiated when the film plays on big screen. Words like ‘let your eyes rest, not your dreams!’ drive this powerful number.",
    "te" : "Santhosh Narayanan has given a twist to the traditional Superstar opening song. This refreshing and thoughtful song is a sure shot dance number which will give Rajini fans a high that can only be satiated when the film plays on big screen. Words like ‘let your eyes rest, not your dreams!’ drive this powerful number.",
    "ta" : "வழக்கமாக சூப்பர்ஸ்டார் அறிமுகமாகும் பாடல்களிலிருந்து விலகி, ஒரு வித்தியாசமான பாடலைத் தந்துள்ளார் சந்தோஷ் நாராயணன். புத்துணர்வூட்டுகிற, சிந்தனையைத் தூண்டுகிற இந்தப் பாடல் ரஜினி ரசிகர்களை ஆடவைக்கும், இதனைத் திரையில் காணவேண்டும் என்கிற பரவசத்தோடு வைத்திருக்கும், ‘கண்கள் உறங்கட்டும், கனவுகள் உறங்கவேண்டாம்’ என்பதுபோன்ற வரிகள் இந்தப் பாடலின் ஆற்றலைப் பலமடங்கு  உயர்த்துகின்றன."
  },
  "poster" : "https:\/\/d1ua79hvv369a0.cloudfront.net\/reflection\/poster\/June\/12\/ulagam-oruvanukka-poster.jpg",
  "album" : {
    "title" : {
      "en" : "Kabali",
      "hi" : "Kabali",
      "te" : "Kabali",
      "ta" : "கபாலி"
    },
    "id" : "63"
  },
  "musics" : [
    {
      "players" : [
        {
          "name" : {
            "en" : "Naveen",
            "hi" : "Naveen",
            "te" : "Naveen",
            "ta" : "நவீன்"
          }
        }
      ],
      "instrument" : {
        "name" : {
          "name" : {
            "en" : "Bass",
            "hi" : "Bass",
            "te" : "Bass",
            "ta" : "பேஸ்"
          }
        }
      }
    },
    {
      "players" : [
        {
          "name" : {
            "en" : "RK Sundar",
            "hi" : "RK Sundar",
            "te" : "RK Sundar",
            "ta" : "RK சுந்தர்"
          }
        }
      ],
      "instrument" : {
        "name" : {
          "name" : {
            "en" : "Drums",
            "hi" : "Drums",
            "te" : "Drums",
            "ta" : "டிரம்ஸ்"
          }
        }
      }
    }
  ],
  "critics" : [
    {
      "review" : {
        "instrument" : {
          "comment" : {
            "en" : "Rhythm based essentially with heavy usage of percussion instruments",
            "hi" : "Rhythm based essentially with heavy usage of percussion instruments",
            "te" : "Rhythm based essentially with heavy usage of percussion instruments",
            "ta" : "Rhythm based essentially with heavy usage of percussion instruments"
          },
          "score" : 11
        },
        "overall" : {
          "comment" : {
            "en" : "Typical Rajni’s Intro!",
            "hi" : "Typical Rajni’s Intro!",
            "te" : "Typical Rajni’s Intro!",
            "ta" : "Typical Rajni’s Intro!"
          },
          "score" : 10.5
        },
        "vocal" : {
          "comment" : {
            "en" : "Contemporary Rap and Alternative Rock styles were equally balanced",
            "hi" : "Contemporary Rap and Alternative Rock styles were equally balanced",
            "te" : "Contemporary Rap and Alternative Rock styles were equally balanced",
            "ta" : "The tune focuses more on hailing the hero making it a perfect intro song"
          },
          "score" : 10
        },
        "tune" : {
          "comment" : {
            "en" : "The tune focuses more on hailing the hero making it a perfect intro song",
            "hi" : "The tune focuses more on hailing the hero making it a perfect intro song",
            "te" : "The tune focuses more on hailing the hero making it a perfect intro song",
            "ta" : "The tune focuses more on hailing the hero making it a perfect intro song"
          },
          "score" : 10
        },
        "lyric" : {
          "comment" : {
            "en" : "Trendy, stylish and suits the song’s genre in every possible manner",
            "hi" : "Trendy, stylish and suits the song’s genre in every possible manner",
            "te" : "Trendy, stylish and suits the song’s genre in every possible manner",
            "ta" : "Trendy, stylish and suits the song’s genre in every possible manner"
          },
          "score" : 11
        }
      },
      "author" : {
        "name" : "Durga",
        "image" : "https:\/\/d1ua79hvv369a0.cloudfront.net\/reflection\/critic\/critic-durga.png"
      },
      "rating" : 10.5
    },
    {
      "review" : {
        "instrument" : {
          "comment" : {
            "en" : "On instruments & arrangement (150 Characters) : We have pounding percussions providing the rhythm (like Maaro Maaro from Rahman’s Boys) while the whistle sounds add a cool touch to the track.",
            "hi" : "On instruments & arrangement (150 Characters) : We have pounding percussions providing the rhythm (like Maaro Maaro from Rahman’s Boys) while the whistle sounds add a cool touch to the track.",
            "te" : "On instruments & arrangement (150 Characters) : We have pounding percussions providing the rhythm (like Maaro Maaro from Rahman’s Boys) while the whistle sounds add a cool touch to the track.",
            "ta" : "On instruments & arrangement (150 Characters) : We have pounding percussions providing the rhythm (like Maaro Maaro from Rahman’s Boys) while the whistle sounds add a cool touch to the track."
          },
          "score" : 8
        },
        "overall" : {
          "comment" : {
            "en" : "Overall Comments : Bound to generate celebratory scenes in cinema halls with its energy and the Superstar screen presence.",
            "hi" : "Overall Comments : Bound to generate celebratory scenes in cinema halls with its energy and the Superstar screen presence.",
            "te" : "Overall Comments : Bound to generate celebratory scenes in cinema halls with its energy and the Superstar screen presence.",
            "ta" : "Overall Comments : Bound to generate celebratory scenes in cinema halls with its energy and the Superstar screen presence."
          },
          "score" : 8
        },
        "vocal" : {
          "comment" : {
            "en" : "Inspiring , hero glorifying as well as purposeful lines on unity, sense of community and brotherhood. Tailor made for Superstar Rajini’s larger than life persona.",
            "hi" : "Inspiring , hero glorifying as well as purposeful lines on unity, sense of community and brotherhood. Tailor made for Superstar Rajini’s larger than life persona.",
            "te" : "Inspiring , hero glorifying as well as purposeful lines on unity, sense of community and brotherhood. Tailor made for Superstar Rajini’s larger than life persona.",
            "ta" : "An up-tempo track meant to be the introductory song of Kabali Rajini. On the lines of ‘Enga Ooru Madras’ from the director’s earlier Madras."
          },
          "score" : 8
        },
        "tune" : {
          "comment" : {
            "en" : "An up-tempo track meant to be the introductory song of Kabali Rajini. On the lines of ‘Enga Ooru Madras’ from the director’s earlier Madras.",
            "hi" : "An up-tempo track meant to be the introductory song of Kabali Rajini. On the lines of ‘Enga Ooru Madras’ from the director’s earlier Madras.",
            "te" : "An up-tempo track meant to be the introductory song of Kabali Rajini. On the lines of ‘Enga Ooru Madras’ from the director’s earlier Madras.",
            "ta" : "An up-tempo track meant to be the introductory song of Kabali Rajini. On the lines of ‘Enga Ooru Madras’ from the director’s earlier Madras."
          },
          "score" : 8
        },
        "lyric" : {
          "comment" : {
            "en" : "Peppy, high spirited vocals suiting the intro song theme. We have a racy rap section as well.",
            "hi" : "Peppy, high spirited vocals suiting the intro song theme. We have a racy rap section as well.",
            "te" : "Peppy, high spirited vocals suiting the intro song theme. We have a racy rap section as well.",
            "ta" : "Peppy, high spirited vocals suiting the intro song theme. We have a racy rap section as well."
          },
          "score" : 8
        }
      },
      "author" : {
        "name" : "Kaushik",
        "image" : "https:\/\/d1ua79hvv369a0.cloudfront.net\/reflection\/critic\/Kaushik-200x200.jpg"
      },
      "rating" : 8
    },
    {
      "review" : {
        "instrument" : {
          "comment" : {
            "en" : "The combination of synth and the rhythm sounds fresh, considering the compositions for Superstar, though the rhythm pattern gives a feeling of deja-vu. The whistle used is a good recall factor as it appears in a couple of tracks",
            "hi" : "The combination of synth and the rhythm sounds fresh, considering the compositions for Superstar, though the rhythm pattern gives a feeling of deja-vu. The whistle used is a good recall factor as it appears in a couple of tracks",
            "te" : "The combination of synth and the rhythm sounds fresh, considering the compositions for Superstar, though the rhythm pattern gives a feeling of deja-vu. The whistle used is a good recall factor as it appears in a couple of tracks",
            "ta" : "The combination of synth and the rhythm sounds fresh, considering the compositions for Superstar, though the rhythm pattern gives a feeling of deja-vu. The whistle used is a good recall factor as it appears in a couple of tracks"
          },
          "score" : 12
        },
        "overall" : {
          "comment" : {
            "en" : "Excellent sound quality with a lot of youthfulness in the track is sure to work well with the listener. With the visuals, it is sure to work wonders with the audience.",
            "hi" : "Excellent sound quality with a lot of youthfulness in the track is sure to work well with the listener. With the visuals, it is sure to work wonders with the audience.",
            "te" : "Excellent sound quality with a lot of youthfulness in the track is sure to work well with the listener. With the visuals, it is sure to work wonders with the audience.",
            "ta" : "Excellent sound quality with a lot of youthfulness in the track is sure to work well with the listener. With the visuals, it is sure to work wonders with the audience."
          },
          "score" : 9.5
        },
        "vocal" : {
          "comment" : {
            "en" : "The rawness of the composer Santosh Narayanan's voice works well for this track.",
            "hi" : "The rawness of the composer Santosh Narayanan's voice works well for this track.",
            "te" : "The rawness of the composer Santosh Narayanan's voice works well for this track.",
            "ta" : "Very contemporary and is sure to strike a chord with the younger generation"
          },
          "score" : 8
        },
        "tune" : {
          "comment" : {
            "en" : "Very contemporary and is sure to strike a chord with the younger generation",
            "hi" : "Very contemporary and is sure to strike a chord with the younger generation",
            "te" : "Very contemporary and is sure to strike a chord with the younger generation",
            "ta" : "Very contemporary and is sure to strike a chord with the younger generation"
          },
          "score" : 8
        },
        "lyric" : {
          "comment" : {
            "en" : "Simple and straightforward. Aimed at the younger generation. Especially the rap portions",
            "hi" : "Simple and straightforward. Aimed at the younger generation. Especially the rap portions",
            "te" : "Simple and straightforward. Aimed at the younger generation. Especially the rap portions",
            "ta" : "Simple and straightforward. Aimed at the younger generation. Especially the rap portions"
          },
          "score" : 10
        }
      },
      "author" : {
        "name" : "Ashok",
        "image" : "https:\/\/d1ua79hvv369a0.cloudfront.net\/reflection\/critic\/Ashok_thumb.png"
      },
      "rating" : 9.5
    },
    {
      "review" : {
        "instrument" : {
          "comment" : {
            "en" : "Santhosh layers the sound in pulsating style, carefully coordinating the drums to maximum impact.",
            "hi" : "Santhosh layers the sound in pulsating style, carefully coordinating the drums to maximum impact.",
            "te" : "Santhosh layers the sound in pulsating style, carefully coordinating the drums to maximum impact.",
            "ta" : "Santhosh layers the sound in pulsating style, carefully coordinating the drums to maximum impact."
          },
          "score" : 12
        },
        "overall" : {
          "comment" : {
            "en" : "Punchy Rajini opening song!",
            "hi" : "Punchy Rajini opening song!",
            "te" : "Punchy Rajini opening song!",
            "ta" : "Punchy Rajini opening song!"
          },
          "score" : 11
        },
        "vocal" : {
          "comment" : {
            "en" : "Between Ananthu, Santhosh and Gana Bala, they are at their harmonious best, adding a catchy layer of rap too!",
            "hi" : "Between Ananthu, Santhosh and Gana Bala, they are at their harmonious best, adding a catchy layer of rap too!",
            "te" : "Between Ananthu, Santhosh and Gana Bala, they are at their harmonious best, adding a catchy layer of rap too!",
            "ta" : "Bombastic and fantastic Rajini opening song!"
          },
          "score" : 11
        },
        "tune" : {
          "comment" : {
            "en" : "Bombastic and fantastic Rajini opening song!",
            "hi" : "Bombastic and fantastic Rajini opening song!",
            "te" : "Bombastic and fantastic Rajini opening song!",
            "ta" : "Bombastic and fantastic Rajini opening song!"
          },
          "score" : 12
        },
        "lyric" : {
          "comment" : {
            "en" : "Vivek’s lines cover the usual range of optimism and hero-worship.",
            "hi" : "Vivek’s lines cover the usual range of optimism and hero-worship.",
            "te" : "Vivek’s lines cover the usual range of optimism and hero-worship.",
            "ta" : "Vivek’s lines cover the usual range of optimism and hero-worship."
          },
          "score" : 9
        }
      },
      "author" : {
        "name" : "Karthik",
        "image" : "https:\/\/d1ua79hvv369a0.cloudfront.net\/reflection\/critic\/critic-karthik.png"
      },
      "rating" : 11
    }
  ],
  "type" : {
    "slug" : "independent-music",
    "name" : "Independent Music"
  },
  "lyrics" : [
    {
      "data" : "Come Come<br>You come<br>My friend<br><br>Is the world just for one<br>Or for the one who works hard and none?<br>This shall be answered by Kabali<br>Rebelliously, he shall sweep through all humanity<br><br>Is the world just for one<br>Or for the one who works hard and none?<br>This shall be answered by Kabali<br>Rebelliously, he shall sweep through all humanity<br><br>You came<br>Just as yourself<br> <br>Though your eyes <br>Slumber as the crux of fire,<br>Wouldn’t sleep the dreams of desire<br><br>Like that of a flower’s shadow,<br>Like coming out of a flute’s hollow,<br>Release yourself<br>Shoot up your root<br>Don’t think you’re a scapegoat<br><br>For us who live as sprouting seeds at present<br>There are stories that are still remnant<br><br><br>Tomorrow will rise for us<br>Wake up and revolt, thus<br>Sky is yours<br>Birds don’t forget to fly<br>their way, halfway<br>Hey...<br><br>Al these days, he was inside a cage<br>From now he’ll enter the country with rage <br><br>Rivals got shaken in fear<br>Fiery valour has risen in blood<br>This is known as boss’s enormity,<br>And for you, that’s Kabali<br><br>English Rap:<br>king of Time,<br>In The Concrete Jungle Watching Over My Pride,<br><br>Go man, why do you bother about<br>Where we were born and come from <br>One who stands up for a Tamilian,<br>Has always been another Tamilian<br><br>English Rap:<br>I'm Stalking My Prey<br>Wont Let 'Em Get Away<br>With The Things That They Do,<br>Bad Moves That They Make,<br><br>He who came, he who went, and he who bent,<br>Is going to live and prove the deed,<br>Shut up and pay heed<br><br>English Rap:<br>Dressed To Kill,<br>Call It #Kabaliswag,<br><br>Come And Get Some<br>Like Thi K-Town Clan,<br><br>It Aint About The Size Of The Dog In The Fight, But<br>The Spirit Of The Fight In The Dog, That's Right!!!<br><br>Roots and flowers aren’t different<br>Rain isn’t like the dark clouds up<br><br>Always, you’re the waterfall,<br>None can swim over you and get across<br><br>A drop of dew<br>That will put off a volcano<br><br>The elite group’s call<br>Wouldn’t get heard from now at all<br>Address of the breed<br>That will awaken the eyes indeed<br><br>The elite group’s call<br>Wouldn’t get heard from now at all<br>Address of the breed<br>That will awaken the eyes indeed <br><br>For us who live as sprouting seeds at present<br>There are stories that are still remnant<br>Tomorrow will rise for us<br>Wake up and revolt, thus<br>Sky is yours<br>Birds don’t forget to fly<br>their way, halfway<br><br>Hey<br>With a hundred plans in thoughts<br>Kabali is coming, give your applause<br>Churn like a turning top,<br>Beat upon the drums a lot<br>And start singing, upshot <br><br>Al these days, he was inside a cage<br>From now he’ll enter the country with rage <br>Rivals got shaken in fear<br>Fiery valour has risen in blood<br>This is known as boss’s enormity,<br>And for you, that’s Kabali<br><br>Kabali Kabali",
      "language" : {
        "name" : "English",
        "code" : "en"
      }
    },
    {
      "data" : "வா வா <br>நீ வா <br>தோழா <br><br>உலகம் ஒருவனுக்கா <br>உழைப்பவன் யார் <br>விடைதருவான் கபாலிதான் <br>கலகம் செய்து ஆண்டையரின் கதை முடிப்பான் <br><br>உலகம் ஒருவனுக்கா <br>உழைப்பவன் யார் <br>விடைதருவான் கபாலிதான் <br>கலகம் செய்து ஆண்டையரின் கதை முடிப்பான் <br><br>நீ <br>நீயாய் வந்தாய் <br>தீயின் கருவாய் <br>கண்கள் உறங்கினாலும் <br>கனவுகள் உறங்காதே <br>பூவின் நிழலாய் <br>புல்லாங்குழலாய் <br>உனை வெளியிடு <br>துளிர்விடு <br>பலியாடாய் எண்ணாதே <br>விதையாக <br>வாழும் நமக்கு <br>கதைகள் இருக்கு <br>நாளை நமக்கே விடியும் <br>விழித்துப்  போராடு <br>வானம் உனதே <br>பாதி வழியில் <br>பறவை <br>பறக்க மறக்காதே <br><br><br>ஏய் <br>எண்ணத்தில் நூறு திட்டமிடு <br>கபாலி வாறான் கையத்தட்டு <br>பம்பரம் போல <br>சுத்திக்கிட்டு <br>பறையிசை அடித்திட்டு <br>பாட்டுக் கட்டு <br><br>ஏய் ...<br>இத்தன நாளா <br>கூட்டுக்குள்ள இனிமே வாரான் <br>நாட்டுக்குள்ள <br>எதிரிக்கூட்டம் <br>ஆடிப்போச்சு <br>குருதியில் நெருப்புதான் <br>கூடிப்போச்சு <br>கபாலி <br>இதுக்கு பேர்தான் தலைவர் அதிரடி <br>கபாலி <br><br>English Rap:<br>king of Time,<br>In The Concrete Jungle Watching Over My Pride,<br><br>நாங்க எங்க பிறந்தா <br>அட உனக்கென்ன போடா <br>தமிழனுக்காக வந்து நின்னவன் <br>தமிழன்டா <br><br>English Rap:<br>I'm Stalking My Prey<br>Wont Let 'Em Get Away<br>With The Things That They Do,<br>Bad Moves That They Make,<br><br>வந்தவன போனவன வாழவச்சவன் <br>இனி வாழ்ந்து காட்ட போறேன் <br>வாய மூடி கவனி <br><br>English Rap:<br>Dressed To Kill,<br>Call It #Kabaliswag,<br><br>Come And Get Some<br>Like Thi K-Town Clan,<br><br>It Aint About The Size Of The Dog In The Fight, But<br>The Spirit Of The Fight In The Dog, That's Right!!!<br><br>வேரும் பூவும் வேறில்லை <br>கரும்மேகம் போல நீரில்லை <br>அலைகடல் அடங்குமோ <br>அதிகார குரலுக்கு <br>எப்போதும் <br>நீரின் வீழ்ச்சி <br>நீதானே <br>உனை நீந்தி கடக்க முடியாதே <br>ஒரு <br>பனித்துளி <br>அது <br>எரிமலை அணைத்திடுமோ <br><br>மேட்டுக்குடியின் கூப்பாடு <br>இனி நாட்டுக்குள்ள கேக்காது <br>இன முகவரி <br>அது இனி <br>விழி திறந்திடுமே <br><br>மேட்டுக்குடியின் கூப்பாடு <br>இனி நாட்டுக்குள்ள கேக்காது <br>இன முகவரி <br>அது இனி <br>விழி திறந்திடுமே <br><br>விதையாக <br>வாழும் நமக்கு <br>கதைகள் இருக்கு <br>நாளை நமக்கே விடியும் <br>விழித்துப் போராடு <br>வானம் உனதே <br>பாதி வழியில் <br>பறவை <br>பறக்க மறக்காதே <br><br>ஏய் <br>எண்ணத்தில் நூறு திட்டமிடு <br>கபாலி வாரான் கையத்தட்டு <br>பம்பரம் போல <br>சுத்திக்கிட்டு <br>பறையிசை அடித்திட்டு <br>பாட்டு கட்டு <br><br>ஏய் ...<br>இத்தன நாளா  <br>கூட்டுக்குள்ள இனிமே வாரான் <br>நாட்டுக்குள்ள <br>எதிரிக்கூட்டம் <br>ஆடிப்போச்சு <br>குருதியில் நெருப்புதான் <br>கூடிப்போச்சு  <br><br>கபாலி <br>கபாலி",
      "language" : {
        "name" : "Tamil",
        "code" : "ta"
      }
    }
  ],
  "id" : "72",
  "phonetic_lyrics" : [
    {
      "data" : "vaa vaa <br>nee vaa <br>thoazhaa <br><br>ulagam oruvanukkaa <br>uzhaippavanukkaa <br>vidaidharuvaan kabaalidhaan <br>kalagam seydhu aaNdaiyarin kadhai mudippaan <br><br>ulagam oruvanukkaa <br>uzhaippavanukkaa <br>vidaidharuvaan kabaalidhaan <br>kalagam seydhu aaNdaiyarin kadhai mudippaan <br><br>nee <br>neeyaay vandhdhaay <br>theeyin karuvaay <br>kaNkaL uRangginaalum <br>kanavugaL uRanggaadhae <br>poovin nizhalaay <br>puLLangguzhalaay <br>unai veLiyidu <br>thuLirvidu <br>paliyaadaay eNNaadhae <br>vidhaiyaaga <br>vaazhum namakku <br>kadhaigaL irukku <br>naaLai namakkae vidiyum <br>vizhithu poaraadu <br>vaanam unadhae <br>paadhi vazhiyil <br>paRavai <br>paRakka maRakkaadhae <br><br>aey ...<br>ithana naaLa <br>koottukkuLLa inimae vaaraan <br>naattukkuLLa <br>edhirikkoottam <br>aadippoachchu <br>kurudhiyil neruppudhaan <br>koodippoachchu <br>idhukku paerdhaan thalaivar adhiradi <br>kabaali <br><br>English Rap:<br>king of Time,<br>In The Concrete Jungle Watching Over My Pride,<br><br>naanga enga piRandhdhaa <br>ada unakkenna poadaa <br>thamizhanukkaaga vandhdhu ninnavan <br>thamizhandaa <br><br>English Rap:<br>I'm Stalking My Prey<br>Wont Let 'Em Get Away<br>With The Things That They Do,<br>Bad Moves That They Make,<br><br>vandhdhavan poanavan vaLavachchavan <br>ini vaazhndhdhu kaatta poaRaen <br>vaaya moodi kavani <br><br>English Rap:<br>Dressed To Kill,<br>Call It #Kabaliswag,<br><br>Come And Get Some<br>Like Thi K-Town Clan,<br><br>It Aint About The Size Of The Dog In The Fight, But<br>The Spirit Of The Fight In The Dog, That's Right!!!<br><br>vaerum poovum vaeRillai <br>karummaegam poala neerillai <br>alaigadal kuralukku <br>adhigaara kuralukku <br>eppoadhum <br>neerin veezhchchi <br>needhaanae <br>unai neendhdhi kadakka mudiyaadhae <br>oru <br>panithuLi <br>adhu <br>erimalai aNaithidumae <br><br>maettukkudiyin kooppaadu <br>ini naattukkuLLa kaekkaadhu <br>ina mugavari <br>adhu ini <br>vizhi thiRandhdhidumae <br><br>maettukkudiyin kooppaadu <br>ini naattukkuLLa kaekkaadhu <br>ina mugavari <br>adhu ini <br>vizhi thiRandhdhidumae <br><br>vidhaiyaaga <br>vaazhum namakku <br>kadhaigaL irukku <br>naaLai namakkae vidiyum <br>vizhithu poaraadu <br>vaanam unadhae <br>paadhi vazhiyil <br>paRavai <br>paRakka maRakkaadhae <br><br>aey <br>eNNathil nooRu thittamidu <br>kabaali vaaraan kaiyathattu <br>pamparam poala <br>chuthikkittu <br>paRaiyisai adithittu <br>paattu kattu <br><br>aey ...<br>ithana naaLa <br>koottukkuLLa inimae vaaraan <br>naattukkuLLa <br>edhirikkoottam <br>aadippoachchu <br>kurudhiyil neruppudhaan <br>koodippoachchu <br><br>kabaali <br>kabaali<br><br>",
      "language" : {
        "name" : "English",
        "code" : "en"
      }
    },
    {
      "data" : "வா வா <br>நீ வா <br>தோழா <br><br>உலகம் ஒருவனுக்கா <br>உழைப்பவனுக்கா <br>விடைதருவான் கபாலிதான் <br>கலகம் செய்து ஆண்டையரின் கதை முடிப்பான் <br><br>உலகம் ஒருவனுக்கா <br>உழைப்பவனுக்கா <br>விடைதருவான் கபாலிதான் <br>கலகம் செய்து ஆண்டையரின் கதை முடிப்பான் <br><br>நீ <br>நீயாய் வந்தாய் <br>தீயின் கருவாய் <br>கண்கள் உறங்கினாலும் <br>கனவுகள் உறங்காதே <br>பூவின் நிழலாய் <br>புள்ளங்குழலாய் <br>உனை வெளியிடு <br>துளிர்விடு <br>பலியாடாய் எண்ணாதே <br>விதையாக <br>வாழும் நமக்கு <br>கதைகள் இருக்கு <br>நாளை நமக்கே விடியும் <br>விழித்து போராடு <br>வானம் உனதே <br>பாதி வழியில் <br>பறவை <br>பறக்க மறக்காதே <br><br>ஏய் ...<br>இத்தன நாள <br>கூட்டுக்குள்ள இனிமே வாரான் <br>நாட்டுக்குள்ள <br>எதிரிக்கூட்டம் <br>ஆடிப்போச்சு <br>குருதியில் நெருப்புதான் <br>கூடிப்போச்சு <br>இதுக்கு பேர்தான் தலைவர் அதிரடி <br>கபாலி <br><br>English Rap:<br>king of Time,<br>In The Concrete Jungle Watching Over My Pride,<br><br>நாங்க எங்க பிறந்தா <br>அட உனக்கென்ன போடா <br>தமிழனுக்காக வந்து நின்னவன் <br>தமிழன்டா <br><br>English Rap:<br>I'm Stalking My Prey<br>Wont Let 'Em Get Away<br>With The Things That They Do,<br>Bad Moves That They Make,<br><br>வந்தவன் போனவன் வளவச்சவன் <br>இனி வாழ்ந்து காட்ட போறேன் <br>வாய மூடி கவனி <br><br>English Rap:<br>Dressed To Kill,<br>Call It #Kabaliswag,<br><br>Come And Get Some<br>Like Thi K-Town Clan,<br><br>It Aint About The Size Of The Dog In The Fight, But<br>The Spirit Of The Fight In The Dog, That's Right!!!<br><br>வேரும் பூவும் வேறில்லை <br>கரும்மேகம் போல நீரில்லை <br>அலைகடல் குரலுக்கு <br>அதிகார குரலுக்கு <br>எப்போதும் <br>நீரின் வீழ்ச்சி <br>நீதானே <br>உனை நீந்தி கடக்க முடியாதே <br>ஒரு <br>பனித்துளி <br>அது <br>எரிமலை அணைத்திடுமே <br><br>மேட்டுக்குடியின் கூப்பாடு <br>இனி நாட்டுக்குள்ள கேக்காது <br>இன முகவரி <br>அது இனி <br>விழி திறந்திடுமே <br><br>மேட்டுக்குடியின் கூப்பாடு <br>இனி நாட்டுக்குள்ள கேக்காது <br>இன முகவரி <br>அது இனி <br>விழி திறந்திடுமே <br><br>விதையாக <br>வாழும் நமக்கு <br>கதைகள் இருக்கு <br>நாளை நமக்கே விடியும் <br>விழித்து போராடு <br>வானம் உனதே <br>பாதி வழியில் <br>பறவை <br>பறக்க மறக்காதே <br><br>ஏய் <br>எண்ணத்தில் நூறு திட்டமிடு <br>கபாலி வாரான் கையத்தட்டு <br>பம்பரம் போல <br>சுத்திக்கிட்டு <br>பறையிசை அடித்திட்டு <br>பாட்டு கட்டு <br><br>ஏய் ...<br>இத்தன நாள <br>கூட்டுக்குள்ள இனிமே வாரான் <br>நாட்டுக்குள்ள <br>எதிரிக்கூட்டம் <br>ஆடிப்போச்சு <br>குருதியில் நெருப்புதான் <br>கூடிப்போச்சு  <br><br>கபாலி <br>கபாலி<br><br>",
      "language" : {
        "name" : "Tamil",
        "code" : "ta"
      }
    },
    {
      "data" : "वा वा <br>नी वा <br>तोला <br> <br>उलगम ओरुवनुक्का <br>उलैप्पवनुक्का <br>विडैदरुवान कबालिदान <br>कलगम सेयदु आंडैयरिन कधै म्उडिप्पान <br> <br>उलगम ओरुवनुक्का <br>उलैप्पवनुक्का <br>विडैदरुवान कबालिदान <br>कलगम सेयदु आंडैयरिन कधै म्उडिप्पान <br> <br>नी <br>नीयाय वन्द दाय <br>तीयिन करुवाय <br>कंकल उड़ङ्गिनालुम <br>कनवुगल उड़ङ्गाधे <br>पूविन निललाय <br>पुल्ळङ्गुललाय <br>उनै वेऴियिडु <br>तुऴिर्विडु <br>पलियाडाय एंणाधे <br>विधैयाग <br>वालुम नम्अक्कु <br>कधैगल इरुककु <br>नाळै नम्अक्के विडियुम <br>विलितु पोराडु <br>वानम उनधे <br>पादि वलियिल <br>पड़वै <br>पड़कक म्अड़क्काधे <br> <br>एय ... <br>इतन नाळ <br>कूट्टुक्कुल्ळ इनिम्ए वारान <br>नाट्टुक्कुल्ळ <br>एदिरिक्कूट्टम <br>आडिप्पोच्चु <br>कुरुदियिल नेरुप्पुदान <br>कूडिप्पोच्चु <br>इदुककु पेरदान तलैवर अदिरडि <br>कबालि <br> <br>English Rap:<br>king of Time,<br>In The Concrete Jungle Watching Over My Pride,<br> <br>नाङ एङ पिड़न्द दा <br>अड उनक्केन्न पोडा <br>तम्इलनुक्काग वन्द दु निन्नवन <br>तम्इलन्डा <br> <br>English Rap:<br>I'm Stalking My Prey<br>Wont Let 'Em Get Away<br>With The Things That They Do,<br>Bad Moves That They Make,<br> <br>वन्द दवन पोनवन वळवच्चवन <br>इनि वाल्न्द दु काटट पोड़ेन <br>वाय म्ऊडि कवनि <br> <br>English Rap:<br>Dressed To Kill,<br>Call It #Kabaliswag,<br><br>Come And Get Some<br>Like Thi K-Town Clan,<br><br>It Aint About The Size Of The Dog In The Fight, But<br>The Spirit Of The Fight In The Dog, That's Right!!!<br> <br>वेरुम पूवुम वेरिललै <br>करुम्म्एगम पोल नीरिललै <br>अलैगडल कुरलुक्कु <br>अदिगार कुरलुक्कु <br>एप्पोदुम <br>नीरिन वील्चचि <br>नीदाने <br>उनै नीन्द दि कडकक म्उडियाधे <br>ओरु <br>पनितुऴि <br>अदु <br>र्इम्अलै अंऐतिडुम्ए <br> <br>म्एट्टुक्कुडियिन कूपपाडु <br>इनि नाट्टुक्कुल्ळ केककादु <br>इन म्उगवरि <br>अदु इनि <br>विलि तिड़न्द दिडुम्ए <br> <br>म्एट्टुक्कुडियिन कूपपाडु <br>इनि नाट्टुक्कुल्ळ केककादु <br>इन म्उगवरि <br>अदु इनि <br>विलि तिड़न्द दिडुम्ए <br> <br>विधैयाग <br>वालुम नम्अक्कु <br>कधैगल इरुककु <br>नाळै नम्अक्के विडियुम <br>विलितु पोराडु <br>वानम उनधे <br>पादि वलियिल <br>पड़वै <br>पड़कक म्अड़क्काधे <br> <br>एय <br>एंणतिल नूड़ु तिट्टम्इडु <br>कबालि वारान कैयतट्टु <br>पम्परम पोल <br>चुतिक्किट्टु <br>पड़ैयिसै अडितिट्टु <br>पाटटु कटटु <br> <br>एय ... <br>इतन नाळ <br>कूट्टुक्कुल्ळ इनिम्ए वारान <br>नाट्टुक्कुल्ळ <br>एदिरिक्कूट्टम <br>आडिप्पोच्चु <br>कुरुदियिल नेरुप्पुदान <br>कूडिप्पोच्चु <br> <br>कबालि <br>कबालि <br>",
      "language" : {
        "name" : "Hindi",
        "code" : "hi"
      }
    },
    {
      "data" : "వా వా <br>నె వా <br>థోలా <br> <br>ఉలగమ్ ఒరువనుక్కా <br>ఉలైప్పవనుక్కా <br>విదైధరువాన్ కబాలిధాన్ <br>కలగమ్ సెయ్ధు ఆందైయరిన్ కధై మ్యుదిప్పాన్ <br> <br>ఉలగమ్ ఒరువనుక్కా <br>ఉలైప్పవనుక్కా <br>విదైధరువాన్ కబాలిధాన్ <br>కలగమ్ సెయ్ధు ఆందైయరిన్ కధై మ్యుదిప్పాన్ <br> <br>నె <br>నెయాయ్ వన్ధ్ధాయ్ <br>థీయిన్ కరువాయ్ <br>కంకళ్ ఉఱఙ్గినాలుమ్ <br>కనవుగళ్ ఉఱఙ్గాధే <br>పూవిన్ నిలలాయ్ <br>పుళ్ళఙ్గులలాయ్ <br>ఉనై వెళియిదు <br>థుళిర్విదు <br>పలియాదాయ్ ఎంణాధే <br>విధైయాగ <br>వాలుమ్ నమ్యక్కు <br>కధైగళ్ ఇరుక్కు <br>నాళై నమ్యక్కే విదియుమ్ <br>విలిథు పోరాదు <br>వానమ్ ఉనధే <br>పాధి వలియిల్ <br>పఱవై <br>పఱక్క మ్యఱక్కాధే <br> <br>ఏయ్ ... <br>ఇథన నాళ <br>కూత్తుక్కుళ్ళ ఇనిమ్యే వారాన్ <br>నాత్తుక్కుళ్ళ <br>ఎధిరిక్కూత్తమ్ <br>ఆదిప్పోఛ్ఛు <br>కురుధియిల్ నెరుప్పుధాన్ <br>కూదిప్పోఛ్ఛు <br>ఇధుక్కు పేర్ధాన్ థలైవర్ అధిరది <br>కబాలి <br> <br>English Rap:<br>king of Time,<br>In The Concrete Jungle Watching Over My Pride,<br> <br>నాఙ ఎఙ పిఱన్ధ్ధా <br>అద ఉనక్కెన్న పోదా <br>థమ్యిలనుక్కాగ వన్ధ్ధు నిన్నవన్ <br>థమ్యిలన్దా <br> <br>English Rap:<br>I'm Stalking My Prey<br>Wont Let 'Em Get Away<br>With The Things That They Do,<br>Bad Moves That They Make,<br> <br>వన్ధ్ధవన్ పోనవన్ వళవఛ్ఛవన్ <br>ఇని వాల్న్ధ్ధు కాత్త పోఱేన్ <br>వాయ మ్యూది కవని <br> <br>English Rap:<br>Dressed To Kill,<br>Call It #Kabaliswag,<br><br>Come And Get Some<br>Like Thi K-Town Clan,<br><br>It Aint About The Size Of The Dog In The Fight, But<br>The Spirit Of The Fight In The Dog, That's Right!!!<br><br>సరంయమ్ -2 <br>వేరుమ్ పూవుమ్ వేఱిల్లై <br>కరుమ్మ్యేగమ్ పోల నెరిల్లై <br>అలైగదల్ కురలుక్కు <br>అధిగార కురలుక్కు <br>ఎప్పోధుమ్ <br>నెరిన్ వీల్ఛ్ఛి <br>నెధానే <br>ఉనై నెన్ధ్ధి కదక్క మ్యుదియాధే <br>ఒరు <br>పనిథుళి <br>అధు <br>ఎర్యిమ్యలై అంయైథిదుమ్యే <br> <br>మ్యేత్తుక్కుదియిన్ కూప్పాదు <br>ఇని నాత్తుక్కుళ్ళ కేక్కాధు <br>ఇన మ్యుగవరి <br>అధు ఇని <br>విలి థిఱన్ధ్ధిదుమ్యే <br> <br>మ్యేత్తుక్కుదియిన్ కూప్పాదు <br>ఇని నాత్తుక్కుళ్ళ కేక్కాధు <br>ఇన మ్యుగవరి <br>అధు ఇని <br>విలి థిఱన్ధ్ధిదుమ్యే <br> <br>విధైయాగ <br>వాలుమ్ నమ్యక్కు <br>కధైగళ్ ఇరుక్కు <br>నాళై నమ్యక్కే విదియుమ్ <br>విలిథు పోరాదు <br>వానమ్ ఉనధే <br>పాధి వలియిల్ <br>పఱవై <br>పఱక్క మ్యఱక్కాధే <br> <br>ఏయ్ <br>ఎంణథిల్ నూఱు థిత్తమ్యిదు <br>కబాలి వారాన్ కైయథత్తు <br>పమ్పరమ్ పోల <br>ఛుథిక్కిత్తు <br>పఱైయిసై అదిథిత్తు <br>పాత్తు కత్తు <br> <br>ఏయ్ ... <br>ఇథన నాళ <br>కూత్తుక్కుళ్ళ ఇనిమ్యే వారాన్ <br>నాత్తుక్కుళ్ళ <br>ఎధిరిక్కూత్తమ్ <br>ఆదిప్పోఛ్ఛు <br>కురుధియిల్ నెరుప్పుధాన్ <br>కూదిప్పోఛ్ఛు <br> <br>కబాలి <br>కబాలి <br>",
      "language" : {
        "name" : "Telugu",
        "code" : "te"
      }
    },
    {
      "data" : "വാ വാ <br>നീ വാ <br>ഥോഴാ <br> <br>ഉലഗമ് ഒരുവനുക്കാ <br>ഉഴൈപ്പവനുക്കാ <br>വിദൈധരുവാന് കബാലിധാന് <br>കലഗമ് സെയ്ധു ആംദൈയരിന് കധൈ മ്യുദിപ്പാന് <br> <br>ഉലഗമ് ഒരുവനുക്കാ <br>ഉഴൈപ്പവനുക്കാ <br>വിദൈധരുവാന് കബാലിധാന് <br>കലഗമ് സെയ്ധു ആംദൈയരിന് കധൈ മ്യുദിപ്പാന് <br> <br>നീ <br>നീയായ് വന്ധ്ധായ് <br>ഥീയിന് കരുവായ് <br>കംകള് ഉറങ്ഗിനാലുമ് <br>കനവുഗള് ഉറങ്ഗാധേ <br>പൂവിന് നിഴലായ് <br>പുള്ളങ്ഗുഴലായ് <br>ഉനൈ വെളിയിദു <br>ഥുളിര്വിദു <br>പലിയാദായ് എംണാധേ <br>വിധൈയാഗ <br>വാഴുമ് നമ്യക്കു <br>കധൈഗള് ഇരുക്കു <br>നാളൈ നമ്യക്കേ വിദിയുമ് <br>വിഴിഥു പോരാദു <br>വാനമ് ഉനധേ <br>പാധി വഴിയില് <br>പറവൈ <br>പറക്ക മ്യറക്കാധേ <br> <br>ഏയ് ... <br>ഇഥന നാള <br>കൂത്തുക്കുള്ള ഇനിമ്യേ വാരാന് <br>നാത്തുക്കുള്ള <br>എധിരിക്കൂത്തമ് <br>ആദിപ്പോച്ചു <br>കുരുധിയില് നെരുപ്പുധാന് <br>കൂദിപ്പോച്ചു <br>ഇധുക്കു പേര്ധാന് ഥലൈവര് അധിരദി <br>കബാലി <br><br>English Rap:<br>king of Time,<br>In The Concrete Jungle Watching Over My Pride,<br> <br>നാങ എങ പിറന്ധ്ധാ <br>അദ ഉനക്കെന്ന പോദാ <br>ഥമ്യിഴനുക്കാഗ വന്ധ്ധു നിന്നവന് <br>ഥമ്യിഴന്ദാ <br> <br>English Rap:<br>I'm Stalking My Prey<br>Wont Let 'Em Get Away<br>With The Things That They Do,<br>Bad Moves That They Make,<br> <br>വന്ധ്ധവന് പോനവന് വളവച്ചവന് <br>ഇനി വാഴ്ന്ധ്ധു കാത്ത പോറേന് <br>വായ മ്യൂദി കവനി <br> <br>English Rap:<br>Dressed To Kill,<br>Call It #Kabaliswag,<br><br>Come And Get Some<br>Like Thi K-Town Clan,<br><br>It Aint About The Size Of The Dog In The Fight, But<br>The Spirit Of The Fight In The Dog, That's Right!!!<br><br>വേരുമ് പൂവുമ് വേറില്ലൈ <br>കരുമ്മ്യേഗമ് പോല നീരില്ലൈ <br>അലൈഗദല് കുരലുക്കു <br>അധിഗാര കുരലുക്കു <br>എപ്പോധുമ് <br>നീരിന് വീഴ്ച്ചി <br>നീധാനേ <br>ഉനൈ നീന്ധ്ധി കദക്ക മ്യുദിയാധേ <br>ഒരു <br>പനിഥുളി <br>അധു <br>എര്യിമ്യലൈ അംയൈഥിദുമ്യേ <br> <br>മ്യേത്തുക്കുദിയിന് കൂപ്പാദു <br>ഇനി നാത്തുക്കുള്ള കേക്കാധു <br>ഇന മ്യുഗവരി <br>അധു ഇനി <br>വിഴി ഥിറന്ധ്ധിദുമ്യേ <br> <br>മ്യേത്തുക്കുദിയിന് കൂപ്പാദു <br>ഇനി നാത്തുക്കുള്ള കേക്കാധു <br>ഇന മ്യുഗവരി <br>അധു ഇനി <br>വിഴി ഥിറന്ധ്ധിദുമ്യേ <br> <br>വിധൈയാഗ <br>വാഴുമ് നമ്യക്കു <br>കധൈഗള് ഇരുക്കു <br>നാളൈ നമ്യക്കേ വിദിയുമ് <br>വിഴിഥു പോരാദു <br>വാനമ് ഉനധേ <br>പാധി വഴിയില് <br>പറവൈ <br>പറക്ക മ്യറക്കാധേ <br> <br>ഏയ് <br>എംണഥില് നൂറു ഥിത്തമ്യിദു <br>കബാലി വാരാന് കൈയഥത്തു <br>പമ്പരമ് പോല <br>ചുഥിക്കിത്തു <br>പറൈയിസൈ അദിഥിത്തു <br>പാത്തു കത്തു <br> <br>ഏയ് ... <br>ഇഥന നാള <br>കൂത്തുക്കുള്ള ഇനിമ്യേ വാരാന് <br>നാത്തുക്കുള്ള <br>എധിരിക്കൂത്തമ് <br>ആദിപ്പോച്ചു <br>കുരുധിയില് നെരുപ്പുധാന് <br>കൂദിപ്പോച്ചു <br> <br>കബാലി <br>കബാലി <br>",
      "language" : {
        "name" : "Malayalam",
        "code" : "ml"
      }
    },
    {
      "data" : "ವಾ ವಾ <br>ನೀ ವಾ <br>ಥೋಲಾ <br> <br>ಉಲಗಮ್ ಒರುವನುಕ್ಕಾ <br>ಉಲೈಪ್ಪವನುಕ್ಕಾ <br>ವಿದೈಧರುವಾನ್ ಕಬಾಲಿಧಾನ್ <br>ಕಲಗಮ್ ಸೆಯ್ಧು ಆಂದೈಯರಿನ್ ಕಧೈ ಮ್ಯುದಿಪ್ಪಾನ್ <br> <br>ಉಲಗಮ್ ಒರುವನುಕ್ಕಾ <br>ಉಲೈಪ್ಪವನುಕ್ಕಾ <br>ವಿದೈಧರುವಾನ್ ಕಬಾಲಿಧಾನ್ <br>ಕಲಗಮ್ ಸೆಯ್ಧು ಆಂದೈಯರಿನ್ ಕಧೈ ಮ್ಯುದಿಪ್ಪಾನ್ <br> <br>ನೀ <br>ನೀಯಾಯ್ ವನ್ಧ್ಧಾಯ್ <br>ಥೀಯಿನ್ ಕರುವಾಯ್ <br>ಕಂಕಳ್ ಉರಙ್ಗಿನಾಲುಮ್ <br>ಕನವುಗಳ್ ಉರಙ್ಗಾಧೇ <br>ಪೂವಿನ್ ನಿಲಲಾಯ್ <br>ಪುಳ್ಳಙ್ಗುಲಲಾಯ್ <br>ಉನೈ ವೆಳಿಯಿದು <br>ಥುಳಿರ್ವಿದು <br>ಪಲಿಯಾದಾಯ್ ಎಂಣಾಧೇ <br>ವಿಧೈಯಾಗ <br>ವಾಲುಮ್ ನಮ್ಯಕ್ಕು <br>ಕಧೈಗಳ್ ಇರುಕ್ಕು <br>ನಾಳೈ ನಮ್ಯಕ್ಕೇ ವಿದಿಯುಮ್ <br>ವಿಲಿಥು ಪೋರಾದು <br>ವಾನಮ್ ಉನಧೇ <br>ಪಾಧಿ ವಲಿಯಿಲ್ <br>ಪರವೈ <br>ಪರಕ್ಕ ಮ್ಯರಕ್ಕಾಧೇ <br> <br>ಏಯ್ ... <br>ಇಥನ ನಾಳ <br>ಕೂತ್ತುಕ್ಕುಳ್ಳ ಇನಿಮ್ಯೇ ವಾರಾನ್ <br>ನಾತ್ತುಕ್ಕುಳ್ಳ <br>ಎಧಿರಿಕ್ಕೂತ್ತಮ್ <br>ಆದಿಪ್ಪೋಚ್ಚು <br>ಕುರುಧಿಯಿಲ್ ನೆರುಪ್ಪುಧಾನ್ <br>ಕೂದಿಪ್ಪೋಚ್ಚು <br>ಇಧುಕ್ಕು ಪೇರ್ಧಾನ್ ಥಲೈವರ್ ಅಧಿರದಿ <br>ಕಬಾಲಿ <br> <br>English Rap:<br>king of Time,<br>In The Concrete Jungle Watching Over My Pride,<br> <br>ನಾಙ ಎಙ ಪಿರನ್ಧ್ಧಾ <br>ಅದ ಉನಕ್ಕೆನ್ನ ಪೋದಾ <br>ಥಮ್ಯಿಲನುಕ್ಕಾಗ ವನ್ಧ್ಧು ನಿನ್ನವನ್ <br>ಥಮ್ಯಿಲನ್ದಾ <br> <br>English Rap:<br>I'm Stalking My Prey<br>Wont Let 'Em Get Away<br>With The Things That They Do,<br>Bad Moves That They Make,<br> <br>ವನ್ಧ್ಧವನ್ ಪೋನವನ್ ವಳವಚ್ಚವನ್ <br>ಇನಿ ವಾಲ್ನ್ಧ್ಧು ಕಾತ್ತ ಪೋರೇನ್ <br>ವಾಯ ಮ್ಯೂದಿ ಕವನಿ <br> <br>English Rap:<br>Dressed To Kill,<br>Call It #Kabaliswag,<br><br>Come And Get Some<br>Like Thi K-Town Clan,<br><br>It Aint About The Size Of The Dog In The Fight, But<br>The Spirit Of The Fight In The Dog, That's Right!!!<br> <br>ವೇರುಮ್ ಪೂವುಮ್ ವೇರಿಲ್ಲೈ <br>ಕರುಮ್ಮ್ಯೇಗಮ್ ಪೋಲ ನೀರಿಲ್ಲೈ <br>ಅಲೈಗದಲ್ ಕುರಲುಕ್ಕು <br>ಅಧಿಗಾರ ಕುರಲುಕ್ಕು <br>ಎಪ್ಪೋಧುಮ್ <br>ನೀರಿನ್ ವೀಲ್ಚ್ಚಿ <br>ನೀಧಾನೇ <br>ಉನೈ ನೀನ್ಧ್ಧಿ ಕದಕ್ಕ ಮ್ಯುದಿಯಾಧೇ <br>ಒರು <br>ಪನಿಥುಳಿ <br>ಅಧು <br>ಎರ್ಯಿಮ್ಯಲೈ ಅಂಯೈಥಿದುಮ್ಯೇ <br> <br>ಮ್ಯೇತ್ತುಕ್ಕುದಿಯಿನ್ ಕೂಪ್ಪಾದು <br>ಇನಿ ನಾತ್ತುಕ್ಕುಳ್ಳ ಕೇಕ್ಕಾಧು <br>ಇನ ಮ್ಯುಗವರಿ <br>ಅಧು ಇನಿ <br>ವಿಲಿ ಥಿರನ್ಧ್ಧಿದುಮ್ಯೇ <br> <br>ಮ್ಯೇತ್ತುಕ್ಕುದಿಯಿನ್ ಕೂಪ್ಪಾದು <br>ಇನಿ ನಾತ್ತುಕ್ಕುಳ್ಳ ಕೇಕ್ಕಾಧು <br>ಇನ ಮ್ಯುಗವರಿ <br>ಅಧು ಇನಿ <br>ವಿಲಿ ಥಿರನ್ಧ್ಧಿದುಮ್ಯೇ <br> <br>ವಿಧೈಯಾಗ <br>ವಾಲುಮ್ ನಮ್ಯಕ್ಕು <br>ಕಧೈಗಳ್ ಇರುಕ್ಕು <br>ನಾಳೈ ನಮ್ಯಕ್ಕೇ ವಿದಿಯುಮ್ <br>ವಿಲಿಥು ಪೋರಾದು <br>ವಾನಮ್ ಉನಧೇ <br>ಪಾಧಿ ವಲಿಯಿಲ್ <br>ಪರವೈ <br>ಪರಕ್ಕ ಮ್ಯರಕ್ಕಾಧೇ <br> <br>ಏಯ್ <br>ಎಂಣಥಿಲ್ ನೂರು ಥಿತ್ತಮ್ಯಿದು <br>ಕಬಾಲಿ ವಾರಾನ್ ಕೈಯಥತ್ತು <br>ಪಮ್ಪರಮ್ ಪೋಲ <br>ಚುಥಿಕ್ಕಿತ್ತು <br>ಪರೈಯಿಸೈ ಅದಿಥಿತ್ತು <br>ಪಾತ್ತು ಕತ್ತು <br> <br>ಏಯ್ ... <br>ಇಥನ ನಾಳ <br>ಕೂತ್ತುಕ್ಕುಳ್ಳ ಇನಿಮ್ಯೇ ವಾರಾನ್ <br>ನಾತ್ತುಕ್ಕುಳ್ಳ <br>ಎಧಿರಿಕ್ಕೂತ್ತಮ್ <br>ಆದಿಪ್ಪೋಚ್ಚು <br>ಕುರುಧಿಯಿಲ್ ನೆರುಪ್ಪುಧಾನ್ <br>ಕೂದಿಪ್ಪೋಚ್ಚು <br> <br>ಕಬಾಲಿ <br>ಕಬಾಲಿ <br>",
      "language" : {
        "name" : "Kanadam",
        "code" : "ka"
      }
    },
    {
      "data" : "ৱা ৱা <br>নী ৱা <br>থোলা <br> <br>উলগম্ ওরুৱনুক্কা <br>উলৈপ্পৱনুক্কা <br>ৱিদৈধরুৱান্ কবালিধান্ <br>কলগম্ সেয্ধু আঁদৈযরিন্ কধৈ ম্যুদিপ্পান্ <br> <br>উলগম্ ওরুৱনুক্কা <br>উলৈপ্পৱনুক্কা <br>ৱিদৈধরুৱান্ কবালিধান্ <br>কলগম্ সেয্ধু আঁদৈযরিন্ কধৈ ম্যুদিপ্পান্ <br> <br>নী <br>নীযায্ ৱন্ধ্ধায্ <br>থীযিন্ করুৱায্ <br>কঁকল্ উড়ঙ্গিনালুম্ <br>কনৱুগল্ উড়ঙ্গাধে <br>পূৱিন্ নিললায্ <br>পুল্লঙ্গুললায্ <br>উনৈ ৱেলিযিদু <br>থুলির্ৱিদু <br>পলিযাদায্ এঁণাধে <br>ৱিধৈযাগ <br>ৱালুম্ নম্যক্কু <br>কধৈগল্ ইরুক্কু <br>নালৈ নম্যক্কে ৱিদিযুম্ <br>ৱিলিথু পোরাদু <br>ৱানম্ উনধে <br>পাধি ৱলিযিল্ <br>পড়ৱৈ <br>পড়ক্ক ম্যড়ক্কাধে <br> <br>এয্ ... <br>ইথন নাল <br>কূত্তুক্কুল্ল ইনিম্যে ৱারান্ <br>নাত্তুক্কুল্ল <br>এধিরিক্কূত্তম্ <br>আদিপ্পোচ্চু <br>কুরুধিযিল্ নেরুপ্পুধান্ <br>কূদিপ্পোচ্চু <br>ইধুক্কু পের্ধান্ থলৈৱর্ অধিরদি <br>কবালি <br> <br>English Rap:<br>king of Time,<br>In The Concrete Jungle Watching Over My Pride,<br> <br>নাঙ এঙ পিড়ন্ধ্ধা <br>অদ উনক্কেন্ন পোদা <br>থম্যিলনুক্কাগ ৱন্ধ্ধু নিন্নৱন্ <br>থম্যিলন্দা <br> <br>English Rap:<br>I'm Stalking My Prey<br>Wont Let 'Em Get Away<br>With The Things That They Do,<br>Bad Moves That They Make,<br> <br>ৱন্ধ্ধৱন্ পোনৱন্ ৱলৱচ্চৱন্ <br>ইনি ৱাল্ন্ধ্ধু কাত্ত পোড়েন্ <br>ৱায ম্যূদি কৱনি <br> <br>English Rap:<br>Dressed To Kill,<br>Call It #Kabaliswag,<br><br>Come And Get Some<br>Like Thi K-Town Clan,<br><br>It Aint About The Size Of The Dog In The Fight, But<br>The Spirit Of The Fight In The Dog, That's Right!!!<br> <br>ৱেরুম্ পূৱুম্ ৱেড়িল্লৈ <br>করুম্ম্যেগম্ পোল নীরিল্লৈ <br>অলৈগদল্ কুরলুক্কু <br>অধিগার কুরলুক্কু <br>এপ্পোধুম্ <br>নীরিন্ ৱীল্চ্চি <br>নীধানে <br>উনৈ নীন্ধ্ধি কদক্ক ম্যুদিযাধে <br>ওরু <br>পনিথুলি <br>অধু <br>এর্যিম্যলৈ অঁযৈথিদুম্যে <br> <br>ম্যেত্তুক্কুদিযিন্ কূপ্পাদু <br>ইনি নাত্তুক্কুল্ল কেক্কাধু <br>ইন ম্যুগৱরি <br>অধু ইনি <br>ৱিলি থিড়ন্ধ্ধিদুম্যে <br> <br>ম্যেত্তুক্কুদিযিন্ কূপ্পাদু <br>ইনি নাত্তুক্কুল্ল কেক্কাধু <br>ইন ম্যুগৱরি <br>অধু ইনি <br>ৱিলি থিড়ন্ধ্ধিদুম্যে <br> <br>ৱিধৈযাগ <br>ৱালুম্ নম্যক্কু <br>কধৈগল্ ইরুক্কু <br>নালৈ নম্যক্কে ৱিদিযুম্ <br>ৱিলিথু পোরাদু <br>ৱানম্ উনধে <br>পাধি ৱলিযিল্ <br>পড়ৱৈ <br>পড়ক্ক ম্যড়ক্কাধে <br> <br>এয্ <br>এঁণথিল্ নূড়ু থিত্তম্যিদু <br>কবালি ৱারান্ কৈযথত্তু <br>পম্পরম্ পোল <br>চুথিক্কিত্তু <br>পড়ৈযিসৈ অদিথিত্তু <br>পাত্তু কত্তু <br> <br>এয্ ... <br>ইথন নাল <br>কূত্তুক্কুল্ল ইনিম্যে ৱারান্ <br>নাত্তুক্কুল্ল <br>এধিরিক্কূত্তম্ <br>আদিপ্পোচ্চু <br>কুরুধিযিল্ নেরুপ্পুধান্ <br>কূদিপ্পোচ্চু <br> <br>কবালি <br>কবালি <br>",
      "language" : {
        "name" : "Bengali",
        "code" : "be"
      }
    },
    {
      "data" : "વા વા <br>ણી વા <br>થૉલા <br> <br>ઉલગમ્ ઓરુવનુક્કા <br>ઉલૈપ્પવનુક્કા <br>વિદૈધરુવાન્ કબાલિધાન્ <br>કલગમ્ સેય્ધુ આંદૈયરિન્ કધૈ મ્યુદિપ્પાન્ <br> <br>ઉલગમ્ ઓરુવનુક્કા <br>ઉલૈપ્પવનુક્કા <br>વિદૈધરુવાન્ કબાલિધાન્ <br>કલગમ્ સેય્ધુ આંદૈયરિન્ કધૈ મ્યુદિપ્પાન્ <br> <br>ણી <br>ણીયાય્ વન્ધ્ધાય્ <br>થીયિન્ કરુવાય્ <br>કંકળ્ ઉરઙ્ગિનાલુમ્ <br>કનવુગળ્ ઉરઙ્ગાધૅ <br>પૂવિન્ ણિલલાય્ <br>પુળ્ળઙ્ગુલલાય્ <br>ઉનૈ વેળિયિદુ <br>થુળિર્વિદુ <br>પલિયાદાય્ એંણાધૅ <br>વિધૈયાગ <br>વાલુમ્ ણમ્યક્કુ <br>કધૈગળ્ ઇરુક્કુ <br>ણાળૈ ણમ્યક્કૅ વિદિયુમ્ <br>વિલિથુ પૉરાદુ <br>વાનમ્ ઉનધૅ <br>પાધિ વલિયિલ્ <br>પરવૈ <br>પરક્ક મ્યરક્કાધૅ <br> <br>ઍય્ ... <br>ઇથન ણાળ <br>કૂત્તુક્કુળ્ળ ઇનિમ્યૅ વારાન્ <br>ણાત્તુક્કુળ્ળ <br>એધિરિક્કૂત્તમ્ <br>આદિપ્પૉચ્ચુ <br>કુરુધિયિલ્ ણેરુપ્પુધાન્ <br>કૂદિપ્પૉચ્ચુ <br>ઇધુક્કુ પૅર્ધાન્ થલૈવર્ અધિરદિ <br>કબાલિ <br> <br>English Rap:<br>king of Time,<br>In The Concrete Jungle Watching Over My Pride,<br> <br>ણાઙ એઙ પિરન્ધ્ધા <br>અદ ઉનક્કેન્ન પૉદા <br>થમ્યિલનુક્કાગ વન્ધ્ધુ ણિન્નવન્ <br>થમ્યિલન્દા <br> <br>English Rap:<br>I'm Stalking My Prey<br>Wont Let 'Em Get Away<br>With The Things That They Do,<br>Bad Moves That They Make,<br> <br>વન્ધ્ધવન્ પૉનવન્ વળવચ્ચવન્ <br>ઇનિ વાલ્ન્ધ્ધુ કાત્ત પૉરૅન્ <br>વાય મ્યૂદિ કવનિ <br> <br>English Rap:<br>Dressed To Kill,<br>Call It #Kabaliswag,<br><br>Come And Get Some<br>Like Thi K-Town Clan,<br><br>It Aint About The Size Of The Dog In The Fight, But<br>The Spirit Of The Fight In The Dog, That's Right!!!<br> <br>વૅરુમ્ પૂવુમ્ વૅરિલ્લૈ <br>કરુમ્મ્યૅગમ્ પૉલ ણીરિલ્લૈ <br>અલૈગદલ્ કુરલુક્કુ <br>અધિગાર કુરલુક્કુ <br>એપ્પૉધુમ્ <br>ણીરિન્ વીલ્ચ્ચિ <br>ણીધાનૅ <br>ઉનૈ ણીન્ધ્ધિ કદક્ક મ્યુદિયાધૅ <br>ઓરુ <br>પનિથુળિ <br>અધુ <br>એર્યિમ્યલૈ અંયૈથિદુમ્યૅ <br> <br>મ્યૅત્તુક્કુદિયિન્ કૂપ્પાદુ <br>ઇનિ ણાત્તુક્કુળ્ળ કૅક્કાધુ <br>ઇન મ્યુગવરિ <br>અધુ ઇનિ <br>વિલિ થિરન્ધ્ધિદુમ્યૅ <br> <br>મ્યૅત્તુક્કુદિયિન્ કૂપ્પાદુ <br>ઇનિ ણાત્તુક્કુળ્ળ કૅક્કાધુ <br>ઇન મ્યુગવરિ <br>અધુ ઇનિ <br>વિલિ થિરન્ધ્ધિદુમ્યૅ <br> <br>વિધૈયાગ <br>વાલુમ્ ણમ્યક્કુ <br>કધૈગળ્ ઇરુક્કુ <br>ણાળૈ ણમ્યક્કૅ વિદિયુમ્ <br>વિલિથુ પૉરાદુ <br>વાનમ્ ઉનધૅ <br>પાધિ વલિયિલ્ <br>પરવૈ <br>પરક્ક મ્યરક્કાધૅ <br> <br>ઍય્ <br>એંણથિલ્ ણૂરુ થિત્તમ્યિદુ <br>કબાલિ વારાન્ કૈયથત્તુ <br>પમ્પરમ્ પૉલ <br>ચુથિક્કિત્તુ <br>પરૈયિસૈ અદિથિત્તુ <br>પાત્તુ કત્તુ <br> <br>ઍય્ ... <br>ઇથન ણાળ <br>કૂત્તુક્કુળ્ળ ઇનિમ્યૅ વારાન્ <br>ણાત્તુક્કુળ્ળ <br>એધિરિક્કૂત્તમ્ <br>આદિપ્પૉચ્ચુ <br>કુરુધિયિલ્ ણેરુપ્પુધાન્ <br>કૂદિપ્પૉચ્ચુ <br> <br>કબાલિ <br>કબાલિ <br>",
      "language" : {
        "name" : "Gujarathi",
        "code" : "gu"
      }
    },
    {
      "data" : "वा वा <br>नी वा <br>तोला <br> <br>उलगम ओरुवनुक्का <br>उलैप्पवनुक्का <br>विडैदरुवान कबालिदान <br>कलगम सेयदु आंडैयरिन कधै म्उडिप्पान <br> <br>उलगम ओरुवनुक्का <br>उलैप्पवनुक्का <br>विडैदरुवान कबालिदान <br>कलगम सेयदु आंडैयरिन कधै म्उडिप्पान <br> <br>नी <br>नीयाय वन्द दाय <br>तीयिन करुवाय <br>कंकल उड़ङ्गिनालुम <br>कनवुगल उड़ङ्गाधे <br>पूविन निललाय <br>पुल्ळङ्गुललाय <br>उनै वेऴियिडु <br>तुऴिर्विडु <br>पलियाडाय एंणाधे <br>विधैयाग <br>वालुम नम्अक्कु <br>कधैगल इरुककु <br>नाळै नम्अक्के विडियुम <br>विलितु पोराडु <br>वानम उनधे <br>पादि वलियिल <br>पड़वै <br>पड़कक म्अड़क्काधे <br> <br>एय ... <br>इतन नाळ <br>कूट्टुक्कुल्ळ इनिम्ए वारान <br>नाट्टुक्कुल्ळ <br>एदिरिक्कूट्टम <br>आडिप्पोच्चु <br>कुरुदियिल नेरुप्पुदान <br>कूडिप्पोच्चु <br>इदुककु पेरदान तलैवर अदिरडि <br>कबालि <br> <br>Eङलिश् ड़प: <br>किङ ओफ़ टिम्ए, <br>Iन ते Cओन्cरेटे जुङले Wअटचिङ् Oवेर् म्य Pरिडे, <br> <br>नाङ एङ पिड़न्द दा <br>अड उनक्केन्न पोडा <br>तम्इलनुक्काग वन्द दु निन्नवन <br>तम्इलन्डा <br> <br>Eङलिश् ड़प: <br>I'म स्टल्किङ म्य Pरेय् <br>Wओनट् ऴेट 'Eम ज्एट Awअय् <br>Wइत् ते तिङ्स् तट तेय डो, <br>Bअड् मोवेस् तट तेय मके, <br> <br>वन्द दवन पोनवन वळवच्चवन <br>इनि वाल्न्द दु काटट पोड़ेन <br>वाय म्ऊडि कवनि <br> <br>Eङलिश् ड़प: <br>ड्रेस्सेड टो Kइलल्, <br>Cअलल् Iट #Kअबलिस्wअग्, <br> <br>Cओमए Aनड् ज्एट सोम्ए <br>ऴिके ति K-टोwन् Cलन्, <br> <br>Iट Aइनट् Aबोउट् ते सिज़े Oफ़ ते डोग Iन ते Fइट्, Bउट् <br>ते स्पिरिट Oफ़ ते Fइट् Iन ते डोग, तट्'स् रिघ्ट!!! <br> <br>सरंअम -2 <br>वेरुम पूवुम वेरिललै <br>करुम्म्एगम पोल नीरिललै <br>अलैगडल कुरलुक्कु <br>अदिगार कुरलुक्कु <br>एप्पोदुम <br>नीरिन वील्चचि <br>नीदाने <br>उनै नीन्द दि कडकक म्उडियाधे <br>ओरु <br>पनितुऴि <br>अदु <br>र्इम्अलै अंऐतिडुम्ए <br> <br>म्एट्टुक्कुडियिन कूपपाडु <br>इनि नाट्टुक्कुल्ळ केककादु <br>इन म्उगवरि <br>अदु इनि <br>विलि तिड़न्द दिडुम्ए <br> <br>म्एट्टुक्कुडियिन कूपपाडु <br>इनि नाट्टुक्कुल्ळ केककादु <br>इन म्उगवरि <br>अदु इनि <br>विलि तिड़न्द दिडुम्ए <br> <br>विधैयाग <br>वालुम नम्अक्कु <br>कधैगल इरुककु <br>नाळै नम्अक्के विडियुम <br>विलितु पोराडु <br>वानम उनधे <br>पादि वलियिल <br>पड़वै <br>पड़कक म्अड़क्काधे <br> <br>एय <br>एंणतिल नूड़ु तिट्टम्इडु <br>कबालि वारान कैयतट्टु <br>पम्परम पोल <br>चुतिक्किट्टु <br>पड़ैयिसै अडितिट्टु <br>पाटटु कटटु <br> <br>एय ... <br>इतन नाळ <br>कूट्टुक्कुल्ळ इनिम्ए वारान <br>नाट्टुक्कुल्ळ <br>एदिरिक्कूट्टम <br>आडिप्पोच्चु <br>कुरुदियिल नेरुप्पुदान <br>कूडिप्पोच्चु <br> <br>कबालि <br>कबालि",
      "language" : {
        "name" : "Marathi",
        "code" : "mr"
      }
    },
    {
      "data" : "ୱା ୱା <br>ନୀ ୱା <br>ଥୋଳା <br> <br>ଉଳଗମ୍ ଓରୁୱନୁକ୍କା <br>ଉଳୈପ୍ପୱନୁକ୍କା <br>ୱିଦୈଧରୁୱାନ୍ କବାଳିଧାନ୍ <br>କଳଗମ୍ ସେଯ୍ଧୁ ଆଂଦୈଯରିନ୍ କଧୈ ମ୍ଯୁଦିପ୍ପାନ୍ <br> <br>ଉଳଗମ୍ ଓରୁୱନୁକ୍କା <br>ଉଳୈପ୍ପୱନୁକ୍କା <br>ୱିଦୈଧରୁୱାନ୍ କବାଳିଧାନ୍ <br>କଳଗମ୍ ସେଯ୍ଧୁ ଆଂଦୈଯରିନ୍ କଧୈ ମ୍ଯୁଦିପ୍ପାନ୍ <br> <br>ନୀ <br>ନୀଯାଯ୍ ୱନ୍ଧ୍ଧାଯ୍ <br>ଥୀଯିନ୍ କରୁୱାଯ୍ <br>କଂକଲ୍ ଉଡ଼ଙ୍ଗିନାଳୁମ୍ <br>କନୱୁଗଲ୍ ଉଡ଼ଙ୍ଗାଧେ <br>ପୂୱିନ୍ ନିଳଳାଯ୍ <br>ପୁଲ୍ଲଙ୍ଗୁଳଳାଯ୍ <br>ଉନୈ ୱେଲିଯିଦୁ <br>ଥୁଲିର୍ୱିଦୁ <br>ପଳିଯାଦାଯ୍ ଏଂଣାଧେ <br>ୱିଧୈଯାଗ <br>ୱାଳୁମ୍ ନମ୍ଯକ୍କୁ <br>କଧୈଗଲ୍ ଇରୁକ୍କୁ <br>ନାଲୈ ନମ୍ଯକ୍କେ ୱିଦିଯୁମ୍ <br>ୱିଳିଥୁ ପୋରାଦୁ <br>ୱାନମ୍ ଉନଧେ <br>ପାଧି ୱଳିଯିଳ୍ <br>ପଡ଼ୱୈ <br>ପଡ଼କ୍କ ମ୍ଯଡ଼କ୍କାଧେ <br> <br>ଏଯ୍ ... <br>ଇଥନ ନାଲ <br>କୂତ୍ତୁକ୍କୁଲ୍ଲ ଇନିମ୍ଯେ ୱାରାନ୍ <br>ନାତ୍ତୁକ୍କୁଲ୍ଲ <br>ଏଧିରିକ୍କୂତ୍ତମ୍ <br>ଆଦିପ୍ପୋଚ୍ଚୁ <br>କୁରୁଧିଯିଳ୍ ନେରୁପ୍ପୁଧାନ୍ <br>କୂଦିପ୍ପୋଚ୍ଚୁ <br>ଇଧୁକ୍କୁ ପେର୍ଧାନ୍ ଥଳୈୱର୍ ଅଧିରଦି <br>କବାଳି <br> <br>English Rap:<br>king of Time,<br>In The Concrete Jungle Watching Over My Pride,<br> <br>ନାଙ ଏଙ ପିଡ଼ନ୍ଧ୍ଧା <br>ଅଦ ଉନକ୍କେନ୍ନ ପୋଦା <br>ଥମ୍ଯିଳନୁକ୍କାଗ ୱନ୍ଧ୍ଧୁ ନିନ୍ନୱନ୍ <br>ଥମ୍ଯିଳନ୍ଦା <br> <br>English Rap:<br>I'm Stalking My Prey<br>Wont Let 'Em Get Away<br>With The Things That They Do,<br>Bad Moves That They Make,<br> <br>ୱନ୍ଧ୍ଧୱନ୍ ପୋନୱନ୍ ୱଲୱଚ୍ଚୱନ୍ <br>ଇନି ୱାଳ୍ନ୍ଧ୍ଧୁ କାତ୍ତ ପୋଡ଼େନ୍ <br>ୱାଯ ମ୍ଯୂଦି କୱନି <br> <br>English Rap:<br>Dressed To Kill,<br>Call It #Kabaliswag,<br><br>Come And Get Some<br>Like Thi K-Town Clan,<br><br>It Aint About The Size Of The Dog In The Fight, But<br>The Spirit Of The Fight In The Dog, That's Right!!!<br> <br>ୱେରୁମ୍ ପୂୱୁମ୍ ୱେଡ଼ିଳ୍ଳୈ <br>କରୁମ୍ମ୍ଯେଗମ୍ ପୋଳ ନୀରିଳ୍ଳୈ <br>ଅଳୈଗଦଳ୍ କୁରଳୁକ୍କୁ <br>ଅଧିଗାର କୁରଳୁକ୍କୁ <br>ଏପ୍ପୋଧୁମ୍ <br>ନୀରିନ୍ ୱୀଳ୍ଚ୍ଚି <br>ନୀଧାନେ <br>ଉନୈ ନୀନ୍ଧ୍ଧି କଦକ୍କ ମ୍ଯୁଦିଯାଧେ <br>ଓରୁ <br>ପନିଥୁଲି <br>ଅଧୁ <br>ଏର୍ଯିମ୍ଯଳୈ ଅଂଯୈଥିଦୁମ୍ଯେ <br> <br>ମ୍ଯେତ୍ତୁକ୍କୁଦିଯିନ୍ କୂପ୍ପାଦୁ <br>ଇନି ନାତ୍ତୁକ୍କୁଲ୍ଲ କେକ୍କାଧୁ <br>ଇନ ମ୍ଯୁଗୱରି <br>ଅଧୁ ଇନି <br>ୱିଳି ଥିଡ଼ନ୍ଧ୍ଧିଦୁମ୍ଯେ <br> <br>ମ୍ଯେତ୍ତୁକ୍କୁଦିଯିନ୍ କୂପ୍ପାଦୁ <br>ଇନି ନାତ୍ତୁକ୍କୁଲ୍ଲ କେକ୍କାଧୁ <br>ଇନ ମ୍ଯୁଗୱରି <br>ଅଧୁ ଇନି <br>ୱିଳି ଥିଡ଼ନ୍ଧ୍ଧିଦୁମ୍ଯେ <br> <br>ୱିଧୈଯାଗ <br>ୱାଳୁମ୍ ନମ୍ଯକ୍କୁ <br>କଧୈଗଲ୍ ଇରୁକ୍କୁ <br>ନାଲୈ ନମ୍ଯକ୍କେ ୱିଦିଯୁମ୍ <br>ୱିଳିଥୁ ପୋରାଦୁ <br>ୱାନମ୍ ଉନଧେ <br>ପାଧି ୱଳିଯିଳ୍ <br>ପଡ଼ୱୈ <br>ପଡ଼କ୍କ ମ୍ଯଡ଼କ୍କାଧେ <br> <br>ଏଯ୍ <br>ଏଂଣଥିଳ୍ ନୂଡ଼ୁ ଥିତ୍ତମ୍ଯିଦୁ <br>କବାଳି ୱାରାନ୍ କୈଯଥତ୍ତୁ <br>ପମ୍ପରମ୍ ପୋଳ <br>ଚୁଥିକ୍କିତ୍ତୁ <br>ପଡ଼ୈଯିସୈ ଅଦିଥିତ୍ତୁ <br>ପାତ୍ତୁ କତ୍ତୁ <br> <br>ଏଯ୍ ... <br>ଇଥନ ନାଲ <br>କୂତ୍ତୁକ୍କୁଲ୍ଲ ଇନିମ୍ଯେ ୱାରାନ୍ <br>ନାତ୍ତୁକ୍କୁଲ୍ଲ <br>ଏଧିରିକ୍କୂତ୍ତମ୍ <br>ଆଦିପ୍ପୋଚ୍ଚୁ <br>କୁରୁଧିଯିଳ୍ ନେରୁପ୍ପୁଧାନ୍ <br>କୂଦିପ୍ପୋଚ୍ଚୁ <br> <br>କବାଳି <br>କବାଳି",
      "language" : {
        "name" : "Oriya",
        "code" : "or"
      }
    },
    {
      "data" : "वा वा <br>नी वा <br>तोला <br> <br>उलगम ओरुवनुक्का <br>उलैप्पवनुक्का <br>विडैदरुवान कबालिदान <br>कलगम सेयदु आंडैयरिन कधै म्उडिप्पान <br> <br>उलगम ओरुवनुक्का <br>उलैप्पवनुक्का <br>विडैदरुवान कबालिदान <br>कलगम सेयदु आंडैयरिन कधै म्उडिप्पान <br> <br>नी <br>नीयाय वन्द दाय <br>तीयिन करुवाय <br>कंकल उड़ङ्गिनालुम <br>कनवुगल उड़ङ्गाधे <br>पूविन निललाय <br>पुल्ळङ्गुललाय <br>उनै वेऴियिडु <br>तुऴिर्विडु <br>पलियाडाय एंणाधे <br>विधैयाग <br>वालुम नम्अक्कु <br>कधैगल इरुककु <br>नाळै नम्अक्के विडियुम <br>विलितु पोराडु <br>वानम उनधे <br>पादि वलियिल <br>पड़वै <br>पड़कक म्अड़क्काधे <br> <br>एय ... <br>इतन नाळ <br>कूट्टुक्कुल्ळ इनिम्ए वारान <br>नाट्टुक्कुल्ळ <br>एदिरिक्कूट्टम <br>आडिप्पोच्चु <br>कुरुदियिल नेरुप्पुदान <br>कूडिप्पोच्चु <br>इदुककु पेरदान तलैवर अदिरडि <br>कबालि <br> <br>Eङलिश् ड़प: <br>किङ ओफ़ टिम्ए, <br>Iन ते Cओन्cरेटे जुङले Wअटचिङ् Oवेर् म्य Pरिडे, <br> <br>नाङ एङ पिड़न्द दा <br>अड उनक्केन्न पोडा <br>तम्इलनुक्काग वन्द दु निन्नवन <br>तम्इलन्डा <br> <br>Eङलिश् ड़प: <br>I'म स्टल्किङ म्य Pरेय् <br>Wओनट् ऴेट 'Eम ज्एट Awअय् <br>Wइत् ते तिङ्स् तट तेय डो, <br>Bअड् मोवेस् तट तेय मके, <br> <br>वन्द दवन पोनवन वळवच्चवन <br>इनि वाल्न्द दु काटट पोड़ेन <br>वाय म्ऊडि कवनि <br> <br>Eङलिश् ड़प: <br>ड्रेस्सेड टो Kइलल्, <br>Cअलल् Iट #Kअबलिस्wअग्, <br> <br>Cओमए Aनड् ज्एट सोम्ए <br>ऴिके ति K-टोwन् Cलन्, <br> <br>Iट Aइनट् Aबोउट् ते सिज़े Oफ़ ते डोग Iन ते Fइट्, Bउट् <br>ते स्पिरिट Oफ़ ते Fइट् Iन ते डोग, तट्'स् रिघ्ट!!! <br> <br>सरंअम -2 <br>वेरुम पूवुम वेरिललै <br>करुम्म्एगम पोल नीरिललै <br>अलैगडल कुरलुक्कु <br>अदिगार कुरलुक्कु <br>एप्पोदुम <br>नीरिन वील्चचि <br>नीदाने <br>उनै नीन्द दि कडकक म्उडियाधे <br>ओरु <br>पनितुऴि <br>अदु <br>र्इम्अलै अंऐतिडुम्ए <br> <br>म्एट्टुक्कुडियिन कूपपाडु <br>इनि नाट्टुक्कुल्ळ केककादु <br>इन म्उगवरि <br>अदु इनि <br>विलि तिड़न्द दिडुम्ए <br> <br>म्एट्टुक्कुडियिन कूपपाडु <br>इनि नाट्टुक्कुल्ळ केककादु <br>इन म्उगवरि <br>अदु इनि <br>विलि तिड़न्द दिडुम्ए <br> <br>विधैयाग <br>वालुम नम्अक्कु <br>कधैगल इरुककु <br>नाळै नम्अक्के विडियुम <br>विलितु पोराडु <br>वानम उनधे <br>पादि वलियिल <br>पड़वै <br>पड़कक म्अड़क्काधे <br> <br>एय <br>एंणतिल नूड़ु तिट्टम्इडु <br>कबालि वारान कैयतट्टु <br>पम्परम पोल <br>चुतिक्किट्टु <br>पड़ैयिसै अडितिट्टु <br>पाटटु कटटु <br> <br>एय ... <br>इतन नाळ <br>कूट्टुक्कुल्ळ इनिम्ए वारान <br>नाट्टुक्कुल्ळ <br>एदिरिक्कूट्टम <br>आडिप्पोच्चु <br>कुरुदियिल नेरुप्पुदान <br>कूडिप्पोच्चु <br> <br>कबालि <br>कबालि",
      "language" : {
        "name" : "konkani",
        "code" : "ko"
      }
    }
  ],
  "mood" : {
    "slug" : "happy",
    "name" : "Happy"
  },
  "release_order_of_the_day" : 1,
  "language" : {
    "name" : "Tamil",
    "code" : "ta"
  },
  "slug" : "ulagam-oruvanukka",
  "thumbnail" : "https:\/\/d1ua79hvv369a0.cloudfront.net\/images\/songs\/thumbnails\/ulagam-oruvanukka\/180x150.jpg"
}