{
  "title" : {
    "en" : "Unnale Thaan",
    "hi" : "Unnale Thaan",
    "te" : "Unnale Thaan",
    "ta" : "உன்னாலே தான்"
  },
  "credits" : {
    "mixers" : [
      {
        "name" : {
          "en" : "Sripathy Ramesh",
          "hi" : "Sripathy Ramesh",
          "te" : "Sripathy Ramesh",
          "ta" : "ஸ்ரீபதி ரமேஷ்"
        }
      }
    ],
    "editing" : [
      {
        "name" : {
          "en" : "Karthikeyan Muralidharan",
          "hi" : "Karthikeyan Muralidharan",
          "te" : "Karthikeyan Muralidharan",
          "ta" : "கார்த்திகேயன் முரளிதரன்"
        }
      }
    ],
    "masters" : [
      {
        "name" : {
          "en" : "Sripathy Ramesh",
          "hi" : "Sripathy Ramesh",
          "te" : "Sripathy Ramesh",
          "ta" : "ஸ்ரீபதி ரமேஷ்"
        }
      }
    ],
    "composers" : [
      {
        "name" : {
          "en" : "Sripathy Ramesh",
          "hi" : "Sripathy Ramesh",
          "te" : "Sripathy Ramesh",
          "ta" : "ஸ்ரீபதி ரமேஷ்"
        }
      }
    ],
    "lyricists" : [
      {
        "name" : {
          "en" : "Chandru Kutty",
          "hi" : "Chandru Kutty",
          "te" : "Chandru Kutty",
          "ta" : "சந்துரு குட்டி"
        }
      }
    ],
    "featuring" : [
      {
        "name" : {
          "en" : "Srivatsan Gopaladesikan",
          "hi" : "Srivatsan Gopaladesikan",
          "te" : "Srivatsan Gopaladesikan",
          "ta" : "ஸ்ரீவட்சன் கோபாலதேசிகன்"
        }
      },
      {
        "name" : {
          "en" : "Aishwarya Venkatesan",
          "hi" : "Aishwarya Venkatesan",
          "te" : "Aishwarya Venkatesan",
          "ta" : "ஐஸ்வர்யா வெங்கடேசன்"
        }
      },
      {
        "name" : {
          "en" : "Edwin Gnansigamony",
          "hi" : "Edwin Gnansigamony",
          "te" : "Edwin Gnansigamony",
          "ta" : "எட்வின் ஞானசிகாமணி"
        }
      },
      {
        "name" : {
          "en" : "Sripathy Ramesh",
          "hi" : "Sripathy Ramesh",
          "te" : "Sripathy Ramesh",
          "ta" : "ஸ்ரீபதி ரமேஷ்"
        }
      },
      {
        "name" : {
          "en" : "Chandru Kutty",
          "hi" : "Chandru Kutty",
          "te" : "Chandru Kutty",
          "ta" : "சந்துரு குட்டி"
        }
      }
    ],
    "singers" : [
      {
        "name" : {
          "en" : "Srivatsan Gopaladesikan",
          "hi" : "Srivatsan Gopaladesikan",
          "te" : "Srivatsan Gopaladesikan",
          "ta" : "ஸ்ரீவட்சன் கோபாலதேசிகன்"
        }
      },
      {
        "name" : {
          "en" : "Aishwarya Venkatesan",
          "hi" : "Aishwarya Venkatesan",
          "te" : "Aishwarya Venkatesan",
          "ta" : "ஐஸ்வர்யா வெங்கடேசன்"
        }
      }
    ],
    "arrangers" : [
      {
        "name" : {
          "en" : "Sripathy Ramesh",
          "hi" : "Sripathy Ramesh",
          "te" : "Sripathy Ramesh",
          "ta" : "ஸ்ரீபதி ரமேஷ்"
        }
      }
    ],
    "producers" : [
      {
        "name" : {
          "en" : "Sripathy Ramesh",
          "hi" : "Sripathy Ramesh",
          "te" : "Sripathy Ramesh",
          "ta" : "ஸ்ரீபதி ரமேஷ்"
        }
      }
    ],
    "cinematography" : [
      {
        "name" : {
          "en" : "Srinivasan",
          "hi" : "Srinivasan",
          "te" : "Srinivasan",
          "ta" : "ஸ்ரீனிவாசன்"
        }
      }
    ],
    "lyric_video_senior_editor" : [
      {
        "name" : {
          "en" : "Shyam Sundar Murugesan",
          "hi" : "Shyam Sundar Murugesan",
          "te" : "Shyam Sundar Murugesan",
          "ta" : "ஷியாம் சுந்தர் முருகேசன்"
        }
      }
    ],
    "recorded_studios" : [
      {
        "name" : {
          "en" : "Home Studio",
          "hi" : "Home Studio",
          "te" : "Home Studio",
          "ta" : "ஹோம் ஸ்டுடியோ"
        }
      }
    ],
    "translator" : [
      {
        "name" : {
          "en" : "Jayashree Ramanujam",
          "hi" : "Jayashree Ramanujam",
          "te" : "Jayashree Ramanujam",
          "ta" : "ஜெயஸ்ரீ இராமானுஜம்"
        }
      }
    ],
    "accordian" : [
      {
        "name" : {
          "en" : "Edwin Gnanasingamony",
          "hi" : "Edwin Gnanasingamony",
          "te" : "Edwin Gnanasingamony",
          "ta" : "எட்வின் ஞானசிகாமணி"
        }
      }
    ],
    "manager_of_visual_content" : [
      {
        "name" : {
          "en" : "Gokula Krishnan R Vasugi, MFI",
          "hi" : "Gokula Krishnan R Vasugi, MFI",
          "te" : "Gokula Krishnan R Vasugi, MFI",
          "ta" : "கோகுல கிருஷ்ணன் R வாசுகி MFI"
        }
      }
    ],
    "sound_engineers" : [
      {
        "name" : {
          "en" : "Sripathy Ramesh",
          "hi" : "Sripathy Ramesh",
          "te" : "Sripathy Ramesh",
          "ta" : "ஸ்ரீபதி ரமேஷ்"
        }
      }
    ],
    "lyric_video_editor" : [
      {
        "name" : {
          "en" : "Mithran.B",
          "hi" : "Mithran.B",
          "te" : "Mithran.B",
          "ta" : "மித்திரன்.B"
        }
      }
    ]
  },
  "active" : true,
  "published_on" : "2016-06-02T12:30:00.000Z",
  "description" : {
    "en" : "For fans of 70’s style music, Unnale Naan is a nostalgic composition that reminds us of geniuses like MSV and Vishwanathan-Ramamoorthi. The song speaks about love and the cute little arguments in love as felt and experienced by a man. Unnale Naan is a beautiful song that easily gets you singing along.",
    "hi" : "For fans of 70’s style music, Unnale Naan is a nostalgic composition that reminds us of geniuses like MSV and Vishwanathan-Ramamoorthi. The song speaks about love and the cute little arguments in love as felt and experienced by a man. Unnale Naan is a beautiful song that easily gets you singing along.",
    "te" : "For fans of 70’s style music, Unnale Naan is a nostalgic composition that reminds us of geniuses like MSV and Vishwanathan-Ramamoorthi. The song speaks about love and the cute little arguments in love as felt and experienced by a man. Unnale Naan is a beautiful song that easily gets you singing along.",
    "ta" : "For fans of 70’s style music, Unnale Naan is a nostalgic composition that reminds us of geniuses like MSV and Vishwanathan-Ramamoorthi. The song speaks about love and the cute little arguments in love as felt and experienced by a man. Unnale Naan is a beautiful song that easily gets you singing along."
  },
  "poster" : "https:\/\/d1ua79hvv369a0.cloudfront.net\/reflection\/poster\/June\/02\/unnale_thaan_cover.jpg",
  "album" : {
    "title" : {
      "en" : "Unnale Thaan",
      "hi" : "Unnale Thaan",
      "te" : "Unnale Thaan",
      "ta" : "உன்னாலே தான்"
    },
    "id" : "50"
  },
  "musics" : [
    {
      "players" : [
        {
          "name" : {
            "en" : "Sripathy Ramesh",
            "hi" : "Sripathy Ramesh",
            "te" : "Sripathy Ramesh",
            "ta" : "ஸ்ரீபதி ரமேஷ்"
          }
        }
      ],
      "instrument" : {
        "name" : {
          "name" : {
            "en" : "Keyboards",
            "hi" : "Keyboards",
            "te" : "Keyboards",
            "ta" : "கீபோர்ட்ஸ்"
          }
        }
      }
    },
    {
      "players" : [
        {
          "name" : {
            "en" : "Edwin Gnansigamony",
            "hi" : "Edwin Gnansigamony",
            "te" : "Edwin Gnansigamony",
            "ta" : "எட்வின் ஞானசிகாமணி"
          }
        }
      ],
      "instrument" : {
        "name" : {
          "name" : {
            "en" : "Accordion",
            "hi" : "Accordion",
            "te" : "Accordion",
            "ta" : "அக்கார்டியன்"
          }
        }
      }
    }
  ],
  "critics" : [
    {
      "review" : {
        "instrument" : {
          "comment" : {
            "en" : "Impressive arrangements and brilliant usage of harmonica and grand piano",
            "hi" : "Impressive arrangements and brilliant usage of harmonica and grand piano",
            "te" : "Impressive arrangements and brilliant usage of harmonica and grand piano",
            "ta" : "Impressive arrangements and brilliant usage of harmonica and grand piano"
          },
          "score" : 13
        },
        "overall" : {
          "comment" : {
            "en" : "Trip to bygone era!",
            "hi" : "Trip to bygone era!",
            "te" : "Trip to bygone era!",
            "ta" : "Trip to bygone era!"
          },
          "score" : 12
        },
        "vocal" : {
          "comment" : {
            "en" : "Powerful yet soft and classical styled vocals bring life to this song.",
            "hi" : "Powerful yet soft and classical styled vocals bring life to this song.",
            "te" : "Powerful yet soft and classical styled vocals bring life to this song.",
            "ta" : "A brilliant tune which reminds us of the old Bollywood melodies"
          },
          "score" : 13
        },
        "tune" : {
          "comment" : {
            "en" : "A brilliant tune which reminds us of the old Bollywood melodies",
            "hi" : "A brilliant tune which reminds us of the old Bollywood melodies",
            "te" : "A brilliant tune which reminds us of the old Bollywood melodies",
            "ta" : "A brilliant tune which reminds us of the old Bollywood melodies"
          },
          "score" : 11
        },
        "lyric" : {
          "comment" : {
            "en" : "Pretty decent with old school style usage of words and amazing poetry.",
            "hi" : "Pretty decent with old school style usage of words and amazing poetry.",
            "te" : "Pretty decent with old school style usage of words and amazing poetry.",
            "ta" : "Pretty decent with old school style usage of words and amazing poetry."
          },
          "score" : 11
        }
      },
      "author" : {
        "name" : "Durga",
        "image" : "https:\/\/d1ua79hvv369a0.cloudfront.net\/reflection\/critic\/critic-durga.png"
      },
      "rating" : 12
    },
    {
      "review" : {
        "instrument" : {
          "comment" : {
            "en" : "Accordion is a main element of the song. It brings a sense of nostalgia. The retro flavor is convincingly brought out.",
            "hi" : "Accordion is a main element of the song. It brings a sense of nostalgia. The retro flavor is convincingly brought out.",
            "te" : "Accordion is a main element of the song. It brings a sense of nostalgia. The retro flavor is convincingly brought out.",
            "ta" : "Accordion is a main element of the song. It brings a sense of nostalgia. The retro flavor is convincingly brought out."
          },
          "score" : 6
        },
        "overall" : {
          "comment" : {
            "en" : "Interesting attempt to present a laidback retro romance number.",
            "hi" : "Interesting attempt to present a laidback retro romance number.",
            "te" : "Interesting attempt to present a laidback retro romance number.",
            "ta" : "Interesting attempt to present a laidback retro romance number."
          },
          "score" : 5.25
        },
        "vocal" : {
          "comment" : {
            "en" : "The male singer could have been more expressive but he suits the laidback nature of the composition.",
            "hi" : "The male singer could have been more expressive but he suits the laidback nature of the composition.",
            "te" : "The male singer could have been more expressive but he suits the laidback nature of the composition.",
            "ta" : "A melody with a strong retro treatment, taking us back to the days of MSV."
          },
          "score" : 4
        },
        "tune" : {
          "comment" : {
            "en" : "A melody with a strong retro treatment, taking us back to the days of MSV.",
            "hi" : "A melody with a strong retro treatment, taking us back to the days of MSV.",
            "te" : "A melody with a strong retro treatment, taking us back to the days of MSV.",
            "ta" : "A melody with a strong retro treatment, taking us back to the days of MSV."
          },
          "score" : 6
        },
        "lyric" : {
          "comment" : {
            "en" : "A typical romance number",
            "hi" : "A typical romance number",
            "te" : "A typical romance number",
            "ta" : "A typical romance number"
          },
          "score" : 5
        }
      },
      "author" : {
        "name" : "Kaushik",
        "image" : "https:\/\/d1ua79hvv369a0.cloudfront.net\/reflection\/critic\/Kaushik-200x200.jpg"
      },
      "rating" : 5.25
    },
    {
      "review" : {
        "instrument" : {
          "comment" : {
            "en" : "Generously inspired by the retro-style, with limited variation; a bit Doordarshan-orchestra’ish too.",
            "hi" : "Generously inspired by the retro-style, with limited variation; a bit Doordarshan-orchestra’ish too.",
            "te" : "Generously inspired by the retro-style, with limited variation; a bit Doordarshan-orchestra’ish too.",
            "ta" : "Generously inspired by the retro-style, with limited variation; a bit Doordarshan-orchestra’ish too."
          },
          "score" : 7
        },
        "overall" : {
          "comment" : {
            "en" : "Interesting attempt at retro-recreation..",
            "hi" : "Interesting attempt at retro-recreation..",
            "te" : "Interesting attempt at retro-recreation..",
            "ta" : "Interesting attempt at retro-recreation.."
          },
          "score" : 8.75
        },
        "vocal" : {
          "comment" : {
            "en" : "A bit too flat, but proficient enough for the retro-styled rendition.",
            "hi" : "A bit too flat, but proficient enough for the retro-styled rendition.",
            "te" : "A bit too flat, but proficient enough for the retro-styled rendition.",
            "ta" : "A new-age Buthiyulla Manidharellaam (Annai, music by R.Sudarshanam) in tune and approach."
          },
          "score" : 9
        },
        "tune" : {
          "comment" : {
            "en" : "A new-age Buthiyulla Manidharellaam (Annai, music by R.Sudarshanam) in tune and approach.",
            "hi" : "A new-age Buthiyulla Manidharellaam (Annai, music by R.Sudarshanam) in tune and approach.",
            "te" : "A new-age Buthiyulla Manidharellaam (Annai, music by R.Sudarshanam) in tune and approach.",
            "ta" : "A new-age Buthiyulla Manidharellaam (Annai, music by R.Sudarshanam) in tune and approach."
          },
          "score" : 9
        },
        "lyric" : {
          "comment" : {
            "en" : "Retro-styled language usage makes for a quaint experience!",
            "hi" : "Retro-styled language usage makes for a quaint experience!",
            "te" : "Retro-styled language usage makes for a quaint experience!",
            "ta" : "Retro-styled language usage makes for a quaint experience!"
          },
          "score" : 10
        }
      },
      "author" : {
        "name" : "Karthik",
        "image" : "https:\/\/d1ua79hvv369a0.cloudfront.net\/reflection\/critic\/critic-karthik.png"
      },
      "rating" : 8.75
    }
  ],
  "type" : {
    "slug" : "independent-music",
    "name" : "Independent Music"
  },
  "lyrics" : [
    {
      "data" : "உன்னாலே தான் நான் நினைவை இழக்கிறேன் <br>தன்னாலே நான் வானுயரப் பறக்கிறேன் <br><br>உன்னாலே உறைகிறேன் <br>தன்னாலே கரைகிறேன் <br>கண்ணாலே அளக்கிறேன் <br>தன்னாலே வரைகிறேன் <br><br>வாசம் வீசும் வாகை ஆகிறேன். <br><br>உன்னாலே தான் நான் கனவைக்  காண்கிறேன் <br>தன்னாலே தான் நான் துயரை இழக்கிறேன் நான்… <br><br>நெஞ்சம் பேசும் வார்த்தைக்கூட <br>நினைவில் நிற்கவில்லையே<br><br>நெஞ்சம் மிஞ்சும் நினைவுக்கூட <br>தஞ்சம் கொள்ளவில்லையே !<br>கொஞ்சம் கொஞ்சிப் பேசும் வார்த்தை <br>ஒவ்வொன்றும் முல்லையே !<br>மோதலால் வந்த தொல்லையே !<br><br>கொஞ்ச நஞ்ச நெஞ்சம்கூட <br>துஞ்சம் கொள்ளவில்லையே !<br>மஞ்சம் மிஞ்சிப் பேசும்வார்த்தை <br>வஞ்சி வீசும் வில்லையே !<br>காதலால் வந்த தொல்லையே !<br><br>பெண்ணாலே மயங்கினேன் !<br>பின்னாலே தயங்கினேன் !<br>உன்னாலே உளறினேன் !<br>மெய் சொல்கிறேன். <br><br>உன்னாலே தான் நான் நினைவை இழக்கிறேன் <br>தன்னாலே நான் வானுயரப் பறக்கிறேன்<br><br>வானில் நிலவு வந்தும்கூட  <br>கண்கள் உறங்கவில்லையே <br><br>வானில் மின்னும் மின்னல்கூட <br>உந்தன் நிறத்தில் இல்லையே <br>தேனில் தொய்துப் பேசும் வார்த்தை <br>ஒவ்வொன்றும் தொல்லையே ! <br>காதலின் கரையின் எல்லையே ! <br><br>ஊனில் பாயும் குருதிக்கூட <br>உன்னை மறந்தது இல்லையே   <br>தோளில் சாய்ந்து பேசும் வார்த்தை <br>வாளில் வீழ்ந்த முல்லையே ! <br>அன்பினால் மலர்ந்த முல்லையே ! <br><br>பெண்ணாலே மயங்கினேன் !<br>பின்னாலே தயங்கினேன் !<br>உன்னாலே உளறினேன் !<br>மெய் சொல்கிறேன். <br><br>உன்னாலே தான் நான் நினைவை இழக்கிறேன் <br>தன்னாலே நான் வானுயரப் பறக்கிறேன்<br><br>முன்னாலே நடக்கிறேன் <br>பின்னாலே பார்க்கிறேன் <br>கையாலே ஈர்க்கிறேன் <br>கண்ணாலே சொல்கிறேன் <br>உந்தன் முந்தன் என் காதலை. <br><br>உன்னாலே நான் வான் நிலாவை நினைக்கிறேன் <br>முன்னாலே தான் உன்முகத்தைப்  பார்க்கிறேன் நான்",
      "language" : {
        "name" : "Tamil",
        "code" : "ta"
      }
    }
  ],
  "id" : "65",
  "phonetic_lyrics" : [
    {
      "data" : "unnaalae thaan naan ninaivai izhakkiRaen<br>thannaalae naan vaanuyarap paRakkiRaen<br><br>unnaalae uRaigiRaen<br>thannaalae karaigiRaen<br>kaNNaalae aLakkiRaen<br>thannaalae varaigiRaen<br><br>vaasam veesum vaagai aagiRaen.<br><br>unnaalae thaan naan kanavaik  kaaNkiRaen<br>thannaalae thaan naan thuyarai izhakkiRaen naan…<br><br>nenjam paesum vaarthaikkooda<br>ninaivil niRkavillaiyae<br><br>nenjam minjjum ninaivukkooda<br>thanjam koLLavillaiyae !<br>konjam konjjip paesum vaarthai<br>ovvondRum mullaiyae !<br>moadhalaal vandhdha thollaiyae !<br><br>konja nanja nenjamkooda<br>thunjam koLLavillaiyae !<br>manjam minjjip paesumvaarthai<br>vanjji veesum villaiyae !<br>kaadhalaal vandhdha thollaiyae !<br><br>peNNaalae mayangginaen !<br>pinnaalae thayangginaen !<br>unnaalae uLaRinaen !<br>mey solkiRaen.<br><br>unnaalae thaan naan ninaivai izhakkiRaen<br>thannaalae naan vaanuyarap paRakkiRaen<br><br>vaanil nilavu vandhdhumkooda<br>kaNkaL uRangavillaiyae<br><br>vaanil minnum minnalkooda<br>undhdhan niRathil illaiyae<br>thaenil thoydhup paesum vaarthai<br>ovvondRum thollaiyae !<br>kaadhalin karaiyin ellaiyae !<br><br>oonil paayum kurudhikkooda<br>unnai maRandhdhadhu illaiyae<br>thoaLil saayndhdhu paesum vaarthai<br>vaaLil veezhndhdha mullaiyae !<br>anpinaal malarndhdha mullaiyae !<br><br>peNNaalae mayangginaen !<br>pinnaalae thayangginaen !<br>unnaalae uLaRinaen !<br>mey solkiRaen.<br><br>unnaalae thaan naan ninaivai izhakkiRaen<br>thannaalae naan vaanuyarap paRakkiRaen<br><br>munnaalae nadakkiRaen<br>pinnaalae paarkkiRaen<br>kaiyaalae eerkkiRaen<br>kaNNaalae solkiRaen<br>undhdhan mundhdhan en kaadhalai.<br><br>unnaalae naan vaan nilaavai ninaikkiRaen<br>munnaalae thaan unmugathaip  paarkkiRaen naan",
      "language" : {
        "name" : "English",
        "code" : "en"
      }
    },
    {
      "data" : "உன்னாலே தான் நான் நினைவை இழக்கிறேன் <br>தன்னாலே நான் வானுயரப் பறக்கிறேன் <br><br>உன்னாலே உறைகிறேன் <br>தன்னாலே கரைகிறேன் <br>கண்ணாலே அளக்கிறேன் <br>தன்னாலே வரைகிறேன் <br><br>வாசம் வீசும் வாகை ஆகிறேன். <br><br>உன்னாலே தான் நான் கனவைக்  காண்கிறேன் <br>தன்னாலே தான் நான் துயரை இழக்கிறேன் நான்… <br><br>நெஞ்சம் பேசும் வார்த்தைக்கூட <br>நினைவில் நிற்கவில்லையே<br><br>நெஞ்சம் மிஞ்சும் நினைவுக்கூட <br>தஞ்சம் கொள்ளவில்லையே !<br>கொஞ்சம் கொஞ்சிப் பேசும் வார்த்தை <br>ஒவ்வொன்றும் முல்லையே !<br>மோதலால் வந்த தொல்லையே !<br><br>கொஞ்ச நஞ்ச நெஞ்சம்கூட <br>துஞ்சம் கொள்ளவில்லையே !<br>மஞ்சம் மிஞ்சிப் பேசும்வார்த்தை <br>வஞ்சி வீசும் வில்லையே !<br>காதலால் வந்த தொல்லையே !<br><br>பெண்ணாலே மயங்கினேன் !<br>பின்னாலே தயங்கினேன் !<br>உன்னாலே உளறினேன் !<br>மெய் சொல்கிறேன். <br><br>உன்னாலே தான் நான் நினைவை இழக்கிறேன் <br>தன்னாலே நான் வானுயரப் பறக்கிறேன்<br><br>வானில் நிலவு வந்தும்கூட  <br>கண்கள் உறங்கவில்லையே <br><br>வானில் மின்னும் மின்னல்கூட <br>உந்தன் நிறத்தில் இல்லையே <br>தேனில் தொய்துப் பேசும் வார்த்தை <br>ஒவ்வொன்றும் தொல்லையே ! <br>காதலின் கரையின் எல்லையே ! <br><br>ஊனில் பாயும் குருதிக்கூட <br>உன்னை மறந்தது இல்லையே   <br>தோளில் சாய்ந்து பேசும் வார்த்தை <br>வாளில் வீழ்ந்த முல்லையே ! <br>அன்பினால் மலர்ந்த முல்லையே ! <br><br>பெண்ணாலே மயங்கினேன் !<br>பின்னாலே தயங்கினேன் !<br>உன்னாலே உளறினேன் !<br>மெய் சொல்கிறேன். <br><br>உன்னாலே தான் நான் நினைவை இழக்கிறேன் <br>தன்னாலே நான் வானுயரப் பறக்கிறேன்<br><br>முன்னாலே நடக்கிறேன் <br>பின்னாலே பார்க்கிறேன் <br>கையாலே ஈர்க்கிறேன் <br>கண்ணாலே சொல்கிறேன் <br>உந்தன் முந்தன் என் காதலை. <br><br>உன்னாலே நான் வான் நிலாவை நினைக்கிறேன் <br>முன்னாலே தான் உன்முகத்தைப்  பார்க்கிறேன் நான்",
      "language" : {
        "name" : "Tamil",
        "code" : "ta"
      }
    },
    {
      "data" : "उननाले तान नान निनैवै इलक्किड़ेन <br>तननाले नान वानुयरप पड़क्किड़ेन <br> <br>उननाले उड़ैगिड़ेन <br>तननाले करैगिड़ेन <br>कंणाले अळक्किड़ेन <br>तननाले वरैगिड़ेन <br> <br>वासम वीसुम वागै आगिड़ेन. <br> <br>उननाले तान नान कनवैक  कांकिड़ेन <br>तननाले तान नान तुयरै इलक्किड़ेन नान… <br> <br>नेञम पेसुम वार्तैक्कूड <br>निनैविल निर्कविल्लैये <br> <br>नेञम म्इञ्जुम निनैवुक्कूड <br>तञम कोल्ळविल्लैये ! <br>कोञम कोञजिप पेसुम वारतै <br>ओव्वोन्ड्ड़ुम म्उल्लैये ! <br>म्ओदलाल वन्द द तोललैये ! <br> <br>कोञ नञ नेञम्कूड <br>तुञम कोल्ळविल्लैये ! <br>म्अञम म्इञ्जिप पेसुम्वार्तै <br>वञजि वीसुम विललैये ! <br>कादलाल वन्द द तोललैये ! <br> <br>पेंणाले म्अयङ्गिनेन ! <br>पिननाले तयङ्गिनेन ! <br>उननाले उळरिनेन ! <br>म्एय सोल्किड़ेन. <br> <br>उननाले तान नान निनैवै इलक्किड़ेन <br>तननाले नान वानुयरप पड़क्किड़ेन <br> <br>वानिल निलवु वन्द दुम्कूड <br>कंकल उड़ङविल्लैये <br> <br>वानिल म्इन्नुम म्इन्नल्कूड <br>उन्द दन निड़तिल इललैये <br>तेनिल तोयदुप पेसुम वारतै <br>ओव्वोन्ड्ड़ुम तोललैये ! <br>कादलिन करैयिन एललैये ! <br> <br>ऊनिल पायुम कुरुदिक्कूड <br>उननै म्अड़न्द ददु इललैये <br>तोऴिल सायन्द दु पेसुम वारतै <br>वाऴिल वील्न्द द म्उल्लैये ! <br>अन्पिनाल म्अलर्न्द द म्उल्लैये ! <br> <br>पेंणाले म्अयङ्गिनेन ! <br>पिननाले तयङ्गिनेन ! <br>उननाले उळरिनेन ! <br>म्एय सोल्किड़ेन. <br> <br>उननाले तान नान निनैवै इलक्किड़ेन <br>तननाले नान वानुयरप पड़क्किड़ेन <br> <br>म्उन्नाले नडक्किड़ेन <br>पिननाले पार्क्किड़ेन <br>कैयाले ईर्क्किड़ेन <br>कंणाले सोल्किड़ेन <br>उन्द दन म्उन्द दन एन कादलै. <br> <br>उननाले नान वान निलावै निनैक्किड़ेन <br>म्उन्नाले तान उन्म्उगतैप  पार्क्किड़ेन नान",
      "language" : {
        "name" : "Hindi",
        "code" : "hi"
      }
    },
    {
      "data" : "ఉన్నాలే థాన్ నాన్ నినైవై ఇలక్కిఱేన్ <br>థన్నాలే నాన్ వానుయరప్ పఱక్కిఱేన్ <br> <br>ఉన్నాలే ఉఱైగిఱేన్ <br>థన్నాలే కరైగిఱేన్ <br>కంణాలే అళక్కిఱేన్ <br>థన్నాలే వరైగిఱేన్ <br> <br>వాసమ్ వీసుమ్ వాగై ఆగిఱేన్. <br> <br>ఉన్నాలే థాన్ నాన్ కనవైక్  కాంకిఱేన్ <br>థన్నాలే థాన్ నాన్ థుయరై ఇలక్కిఱేన్ నాన్… <br> <br>నెఞమ్ పేసుమ్ వార్థైక్కూద <br>నినైవిల్ నిఱ్కవిల్లైయే <br> <br>నెఞమ్ మ్యిఞ్జుమ్ నినైవుక్కూద <br>థఞమ్ కొళ్ళవిల్లైయే ! <br>కొఞమ్ కొఞ్జిప్ పేసుమ్ వార్థై <br>ఒవ్వొన్ద్ఱుమ్ మ్యుల్లైయే ! <br>మ్యోధలాల్ వన్ధ్ధ థొల్లైయే ! <br> <br>కొఞ నఞ నెఞమ్కూద <br>థుఞమ్ కొళ్ళవిల్లైయే ! <br>మ్యఞమ్ మ్యిఞ్జిప్ పేసుమ్వార్థై <br>వఞ్జి వీసుమ్ విల్లైయే ! <br>కాధలాల్ వన్ధ్ధ థొల్లైయే ! <br> <br>పెంణాలే మ్యయఙ్గినేన్ ! <br>పిన్నాలే థయఙ్గినేన్ ! <br>ఉన్నాలే ఉళఱినేన్ ! <br>మ్యెయ్ సొల్కిఱేన్. <br> <br>ఉన్నాలే థాన్ నాన్ నినైవై ఇలక్కిఱేన్ <br>థన్నాలే నాన్ వానుయరప్ పఱక్కిఱేన్ <br> <br>వానిల్ నిలవు వన్ధ్ధుమ్కూద <br>కంకళ్ ఉఱఙవిల్లైయే <br> <br>వానిల్ మ్యిన్నుమ్ మ్యిన్నల్కూద <br>ఉన్ధ్ధన్ నిఱథిల్ ఇల్లైయే <br>థేనిల్ థొయ్ధుప్ పేసుమ్ వార్థై <br>ఒవ్వొన్ద్ఱుమ్ థొల్లైయే ! <br>కాధలిన్ కరైయిన్ ఎల్లైయే ! <br> <br>ఊనిల్ పాయుమ్ కురుధిక్కూద <br>ఉన్నై మ్యఱన్ధ్ధధు ఇల్లైయే <br>థోళిల్ సాయ్న్ధ్ధు పేసుమ్ వార్థై <br>వాళిల్ వీల్న్ధ్ధ మ్యుల్లైయే ! <br>అన్పినాల్ మ్యలర్న్ధ్ధ మ్యుల్లైయే ! <br> <br>పెంణాలే మ్యయఙ్గినేన్ ! <br>పిన్నాలే థయఙ్గినేన్ ! <br>ఉన్నాలే ఉళఱినేన్ ! <br>మ్యెయ్ సొల్కిఱేన్. <br> <br>ఉన్నాలే థాన్ నాన్ నినైవై ఇలక్కిఱేన్ <br>థన్నాలే నాన్ వానుయరప్ పఱక్కిఱేన్ <br> <br>మ్యున్నాలే నదక్కిఱేన్ <br>పిన్నాలే పార్క్కిఱేన్ <br>కైయాలే ఈర్క్కిఱేన్ <br>కంణాలే సొల్కిఱేన్ <br>ఉన్ధ్ధన్ మ్యున్ధ్ధన్ ఎన్ కాధలై. <br> <br>ఉన్నాలే నాన్ వాన్ నిలావై నినైక్కిఱేన్ <br>మ్యున్నాలే థాన్ ఉన్మ్యుగథైప్  పార్క్కిఱేన్ నాన్",
      "language" : {
        "name" : "Telugu",
        "code" : "te"
      }
    },
    {
      "data" : "ഉന്നാലേ ഥാന് നാന് നിനൈവൈ ഇഴക്കിറേന് <br>ഥന്നാലേ നാന് വാനുയരപ് പറക്കിറേന് <br> <br>ഉന്നാലേ ഉറൈഗിറേന് <br>ഥന്നാലേ കരൈഗിറേന് <br>കംണാലേ അളക്കിറേന് <br>ഥന്നാലേ വരൈഗിറേന് <br> <br>വാസമ് വീസുമ് വാഗൈ ആഗിറേന്. <br> <br>ഉന്നാലേ ഥാന് നാന് കനവൈക്  കാംകിറേന് <br>ഥന്നാലേ ഥാന് നാന് ഥുയരൈ ഇഴക്കിറേന് നാന്… <br> <br>നെഞമ് പേസുമ് വാര്ഥൈക്കൂദ <br>നിനൈവില് നിറ്കവില്ലൈയേ <br> <br>നെഞമ് മ്യിഞ്ജുമ് നിനൈവുക്കൂദ <br>ഥഞമ് കൊള്ളവില്ലൈയേ ! <br>കൊഞമ് കൊഞ്ജിപ് പേസുമ് വാര്ഥൈ <br>ഒവ്വൊന്ദ്റുമ് മ്യുല്ലൈയേ ! <br>മ്യോധലാല് വന്ധ്ധ ഥൊല്ലൈയേ ! <br> <br>കൊഞ നഞ നെഞമ്കൂദ <br>ഥുഞമ് കൊള്ളവില്ലൈയേ ! <br>മ്യഞമ് മ്യിഞ്ജിപ് പേസുമ്വാര്ഥൈ <br>വഞ്ജി വീസുമ് വില്ലൈയേ ! <br>കാധലാല് വന്ധ്ധ ഥൊല്ലൈയേ ! <br> <br>പെംണാലേ മ്യയങ്ഗിനേന് ! <br>പിന്നാലേ ഥയങ്ഗിനേന് ! <br>ഉന്നാലേ ഉളറിനേന് ! <br>മ്യെയ് സൊല്കിറേന്. <br> <br>ഉന്നാലേ ഥാന് നാന് നിനൈവൈ ഇഴക്കിറേന് <br>ഥന്നാലേ നാന് വാനുയരപ് പറക്കിറേന് <br> <br>വാനില് നിലവു വന്ധ്ധുമ്കൂദ <br>കംകള് ഉറങവില്ലൈയേ <br> <br>വാനില് മ്യിന്നുമ് മ്യിന്നല്കൂദ <br>ഉന്ധ്ധന് നിറഥില് ഇല്ലൈയേ <br>ഥേനില് ഥൊയ്ധുപ് പേസുമ് വാര്ഥൈ <br>ഒവ്വൊന്ദ്റുമ് ഥൊല്ലൈയേ ! <br>കാധലിന് കരൈയിന് എല്ലൈയേ ! <br> <br>ഊനില് പായുമ് കുരുധിക്കൂദ <br>ഉന്നൈ മ്യറന്ധ്ധധു ഇല്ലൈയേ <br>ഥോളില് സായ്ന്ധ്ധു പേസുമ് വാര്ഥൈ <br>വാളില് വീഴ്ന്ധ്ധ മ്യുല്ലൈയേ ! <br>അന്പിനാല് മ്യലര്ന്ധ്ധ മ്യുല്ലൈയേ ! <br> <br>പെംണാലേ മ്യയങ്ഗിനേന് ! <br>പിന്നാലേ ഥയങ്ഗിനേന് ! <br>ഉന്നാലേ ഉളറിനേന് ! <br>മ്യെയ് സൊല്കിറേന്. <br> <br>ഉന്നാലേ ഥാന് നാന് നിനൈവൈ ഇഴക്കിറേന് <br>ഥന്നാലേ നാന് വാനുയരപ് പറക്കിറേന് <br> <br>മ്യുന്നാലേ നദക്കിറേന് <br>പിന്നാലേ പാര്ക്കിറേന് <br>കൈയാലേ ഈര്ക്കിറേന് <br>കംണാലേ സൊല്കിറേന് <br>ഉന്ധ്ധന് മ്യുന്ധ്ധന് എന് കാധലൈ. <br> <br>ഉന്നാലേ നാന് വാന് നിലാവൈ നിനൈക്കിറേന് <br>മ്യുന്നാലേ ഥാന് ഉന്മ്യുഗഥൈപ്  പാര്ക്കിറേന് നാന്",
      "language" : {
        "name" : "Malayalam",
        "code" : "ml"
      }
    },
    {
      "data" : "ಉನ್ನಾಲೇ ಥಾನ್ ನಾನ್ ನಿನೈವೈ ಇಲಕ್ಕಿರೇನ್ <br>ಥನ್ನಾಲೇ ನಾನ್ ವಾನುಯರಪ್ ಪರಕ್ಕಿರೇನ್ <br> <br>ಉನ್ನಾಲೇ ಉರೈಗಿರೇನ್ <br>ಥನ್ನಾಲೇ ಕರೈಗಿರೇನ್ <br>ಕಂಣಾಲೇ ಅಳಕ್ಕಿರೇನ್ <br>ಥನ್ನಾಲೇ ವರೈಗಿರೇನ್ <br> <br>ವಾಸಮ್ ವೀಸುಮ್ ವಾಗೈ ಆಗಿರೇನ್. <br> <br>ಉನ್ನಾಲೇ ಥಾನ್ ನಾನ್ ಕನವೈಕ್  ಕಾಂಕಿರೇನ್ <br>ಥನ್ನಾಲೇ ಥಾನ್ ನಾನ್ ಥುಯರೈ ಇಲಕ್ಕಿರೇನ್ ನಾನ್… <br> <br>ನೆಞಮ್ ಪೇಸುಮ್ ವಾರ್ಥೈಕ್ಕೂದ <br>ನಿನೈವಿಲ್ ನಿರ್ಕವಿಲ್ಲೈಯೇ <br> <br>ನೆಞಮ್ ಮ್ಯಿಞ್ಜುಮ್ ನಿನೈವುಕ್ಕೂದ <br>ಥಞಮ್ ಕೊಳ್ಳವಿಲ್ಲೈಯೇ ! <br>ಕೊಞಮ್ ಕೊಞ್ಜಿಪ್ ಪೇಸುಮ್ ವಾರ್ಥೈ <br>ಒವ್ವೊನ್ದ್ರುಮ್ ಮ್ಯುಲ್ಲೈಯೇ ! <br>ಮ್ಯೋಧಲಾಲ್ ವನ್ಧ್ಧ ಥೊಲ್ಲೈಯೇ ! <br> <br>ಕೊಞ ನಞ ನೆಞಮ್ಕೂದ <br>ಥುಞಮ್ ಕೊಳ್ಳವಿಲ್ಲೈಯೇ ! <br>ಮ್ಯಞಮ್ ಮ್ಯಿಞ್ಜಿಪ್ ಪೇಸುಮ್ವಾರ್ಥೈ <br>ವಞ್ಜಿ ವೀಸುಮ್ ವಿಲ್ಲೈಯೇ ! <br>ಕಾಧಲಾಲ್ ವನ್ಧ್ಧ ಥೊಲ್ಲೈಯೇ ! <br> <br>ಪೆಂಣಾಲೇ ಮ್ಯಯಙ್ಗಿನೇನ್ ! <br>ಪಿನ್ನಾಲೇ ಥಯಙ್ಗಿನೇನ್ ! <br>ಉನ್ನಾಲೇ ಉಳರಿನೇನ್ ! <br>ಮ್ಯೆಯ್ ಸೊಲ್ಕಿರೇನ್. <br> <br>ಉನ್ನಾಲೇ ಥಾನ್ ನಾನ್ ನಿನೈವೈ ಇಲಕ್ಕಿರೇನ್ <br>ಥನ್ನಾಲೇ ನಾನ್ ವಾನುಯರಪ್ ಪರಕ್ಕಿರೇನ್ <br> <br>ವಾನಿಲ್ ನಿಲವು ವನ್ಧ್ಧುಮ್ಕೂದ <br>ಕಂಕಳ್ ಉರಙವಿಲ್ಲೈಯೇ <br> <br>ವಾನಿಲ್ ಮ್ಯಿನ್ನುಮ್ ಮ್ಯಿನ್ನಲ್ಕೂದ <br>ಉನ್ಧ್ಧನ್ ನಿರಥಿಲ್ ಇಲ್ಲೈಯೇ <br>ಥೇನಿಲ್ ಥೊಯ್ಧುಪ್ ಪೇಸುಮ್ ವಾರ್ಥೈ <br>ಒವ್ವೊನ್ದ್ರುಮ್ ಥೊಲ್ಲೈಯೇ ! <br>ಕಾಧಲಿನ್ ಕರೈಯಿನ್ ಎಲ್ಲೈಯೇ ! <br> <br>ಊನಿಲ್ ಪಾಯುಮ್ ಕುರುಧಿಕ್ಕೂದ <br>ಉನ್ನೈ ಮ್ಯರನ್ಧ್ಧಧು ಇಲ್ಲೈಯೇ <br>ಥೋಳಿಲ್ ಸಾಯ್ನ್ಧ್ಧು ಪೇಸುಮ್ ವಾರ್ಥೈ <br>ವಾಳಿಲ್ ವೀಲ್ನ್ಧ್ಧ ಮ್ಯುಲ್ಲೈಯೇ ! <br>ಅನ್ಪಿನಾಲ್ ಮ್ಯಲರ್ನ್ಧ್ಧ ಮ್ಯುಲ್ಲೈಯೇ ! <br> <br>ಪೆಂಣಾಲೇ ಮ್ಯಯಙ್ಗಿನೇನ್ ! <br>ಪಿನ್ನಾಲೇ ಥಯಙ್ಗಿನೇನ್ ! <br>ಉನ್ನಾಲೇ ಉಳರಿನೇನ್ ! <br>ಮ್ಯೆಯ್ ಸೊಲ್ಕಿರೇನ್. <br> <br>ಉನ್ನಾಲೇ ಥಾನ್ ನಾನ್ ನಿನೈವೈ ಇಲಕ್ಕಿರೇನ್ <br>ಥನ್ನಾಲೇ ನಾನ್ ವಾನುಯರಪ್ ಪರಕ್ಕಿರೇನ್ <br> <br>ಮ್ಯುನ್ನಾಲೇ ನದಕ್ಕಿರೇನ್ <br>ಪಿನ್ನಾಲೇ ಪಾರ್ಕ್ಕಿರೇನ್ <br>ಕೈಯಾಲೇ ಈರ್ಕ್ಕಿರೇನ್ <br>ಕಂಣಾಲೇ ಸೊಲ್ಕಿರೇನ್ <br>ಉನ್ಧ್ಧನ್ ಮ್ಯುನ್ಧ್ಧನ್ ಎನ್ ಕಾಧಲೈ. <br> <br>ಉನ್ನಾಲೇ ನಾನ್ ವಾನ್ ನಿಲಾವೈ ನಿನೈಕ್ಕಿರೇನ್ <br>ಮ್ಯುನ್ನಾಲೇ ಥಾನ್ ಉನ್ಮ್ಯುಗಥೈಪ್  ಪಾರ್ಕ್ಕಿರೇನ್ ನಾನ್",
      "language" : {
        "name" : "Kanadam",
        "code" : "ka"
      }
    },
    {
      "data" : "উন্নালে থান্ নান্ নিনৈৱৈ ইলক্কিড়েন্ <br>থন্নালে নান্ ৱানুযরপ্ পড়ক্কিড়েন্ <br> <br>উন্নালে উড়ৈগিড়েন্ <br>থন্নালে করৈগিড়েন্ <br>কঁণালে অলক্কিড়েন্ <br>থন্নালে ৱরৈগিড়েন্ <br> <br>ৱাসম্ ৱীসুম্ ৱাগৈ আগিড়েন্. <br> <br>উন্নালে থান্ নান্ কনৱৈক্  কাঁকিড়েন্ <br>থন্নালে থান্ নান্ থুযরৈ ইলক্কিড়েন্ নান্… <br> <br>নেঞম্ পেসুম্ ৱার্থৈক্কূদ <br>নিনৈৱিল্ নিড়্কৱিল্লৈযে <br> <br>নেঞম্ ম্যিঞ্জুম্ নিনৈৱুক্কূদ <br>থঞম্ কোল্লৱিল্লৈযে ! <br>কোঞম্ কোঞ্জিপ্ পেসুম্ ৱার্থৈ <br>ওৱ্ৱোন্দ্ড়ুম্ ম্যুল্লৈযে ! <br>ম্যোধলাল্ ৱন্ধ্ধ থোল্লৈযে ! <br> <br>কোঞ নঞ নেঞম্কূদ <br>থুঞম্ কোল্লৱিল্লৈযে ! <br>ম্যঞম্ ম্যিঞ্জিপ্ পেসুম্ৱার্থৈ <br>ৱঞ্জি ৱীসুম্ ৱিল্লৈযে ! <br>কাধলাল্ ৱন্ধ্ধ থোল্লৈযে ! <br> <br>পেঁণালে ম্যযঙ্গিনেন্ ! <br>পিন্নালে থযঙ্গিনেন্ ! <br>উন্নালে উলড়িনেন্ ! <br>ম্যেয্ সোল্কিড়েন্. <br> <br>উন্নালে থান্ নান্ নিনৈৱৈ ইলক্কিড়েন্ <br>থন্নালে নান্ ৱানুযরপ্ পড়ক্কিড়েন্ <br> <br>ৱানিল্ নিলৱু ৱন্ধ্ধুম্কূদ <br>কঁকল্ উড়ঙৱিল্লৈযে <br> <br>ৱানিল্ ম্যিন্নুম্ ম্যিন্নল্কূদ <br>উন্ধ্ধন্ নিড়থিল্ ইল্লৈযে <br>থেনিল্ থোয্ধুপ্ পেসুম্ ৱার্থৈ <br>ওৱ্ৱোন্দ্ড়ুম্ থোল্লৈযে ! <br>কাধলিন্ করৈযিন্ এল্লৈযে ! <br> <br>ঊনিল্ পাযুম্ কুরুধিক্কূদ <br>উন্নৈ ম্যড়ন্ধ্ধধু ইল্লৈযে <br>থোলিল্ সায্ন্ধ্ধু পেসুম্ ৱার্থৈ <br>ৱালিল্ ৱীল্ন্ধ্ধ ম্যুল্লৈযে ! <br>অন্পিনাল্ ম্যলর্ন্ধ্ধ ম্যুল্লৈযে ! <br> <br>পেঁণালে ম্যযঙ্গিনেন্ ! <br>পিন্নালে থযঙ্গিনেন্ ! <br>উন্নালে উলড়িনেন্ ! <br>ম্যেয্ সোল্কিড়েন্. <br> <br>উন্নালে থান্ নান্ নিনৈৱৈ ইলক্কিড়েন্ <br>থন্নালে নান্ ৱানুযরপ্ পড়ক্কিড়েন্ <br> <br>ম্যুন্নালে নদক্কিড়েন্ <br>পিন্নালে পার্ক্কিড়েন্ <br>কৈযালে ঈর্ক্কিড়েন্ <br>কঁণালে সোল্কিড়েন্ <br>উন্ধ্ধন্ ম্যুন্ধ্ধন্ এন্ কাধলৈ. <br> <br>উন্নালে নান্ ৱান্ নিলাৱৈ নিনৈক্কিড়েন্ <br>ম্যুন্নালে থান্ উন্ম্যুগথৈপ্  পার্ক্কিড়েন্ নান্",
      "language" : {
        "name" : "Bengali",
        "code" : "be"
      }
    },
    {
      "data" : "ઉન્નાલૅ થાન્ ણાન્ ણિનૈવૈ ઇલક્કિરૅન્ <br>થન્નાલૅ ણાન્ વાનુયરપ્ પરક્કિરૅન્ <br> <br>ઉન્નાલૅ ઉરૈગિરૅન્ <br>થન્નાલૅ કરૈગિરૅન્ <br>કંણાલૅ અળક્કિરૅન્ <br>થન્નાલૅ વરૈગિરૅન્ <br> <br>વાસમ્ વીસુમ્ વાગૈ આગિરૅન્. <br> <br>ઉન્નાલૅ થાન્ ણાન્ કનવૈક્  કાંકિરૅન્ <br>થન્નાલૅ થાન્ ણાન્ થુયરૈ ઇલક્કિરૅન્ ણાન્… <br> <br>ણેઞમ્ પૅસુમ્ વાર્થૈક્કૂદ <br>ણિનૈવિલ્ ણિર્કવિલ્લૈયૅ <br> <br>ણેઞમ્ મ્યિઞ્જુમ્ ણિનૈવુક્કૂદ <br>થઞમ્ કોળ્ળવિલ્લૈયૅ ! <br>કોઞમ્ કોઞ્જિપ્ પૅસુમ્ વાર્થૈ <br>ઓવ્વોન્દ્રુમ્ મ્યુલ્લૈયૅ ! <br>મ્યૉધલાલ્ વન્ધ્ધ થોલ્લૈયૅ ! <br> <br>કોઞ ણઞ ણેઞમ્કૂદ <br>થુઞમ્ કોળ્ળવિલ્લૈયૅ ! <br>મ્યઞમ્ મ્યિઞ્જિપ્ પૅસુમ્વાર્થૈ <br>વઞ્જિ વીસુમ્ વિલ્લૈયૅ ! <br>કાધલાલ્ વન્ધ્ધ થોલ્લૈયૅ ! <br> <br>પેંણાલૅ મ્યયઙ્ગિનૅન્ ! <br>પિન્નાલૅ થયઙ્ગિનૅન્ ! <br>ઉન્નાલૅ ઉળરિનૅન્ ! <br>મ્યેય્ સોલ્કિરૅન્. <br> <br>ઉન્નાલૅ થાન્ ણાન્ ણિનૈવૈ ઇલક્કિરૅન્ <br>થન્નાલૅ ણાન્ વાનુયરપ્ પરક્કિરૅન્ <br> <br>વાનિલ્ ણિલવુ વન્ધ્ધુમ્કૂદ <br>કંકળ્ ઉરઙવિલ્લૈયૅ <br> <br>વાનિલ્ મ્યિન્નુમ્ મ્યિન્નલ્કૂદ <br>ઉન્ધ્ધન્ ણિરથિલ્ ઇલ્લૈયૅ <br>થૅનિલ્ થોય્ધુપ્ પૅસુમ્ વાર્થૈ <br>ઓવ્વોન્દ્રુમ્ થોલ્લૈયૅ ! <br>કાધલિન્ કરૈયિન્ એલ્લૈયૅ ! <br> <br>ઊનિલ્ પાયુમ્ કુરુધિક્કૂદ <br>ઉન્નૈ મ્યરન્ધ્ધધુ ઇલ્લૈયૅ <br>થૉળિલ્ સાય્ન્ધ્ધુ પૅસુમ્ વાર્થૈ <br>વાળિલ્ વીલ્ન્ધ્ધ મ્યુલ્લૈયૅ ! <br>અન્પિનાલ્ મ્યલર્ન્ધ્ધ મ્યુલ્લૈયૅ ! <br> <br>પેંણાલૅ મ્યયઙ્ગિનૅન્ ! <br>પિન્નાલૅ થયઙ્ગિનૅન્ ! <br>ઉન્નાલૅ ઉળરિનૅન્ ! <br>મ્યેય્ સોલ્કિરૅન્. <br> <br>ઉન્નાલૅ થાન્ ણાન્ ણિનૈવૈ ઇલક્કિરૅન્ <br>થન્નાલૅ ણાન્ વાનુયરપ્ પરક્કિરૅન્ <br> <br>મ્યુન્નાલૅ ણદક્કિરૅન્ <br>પિન્નાલૅ પાર્ક્કિરૅન્ <br>કૈયાલૅ ઈર્ક્કિરૅન્ <br>કંણાલૅ સોલ્કિરૅન્ <br>ઉન્ધ્ધન્ મ્યુન્ધ્ધન્ એન્ કાધલૈ. <br> <br>ઉન્નાલૅ ણાન્ વાન્ ણિલાવૈ ણિનૈક્કિરૅન્ <br>મ્યુન્નાલૅ થાન્ ઉન્મ્યુગથૈપ્  પાર્ક્કિરૅન્ ણાન્",
      "language" : {
        "name" : "Gujarathi",
        "code" : "gu"
      }
    },
    {
      "data" : "उननाले तान नान निनैवै इलक्किड़ेन <br>तननाले नान वानुयरप पड़क्किड़ेन <br> <br>उननाले उड़ैगिड़ेन <br>तननाले करैगिड़ेन <br>कंणाले अळक्किड़ेन <br>तननाले वरैगिड़ेन <br> <br>वासम वीसुम वागै आगिड़ेन. <br> <br>उननाले तान नान कनवैक  कांकिड़ेन <br>तननाले तान नान तुयरै इलक्किड़ेन नान… <br> <br>नेञम पेसुम वार्तैक्कूड <br>निनैविल निर्कविल्लैये <br> <br>नेञम म्इञ्जुम निनैवुक्कूड <br>तञम कोल्ळविल्लैये ! <br>कोञम कोञजिप पेसुम वारतै <br>ओव्वोन्ड्ड़ुम म्उल्लैये ! <br>म्ओदलाल वन्द द तोललैये ! <br> <br>कोञ नञ नेञम्कूड <br>तुञम कोल्ळविल्लैये ! <br>म्अञम म्इञ्जिप पेसुम्वार्तै <br>वञजि वीसुम विललैये ! <br>कादलाल वन्द द तोललैये ! <br> <br>पेंणाले म्अयङ्गिनेन ! <br>पिननाले तयङ्गिनेन ! <br>उननाले उळरिनेन ! <br>म्एय सोल्किड़ेन. <br> <br>उननाले तान नान निनैवै इलक्किड़ेन <br>तननाले नान वानुयरप पड़क्किड़ेन <br> <br>वानिल निलवु वन्द दुम्कूड <br>कंकल उड़ङविल्लैये <br> <br>वानिल म्इन्नुम म्इन्नल्कूड <br>उन्द दन निड़तिल इललैये <br>तेनिल तोयदुप पेसुम वारतै <br>ओव्वोन्ड्ड़ुम तोललैये ! <br>कादलिन करैयिन एललैये ! <br> <br>ऊनिल पायुम कुरुदिक्कूड <br>उननै म्अड़न्द ददु इललैये <br>तोऴिल सायन्द दु पेसुम वारतै <br>वाऴिल वील्न्द द म्उल्लैये ! <br>अन्पिनाल म्अलर्न्द द म्उल्लैये ! <br> <br>पेंणाले म्अयङ्गिनेन ! <br>पिननाले तयङ्गिनेन ! <br>उननाले उळरिनेन ! <br>म्एय सोल्किड़ेन. <br> <br>उननाले तान नान निनैवै इलक्किड़ेन <br>तननाले नान वानुयरप पड़क्किड़ेन <br> <br>म्उन्नाले नडक्किड़ेन <br>पिननाले पार्क्किड़ेन <br>कैयाले ईर्क्किड़ेन <br>कंणाले सोल्किड़ेन <br>उन्द दन म्उन्द दन एन कादलै. <br> <br>उननाले नान वान निलावै निनैक्किड़ेन <br>म्उन्नाले तान उन्म्उगतैप  पार्क्किड़ेन नान",
      "language" : {
        "name" : "Marathi",
        "code" : "mr"
      }
    },
    {
      "data" : "ଉନ୍ନାଳେ ଥାନ୍ ନାନ୍ ନିନୈୱୈ ଇଳକ୍କିଡ଼େନ୍ <br>ଥନ୍ନାଳେ ନାନ୍ ୱାନୁଯରପ୍ ପଡ଼କ୍କିଡ଼େନ୍ <br> <br>ଉନ୍ନାଳେ ଉଡ଼ୈଗିଡ଼େନ୍ <br>ଥନ୍ନାଳେ କରୈଗିଡ଼େନ୍ <br>କଂଣାଳେ ଅଲକ୍କିଡ଼େନ୍ <br>ଥନ୍ନାଳେ ୱରୈଗିଡ଼େନ୍ <br> <br>ୱାସମ୍ ୱୀସୁମ୍ ୱାଗୈ ଆଗିଡ଼େନ୍. <br> <br>ଉନ୍ନାଳେ ଥାନ୍ ନାନ୍ କନୱୈକ୍  କାଂକିଡ଼େନ୍ <br>ଥନ୍ନାଳେ ଥାନ୍ ନାନ୍ ଥୁଯରୈ ଇଳକ୍କିଡ଼େନ୍ ନାନ୍… <br> <br>ନେଞମ୍ ପେସୁମ୍ ୱାର୍ଥୈକ୍କୂଦ <br>ନିନୈୱିଳ୍ ନିଡ଼୍କୱିଳ୍ଳୈଯେ <br> <br>ନେଞମ୍ ମ୍ଯିଞ୍ଜୁମ୍ ନିନୈୱୁକ୍କୂଦ <br>ଥଞମ୍ କୋଲ୍ଲୱିଳ୍ଳୈଯେ ! <br>କୋଞମ୍ କୋଞ୍ଜିପ୍ ପେସୁମ୍ ୱାର୍ଥୈ <br>ଓୱ୍ୱୋନ୍ଦ୍ଡ଼ୁମ୍ ମ୍ଯୁଳ୍ଳୈଯେ ! <br>ମ୍ଯୋଧଳାଳ୍ ୱନ୍ଧ୍ଧ ଥୋଳ୍ଳୈଯେ ! <br> <br>କୋଞ ନଞ ନେଞମ୍କୂଦ <br>ଥୁଞମ୍ କୋଲ୍ଲୱିଳ୍ଳୈଯେ ! <br>ମ୍ଯଞମ୍ ମ୍ଯିଞ୍ଜିପ୍ ପେସୁମ୍ୱାର୍ଥୈ <br>ୱଞ୍ଜି ୱୀସୁମ୍ ୱିଳ୍ଳୈଯେ ! <br>କାଧଳାଳ୍ ୱନ୍ଧ୍ଧ ଥୋଳ୍ଳୈଯେ ! <br> <br>ପେଂଣାଳେ ମ୍ଯଯଙ୍ଗିନେନ୍ ! <br>ପିନ୍ନାଳେ ଥଯଙ୍ଗିନେନ୍ ! <br>ଉନ୍ନାଳେ ଉଲଡ଼ିନେନ୍ ! <br>ମ୍ଯେଯ୍ ସୋଳ୍କିଡ଼େନ୍. <br> <br>ଉନ୍ନାଳେ ଥାନ୍ ନାନ୍ ନିନୈୱୈ ଇଳକ୍କିଡ଼େନ୍ <br>ଥନ୍ନାଳେ ନାନ୍ ୱାନୁଯରପ୍ ପଡ଼କ୍କିଡ଼େନ୍ <br> <br>ୱାନିଳ୍ ନିଳୱୁ ୱନ୍ଧ୍ଧୁମ୍କୂଦ <br>କଂକଲ୍ ଉଡ଼ଙୱିଳ୍ଳୈଯେ <br> <br>ୱାନିଳ୍ ମ୍ଯିନ୍ନୁମ୍ ମ୍ଯିନ୍ନଳ୍କୂଦ <br>ଉନ୍ଧ୍ଧନ୍ ନିଡ଼ଥିଳ୍ ଇଳ୍ଳୈଯେ <br>ଥେନିଳ୍ ଥୋଯ୍ଧୁପ୍ ପେସୁମ୍ ୱାର୍ଥୈ <br>ଓୱ୍ୱୋନ୍ଦ୍ଡ଼ୁମ୍ ଥୋଳ୍ଳୈଯେ ! <br>କାଧଳିନ୍ କରୈଯିନ୍ ଏଳ୍ଳୈଯେ ! <br> <br>ଊନିଳ୍ ପାଯୁମ୍ କୁରୁଧିକ୍କୂଦ <br>ଉନ୍ନୈ ମ୍ଯଡ଼ନ୍ଧ୍ଧଧୁ ଇଳ୍ଳୈଯେ <br>ଥୋଲିଳ୍ ସାଯ୍ନ୍ଧ୍ଧୁ ପେସୁମ୍ ୱାର୍ଥୈ <br>ୱାଲିଳ୍ ୱୀଳ୍ନ୍ଧ୍ଧ ମ୍ଯୁଳ୍ଳୈଯେ ! <br>ଅନ୍ପିନାଳ୍ ମ୍ଯଳର୍ନ୍ଧ୍ଧ ମ୍ଯୁଳ୍ଳୈଯେ ! <br> <br>ପେଂଣାଳେ ମ୍ଯଯଙ୍ଗିନେନ୍ ! <br>ପିନ୍ନାଳେ ଥଯଙ୍ଗିନେନ୍ ! <br>ଉନ୍ନାଳେ ଉଲଡ଼ିନେନ୍ ! <br>ମ୍ଯେଯ୍ ସୋଳ୍କିଡ଼େନ୍. <br> <br>ଉନ୍ନାଳେ ଥାନ୍ ନାନ୍ ନିନୈୱୈ ଇଳକ୍କିଡ଼େନ୍ <br>ଥନ୍ନାଳେ ନାନ୍ ୱାନୁଯରପ୍ ପଡ଼କ୍କିଡ଼େନ୍ <br> <br>ମ୍ଯୁନ୍ନାଳେ ନଦକ୍କିଡ଼େନ୍ <br>ପିନ୍ନାଳେ ପାର୍କ୍କିଡ଼େନ୍ <br>କୈଯାଳେ ଈର୍କ୍କିଡ଼େନ୍ <br>କଂଣାଳେ ସୋଳ୍କିଡ଼େନ୍ <br>ଉନ୍ଧ୍ଧନ୍ ମ୍ଯୁନ୍ଧ୍ଧନ୍ ଏନ୍ କାଧଳୈ. <br> <br>ଉନ୍ନାଳେ ନାନ୍ ୱାନ୍ ନିଳାୱୈ ନିନୈକ୍କିଡ଼େନ୍ <br>ମ୍ଯୁନ୍ନାଳେ ଥାନ୍ ଉନ୍ମ୍ଯୁଗଥୈପ୍  ପାର୍କ୍କିଡ଼େନ୍ ନାନ୍",
      "language" : {
        "name" : "Oriya",
        "code" : "or"
      }
    },
    {
      "data" : "उननाले तान नान निनैवै इलक्किड़ेन <br>तननाले नान वानुयरप पड़क्किड़ेन <br> <br>उननाले उड़ैगिड़ेन <br>तननाले करैगिड़ेन <br>कंणाले अळक्किड़ेन <br>तननाले वरैगिड़ेन <br> <br>वासम वीसुम वागै आगिड़ेन. <br> <br>उननाले तान नान कनवैक  कांकिड़ेन <br>तननाले तान नान तुयरै इलक्किड़ेन नान… <br> <br>नेञम पेसुम वार्तैक्कूड <br>निनैविल निर्कविल्लैये <br> <br>नेञम म्इञ्जुम निनैवुक्कूड <br>तञम कोल्ळविल्लैये ! <br>कोञम कोञजिप पेसुम वारतै <br>ओव्वोन्ड्ड़ुम म्उल्लैये ! <br>म्ओदलाल वन्द द तोललैये ! <br> <br>कोञ नञ नेञम्कूड <br>तुञम कोल्ळविल्लैये ! <br>म्अञम म्इञ्जिप पेसुम्वार्तै <br>वञजि वीसुम विललैये ! <br>कादलाल वन्द द तोललैये ! <br> <br>पेंणाले म्अयङ्गिनेन ! <br>पिननाले तयङ्गिनेन ! <br>उननाले उळरिनेन ! <br>म्एय सोल्किड़ेन. <br> <br>उननाले तान नान निनैवै इलक्किड़ेन <br>तननाले नान वानुयरप पड़क्किड़ेन <br> <br>वानिल निलवु वन्द दुम्कूड <br>कंकल उड़ङविल्लैये <br> <br>वानिल म्इन्नुम म्इन्नल्कूड <br>उन्द दन निड़तिल इललैये <br>तेनिल तोयदुप पेसुम वारतै <br>ओव्वोन्ड्ड़ुम तोललैये ! <br>कादलिन करैयिन एललैये ! <br> <br>ऊनिल पायुम कुरुदिक्कूड <br>उननै म्अड़न्द ददु इललैये <br>तोऴिल सायन्द दु पेसुम वारतै <br>वाऴिल वील्न्द द म्उल्लैये ! <br>अन्पिनाल म्अलर्न्द द म्उल्लैये ! <br> <br>पेंणाले म्अयङ्गिनेन ! <br>पिननाले तयङ्गिनेन ! <br>उननाले उळरिनेन ! <br>म्एय सोल्किड़ेन. <br> <br>उननाले तान नान निनैवै इलक्किड़ेन <br>तननाले नान वानुयरप पड़क्किड़ेन <br> <br>म्उन्नाले नडक्किड़ेन <br>पिननाले पार्क्किड़ेन <br>कैयाले ईर्क्किड़ेन <br>कंणाले सोल्किड़ेन <br>उन्द दन म्उन्द दन एन कादलै. <br> <br>उननाले नान वान निलावै निनैक्किड़ेन <br>म्उन्नाले तान उन्म्उगतैप  पार्क्किड़ेन नान",
      "language" : {
        "name" : "konkani",
        "code" : "ko"
      }
    }
  ],
  "mood" : {
    "slug" : "happy",
    "name" : "Happy"
  },
  "thumbnail" : "https:\/\/d1ua79hvv369a0.cloudfront.net\/reflection\/thumbnail\/June\/02\/unnale_thaan_thumb.jpg",
  "language" : {
    "name" : "Tamil",
    "code" : "ta"
  },
  "slug" : "unnale-thaan",
  "info" : {
    "lyric_genres" : [
      {
        "name" : {
          "en" : "Character",
          "hi" : "Character",
          "te" : "Character",
          "ta" : "பாத்திரம்"
        }
      }
    ],
    "thaalams" : [
      {
        "name" : {
          "en" : "Thisra nadai Aadi taalam",
          "hi" : "Thisra nadai Aadi taalam",
          "te" : "Thisra nadai Aadi taalam",
          "ta" : "திஸ்ரா நடை ஆதி தாளம்"
        }
      }
    ],
    "lyric_languages" : [
      {
        "name" : {
          "en" : "Tamil",
          "hi" : "Tamil",
          "te" : "Tamil",
          "ta" : "தமிழ்"
        }
      }
    ],
    "lyric_moods" : [
      {
        "name" : {
          "en" : "Happy",
          "hi" : "Happy",
          "te" : "Happy",
          "ta" : "மகிழ்ச்சி"
        }
      }
    ],
    "music_genres" : [
      {
        "name" : {
          "en" : "Retro",
          "hi" : "Retro",
          "te" : "Retro",
          "ta" : "ரெட்ரோ"
        }
      },
      {
        "name" : {
          "en" : "Old Classic",
          "hi" : "Old Classic",
          "te" : "Old Classic",
          "ta" : "ஓல்டு கிளாசிக்"
        }
      }
    ],
    "best_seasons_to_listen" : [
      {
        "name" : {
          "en" : "All",
          "hi" : "All",
          "te" : "All",
          "ta" : "எப்பொழுதும்"
        }
      }
    ],
    "launch_date" : {
      "en" : "02\/06\/2016",
      "hi" : "02\/06\/2016",
      "te" : "02\/06\/2016",
      "ta" : "02\/06\/2016"
    },
    "lyric_styles" : [
      {
        "name" : {
          "en" : "Mixed",
          "hi" : "Mixed",
          "te" : "Mixed",
          "ta" : "கலப்பு நடை"
        }
      }
    ],
    "duration" : 4.03,
    "raagams" : [
      {
        "name" : {
          "en" : "Minor scale (Keeravani, Natabhairavi)",
          "hi" : "Minor scale (Keeravani, Natabhairavi)",
          "te" : "Minor scale (Keeravani, Natabhairavi)",
          "ta" : "மைனர் ஸ்கேல் (கீரவானி, நடபைரவி)"
        }
      }
    ],
    "instruments" : [
      {
        "name" : {
          "en" : "Keyboard",
          "hi" : "Keyboard",
          "te" : "Keyboard",
          "ta" : "கீபோர்டு"
        }
      },
      {
        "name" : {
          "en" : "Guitar",
          "hi" : "Guitar",
          "te" : "Guitar",
          "ta" : "கிட்டார்"
        }
      },
      {
        "name" : {
          "en" : "Bass",
          "hi" : "Bass",
          "te" : "Bass",
          "ta" : "பேஸ்"
        }
      },
      {
        "name" : {
          "en" : "Drums",
          "hi" : "Drums",
          "te" : "Drums",
          "ta" : "டிரம்ஸ்"
        }
      },
      {
        "name" : {
          "en" : "Tabla",
          "hi" : "Tabla",
          "te" : "Tabla",
          "ta" : "தப்லா"
        }
      },
      {
        "name" : {
          "en" : "Accordion",
          "hi" : "Accordion",
          "te" : "Accordion",
          "ta" : "அக்கார்டியன்"
        }
      }
    ],
    "best_times_to_listen" : [
      {
        "name" : {
          "en" : "Evening",
          "hi" : "Evening",
          "te" : "Evening",
          "ta" : "மாலை"
        }
      },
      {
        "name" : {
          "en" : "Party",
          "hi" : "Party",
          "te" : "Party",
          "ta" : "விருந்து"
        }
      },
      {
        "name" : {
          "en" : "Night",
          "hi" : "Night",
          "te" : "Night",
          "ta" : "இரவு"
        }
      }
    ]
  }
}