{
  "title" : {
    "en" : "Vaada Malli",
    "hi" : "Vaada Malli",
    "te" : "Vaada Malli",
    "ta" : "வாடா மல்லி"
  },
  "credits" : {
    "mixers" : [
      {
        "name" : {
          "en" : "A.L .Thukaram",
          "hi" : "A.L .Thukaram",
          "te" : "A.L .Thukaram",
          "ta" : "A.L.துகரம்"
        }
      },
      {
        "name" : {
          "en" : "J Maheshwaran",
          "hi" : "J Maheshwaran",
          "te" : "J Maheshwaran",
          "ta" : "J.மகேஷ்வரன்"
        }
      }
    ],
    "masters" : [
      {
        "name" : {
          "en" : "A.L .Thukaram",
          "hi" : "A.L .Thukaram",
          "te" : "A.L .Thukaram",
          "ta" : "A.L.துகரம்"
        }
      },
      {
        "name" : {
          "en" : "J Maheshwaran",
          "hi" : "J Maheshwaran",
          "te" : "J Maheshwaran",
          "ta" : "J.மகேஷ்வரன்"
        }
      }
    ],
    "composers" : [
      {
        "name" : {
          "en" : "Raj",
          "hi" : "Raj",
          "te" : "Raj",
          "ta" : "ராஜ்"
        }
      },
      {
        "name" : {
          "en" : "Kapil",
          "hi" : "Kapil",
          "te" : "Kapil",
          "ta" : "கபில்"
        }
      }
    ],
    "lyricists" : [
      {
        "name" : {
          "en" : "Varun Thushyanthan",
          "hi" : "Varun Thushyanthan",
          "te" : "Varun Thushyanthan",
          "ta" : "வருன் துஷ்யந்தன்"
        }
      }
    ],
    "featuring" : [
      {
        "name" : {
          "en" : "Mukesh",
          "hi" : "Mukesh",
          "te" : "Mukesh",
          "ta" : "முகேஷ்"
        }
      }
    ],
    "singers" : [
      {
        "name" : {
          "en" : "Mukesh",
          "hi" : "Mukesh",
          "te" : "Mukesh",
          "ta" : "முகேஷ்"
        }
      }
    ],
    "arrangers" : [
      {
        "name" : {
          "en" : "Raj",
          "hi" : "Raj",
          "te" : "Raj",
          "ta" : "ராஜ்"
        }
      },
      {
        "name" : {
          "en" : "Kapil",
          "hi" : "Kapil",
          "te" : "Kapil",
          "ta" : "கபில்"
        }
      }
    ],
    "producers" : [
      {
        "name" : {
          "en" : "Raj",
          "hi" : "Raj",
          "te" : "Raj",
          "ta" : "ராஜ்"
        }
      },
      {
        "name" : {
          "en" : "Kapil",
          "hi" : "Kapil",
          "te" : "Kapil",
          "ta" : "கபில்"
        }
      }
    ],
    "lyric_video_senior_editor" : [
      {
        "name" : {
          "en" : "Shyam Sundar Murugesan",
          "hi" : "Shyam Sundar Murugesan",
          "te" : "Shyam Sundar Murugesan",
          "ta" : "ஷியாம் சுந்தர் முருகேசன்"
        }
      }
    ],
    "recorded_studios" : [
      {
        "name" : {
          "en" : "Amusync Entertainment - Sri Lanka",
          "hi" : "Amusync Entertainment - Sri Lanka",
          "te" : "Amusync Entertainment - Sri Lanka",
          "ta" : "அம்யூஸிங்க் எண்டர்டெய்ன்மெண்ட் - ஸ்ரீ லங்கா"
        }
      },
      {
        "name" : {
          "en" : "Krishna Digi Design - Chennai",
          "hi" : "Krishna Digi Design - Chennai",
          "te" : "Krishna Digi Design - Chennai",
          "ta" : "கிருஷ்ணா டிஜி டிசைன்"
        }
      }
    ],
    "translator" : [
      {
        "name" : {
          "en" : "Jayashree Ramanujam",
          "hi" : "Jayashree Ramanujam",
          "te" : "Jayashree Ramanujam",
          "ta" : "ஜெயஸ்ரீ இராமானுஜம்"
        }
      }
    ],
    "lyric_art" : [
      {
        "name" : {
          "en" : "Enthrall Communication",
          "hi" : "Enthrall Communication",
          "te" : "Enthrall Communication",
          "ta" : "எந்த்ரால் கம்யூனிகேஷன்"
        }
      }
    ],
    "manager_of_visual_content" : [
      {
        "name" : {
          "en" : "Gokula Krishnan R Vasugi, MFI",
          "hi" : "Gokula Krishnan R Vasugi, MFI",
          "te" : "Gokula Krishnan R Vasugi, MFI",
          "ta" : "கோகுல கிருஷ்ணன் R வாசுகி MFI"
        }
      }
    ],
    "sound_engineers" : [
      {
        "name" : {
          "en" : "Rakesh",
          "hi" : "Rakesh",
          "te" : "Rakesh",
          "ta" : "ராகேஷ்"
        }
      },
      {
        "name" : {
          "en" : "Ruban",
          "hi" : "Ruban",
          "te" : "Ruban",
          "ta" : "ரூபன்"
        }
      }
    ],
    "lyric_video_editor" : [
      {
        "name" : {
          "en" : "Mithran.B",
          "hi" : "Mithran.B",
          "te" : "Mithran.B",
          "ta" : "மித்திரன்.B"
        }
      }
    ]
  },
  "active" : true,
  "published_on" : "2016-05-14T12:30:00.000Z",
  "description" : {
    "en" : "‘Vaadaamalli’ adds flavour to the independent scene by giving it the much needed folk touch. A super catchy composition with a local rendition that is sure to get you humming and leave you with an urge to dance.",
    "hi" : "‘Vaadaamalli’ adds flavour to the independent scene by giving it the much needed folk touch. A super catchy composition with a local rendition that is sure to get you humming and leave you with an urge to dance.",
    "te" : "‘Vaadaamalli’ adds flavour to the independent scene by giving it the much needed folk touch. A super catchy composition with a local rendition that is sure to get you humming and leave you with an urge to dance.",
    "ta" : "செம ‘லோக்கல்’ பாணியில் பாடப்பட்டிருக்கும் ’வாடாமல்லி’ என்கிற இந்த நாட்டுப்புறப்பாடலைக் கேட்டவுடன் உங்களுக்குப் பிடித்துவிடும், முதலில் ஹம் செய்வீர்கள், அதன்பிறகு, ஆடத்தொடங்கிவிடுவீர்கள்!"
  },
  "poster" : "https:\/\/d1ua79hvv369a0.cloudfront.net\/reflection\/poster\/14-May-2016\/Vaada_malli_poster.jpg",
  "album" : {
    "title" : {
      "en" : "Vaada Malli",
      "hi" : "Vaada Malli",
      "te" : "Vaada Malli",
      "ta" : "Vaada Malli"
    },
    "id" : "32",
    "thumbnail" : "https:\/\/d1ua79hvv369a0.cloudfront.net\/reflection\/thumbnail\/14-May-2016\/Vaada_malli_thumb.jpg"
  },
  "musics" : [
    {
      "players" : [
        {
          "name" : {
            "en" : "Priyan Perera",
            "hi" : "Priyan Perera",
            "te" : "Priyan Perera",
            "ta" : "பிரியன் பெரேரா"
          }
        }
      ],
      "instrument" : {
        "name" : {
          "name" : {
            "en" : "Guitars",
            "hi" : "Guitars",
            "te" : "Guitars",
            "ta" : "கிட்டார்ஸ்"
          }
        }
      }
    },
    {
      "players" : [
        {
          "name" : {
            "en" : "Shruti Raj",
            "hi" : "Shruti Raj",
            "te" : "Shruti Raj",
            "ta" : "ஷ்ருதி ராஜ்"
          }
        }
      ],
      "instrument" : {
        "name" : {
          "name" : {
            "en" : "Percussion",
            "hi" : "Percussion",
            "te" : "Percussion",
            "ta" : "தாள வாத்திய கருவிகள்"
          }
        }
      }
    },
    {
      "players" : [
        {
          "name" : {
            "en" : "Thirumorrthy",
            "hi" : "Thirumorrthy",
            "te" : "Thirumorrthy",
            "ta" : "திருமூர்த்தி"
          }
        }
      ],
      "instrument" : {
        "name" : {
          "name" : {
            "en" : "Nadhaswaram",
            "hi" : "Nadhaswaram",
            "te" : "Nadhaswaram",
            "ta" : "நாதஸ்வரம்"
          }
        }
      }
    }
  ],
  "critics" : [
    {
      "review" : {
        "instrument" : {
          "comment" : {
            "en" : "Effective with minimal usage of folk instruments and also has modern flavour.",
            "hi" : "Effective with minimal usage of folk instruments and also has modern flavour.",
            "te" : "Effective with minimal usage of folk instruments and also has modern flavour.",
            "ta" : "Effective with minimal usage of folk instruments and also has modern flavour."
          },
          "score" : 12
        },
        "overall" : {
          "comment" : {
            "en" : "Folksy Romantic Solo!",
            "hi" : "Folksy Romantic Solo!",
            "te" : "Folksy Romantic Solo!",
            "ta" : "Folksy Romantic Solo!"
          },
          "score" : 11.5
        },
        "vocal" : {
          "comment" : {
            "en" : "Sultry vocals with a tinge of tantalizing expressions.",
            "hi" : "Sultry vocals with a tinge of tantalizing expressions.",
            "te" : "Sultry vocals with a tinge of tantalizing expressions.",
            "ta" : "A peppy easy going tune which goes well with the lyrics"
          },
          "score" : 12
        },
        "tune" : {
          "comment" : {
            "en" : "A peppy easy going tune which goes well with the lyrics",
            "hi" : "A peppy easy going tune which goes well with the lyrics",
            "te" : "A peppy easy going tune which goes well with the lyrics",
            "ta" : "A peppy easy going tune which goes well with the lyrics"
          },
          "score" : 11
        },
        "lyric" : {
          "comment" : {
            "en" : "Funky lyrics with fancy usage of terms sounding well connected to youth",
            "hi" : "Funky lyrics with fancy usage of terms sounding well connected to youth",
            "te" : "Funky lyrics with fancy usage of terms sounding well connected to youth",
            "ta" : "Funky lyrics with fancy usage of terms sounding well connected to youth"
          },
          "score" : 11
        }
      },
      "author" : {
        "name" : "Durga",
        "image" : "https:\/\/d1ua79hvv369a0.cloudfront.net\/reflection\/critic\/critic-durga.png"
      },
      "rating" : 11.5
    },
    {
      "review" : {
        "instrument" : {
          "comment" : {
            "en" : "Aptly supports a standard-issue kuthu.",
            "hi" : "Aptly supports a standard-issue kuthu.",
            "te" : "Aptly supports a standard-issue kuthu.",
            "ta" : "Aptly supports a standard-issue kuthu."
          },
          "score" : 5
        },
        "overall" : {
          "comment" : {
            "en" : "Filmy kuthu.",
            "hi" : "Filmy kuthu.",
            "te" : "Filmy kuthu.",
            "ta" : "Filmy kuthu."
          },
          "score" : 4.75
        },
        "vocal" : {
          "comment" : {
            "en" : "Vocals has the necessary flamboyance to carry a kuthu.",
            "hi" : "Vocals has the necessary flamboyance to carry a kuthu.",
            "te" : "Vocals has the necessary flamboyance to carry a kuthu.",
            "ta" : "Man likes woman. Man wears lungi. Man like kuthu music. Result = this song."
          },
          "score" : 5
        },
        "tune" : {
          "comment" : {
            "en" : "Man likes woman. Man wears lungi. Man like kuthu music. Result = this song.",
            "hi" : "Man likes woman. Man wears lungi. Man like kuthu music. Result = this song.",
            "te" : "Man likes woman. Man wears lungi. Man like kuthu music. Result = this song.",
            "ta" : "Man likes woman. Man wears lungi. Man like kuthu music. Result = this song."
          },
          "score" : 5
        },
        "lyric" : {
          "comment" : {
            "en" : "Liberally sprinkled with gibberish words that are the highlight of a kuthu song like this.",
            "hi" : "Liberally sprinkled with gibberish words that are the highlight of a kuthu song like this.",
            "te" : "Liberally sprinkled with gibberish words that are the highlight of a kuthu song like this.",
            "ta" : "Liberally sprinkled with gibberish words that are the highlight of a kuthu song like this."
          },
          "score" : 4
        }
      },
      "author" : {
        "name" : "Karthik",
        "image" : "https:\/\/d1ua79hvv369a0.cloudfront.net\/reflection\/critic\/critic-karthik.png"
      },
      "rating" : 4.75
    },
    {
      "review" : {
        "instrument" : {
          "comment" : {
            "en" : "Regular folk kuthu instruments and arrangement",
            "hi" : "Regular folk kuthu instruments and arrangement",
            "te" : "Regular folk kuthu instruments and arrangement",
            "ta" : "Regular folk kuthu instruments and arrangement"
          },
          "score" : 4
        },
        "overall" : {
          "comment" : {
            "en" : "Very regular attempt, saved somewhat by the energy and pace.",
            "hi" : "Very regular attempt, saved somewhat by the energy and pace.",
            "te" : "Very regular attempt, saved somewhat by the energy and pace.",
            "ta" : "Very regular attempt, saved somewhat by the energy and pace."
          },
          "score" : 3.75
        },
        "vocal" : {
          "comment" : {
            "en" : "The Energy and pep in the singer’s voice are good.",
            "hi" : "The Energy and pep in the singer’s voice are good.",
            "te" : "The Energy and pep in the singer’s voice are good.",
            "ta" : "Mundane folk ‘kuthu’ mode but has good energy."
          },
          "score" : 4
        },
        "tune" : {
          "comment" : {
            "en" : "Mundane folk ‘kuthu’ mode but has good energy.",
            "hi" : "Mundane folk ‘kuthu’ mode but has good energy.",
            "te" : "Mundane folk ‘kuthu’ mode but has good energy.",
            "ta" : "Mundane folk ‘kuthu’ mode but has good energy."
          },
          "score" : 4
        },
        "lyric" : {
          "comment" : {
            "en" : "Amateurish lyrics cooked up with some English words and rhyming lines.",
            "hi" : "Amateurish lyrics cooked up with some English words and rhyming lines.",
            "te" : "Amateurish lyrics cooked up with some English words and rhyming lines.",
            "ta" : "Amateurish lyrics cooked up with some English words and rhyming lines."
          },
          "score" : 3
        }
      },
      "author" : {
        "name" : "Kaushik",
        "image" : "https:\/\/d1ua79hvv369a0.cloudfront.net\/reflection\/critic\/Kaushik-200x200.jpg"
      },
      "rating" : 3.75
    }
  ],
  "type" : {
    "slug" : "independent-music",
    "name" : "Independent Music"
  },
  "lyrics" : [
    {
      "data" : "Are you the unwithered jasmine flower?<br>Are you a fully loaded lorry?<br>Shall I just run nonstop?<br><br>Oh pie of eye who's like the soft drink stuffed with marble<br>oh goldie whose talks are as sweet as beeda<br>Speeding my way, shall I come and hit on you? <br><br>Come to my area I'm the boss Billa there,<br>the opponent-less solo stalwart here<br><br>There's none whom in the city I haven't seen<br>Like a hidden sleeper cell, where had you been? <br><br>Are you an exhibition<br>Let me get lost in you girl <br> <br><br>Am I the Kandaangi saree<br>All around you, you wear me <br><br>Leave all your fear folly and timidity<br>Wife's sister touch me<br>Scoop the rest and give it to me<br><br>All the art otherwise<br>is known to your hubby<br>keep aside your timidity<br><br>You're the Atlantic, I'm Titanic, shall I swamp<br>You're that icecream on wheels, like a schoolboy shall I revamp<br><br>Come to my area I'm the boss Billa there,<br>the opponent-less solo stalwart here<br><br>There's none whom in the city I haven't seen<br>Like a hidden sleeper cell, where had you been? <br><br>Like Pollachi’s palm wine<br>In a look, crackerjack you make me wild<br><br>Hey classy big mouthed you ,<br>The SIM card of my cell phone, are you?<br><br>Like a calf that came<br>in search of water stock,<br>Girl I'm going to gulp you off!<br><br>Hey great beauty who made all<br>bullfighters literally salivate,<br>Put up a fight with me your beloved mate<br><br>Come to my area I'm the boss Billa there,<br>the opponent-less solo stalwart here<br><br>There's none whom in the city I haven't seen<br>Like a hidden sleeper cell, where had you been?",
      "language" : {
        "name" : "English",
        "code" : "en"
      }
    },
    {
      "data" : "வாடா மல்லிப் பூ நீயா<br>லோடா நிக்கும் லாரியா<br>கோடா மட்டும் நிக்காம ஓடட்டுமா<br><br>சோடா கோலி கண்ணம்மா<br>பீடாப் பேச்சு பொன்னம்மா<br>ஸ்பீடா வந்து உன்னத்தான் மோதட்டுமா<br><br>come to my ஜில்லா அங்க நான்தான் பில்லா<br>போட்டியே இல்லாத சோலோ தில்லா<br><br>பாக்காத ஆளில்ல சிட்டி ஃபுல்லா<br>எங்க நீ இருந்த ஒரு ஸ்லீப்பர் செல்லா<br><br>கண்காட்சி நீயாடி<br>உனக்குள்ள தொலைஞ்சு நான் போறேண்டி<br><br>கண்டாங்கி நானாடி<br>உன் உடம்பெல்லாம் சுத்தி எனக் கட்டேண்டி<br><br>அச்சம் மடம் நாணம் விட்டு<br>மச்சினியே என்ன தொட்டு<br>மிச்சமெல்லாம் அள்ளிக் கொடுடீ<br><br>வித்தையெல்லாம் மத்தப்படி<br>அத்தானுக்கு அத்துப்படி<br>வெக்கம் கொஞ்சம் தள்ளி வையடீ<br><br>அட்லாண்டிக் நீ டைட்டானிக் நான் மூழ்கட்டுமா<br>ஐஸ் வண்டி நீ ஸ்கூல்பையனா (நான்) மாறட்டுமா<br><br>come to my ஜில்லா அங்க நான்தான் பில்லா<br>போட்டியே இல்லாத சோலோ தில்லா<br><br>பாக்காத ஆளில்ல சிட்டி ஃபுல்லா<br>எங்க நீ இருந்த ஒரு ஸ்லீப்பர் செல்லா<br><br>பொள்ளாச்சி கள்ளா நீ<br>பாத்தாலே வெறியேத்தும் கில்லாடி<br><br>சொல்பேச்சு சிங்காரி<br>என் செல் போனில் சிம் கார்டு நீயாடி<br><br>தண்ணித்தொட்டி தேடி வந்த <br>கன்னுக்குட்டி  போல நானும்<br>பொண்ணே உன்னக் குடிக்கப் போறேண்டி<br><br>ஜல்லிக் கட்டுக் காளையெல்லாம்<br>ஜொள்ளு விட்ட பேரழகி<br>மல்லுக்கட்டு மாமன் கூட நீ <br><br>லாலிப் பப்பு போல லிப்பு தூக்குதடி<br>ஹோலி ஹிப்பு ஃபீவரத்தான் ஏத்துதடி <br><br>come to my ஜில்லா அங்க நான்தான் பில்லா<br>போட்டியே இல்லாத சோலோ தில்லா<br><br>பாக்காத ஆளில்ல சிட்டி ஃபுல்லா<br>எங்க நீ இருந்த ஒரு ஸ்லீப்பர் செல்லா",
      "language" : {
        "name" : "Tamil",
        "code" : "ta"
      }
    }
  ],
  "id" : "47",
  "phonetic_lyrics" : [
    {
      "data" : "vaadaa mallip poo neeyaa<br>loadaa nikkum laariyaa<br>koadaa mattum nikkaama oadattumaa<br><br>soadaa koali kaNNammaa<br>peedaap paechchu ponnammaa<br>Speedaa vandhdhu unnathaan moadhattumaa<br><br>come to my Jillaa anga naandhaan pillaa<br>poattiyae illaadha soaloa thillaa<br><br>paakkaadha aaLilla sitti fullaa<br>enga nee irundhdha oru Sleeppar sellaa<br><br>kaNkaatchi neeyaadi<br>unakkuLLa tholainjju naan poaRaeNdi<br><br>kaNdaanggi naanaadi<br>un udampellaam suthi enak kattaeNdi<br><br>achcham madam naaNam vittu<br>machchiniyae enna thottu<br>michchamellaam aLLik kodudee<br><br>vithaiyellaam mathappadi<br>athaanukku athuppadi<br>vekkam konjam thaLLi vaiyadee<br><br>atlaaNdik nee taittaanik naan moozhkattumaa<br>aiS vaNdi nee Skoolbaiyanaa (naan) maaRattumaa<br><br>come to my Jillaa anga naandhaan pillaa<br>poattiyae illaadha soaloa thillaa<br><br>paakkaadha aaLilla sitti fullaa<br>enga nee irundhdha oru Sleeppar sellaa<br><br>poLLaachchi kaLLaa nee<br>paathaalae veRiyaethum killaadi<br><br>solbaechchu singgaari<br>en sel poanil sim kaartu neeyaadi<br><br>thaNNithotti thaedi vandhdha<br>kannukkutti poala naanum<br>poNNae unnak kudikkap poaRaeNdi<br><br>Jallik kattuk kaaLaiyellaam<br>JoLLu vitta paerazhagi<br>mallukkattu maaman kooda nee<br><br>laalip pappu poala lippu thookkudhadi<br>Hoali Hippu feevarathaan aethudhadi<br><br>come to my Jillaa anga naandhaan pillaa<br>poattiyae illaadha soaloa thillaa<br><br>paakkaadha aaLilla sitti fullaa<br>enga nee irundhdha oru Sleeppar sellaa",
      "language" : {
        "name" : "English",
        "code" : "en"
      }
    },
    {
      "data" : "வாடா மல்லிப் பூ நீயா<br>லோடா நிக்கும் லாரியா<br>கோடா மட்டும் நிக்காம ஓடட்டுமா<br><br>சோடா கோலி கண்ணம்மா<br>பீடாப் பேச்சு பொன்னம்மா<br>ஸ்பீடா வந்து உன்னத்தான் மோதட்டுமா<br><br>come to my ஜில்லா அங்க நான்தான் பில்லா<br>போட்டியே இல்லாத சோலோ தில்லா<br><br>பாக்காத ஆளில்ல சிட்டி ஃபுல்லா<br>எங்க நீ இருந்த ஒரு ஸ்லீப்பர் செல்லா<br><br>கண்காட்சி நீயாடி<br>உனக்குள்ள தொலைஞ்சு நான் போறேண்டி<br><br>கண்டாங்கி நானாடி<br>உன் உடம்பெல்லாம் சுத்தி எனக் கட்டேண்டி<br><br>அச்சம் மடம் நாணம் விட்டு<br>மச்சினியே என்ன தொட்டு<br>மிச்சமெல்லாம் அள்ளிக் கொடுடீ<br><br>வித்தையெல்லாம் மத்தப்படி<br>அத்தானுக்கு அத்துப்படி<br>வெக்கம் கொஞ்சம் தள்ளி வையடீ<br><br>அட்லாண்டிக் நீ டைட்டானிக் நான் மூழ்கட்டுமா<br>ஐஸ் வண்டி நீ ஸ்கூல்பையனா (நான்) மாறட்டுமா<br><br>come to my ஜில்லா அங்க நான்தான் பில்லா<br>போட்டியே இல்லாத சோலோ தில்லா<br><br>பாக்காத ஆளில்ல சிட்டி ஃபுல்லா<br>எங்க நீ இருந்த ஒரு ஸ்லீப்பர் செல்லா<br><br>பொள்ளாச்சி கள்ளா நீ<br>பாத்தாலே வெறியேத்தும் கில்லாடி<br><br>சொல்பேச்சு சிங்காரி<br>என் செல் போனில் சிம் கார்டு நீயாடி<br><br>தண்ணித்தொட்டி தேடி வந்த <br>கன்னுக்குட்டி  போல நானும்<br>பொண்ணே உன்னக் குடிக்கப் போறேண்டி<br><br>ஜல்லிக் கட்டுக் காளையெல்லாம்<br>ஜொள்ளு விட்ட பேரழகி<br>மல்லுக்கட்டு மாமன் கூட நீ <br><br>லாலிப் பப்பு போல லிப்பு தூக்குதடி<br>ஹோலி ஹிப்பு ஃபீவரத்தான் ஏத்துதடி <br><br>come to my ஜில்லா அங்க நான்தான் பில்லா<br>போட்டியே இல்லாத சோலோ தில்லா<br><br>பாக்காத ஆளில்ல சிட்டி ஃபுல்லா<br>எங்க நீ இருந்த ஒரு ஸ்லீப்பர் செல்லா",
      "language" : {
        "name" : "Tamil",
        "code" : "ta"
      }
    },
    {
      "data" : "वाडा मललिप पू नीया <br>लोडा निककुम लारिया <br>कोडा मटटुम निककाम ओडट्टुमा <br><br>सोडा कोलि कंणममा <br>पीडाप पेचचु पोन्नम्मा <br>स्पीडा वन्द दु उन्नतान मोदट्टुमा <br> <br>coMe to My जिलला अङ नान्द आन पिलला <br>पोटटिये इललाद सोलो तिलला <br> <br>पाककाद आऴिलल सिटटि फ़ुलला <br>एङ नी इरुन्द द ओरु स्लीप्पर सेलला <br> <br>कंकाटचि नीयाडि <br>उनक्कुल्ळ तोलैञजु नान पोऱेंडि <br> <br>कंडाङगि नानाडि <br>उन उडम्पेल्लाम सुति एनक कटतेंडि <br> <br>अचचम मडम नांअम विटटु <br>मच्चिनिये एनन तोटटु <br>मिच्चमेल्लाम अलऴिक कोडुडी <br> <br>वितैयेल्लाम मतप्पडि <br>अतानुक्कु अतुप्पडि <br>वेककम कोञम तलऴि वैयडी <br> <br>अट्लांडिक नी टैट्टानिक नान मूल्कट्टुमा <br>ऐस वंडि नी स्कूल्बैयना (नान्) माड़ट्टुमा <br> <br>coMe to My जिलला अङ नान्द आन पिलला <br>पोटटिये इललाद सोलो तिलला <br> <br>पाककाद आऴिलल सिटटि फ़ुलला <br>एङ नी इरुन्द द ओरु स्लीप्पर सेलला <br> <br>पोल्ऴाच्चि कलऴा नी <br>पाताले वेरियेतुम किललाडि <br> <br>सोल्बेच्चु सिङगारि <br>एन सेल पोनिल सिम कारटु नीयाडि <br> <br>तंणितोट्टि तेडि वन्द द <br>कन्नुक्कुट्टि पोल नानुम <br>पोंणे उननक कुडिक्कप पोऱेंडि <br> <br>जललिक कटटुक काळैयेल्लाम <br>जोलळु विटट पेरलगि <br>मल्लुक्कट्टु मामन कूड नी <br> <br>लालिप पपपु पोल लिपपु तूक्कुदडि <br>होलि हिपपु फ़ीवरतान एतुदडि <br> <br>coMe to My जिलला अङ नान्द आन पिलला <br>पोटटिये इललाद सोलो तिलला <br> <br>पाककाद आऴिलल सिटटि फ़ुलला <br>एङ नी इरुन्द द ओरु स्लीप्पर सेलला",
      "language" : {
        "name" : "Hindi",
        "code" : "hi"
      }
    },
    {
      "data" : "వాదా మల్లిప్ పూ నెయా <br>లోదా నిక్కుమ్ లారియా <br>కోదా మత్తుమ్ నిక్కామ ఓదత్తుమా <br><br>సోదా కోలి కంణమ్మా <br>పీదాప్ పేఛ్ఛు పొన్నమ్మా <br>స్పీదా వన్ధ్ధు ఉన్నథాన్ మోధత్తుమా <br> <br>coMe to My జిల్లా అఙ నాన్ధ్యాన్ పిల్లా <br>పోత్తియే ఇల్లాధ సోలో థిల్లా <br> <br>పాక్కాధ ఆళిల్ల సిత్తి పుల్లా <br>ఎఙ నె ఇరున్ధ్ధ ఒరు స్లీప్పర్ సెల్లా <br> <br>కంకాత్ఛి నెయాది <br>ఉనక్కుళ్ళ థొలైఞ్జు నాన్ పోఱేంది <br> <br>కందాఙ్గి నానాది <br>ఉన్ ఉదమ్పెల్లామ్ సుథి ఎనక్ కత్తేంది <br> <br>అఛ్ఛమ్ మదమ్ naaNయమ్ విత్తు <br>మఛ్ఛినియే ఎన్న థొత్తు <br>మిఛ్ఛమెల్లామ్ అళ్ళిక్ కొదుదీ <br> <br>విథైయెల్లామ్ మథప్పది <br>అథానుక్కు అథుప్పది <br>వెక్కమ్ కొఞమ్ థళ్ళి వైయదీ <br> <br>అత్లాందిక్ నె తైత్తానిక్ నాన్ మూల్కత్తుమా <br>ఐస్ వంది నె స్కూల్బైయనా (నాన్) మాఱత్తుమా <br> <br>coMe to My జిల్లా అఙ నాన్ధ్యాన్ పిల్లా <br>పోత్తియే ఇల్లాధ సోలో థిల్లా <br> <br>పాక్కాధ ఆళిల్ల సిత్తి పుల్లా <br>ఎఙ నె ఇరున్ధ్ధ ఒరు స్లీప్పర్ సెల్లా <br> <br>పొళ్ళాఛ్ఛి కళ్ళా నె <br>పాథాలే వెఱియేథుమ్ కిల్లాది <br> <br>సొల్బేఛ్ఛు సిఙ్గారి <br>ఎన్ సెల్ పోనిల్ సిమ్ కార్తు నెయాది <br> <br>థంణిథొత్తి థేది వన్ధ్ధ <br>కన్నుక్కుత్తి పోల నానుమ్ <br>పొంణే ఉన్నక్ కుదిక్కప్ పోఱేంది <br> <br>జల్లిక్ కత్తుక్ కాళైయెల్లామ్ <br>జొళ్ళు విత్త పేరలగి <br>మలౢక్కత్తు మామన్ కూద నె <br> <br>లాలిప్ పప్పు పోల లిప్పు థూక్కుధది <br>హోలి హిప్పు పీవరథాన్ ఏథుధది <br> <br>coMe to My జిల్లా అఙ నాన్ధ్యాన్ పిల్లా <br>పోత్తియే ఇల్లాధ సోలో థిల్లా <br> <br>పాక్కాధ ఆళిల్ల సిత్తి పుల్లా <br>ఎఙ నె ఇరున్ధ్ధ ఒరు స్లీప్పర్ సెల్లా",
      "language" : {
        "name" : "Telugu",
        "code" : "te"
      }
    },
    {
      "data" : "വാദാ മല്ലിപ് പൂ നീയാ <br>ലോദാ നിക്കുമ് ലാരിയാ <br>കോദാ മത്തുമ് നിക്കാമ ഓദത്തുമാ <br><br>സോദാ കോലി കംണമ്മാ <br>പീദാപ് പേച്ചു പൊന്നമ്മാ <br>സ്പീദാ വന്ധ്ധു ഉന്നഥാന് മോധത്തുമാ <br> <br>coMe to My ജില്ലാ അങ നാന്ധ്യാന് പില്ലാ <br>പോത്തിയേ ഇല്ലാധ സോലോ ഥില്ലാ <br> <br>പാക്കാധ ആളില്ല സിത്തി പുല്ലാ <br>എങ നീ ഇരുന്ധ്ധ ഒരു സ്ലീപ്പര് സെല്ലാ <br> <br>കംകാത്ചി നീയാദി <br>ഉനക്കുള്ള ഥൊലൈഞ്ജു നാന് പോറേംദി <br> <br>കംദാങ്ഗി നാനാദി <br>ഉന് ഉദമ്പെല്ലാമ് സുഥി എനക് കത്തേംദി <br> <br>അച്ചമ് മദമ് naaNയമ് വിത്തു <br>മച്ചിനിയേ എന്ന ഥൊത്തു <br>മിച്ചമെല്ലാമ് അള്ളിക് കൊദുദീ <br> <br>വിഥൈയെല്ലാമ് മഥപ്പദി <br>അഥാനുക്കു അഥുപ്പദി <br>വെക്കമ് കൊഞമ് ഥള്ളി വൈയദീ <br> <br>അത്ലാംദിക് നീ തൈത്താനിക് നാന് മൂഴ്കത്തുമാ <br>ഐസ് വംദി നീ സ്കൂല്ബൈയനാ (നാന്) മാറത്തുമാ <br> <br>coMe to My ജില്ലാ അങ നാന്ധ്യാന് പില്ലാ <br>പോത്തിയേ ഇല്ലാധ സോലോ ഥില്ലാ <br> <br>പാക്കാധ ആളില്ല സിത്തി പുല്ലാ <br>എങ നീ ഇരുന്ധ്ധ ഒരു സ്ലീപ്പര് സെല്ലാ <br> <br>പൊള്ളാച്ചി കള്ളാ നീ <br>പാഥാലേ വെറിയേഥുമ് കില്ലാദി <br> <br>സൊല്ബേച്ചു സിങ്ഗാരി <br>എന് സെല് പോനില് സിമ് കാര്തു നീയാദി <br> <br>ഥംണിഥൊത്തി ഥേദി വന്ധ്ധ <br>കന്നുക്കുത്തി പോല നാനുമ് <br>പൊംണേ ഉന്നക് കുദിക്കപ് പോറേംദി <br> <br>ജല്ലിക് കത്തുക് കാളൈയെല്ലാമ് <br>ജൊള്ളു വിത്ത പേരഴഗി <br>മല്ലുക്കത്തു മാമന് കൂദ നീ <br> <br>ലാലിപ് പപ്പു പോല ലിപ്പു ഥൂക്കുധദി <br>ഹോലി ഹിപ്പു പീവരഥാന് ഏഥുധദി <br> <br>coMe to My ജില്ലാ അങ നാന്ധ്യാന് പില്ലാ <br>പോത്തിയേ ഇല്ലാധ സോലോ ഥില്ലാ <br> <br>പാക്കാധ ആളില്ല സിത്തി പുല്ലാ <br>എങ നീ ഇരുന്ധ്ധ ഒരു സ്ലീപ്പര് സെല്ലാ",
      "language" : {
        "name" : "Malayalam",
        "code" : "ml"
      }
    },
    {
      "data" : "ವಾದಾ ಮಲ್ಲಿಪ್ ಪೂ ನೀಯಾ <br>ಲೋದಾ ನಿಕ್ಕುಮ್ ಲಾರಿಯಾ <br>ಕೋದಾ ಮತ್ತುಮ್ ನಿಕ್ಕಾಮ ಓದತ್ತುಮಾ <br><br>ಷೋದಾ ಕೋಲಿ ಕಂಣಮ್ಮಾ <br>ಪೀದಾಪ್ ಪೇಚ್ಚು ಪೊನ್ನಮ್ಮಾ <br>ಷ್ಪೀದಾ ವನ್ಧ್ಧು ಉನ್ನಥಾನ್ ಮೋಧತ್ತುಮಾ <br> <br>coMe to My ಜಿಲ್ಲಾ ಅಙ ನಾನ್ಧ್ಯಾನ್ ಪಿಲ್ಲಾ <br>ಪೋತ್ತಿಯೇ ಇಲ್ಲಾಧ ಷೋಲೋ ಥಿಲ್ಲಾ <br> <br>ಪಾಕ್ಕಾಧ ಆಳಿಲ್ಲ ಷಿತ್ತಿ ಪುಲ್ಲಾ <br>ಎಙ ನೀ ಇರುನ್ಧ್ಧ ಒರು ಷ್ಲೀಪ್ಪರ್ ಷೆಲ್ಲಾ <br> <br>ಕಂಕಾತ್ಚಿ ನೀಯಾದಿ <br>ಉನಕ್ಕುಳ್ಳ ಥೊಲೈಞ್ಜು ನಾನ್ ಪೋರೇಂದಿ <br> <br>ಕಂದಾಙ್ಗಿ ನಾನಾದಿ <br>ಉನ್ ಉದಮ್ಪೆಲ್ಲಾಮ್ ಷುಥಿ ಎನಕ್ ಕತ್ತೇಂದಿ <br> <br>ಅಚ್ಚಮ್ ಮದಮ್ naaNಯಮ್ ವಿತ್ತು <br>ಮಚ್ಚಿನಿಯೇ ಎನ್ನ ಥೊತ್ತು <br>ಮಿಚ್ಚಮೆಲ್ಲಾಮ್ ಅಳ್ಳಿಕ್ ಕೊದುದೀ <br> <br>ವಿಥೈಯೆಲ್ಲಾಮ್ ಮಥಪ್ಪದಿ <br>ಅಥಾನುಕ್ಕು ಅಥುಪ್ಪದಿ <br>ವೆಕ್ಕಮ್ ಕೊಞಮ್ ಥಳ್ಳಿ ವೈಯದೀ <br> <br>ಅತ್ಲಾಂದಿಕ್ ನೀ ತೈತ್ತಾನಿಕ್ ನಾನ್ ಮೂಲ್ಕತ್ತುಮಾ <br>ಐಷ್ ವಂದಿ ನೀ ಷ್ಕೂಲ್ಬೈಯನಾ (ನಾನ್) ಮಾರತ್ತುಮಾ <br> <br>coMe to My ಜಿಲ್ಲಾ ಅಙ ನಾನ್ಧ್ಯಾನ್ ಪಿಲ್ಲಾ <br>ಪೋತ್ತಿಯೇ ಇಲ್ಲಾಧ ಷೋಲೋ ಥಿಲ್ಲಾ <br> <br>ಪಾಕ್ಕಾಧ ಆಳಿಲ್ಲ ಷಿತ್ತಿ ಪುಲ್ಲಾ <br>ಎಙ ನೀ ಇರುನ್ಧ್ಧ ಒರು ಷ್ಲೀಪ್ಪರ್ ಷೆಲ್ಲಾ <br> <br>ಪೊಳ್ಳಾಚ್ಚಿ ಕಳ್ಳಾ ನೀ <br>ಪಾಥಾಲೇ ವೆರಿಯೇಥುಮ್ ಕಿಲ್ಲಾದಿ <br> <br>ಷೊಲ್ಬೇಚ್ಚು ಷಿಙ್ಗಾರಿ <br>ಎನ್ ಷೆಲ್ ಪೋನಿಲ್ ಷಿಮ್ ಕಾರ್ತು ನೀಯಾದಿ <br> <br>ಥಂಣಿಥೊತ್ತಿ ಥೇದಿ ವನ್ಧ್ಧ <br>ಕನ್ನುಕ್ಕುತ್ತಿ ಪೋಲ ನಾನುಮ್ <br>ಪೊಂಣೇ ಉನ್ನಕ್ ಕುದಿಕ್ಕಪ್ ಪೋರೇಂದಿ <br> <br>ಜಲ್ಲಿಕ್ ಕತ್ತುಕ್ ಕಾಳೈಯೆಲ್ಲಾಮ್ <br>ಜೊಳ್ಳು ವಿತ್ತ ಪೇರಲಗಿ <br>ಮಲ್ಲುಕ್ಕತ್ತು ಮಾಮನ್ ಕೂದ ನೀ <br> <br>ಲಾಲಿಪ್ ಪಪ್ಪು ಪೋಲ ಲಿಪ್ಪು ಥೂಕ್ಕುಧದಿ <br>ಹೋಲಿ ಹಿಪ್ಪು ಪೀವರಥಾನ್ ಏಥುಧದಿ <br> <br>coMe to My ಜಿಲ್ಲಾ ಅಙ ನಾನ್ಧ್ಯಾನ್ ಪಿಲ್ಲಾ <br>ಪೋತ್ತಿಯೇ ಇಲ್ಲಾಧ ಷೋಲೋ ಥಿಲ್ಲಾ <br> <br>ಪಾಕ್ಕಾಧ ಆಳಿಲ್ಲ ಷಿತ್ತಿ ಪುಲ್ಲಾ <br>ಎಙ ನೀ ಇರುನ್ಧ್ಧ ಒರು ಷ್ಲೀಪ್ಪರ್ ಷೆಲ್ಲಾ",
      "language" : {
        "name" : "Kanadam",
        "code" : "ka"
      }
    },
    {
      "data" : "ৱাদা মল্লিপ্ পূ নীযা <br>লোদা নিক্কুম্ লারিযা <br>কোদা মত্তুম্ নিক্কাম ওদত্তুমা <br><br>সোদা কোলি কঁণম্মা <br>পীদাপ্ পেচ্চু পোন্নম্মা <br>স্পীদা ৱন্ধ্ধু উন্নথান্ মোধত্তুমা <br> <br>coMe to My জিল্লা অঙ নান্ধ্যান্ পিল্লা <br>পোত্তিযে ইল্লাধ সোলো থিল্লা <br> <br>পাক্কাধ আলিল্ল সিত্তি পুল্লা <br>এঙ নী ইরুন্ধ্ধ ওরু স্লীপ্পর্ সেল্লা <br> <br>কঁকাত্চি নীযাদি <br>উনক্কুল্ল থোলৈঞ্জু নান্ পোড়েঁদি <br> <br>কঁদাঙ্গি নানাদি <br>উন্ উদম্পেল্লাম্ সুথি এনক্ কত্তেঁদি <br> <br>অচ্চম্ মদম্ naaNযম্ ৱিত্তু <br>মচ্চিনিযে এন্ন থোত্তু <br>মিচ্চমেল্লাম্ অল্লিক্ কোদুদী <br> <br>ৱিথৈযেল্লাম্ মথপ্পদি <br>অথানুক্কু অথুপ্পদি <br>ৱেক্কম্ কোঞম্ থল্লি ৱৈযদী <br> <br>অত্লাঁদিক্ নী তৈত্তানিক্ নান্ মূল্কত্তুমা <br>ঐস্ ৱঁদি নী স্কূল্বৈযনা (নান্) মাড়ত্তুমা <br> <br>coMe to My জিল্লা অঙ নান্ধ্যান্ পিল্লা <br>পোত্তিযে ইল্লাধ সোলো থিল্লা <br> <br>পাক্কাধ আলিল্ল সিত্তি পুল্লা <br>এঙ নী ইরুন্ধ্ধ ওরু স্লীপ্পর্ সেল্লা <br> <br>পোল্লাচ্চি কল্লা নী <br>পাথালে ৱেড়িযেথুম্ কিল্লাদি <br> <br>সোল্বেচ্চু সিঙ্গারি <br>এন্ সেল্ পোনিল্ সিম্ কার্তু নীযাদি <br> <br>থঁণিথোত্তি থেদি ৱন্ধ্ধ <br>কন্নুক্কুত্তি পোল নানুম্ <br>পোঁণে উন্নক্ কুদিক্কপ্ পোড়েঁদি <br> <br>জল্লিক্ কত্তুক্ কালৈযেল্লাম্ <br>জোল্লু ৱিত্ত পেরলগি <br>মল্লুক্কত্তু মামন্ কূদ নী <br> <br>লালিপ্ পপ্পু পোল লিপ্পু থূক্কুধদি <br>হোলি হিপ্পু পীৱরথান্ এথুধদি <br> <br>coMe to My জিল্লা অঙ নান্ধ্যান্ পিল্লা <br>পোত্তিযে ইল্লাধ সোলো থিল্লা <br> <br>পাক্কাধ আলিল্ল সিত্তি পুল্লা <br>এঙ নী ইরুন্ধ্ধ ওরু স্লীপ্পর্ সেল্লা",
      "language" : {
        "name" : "Bengali",
        "code" : "be"
      }
    },
    {
      "data" : "વાદા મલ્લિપ્ પૂ ણીયા <br>લૉદા ણિક્કુમ્ લારિયા <br>કૉદા મત્તુમ્ ણિક્કામ ઑદત્તુમા <br><br>ષૉદા કૉલિ કંણમ્મા <br>પીદાપ્ પૅચ્ચુ પોન્નમ્મા <br>ષ્પીદા વન્ધ્ધુ ઉન્નથાન્ મૉધત્તુમા <br> <br>coMe to My જિલ્લા અઙ ણાન્ધ્યાન્ પિલ્લા <br>પૉત્તિયૅ ઇલ્લાધ ષૉલૉ થિલ્લા <br> <br>પાક્કાધ આળિલ્લ ષિત્તિ પુલ્લા <br>એઙ ણી ઇરુન્ધ્ધ ઓરુ ષ્લીપ્પર્ ષેલ્લા <br> <br>કંકાત્ચિ ણીયાદિ <br>ઉનક્કુળ્ળ થોલૈઞ્જુ ણાન્ પૉરૅંદિ <br> <br>કંદાઙ્ગિ ણાનાદિ <br>ઉન્ ઉદમ્પેલ્લામ્ ષુથિ એનક્ કત્તૅંદિ <br> <br>અચ્ચમ્ મદમ્ naaNયમ્ વિત્તુ <br>મચ્ચિનિયૅ એન્ન થોત્તુ <br>મિચ્ચમેલ્લામ્ અળ્ળિક્ કોદુદી <br> <br>વિથૈયેલ્લામ્ મથપ્પદિ <br>અથાનુક્કુ અથુપ્પદિ <br>વેક્કમ્ કોઞમ્ થળ્ળિ વૈયદી <br> <br>અત્લાંદિક્ ણી તૈત્તાનિક્ ણાન્ મૂલ્કત્તુમા <br>ઐષ્ વંદિ ણી ષ્કૂલ્બૈયના (નાન્) મારત્તુમા <br> <br>coMe to My જિલ્લા અઙ ણાન્ધ્યાન્ પિલ્લા <br>પૉત્તિયૅ ઇલ્લાધ ષૉલૉ થિલ્લા <br> <br>પાક્કાધ આળિલ્લ ષિત્તિ પુલ્લા <br>એઙ ણી ઇરુન્ધ્ધ ઓરુ ષ્લીપ્પર્ ષેલ્લા <br> <br>પોળ્ળાચ્ચિ કળ્ળા ણી <br>પાથાલૅ વેરિયૅથુમ્ કિલ્લાદિ <br> <br>ષોલ્બૅચ્ચુ ષિઙ્ગારિ <br>એન્ ષેલ્ પૉનિલ્ ષિમ્ કાર્તુ ણીયાદિ <br> <br>થંણિથોત્તિ થૅદિ વન્ધ્ધ <br>કન્નુક્કુત્તિ પૉલ ણાનુમ્ <br>પોંણૅ ઉન્નક્ કુદિક્કપ્ પૉરૅંદિ <br> <br>જલ્લિક્ કત્તુક્ કાળૈયેલ્લામ્ <br>જોળ્ળુ વિત્ત પૅરલગિ <br>મલ્લુક્કત્તુ મામન્ કૂદ ણી <br> <br>લાલિપ્ પપ્પુ પૉલ લિપ્પુ થૂક્કુધદિ <br>હૉલિ હિપ્પુ પીવરથાન્ ઍથુધદિ <br> <br>coMe to My જિલ્લા અઙ ણાન્ધ્યાન્ પિલ્લા <br>પૉત્તિયૅ ઇલ્લાધ ષૉલૉ થિલ્લા <br> <br>પાક્કાધ આળિલ્લ ષિત્તિ પુલ્લા <br>એઙ ણી ઇરુન્ધ્ધ ઓરુ ષ્લીપ્પર્ ષેલ્લા",
      "language" : {
        "name" : "Gujarathi",
        "code" : "gu"
      }
    },
    {
      "data" : "वाडा मललिप पू नीया <br>लोडा निककुम लारिया <br>कोडा मटटुम निककाम ओडट्टुमा <br><br>सोडा कोलि कंणममा <br>पीडाप पेचचु पोन्नम्मा <br>स्पीडा वन्द दु उन्नतान मोदट्टुमा <br> <br>coMe to My जिलला अङ नान्द आन पिलला <br>पोटटिये इललाद सोलो तिलला <br> <br>पाककाद आऴिलल सिटटि फ़ुलला <br>एङ नी इरुन्द द ओरु स्लीप्पर सेलला <br> <br>कंकाटचि नीयाडि <br>उनक्कुल्ळ तोलैञजु नान पोऱेंडि <br> <br>कंडाङगि नानाडि <br>उन उडम्पेल्लाम सुति एनक कटतेंडि <br> <br>अचचम मडम नांअम विटटु <br>मच्चिनिये एनन तोटटु <br>मिच्चमेल्लाम अलऴिक कोडुडी <br> <br>वितैयेल्लाम मतप्पडि <br>अतानुक्कु अतुप्पडि <br>वेककम कोञम तलऴि वैयडी <br> <br>अट्लांडिक नी टैट्टानिक नान मूल्कट्टुमा <br>ऐस वंडि नी स्कूल्बैयना (नान्) माड़ट्टुमा <br> <br>coMe to My जिलला अङ नान्द आन पिलला <br>पोटटिये इललाद सोलो तिलला <br> <br>पाककाद आऴिलल सिटटि फ़ुलला <br>एङ नी इरुन्द द ओरु स्लीप्पर सेलला <br> <br>पोल्ऴाच्चि कलऴा नी <br>पाताले वेरियेतुम किललाडि <br> <br>सोल्बेच्चु सिङगारि <br>एन सेल पोनिल सिम कारटु नीयाडि <br> <br>तंणितोट्टि तेडि वन्द द <br>कन्नुक्कुट्टि पोल नानुम <br>पोंणे उननक कुडिक्कप पोऱेंडि <br> <br>जललिक कटटुक काळैयेल्लाम <br>जोलळु विटट पेरलगि <br>मल्लुक्कट्टु मामन कूड नी <br> <br>लालिप पपपु पोल लिपपु तूक्कुदडि <br>होलि हिपपु फ़ीवरतान एतुदडि <br> <br>coMe to My जिलला अङ नान्द आन पिलला <br>पोटटिये इललाद सोलो तिलला <br> <br>पाककाद आऴिलल सिटटि फ़ुलला <br>एङ नी इरुन्द द ओरु स्लीप्पर सेलला",
      "language" : {
        "name" : "Marathi",
        "code" : "mr"
      }
    },
    {
      "data" : "ୱାଦା ମଳ୍ଳିପ୍ ପୂ ନୀଯା <br>ଳୋଦା ନିକ୍କୁମ୍ ଳାରିଯା <br>କୋଦା ମତ୍ତୁମ୍ ନିକ୍କାମ ଓଦତ୍ତୁମା <br><br>ଷୋଦା କୋଳି କଂଣମ୍ମା <br>ପୀଦାପ୍ ପେଚ୍ଚୁ ପୋନ୍ନମ୍ମା <br>ଷ୍ପୀଦା ୱନ୍ଧ୍ଧୁ ଉନ୍ନଥାନ୍ ମୋଧତ୍ତୁମା <br> <br>coMe to My ଜିଳ୍ଳା ଅଙ ନାନ୍ଧ୍ଯାନ୍ ପିଳ୍ଳା <br>ପୋତ୍ତିଯେ ଇଳ୍ଳାଧ ଷୋଳୋ ଥିଳ୍ଳା <br> <br>ପାକ୍କାଧ ଆଲିଳ୍ଳ ଷିତ୍ତି ପୁଳ୍ଳା <br>ଏଙ ନୀ ଇରୁନ୍ଧ୍ଧ ଓରୁ ଷ୍ଳୀପ୍ପର୍ ଷେଳ୍ଳା <br> <br>କଂକାତ୍ଚି ନୀଯାଦି <br>ଉନକ୍କୁଲ୍ଲ ଥୋଳୈଞ୍ଜୁ ନାନ୍ ପୋଡ଼େଂଦି <br> <br>କଂଦାଙ୍ଗି ନାନାଦି <br>ଉନ୍ ଉଦମ୍ପେଳ୍ଳାମ୍ ଷୁଥି ଏନକ୍ କତ୍ତେଂଦି <br> <br>ଅଚ୍ଚମ୍ ମଦମ୍ naaNଯମ୍ ୱିତ୍ତୁ <br>ମଚ୍ଚିନିଯେ ଏନ୍ନ ଥୋତ୍ତୁ <br>ମିଚ୍ଚମେଳ୍ଳାମ୍ ଅଲ୍ଲିକ୍ କୋଦୁଦୀ <br> <br>ୱିଥୈଯେଳ୍ଳାମ୍ ମଥପ୍ପଦି <br>ଅଥାନୁକ୍କୁ ଅଥୁପ୍ପଦି <br>ୱେକ୍କମ୍ କୋଞମ୍ ଥଲ୍ଲି ୱୈଯଦୀ <br> <br>ଅତ୍ଳାଂଦିକ୍ ନୀ ତୈତ୍ତାନିକ୍ ନାନ୍ ମୂଳ୍କତ୍ତୁମା <br>ଐଷ୍ ୱଂଦି ନୀ ଷ୍କୂଳ୍ବୈଯନା (ନାନ୍) ମାଡ଼ତ୍ତୁମା <br> <br>coMe to My ଜିଳ୍ଳା ଅଙ ନାନ୍ଧ୍ଯାନ୍ ପିଳ୍ଳା <br>ପୋତ୍ତିଯେ ଇଳ୍ଳାଧ ଷୋଳୋ ଥିଳ୍ଳା <br> <br>ପାକ୍କାଧ ଆଲିଳ୍ଳ ଷିତ୍ତି ପୁଳ୍ଳା <br>ଏଙ ନୀ ଇରୁନ୍ଧ୍ଧ ଓରୁ ଷ୍ଳୀପ୍ପର୍ ଷେଳ୍ଳା <br> <br>ପୋଲ୍ଲାଚ୍ଚି କଲ୍ଲା ନୀ <br>ପାଥାଳେ ୱେଡ଼ିଯେଥୁମ୍ କିଳ୍ଳାଦି <br> <br>ଷୋଳ୍ବେଚ୍ଚୁ ଷିଙ୍ଗାରି <br>ଏନ୍ ଷେଳ୍ ପୋନିଳ୍ ଷିମ୍ କାର୍ତୁ ନୀଯାଦି <br> <br>ଥଂଣିଥୋତ୍ତି ଥେଦି ୱନ୍ଧ୍ଧ <br>କନ୍ନୁକ୍କୁତ୍ତି ପୋଳ ନାନୁମ୍ <br>ପୋଂଣେ ଉନ୍ନକ୍ କୁଦିକ୍କପ୍ ପୋଡ଼େଂଦି <br> <br>ଜଳ୍ଳିକ୍ କତ୍ତୁକ୍ କାଲୈଯେଳ୍ଳାମ୍ <br>ଜୋଲ୍ଲୁ ୱିତ୍ତ ପେରଳଗି <br>ମଳୢକ୍କତ୍ତୁ ମାମନ୍ କୂଦ ନୀ <br> <br>ଳାଳିପ୍ ପପ୍ପୁ ପୋଳ ଳିପ୍ପୁ ଥୂକ୍କୁଧଦି <br>ହୋଳି ହିପ୍ପୁ ପୀୱରଥାନ୍ ଏଥୁଧଦି <br> <br>coMe to My ଜିଳ୍ଳା ଅଙ ନାନ୍ଧ୍ଯାନ୍ ପିଳ୍ଳା <br>ପୋତ୍ତିଯେ ଇଳ୍ଳାଧ ଷୋଳୋ ଥିଳ୍ଳା <br> <br>ପାକ୍କାଧ ଆଲିଳ୍ଳ ଷିତ୍ତି ପୁଳ୍ଳା <br>ଏଙ ନୀ ଇରୁନ୍ଧ୍ଧ ଓରୁ ଷ୍ଳୀପ୍ପର୍ ଷେଳ୍ଳା",
      "language" : {
        "name" : "Oriya",
        "code" : "or"
      }
    },
    {
      "data" : "वाडा मललिप पू नीया <br>लोडा निककुम लारिया <br>कोडा मटटुम निककाम ओडट्टुमा <br><br>सोडा कोलि कंणममा <br>पीडाप पेचचु पोन्नम्मा <br>स्पीडा वन्द दु उन्नतान मोदट्टुमा <br> <br>coMe to My जिलला अङ नान्द आन पिलला <br>पोटटिये इललाद सोलो तिलला <br> <br>पाककाद आऴिलल सिटटि फ़ुलला <br>एङ नी इरुन्द द ओरु स्लीप्पर सेलला <br> <br>कंकाटचि नीयाडि <br>उनक्कुल्ळ तोलैञजु नान पोऱेंडि <br> <br>कंडाङगि नानाडि <br>उन उडम्पेल्लाम सुति एनक कटतेंडि <br> <br>अचचम मडम नांअम विटटु <br>मच्चिनिये एनन तोटटु <br>मिच्चमेल्लाम अलऴिक कोडुडी <br> <br>वितैयेल्लाम मतप्पडि <br>अतानुक्कु अतुप्पडि <br>वेककम कोञम तलऴि वैयडी <br> <br>अट्लांडिक नी टैट्टानिक नान मूल्कट्टुमा <br>ऐस वंडि नी स्कूल्बैयना (नान्) माड़ट्टुमा <br> <br>coMe to My जिलला अङ नान्द आन पिलला <br>पोटटिये इललाद सोलो तिलला <br> <br>पाककाद आऴिलल सिटटि फ़ुलला <br>एङ नी इरुन्द द ओरु स्लीप्पर सेलला <br> <br>पोल्ऴाच्चि कलऴा नी <br>पाताले वेरियेतुम किललाडि <br> <br>सोल्बेच्चु सिङगारि <br>एन सेल पोनिल सिम कारटु नीयाडि <br> <br>तंणितोट्टि तेडि वन्द द <br>कन्नुक्कुट्टि पोल नानुम <br>पोंणे उननक कुडिक्कप पोऱेंडि <br> <br>जललिक कटटुक काळैयेल्लाम <br>जोलळु विटट पेरलगि <br>मल्लुक्कट्टु मामन कूड नी <br> <br>लालिप पपपु पोल लिपपु तूक्कुदडि <br>होलि हिपपु फ़ीवरतान एतुदडि <br> <br>coMe to My जिलला अङ नान्द आन पिलला <br>पोटटिये इललाद सोलो तिलला <br> <br>पाककाद आऴिलल सिटटि फ़ुलला <br>एङ नी इरुन्द द ओरु स्लीप्पर सेलला",
      "language" : {
        "name" : "konkani",
        "code" : "ko"
      }
    }
  ],
  "mood" : {
    "slug" : "happy",
    "name" : "Happy"
  },
  "thumbnail" : "https:\/\/d1ua79hvv369a0.cloudfront.net\/reflection\/thumbnail\/14-May-2016\/Vaada_malli_thumb.jpg",
  "language" : {
    "name" : "Tamil",
    "code" : "ta"
  },
  "slug" : "vaada-malli",
  "info" : {
    "lyric_languages" : [
      {
        "name" : {
          "en" : "Tamil",
          "hi" : "Tamil",
          "te" : "Tamil",
          "ta" : "தமிழ்"
        }
      }
    ],
    "instruments" : [
      {
        "name" : {
          "en" : "Tape",
          "hi" : "Tape",
          "te" : "Tape",
          "ta" : "தப்பு"
        }
      },
      {
        "name" : {
          "en" : "Tavil",
          "hi" : "Tavil",
          "te" : "Tavil",
          "ta" : "தவில்"
        }
      },
      {
        "name" : {
          "en" : "Ethnic Drums",
          "hi" : "Ethnic Drums",
          "te" : "Ethnic Drums",
          "ta" : "எத்னிக் டிரம்ஸ்"
        }
      },
      {
        "name" : {
          "en" : "Guitars",
          "hi" : "Guitars",
          "te" : "Guitars",
          "ta" : "கிட்டார்ஸ்"
        }
      },
      {
        "name" : {
          "en" : "Nadhaswaram",
          "hi" : "Nadhaswaram",
          "te" : "Nadhaswaram",
          "ta" : "நாதஸ்வரம்"
        }
      }
    ],
    "thaalams" : [
      {
        "name" : {
          "en" : "Adi Taalam",
          "hi" : "Adi Taalam",
          "te" : "Adi Taalam",
          "ta" : "அடி தாளம்"
        }
      }
    ],
    "lyric_moods" : [
      {
        "name" : {
          "en" : "Happy",
          "hi" : "Happy",
          "te" : "Happy",
          "ta" : "மகிழ்ச்சி"
        }
      }
    ],
    "music_genres" : [
      {
        "name" : {
          "en" : "Chennai Pop",
          "hi" : "Chennai Pop",
          "te" : "Chennai Pop",
          "ta" : "சென்னைப் பாப்"
        }
      }
    ],
    "lyric_genres" : [
      {
        "name" : {
          "en" : "Romance",
          "hi" : "Romance",
          "te" : "Romance",
          "ta" : "காதல்"
        }
      }
    ],
    "duration" : 4.01,
    "lyric_styles" : [
      {
        "name" : {
          "en" : "Contemporary",
          "hi" : "Contemporary",
          "te" : "Contemporary",
          "ta" : "சமகால நடை"
        }
      }
    ],
    "best_seasons_to_listen" : [
      {
        "name" : {
          "en" : "All",
          "hi" : "All",
          "te" : "All",
          "ta" : "எப்பொழுதும்"
        }
      }
    ],
    "launch_date" : {
      "en" : "14\/05\/2016",
      "hi" : "14\/05\/2016",
      "te" : "14\/05\/2016",
      "ta" : "14\/05\/2016"
    },
    "best_time_to_listen" : [
      {
        "name" : {
          "en" : "Evening",
          "hi" : "Evening",
          "te" : "Evening",
          "ta" : "மாலை"
        }
      },
      {
        "name" : {
          "en" : "Night",
          "hi" : "Night",
          "te" : "Night",
          "ta" : "இரவு"
        }
      }
    ]
  }
}