{
  "title" : {
    "en" : "Veeraa Thurandhara",
    "hi" : "Veeraa Thurandhara",
    "te" : "Veeraa Thurandhara",
    "ta" : "வீரத்துரந்தரா"
  },
  "info" : {
    "lyric_languages" : [
      {
        "name" : {
          "en" : "Tamil",
          "hi" : "Tamil",
          "te" : "Tamil",
          "ta" : "தமிழ்"
        }
      }
    ],
    "instruments" : [
      {
        "name" : {
          "en" : "Durms",
          "hi" : "Durms",
          "te" : "Durms",
          "ta" : "டிரம்ஸ்"
        }
      },
      {
        "name" : {
          "en" : "Acoustic Guitars",
          "hi" : "Acoustic Guitars",
          "te" : "Acoustic Guitars",
          "ta" : "அக்கௌஸ்டிக் கிட்டார்"
        }
      },
      {
        "name" : {
          "en" : "Bass & Electric Guitars",
          "hi" : "Bass & Electric Guitars",
          "te" : "Bass & Electric Guitars",
          "ta" : "பேஸ் & எலக்ட்ரிக் கிட்டார்"
        }
      },
      {
        "name" : {
          "en" : "Additional Keys",
          "hi" : "Additional Keys",
          "te" : "Additional Keys",
          "ta" : "கூடுதல் கீஸ்"
        }
      },
      {
        "name" : {
          "en" : "Trumpets",
          "hi" : "Trumpets",
          "te" : "Trumpets",
          "ta" : "டிரம்பெட்ஸ்"
        }
      }
    ],
    "thaalams" : [
      {
        "name" : {
          "en" : "4 by 4 WCM syncopated Jazz rhythm",
          "hi" : "4 by 4 WCM syncopated Jazz rhythm",
          "te" : "4 by 4 WCM syncopated Jazz rhythm",
          "ta" : "4 by 4 WCM syncopated Jazz rhythm"
        }
      }
    ],
    "lyric_moods" : [
      {
        "name" : {
          "en" : "Excited",
          "hi" : "Excited",
          "te" : "Excited",
          "ta" : "உற்சாகம்"
        }
      }
    ],
    "music_genres" : [
      {
        "name" : {
          "en" : "Modern Jazz",
          "hi" : "Modern Jazz",
          "te" : "Modern Jazz",
          "ta" : "மார்டன் ஜாஸ்"
        }
      },
      {
        "name" : {
          "en" : "Hip-Hop",
          "hi" : "Hip-Hop",
          "te" : "Hip-Hop",
          "ta" : "ஹிப் ஹாப்"
        }
      }
    ],
    "best_seasons_to_listen" : [
      {
        "name" : {
          "en" : "Summer",
          "hi" : "Summer",
          "te" : "Summer",
          "ta" : "கோடை காலம்"
        }
      },
      {
        "name" : {
          "en" : "Spring",
          "hi" : "Spring",
          "te" : "Spring",
          "ta" : "வசந்த காலம்"
        }
      },
      {
        "name" : {
          "en" : "Winter",
          "hi" : "Winter",
          "te" : "Winter",
          "ta" : "குளிர்காலம்"
        }
      }
    ],
    "duration" : 3.17,
    "lyric_styles" : [
      {
        "name" : {
          "en" : "Contemporary",
          "hi" : "Contemporary",
          "te" : "Contemporary",
          "ta" : "சமகால நடை"
        }
      }
    ],
    "lyric_genres" : [
      {
        "name" : {
          "en" : "Character",
          "hi" : "Character",
          "te" : "Character",
          "ta" : "பாத்திரம்"
        }
      }
    ],
    "best_times_to_listen" : [
      {
        "name" : {
          "en" : "Evening",
          "hi" : "Evening",
          "te" : "Evening",
          "ta" : "மாலை"
        }
      },
      {
        "name" : {
          "en" : "Night",
          "hi" : "Night",
          "te" : "Night",
          "ta" : "இரவு"
        }
      },
      {
        "name" : {
          "en" : "Party",
          "hi" : "Party",
          "te" : "Party",
          "ta" : "பார்ட்டி"
        }
      }
    ],
    "launch_date" : {
      "en" : "12\/06\/2016",
      "hi" : "12\/06\/2016",
      "te" : "12\/06\/2016",
      "ta" : "12\/06\/2016"
    }
  },
  "active" : true,
  "credits" : {
    "audio_label" : [
      {
        "name" : {
          "en" : "Think Music",
          "hi" : "Think Music",
          "te" : "Think Music",
          "ta" : "திங்க் மியூசிக்"
        }
      }
    ],
    "singers" : [
      {
        "name" : {
          "en" : "Gana Bala",
          "hi" : "Gana Bala",
          "te" : "Gana Bala",
          "ta" : "கானா பாலா"
        }
      },
      {
        "name" : {
          "en" : "Lawrence R",
          "hi" : "Lawrence R",
          "te" : "Lawrence R",
          "ta" : "லாரன்ஸ் R"
        }
      },
      {
        "name" : {
          "en" : "Pradeep Kumar",
          "hi" : "Pradeep Kumar",
          "te" : "Pradeep Kumar",
          "ta" : "பிரதீப் குமார்"
        }
      }
    ],
    "rap_verses" : [
      {
        "name" : {
          "en" : "Roshan Jamrock",
          "hi" : "Roshan Jamrock",
          "te" : "Roshan Jamrock",
          "ta" : "ரோஷன் ஜேம்ராக்"
        }
      }
    ],
    "producers" : [
      {
        "name" : {
          "en" : "Kalaippuli S.Thanu",
          "hi" : "Kalaippuli S.Thanu",
          "te" : "Kalaippuli S.Thanu",
          "ta" : "கலைப்புலி S.தானு"
        }
      }
    ],
    "composers" : [
      {
        "name" : {
          "en" : "Santhosh Narayanan",
          "hi" : "Santhosh Narayanan",
          "te" : "Santhosh Narayanan",
          "ta" : "சந்தோஷ் நாராயணன்"
        }
      }
    ],
    "lyricists" : [
      {
        "name" : {
          "en" : "Uma Devi",
          "hi" : "Uma Devi",
          "te" : "Uma Devi",
          "ta" : "உமா தேவி"
        }
      }
    ]
  },
  "published_on" : "2016-06-12T12:30:00.000Z",
  "description" : {
    "en" : "To imagine this super jazzy number with visuals of 1980’s style Rajini in all his glory gives every Rajini fan an eargasm. This power-packed number works very well in Gaana Bala’s rustic vocals and Uma Devi’s aggressive lyrics.",
    "hi" : "To imagine this super jazzy number with visuals of 1980’s style Rajini in all his glory gives every Rajini fan an eargasm. This power-packed number works very well in Gaana Bala’s rustic vocals and Uma Devi’s aggressive lyrics.",
    "te" : "To imagine this super jazzy number with visuals of 1980’s style Rajini in all his glory gives every Rajini fan an eargasm. This power-packed number works very well in Gaana Bala’s rustic vocals and Uma Devi’s aggressive lyrics.",
    "ta" : "இந்த அருமையான ஜாஸ் பாணிப் பாடலை 1980களின் பாணி ரஜினியுடன் கற்பனைசெய்துபார்த்தால், ஒவ்வொரு ரஜினி ரசிகரும் மகிழ்ச்சியில் மூழ்குவார். சக்திவாய்ந்த இந்தப் பாடல் கானா பாலாவின் கிராமியக் குரலில், உமா தேவியின் வலுவான வரிகளில் சிறந்துநிற்கிறது."
  },
  "poster" : "https:\/\/d1ua79hvv369a0.cloudfront.net\/reflection\/poster\/June\/12\/veraa-thurandhara-poster.jpg",
  "album" : {
    "title" : {
      "en" : "Kabali",
      "hi" : "Kabali",
      "te" : "Kabali",
      "ta" : "கபாலி"
    },
    "id" : "63"
  },
  "musics" : [
    {
      "players" : [
        {
          "name" : {
            "en" : "Tapass Naresh",
            "hi" : "Tapass Naresh",
            "te" : "Tapass Naresh",
            "ta" : "தபாஸ் நரேஷ்"
          }
        }
      ],
      "instrument" : {
        "name" : {
          "name" : {
            "en" : "Durms",
            "hi" : "Durms",
            "te" : "Durms",
            "ta" : "டிரம்ஸ்"
          }
        }
      }
    },
    {
      "players" : [
        {
          "name" : {
            "en" : "Pradeep Kumar",
            "hi" : "Pradeep Kumar",
            "te" : "Pradeep Kumar",
            "ta" : "பிரதீப் குமார்"
          }
        }
      ],
      "instrument" : {
        "name" : {
          "name" : {
            "en" : "Acoustic Guitars",
            "hi" : "Acoustic Guitars",
            "te" : "Acoustic Guitars",
            "ta" : "அக்கௌஸ்டிக் கிட்டார்"
          }
        }
      }
    },
    {
      "players" : [
        {
          "name" : {
            "en" : "Jhanu Chantar",
            "hi" : "Jhanu Chantar",
            "te" : "Jhanu Chantar",
            "ta" : "ஜானு சந்தர்"
          }
        }
      ],
      "instrument" : {
        "name" : {
          "name" : {
            "en" : "Bass & Electric Guitars",
            "hi" : "Bass & Electric Guitars",
            "te" : "Bass & Electric Guitars",
            "ta" : "பேஸ் & எலக்ட்ரிக் கிட்டார்"
          }
        }
      }
    },
    {
      "players" : [
        {
          "name" : {
            "en" : "Sat Richard",
            "hi" : "Sat Richard",
            "te" : "Sat Richard",
            "ta" : "சாட் ரிச்சர்ட்"
          }
        }
      ],
      "instrument" : {
        "name" : {
          "name" : {
            "en" : "Additional Keys",
            "hi" : "Additional Keys",
            "te" : "Additional Keys",
            "ta" : "கூடுதல் கீஸ்"
          }
        }
      }
    },
    {
      "players" : [
        {
          "name" : {
            "en" : "Vijay",
            "hi" : "Vijay",
            "te" : "Vijay",
            "ta" : "விஜய்"
          }
        }
      ],
      "instrument" : {
        "name" : {
          "name" : {
            "en" : "Trumpets",
            "hi" : "Trumpets",
            "te" : "Trumpets",
            "ta" : "டிரம்பெட்ஸ்"
          }
        }
      }
    }
  ],
  "critics" : [
    {
      "review" : {
        "instrument" : {
          "comment" : {
            "en" : "An impressive mélange of Modern Jazz and Pop",
            "hi" : "An impressive mélange of Modern Jazz and Pop",
            "te" : "An impressive mélange of Modern Jazz and Pop",
            "ta" : "An impressive mélange of Modern Jazz and Pop"
          },
          "score" : 12
        },
        "overall" : {
          "comment" : {
            "en" : "Where Blues meets Madras Conversations!",
            "hi" : "Where Blues meets Madras Conversations!",
            "te" : "Where Blues meets Madras Conversations!",
            "ta" : "Where Blues meets Madras Conversations!"
          },
          "score" : 11.5
        },
        "vocal" : {
          "comment" : {
            "en" : "Stylish, poised and riveting vocals deliver par excellence",
            "hi" : "Stylish, poised and riveting vocals deliver par excellence",
            "te" : "Stylish, poised and riveting vocals deliver par excellence",
            "ta" : "A conversational tune which focuses more on the lyrical conversation."
          },
          "score" : 12
        },
        "tune" : {
          "comment" : {
            "en" : "A conversational tune which focuses more on the lyrical conversation.",
            "hi" : "A conversational tune which focuses more on the lyrical conversation.",
            "te" : "A conversational tune which focuses more on the lyrical conversation.",
            "ta" : "A conversational tune which focuses more on the lyrical conversation."
          },
          "score" : 10
        },
        "lyric" : {
          "comment" : {
            "en" : "Rap styled lyrics with mellowed aggression and trendiness.",
            "hi" : "Rap styled lyrics with mellowed aggression and trendiness.",
            "te" : "Rap styled lyrics with mellowed aggression and trendiness.",
            "ta" : "Rap styled lyrics with mellowed aggression and trendiness."
          },
          "score" : 12
        }
      },
      "author" : {
        "name" : "Durga",
        "image" : "https:\/\/d1ua79hvv369a0.cloudfront.net\/reflection\/critic\/critic-durga.png"
      },
      "rating" : 11.5
    },
    {
      "review" : {
        "instrument" : {
          "comment" : {
            "en" : "Kickass work on the drums and the guitar riffs which set the base for the song. The trumpets bring out the jazz flavour. Whistles recur in this track as well while the gun shots bring out the gangster setting.",
            "hi" : "Kickass work on the drums and the guitar riffs which set the base for the song. The trumpets bring out the jazz flavour. Whistles recur in this track as well while the gun shots bring out the gangster setting.",
            "te" : "Kickass work on the drums and the guitar riffs which set the base for the song. The trumpets bring out the jazz flavour. Whistles recur in this track as well while the gun shots bring out the gangster setting.",
            "ta" : "Kickass work on the drums and the guitar riffs which set the base for the song. The trumpets bring out the jazz flavour. Whistles recur in this track as well while the gun shots bring out the gangster setting."
          },
          "score" : 10
        },
        "overall" : {
          "comment" : {
            "en" : "Completely foot-tapping experience by Santhosh Narayanan. Jazz - hip hop fusion experiment. Gangster rap …",
            "hi" : "Completely foot-tapping experience by Santhosh Narayanan. Jazz - hip hop fusion experiment. Gangster rap …",
            "te" : "Completely foot-tapping experience by Santhosh Narayanan. Jazz - hip hop fusion experiment. Gangster rap …",
            "ta" : "Completely foot-tapping experience by Santhosh Narayanan. Jazz - hip hop fusion experiment. Gangster rap …"
          },
          "score" : 10
        },
        "vocal" : {
          "comment" : {
            "en" : "Pradeep takes care of the tender humming bits while Gana Bala and the rap singers are in charge of the action packed segments.",
            "hi" : "Pradeep takes care of the tender humming bits while Gana Bala and the rap singers are in charge of the action packed segments.",
            "te" : "Pradeep takes care of the tender humming bits while Gana Bala and the rap singers are in charge of the action packed segments.",
            "ta" : "An interesting fusion of jazz and hip hop which will set your feet tapping."
          },
          "score" : 10
        },
        "tune" : {
          "comment" : {
            "en" : "An interesting fusion of jazz and hip hop which will set your feet tapping.",
            "hi" : "An interesting fusion of jazz and hip hop which will set your feet tapping.",
            "te" : "An interesting fusion of jazz and hip hop which will set your feet tapping.",
            "ta" : "An interesting fusion of jazz and hip hop which will set your feet tapping."
          },
          "score" : 10
        },
        "lyric" : {
          "comment" : {
            "en" : "Hero glorifying \/ Messiah \/ Gangster lines in different shades. ‘Make way for the People’s Champion’ has to be the most crowd pleasing Superstar line for the current generation.",
            "hi" : "Hero glorifying \/ Messiah \/ Gangster lines in different shades. ‘Make way for the People’s Champion’ has to be the most crowd pleasing Superstar line for the current generation.",
            "te" : "Hero glorifying \/ Messiah \/ Gangster lines in different shades. ‘Make way for the People’s Champion’ has to be the most crowd pleasing Superstar line for the current generation.",
            "ta" : "Hero glorifying \/ Messiah \/ Gangster lines in different shades. ‘Make way for the People’s Champion’ has to be the most crowd pleasing Superstar line for the current generation."
          },
          "score" : 10
        }
      },
      "author" : {
        "name" : "Kaushik",
        "image" : "https:\/\/d1ua79hvv369a0.cloudfront.net\/reflection\/critic\/Kaushik-200x200.jpg"
      },
      "rating" : 10
    },
    {
      "review" : {
        "instrument" : {
          "comment" : {
            "en" : "A variety of instruments, such as synth, trumpet, electric guitars and the minimalistic drums, are used to good effect. Programming work is commendable",
            "hi" : "A variety of instruments, such as synth, trumpet, electric guitars and the minimalistic drums, are used to good effect. Programming work is commendable",
            "te" : "A variety of instruments, such as synth, trumpet, electric guitars and the minimalistic drums, are used to good effect. Programming work is commendable",
            "ta" : "A variety of instruments, such as synth, trumpet, electric guitars and the minimalistic drums, are used to good effect. Programming work is commendable"
          },
          "score" : 10
        },
        "overall" : {
          "comment" : {
            "en" : "The electric guitar riff in the beginning sets the mood of the track. The rap portions add spark to the track.",
            "hi" : "The electric guitar riff in the beginning sets the mood of the track. The rap portions add spark to the track.",
            "te" : "The electric guitar riff in the beginning sets the mood of the track. The rap portions add spark to the track.",
            "ta" : "The electric guitar riff in the beginning sets the mood of the track. The rap portions add spark to the track."
          },
          "score" : 9
        },
        "vocal" : {
          "comment" : {
            "en" : "Well-delivered. Rap portions provide the magic.",
            "hi" : "Well-delivered. Rap portions provide the magic.",
            "te" : "Well-delivered. Rap portions provide the magic.",
            "ta" : "So typical of the composer's earlier works. Rap portions are catchy"
          },
          "score" : 9
        },
        "tune" : {
          "comment" : {
            "en" : "So typical of the composer's earlier works. Rap portions are catchy",
            "hi" : "So typical of the composer's earlier works. Rap portions are catchy",
            "te" : "So typical of the composer's earlier works. Rap portions are catchy",
            "ta" : "So typical of the composer's earlier works. Rap portions are catchy"
          },
          "score" : 8
        },
        "lyric" : {
          "comment" : {
            "en" : "Apt for the Superstar",
            "hi" : "Apt for the Superstar",
            "te" : "Apt for the Superstar",
            "ta" : "Apt for the Superstar"
          },
          "score" : 9
        }
      },
      "author" : {
        "name" : "Ashok",
        "image" : "https:\/\/d1ua79hvv369a0.cloudfront.net\/reflection\/critic\/Ashok_thumb.png"
      },
      "rating" : 9
    },
    {
      "review" : {
        "instrument" : {
          "comment" : {
            "en" : "Pradeep’s acoustic guitar, Tapass Naresh’s electric guitar add a wonderful layer to the song!",
            "hi" : "Pradeep’s acoustic guitar, Tapass Naresh’s electric guitar add a wonderful layer to the song!",
            "te" : "Pradeep’s acoustic guitar, Tapass Naresh’s electric guitar add a wonderful layer to the song!",
            "ta" : "Pradeep’s acoustic guitar, Tapass Naresh’s electric guitar add a wonderful layer to the song!"
          },
          "score" : 13
        },
        "overall" : {
          "comment" : {
            "en" : "Rajini Bond song!",
            "hi" : "Rajini Bond song!",
            "te" : "Rajini Bond song!",
            "ta" : "Rajini Bond song!"
          },
          "score" : 11.75
        },
        "vocal" : {
          "comment" : {
            "en" : "Gana Bala moves away from his signature style and handles it in style.",
            "hi" : "Gana Bala moves away from his signature style and handles it in style.",
            "te" : "Gana Bala moves away from his signature style and handles it in style.",
            "ta" : "Curiously alluring mix of Vikram's title song and a highly engaging Bond theme song that is sung by a man, for a change."
          },
          "score" : 10
        },
        "tune" : {
          "comment" : {
            "en" : "Curiously alluring mix of Vikram's title song and a highly engaging Bond theme song that is sung by a man, for a change.",
            "hi" : "Curiously alluring mix of Vikram's title song and a highly engaging Bond theme song that is sung by a man, for a change.",
            "te" : "Curiously alluring mix of Vikram's title song and a highly engaging Bond theme song that is sung by a man, for a change.",
            "ta" : "Curiously alluring mix of Vikram's title song and a highly engaging Bond theme song that is sung by a man, for a change."
          },
          "score" : 13
        },
        "lyric" : {
          "comment" : {
            "en" : "Uma Devi’s choice of purer Tamil makes up for the standard hero-worship tone.",
            "hi" : "Uma Devi’s choice of purer Tamil makes up for the standard hero-worship tone.",
            "te" : "Uma Devi’s choice of purer Tamil makes up for the standard hero-worship tone.",
            "ta" : "Uma Devi’s choice of purer Tamil makes up for the standard hero-worship tone."
          },
          "score" : 11
        }
      },
      "author" : {
        "name" : "Karthik",
        "image" : "https:\/\/d1ua79hvv369a0.cloudfront.net\/reflection\/critic\/critic-karthik.png"
      },
      "rating" : 11.75
    }
  ],
  "type" : {
    "slug" : "independent-music",
    "name" : "Independent Music"
  },
  "lyrics" : [
    {
      "data" : "Oh mighty warrior<br>Oh my permanent ruler<br>Oh mighty warrior<br>Oh my permanent ruler<br>Oh the new age swordsman,<br>that the world does not know<br><br>Without becoming a prey to<br>people who are happy looking at the way you are,<br>eliminate all the worries that they grieve about<br>for the beloved ones to cry<br>for the enslaved ones to rise,<br>Oh mighty warrior <br>Oh my permanent ruler<br><br>Kabali Coming, can you feel theground shake!<br>like an earthquake, now here to run, it's too late!<br><br>Real Gangstaz! from the city to the estate!<br>Real Gangstaz!Separate good from the grate!<br>keeping it straight O.G Since the 80's,<br>Untouchable A.K.A Kabali,<br>Fighting for what's right, Standing up for the weak<br>Looking fly kicking a.. in a suit and hockey stick.<br><br>'Dum Dum Dum', as the explosive enmity<br>plays on the field,<br>deserted will be the cage<br><br>The path that offers clothes<br>is the supportive arm<br>On the way will bud<br>the freedom <br><br>You're a warrior who makes enemies hide<br>Is your word that breaks open earth, worth? <br>Can the mountain rise higher than your pride?<br>Oh leader who shows the way,<br>Will virtue sleep now on, per say?<br><br>Oh mighty warrior <br>Oh my permanent ruler<br><br>Lend me your ears or I'll slice 'em all off,<br>with the same pair of scissors my mama use to cut cloth,<br>Every man gotta right to decide him destiny,<br><br>i'd rather die standing up than living life on my knees<br>Beat the war drums hard, don't let the music stop!<br>Magizhchi Muthaluvaz, Coz this JAM ROCKS!<br>Beat the war drums hard, don't let the music stop!<br>Magizhchi Muthaluvaz, Coz this JAM ROCKS!<br><br>He plucked the strings of righteousness lyre<br>He filed his sword with emotional fire<br>He proved himself to the world<br>Oh mighty warrior, Oh my permanent ruler<br><br>As hurdles chop out<br>As heads look up<br>watch workhorse become a warrior<br>Oh mighty warrior, Oh my permanent ruler<br><br>Kabali!<br>Original Gyangsta!<br>Siempre Peligroso!<br><br>Make Way for the people's Champion<br>Kabali!<br><br>Original Gyangsta!<br>Siempre Peligroso!<br>Make Way for the people's Champion<br><br>Those sharp eyes<br>will ignite fire<br>Those slaves' lives<br>this trooper will set right!",
      "language" : {
        "name" : "English",
        "code" : "en"
      }
    },
    {
      "data" : "வீரத்துரந்தரா <br>எமை ஆளும் நிரந்தரா <br>வீரத்துரந்தரா <br>எமை ஆளும் நிரந்தரா <br>பூமி அறிந்திரா <br>புது யுகத்தின் சமர்வீரா <br><br>உன் நிலைக்கண்டு <br>இன்புற்றார்க்கு இரையாகாமல் <br>அன்புற்றார் அழ <br>அடிமைகள் எழ; அவர் <br>துன்புற்றத் துயரங்கள் நீக்கும் <br><br>வீரத்துரந்தரா <br>எமை ஆளும் நிரந்தரா <br><br>Kabali Coming, can you feel the ground shake!<br>like an earthquake, now here to run, it's too late!<br><br>Real Gangstaz! from the city to the estate!<br>Real Gangstaz! Separate good from the grate!<br>keeping it straight O.G Since the 80's,<br>Untouchable A.K.A Kabali,<br>Fighting for what's right, Standing up for the weak<br>Looking fly kicking a$$ in a suit and hockey stick.<br><br>டும் டும் டும்மென வெடித்திடும் பகை <br>களத்தினில் ஆட <br>வெறித்திடும் குகை <br><br>உடைகளை வழங்கிடும் <br>வழி வழித்துணை <br>வழிகளில் முளைத்திடும் <br>விடு விடுதலை <br><br>பகைவர் ஒளிஞ்சிடும் வீரன் நீ <br>நிலம் பெயந்திடும் உன் சொல் பெயருமா <br>உன் நிலை தாண்டியே மலை உயருமா <br>வழி காட்டும் தலைவனே <br>இனி அறம் உறங்குமா?<br><br>வீரத்துரந்தரா <br>எமை ஆளும் நிரந்தரா <br><br>Lend me your ears or I'll slice 'em all off,<br>with the same pair of scissors my mama use to cut cloth,<br>Every man gotta right to decide him destiny,<br><br>i'd rather die standing up than living life on my knees<br>Beat the war drums hard, don't let the music stop!<br>Magizhchi Muthaluvaz, Coz this JAM ROCKS!<br>Beat the war drums hard, don't let the music stop!<br>Magizhchi Muthaluvaz, Coz this JAM ROCKS!<br><br>உரிமை யாழ் மீட்டினான் <br>உணர்வால் வாள் தீட்டினான் <br>உலகில் யாரெனக் காட்டினான் <br>வீரத்துரந்தரா எமை ஆளும் நிரந்தரா<br><br>தடைகள் அறுந்திட <br>தலைகள் நிமிர்ந்திட<br>கடையன் படையன் ஆகினான் <br>வீரத்துரந்தரா எமை ஆளும் நிரந்தரா <br>Kabali!<br>Original Gyangsta!<br>Siempre Peligroso!<br>கூர்விழி பார்வை <br>Make Way for the people's Champion  <br>கொளுத்திடும் தீயை <br>Kabali!<br>Original Gyangsta!<br>Siempre Peligroso!<br>அடிமைகள் வாழ்வை <br>Make Way for the people's Champion  <br>சீர் அமைத்திடும் தானை",
      "language" : {
        "name" : "Tamil",
        "code" : "ta"
      }
    }
  ],
  "id" : "73",
  "phonetic_lyrics" : [
    {
      "data" : "veerathurandhdharaa <br>emai aaLum nirandhdharaa <br>veerathurandhdharaa <br>emai aaLum nirandhdharaa <br>poomi aRindhdhiraa <br>pudhu yugathin samarveeraa <br><br>un nilaikkaNdu <br>inputRaarkku iraiyaagaamal <br>anputRaar azha <br>adimaigaL ezha; avar <br>thunputRath thuyarangaL neekkum <br><br>veerathurandhdharaa <br>emai aaLum nirandhdharaa <br><br>Kabali Coming, can you feel the ground shake!<br>like an earthquake, now here to run, it's too late!<br><br>Real Gangstaz! from the city to the estate!<br>Real Gangstaz! Separate good from the grate!<br>keeping it straight O.G Since the 80's,<br>Untouchable A.K.A Kabali,<br>Fighting for what's right, Standing up for the weak<br>Looking fly kicking a$$ in a suit and hockey stick.<br><br>tum tum tummena vedithidum pagai <br>kaLathinil aada <br>veRithidum kugai <br><br>udaigaLai vazhanggidum <br>vazhi vazhithuNai <br>vazhigaLil muLaithidum <br>vidu vidudhalai <br><br>pagaivar oLinjjidum veeran nee <br>nilam peyandhdhidum un sol peyarumaa <br>un nilai thaaNdiyae malai uyarumaa <br>vazhi kaattum thalaivanae <br>ini aRam uRanggumaa?<br><br>veerathurandhdharaa <br>emai aaLum nirandhdharaa <br><br>Lend me your ears or I'll slice 'em all off,<br>with the same pair of scissors my mama use to cut cloth,<br>Every man gotta right to decide him destiny,<br><br>i'd rather die standing up than living life on my knees<br>Beat the war drums hard, don't let the music stop!<br>Magizhchi Muthaluvaz, Coz this JAM ROCKS!<br>Beat the war drums hard, don't let the music stop!<br>Magizhchi Muthaluvaz, Coz this JAM ROCKS!<br><br>urimai yaazh meettinaan <br>uNarvaal vaaL theettinaan <br>ulagil yaarenak kaattinaan <br>veerathurandhdharaa emai aaLum nirandhdharaa<br><br>thadaigaL aRundhdhida <br>thalaigaL nimirndhdhida<br>kadaiyan padaiyan aaginaan <br>veerathurandhdharaa emai aaLum nirandhdharaa <br>Kabali!<br>Original Gyangsta!<br>Siempre Peligroso!<br>koorvizhi paarvai <br>Make Way for the people's Champion <br>koLuthidum theeyai <br>Kabali!<br>Original Gyangsta!<br>Siempre Peligroso!<br>adimaigaL vaazhvai <br>Make Way for the people's Champion <br>cheer amaithidum thaanai",
      "language" : {
        "name" : "English",
        "code" : "en"
      }
    },
    {
      "data" : "வீரத்துரந்தரா <br>எமை ஆளும் நிரந்தரா <br>வீரத்துரந்தரா <br>எமை ஆளும் நிரந்தரா <br>பூமி அறிந்திரா <br>புது யுகத்தின் சமர்வீரா <br><br>உன் நிலைக்கண்டு <br>இன்புற்றார்க்கு இரையாகாமல் <br>அன்புற்றார் அழ <br>அடிமைகள் எழ; அவர் <br>துன்புற்றத் துயரங்கள் நீக்கும் <br><br>வீரத்துரந்தரா <br>எமை ஆளும் நிரந்தரா <br><br>Kabali Coming, can you feel the ground shake!<br>like an earthquake, now here to run, it's too late!<br><br>Real Gangstaz! from the city to the estate!<br>Real Gangstaz! Separate good from the grate!<br>keeping it straight O.G Since the 80's,<br>Untouchable A.K.A Kabali,<br>Fighting for what's right, Standing up for the weak<br>Looking fly kicking a$$ in a suit and hockey stick.<br><br>டும் டும் டும்மென வெடித்திடும் பகை <br>களத்தினில் ஆட <br>வெறித்திடும் குகை <br><br>உடைகளை வழங்கிடும் <br>வழி வழித்துணை <br>வழிகளில் முளைத்திடும் <br>விடு விடுதலை <br><br>பகைவர் ஒளிஞ்சிடும் வீரன் நீ <br>நிலம் பெயந்திடும் உன் சொல் பெயருமா <br>உன் நிலை தாண்டியே மலை உயருமா <br>வழி காட்டும் தலைவனே <br>இனி அறம் உறங்குமா?<br><br>வீரத்துரந்தரா <br>எமை ஆளும் நிரந்தரா <br><br>Lend me your ears or I'll slice 'em all off,<br>with the same pair of scissors my mama use to cut cloth,<br>Every man gotta right to decide him destiny,<br><br>i'd rather die standing up than living life on my knees<br>Beat the war drums hard, don't let the music stop!<br>Magizhchi Muthaluvaz, Coz this JAM ROCKS!<br>Beat the war drums hard, don't let the music stop!<br>Magizhchi Muthaluvaz, Coz this JAM ROCKS!<br><br>உரிமை யாழ் மீட்டினான் <br>உணர்வால் வாள் தீட்டினான் <br>உலகில் யாரெனக் காட்டினான் <br>வீரத்துரந்தரா எமை ஆளும் நிரந்தரா<br><br>தடைகள் அறுந்திட <br>தலைகள் நிமிர்ந்திட<br>கடையன் படையன் ஆகினான் <br>வீரத்துரந்தரா எமை ஆளும் நிரந்தரா <br>Kabali!<br>Original Gyangsta!<br>Siempre Peligroso!<br>கூர்விழி பார்வை <br>Make Way for the people's Champion  <br>கொளுத்திடும் தீயை <br>Kabali!<br>Original Gyangsta!<br>Siempre Peligroso!<br>அடிமைகள் வாழ்வை <br>Make Way for the people's Champion  <br>சீர் அமைத்திடும் தானை",
      "language" : {
        "name" : "Tamil",
        "code" : "ta"
      }
    },
    {
      "data" : "वीरतुरन्द दरा <br>एम्ऐ आळुम निरन्द दरा <br>वीरतुरन्द दरा <br>एम्ऐ आळुम निरन्द दरा <br>पूम्इ अरिन्द दिरा <br>पुदु युगतिन सम्अर्वीरा <br> <br>उन निलैक्कंडु <br>इन्पुट्ड़ार्क्कु इरैयागाम्अल <br>अन्पुट्ड़ार अल <br>अडिम्ऐगल एल; अवर <br>तुन्पुट्ड़त तुयरङल नीककुम <br> <br>वीरतुरन्द दरा <br>एम्ऐ आळुम निरन्द दरा <br> <br>Kabali Coming, can you feel the ground shake!<br>like an earthquake, now here to run, it's too late!<br><br>Real Gangstaz! from the city to the estate!<br>Real Gangstaz! Separate good from the grate!<br>keeping it straight O.G Since the 80's,<br>Untouchable A.K.A Kabali,<br>Fighting for what's right, Standing up for the weak<br>Looking fly kicking a$$ in a suit and hockey stick.<br> <br>टुम टुम टुम्म्एन वेडितिडुम पगै <br>कळतिनिल आड <br>वेरितिडुम कुगै <br> <br>उडैगळै वलङ्गिडुम <br>वलि वलिथुंऐ <br>वलिगऴिल म्उळैतिडुम <br>विडु विडुदलै <br> <br>पगैवर ओऴिञ्जिडुम वीरन नी <br>निलम पेयन्द दिडुम उन सोल पेयरुम्आ <br>उन निलै थांडिये म्अलै उयरुम्आ <br>वलि काटटुम तलैवने <br>इनि अड़म उड़ङ्गुम्आ? <br> <br>वीरतुरन्द दरा <br>एम्ऐ आळुम निरन्द दरा <br> <br>Lend me your ears or I'll slice 'em all off,<br>with the same pair of scissors my mama use to cut cloth,<br>Every man gotta right to decide him destiny,<br><br>i'd rather die standing up than living life on my knees<br>Beat the war drums hard, don't let the music stop!<br>Magizhchi Muthaluvaz, Coz this JAM ROCKS!<br>Beat the war drums hard, don't let the music stop!<br>Magizhchi Muthaluvaz, Coz this JAM ROCKS!<br> <br>उरिम्ऐ याल् म्ईट्टिनान <br>उंअर्वाल वाल तीट्टिनान <br>उलगिल यारेनक काट्टिनान <br>वीरतुरन्द दरा एम्ऐ आळुम निरन्द दरा <br> <br>तडैगल अड़ुन्द दिड <br>तलैगल निम्इर्न्द दिड <br>कडैयन पडैयन आगिनान <br>वीरतुरन्द दरा एम्ऐ आळुम निरन्द दरा <br>Kabali!<br>Original Gyangsta!<br>Siempre Peligroso!<br>कूरविलि पारवै <br>मके Wअय् फ़ोर ते पेओप्ले'स् चम्पिओन <br>कोळुतिडुम तीयै <br>Kabali!<br>Original Gyangsta!<br>Siempre Peligroso!<br>अडिम्ऐगल वाल्वै <br>Make Way for the people's Champion <br>सीर अम्ऐतिडुम तानै",
      "language" : {
        "name" : "Hindi",
        "code" : "hi"
      }
    },
    {
      "data" : "వీరథురన్ధ్ధరా <br>ఎమ్యై ఆళుమ్ నిరన్ధ్ధరా <br>వీరథురన్ధ్ధరా <br>ఎమ్యై ఆళుమ్ నిరన్ధ్ధరా <br>పూమ్యి అఱిన్ధ్ధిరా <br>పుధు యుగథిన్ సమ్యర్వీరా <br> <br>ఉన్ నిలైక్కందు <br>ఇన్పుత్ఱార్క్కు ఇరైయాగామ్యల్ <br>అన్పుత్ఱార్ అల <br>అదిమ్యైగళ్ ఎల; అవర్ <br>థున్పుత్ఱథ్ థుయరఙళ్ నెక్కుమ్ <br> <br>వీరథురన్ధ్ధరా <br>ఎమ్యై ఆళుమ్ నిరన్ధ్ధరా <br> <br>Kabali Coming, can you feel the ground shake!<br>like an earthquake, now here to run, it's too late!<br><br>Real Gangstaz! from the city to the estate!<br>Real Gangstaz! Separate good from the grate!<br>keeping it straight O.G Since the 80's,<br>Untouchable A.K.A Kabali,<br>Fighting for what's right, Standing up for the weak<br>Looking fly kicking a$$ in a suit and hockey stick.<br> <br>తుమ్ తుమ్ తుమ్మ్యెన వెదిథిదుమ్ పగై <br>కళథినిల్ ఆద <br>వెఱిథిదుమ్ కుగై <br> <br>ఉదైగళై వలఙ్గిదుమ్ <br>వలి వలిథుంయై <br>వలిగళిల్ మ్యుళైథిదుమ్ <br>విదు విదుధలై <br> <br>పగైవర్ ఒళిఞ్జిదుమ్ వీరన్ నె <br>నిలమ్ పెయన్ధ్ధిదుమ్ ఉన్ సొల్ పెయరుమ్యా <br>ఉన్ నిలై థాందియే మ్యలై ఉయరుమ్యా <br>వలి కాత్తుమ్ థలైవనే <br>ఇని అఱమ్ ఉఱఙ్గుమ్యా? <br> <br>వీరథురన్ధ్ధరా <br>ఎమ్యై ఆళుమ్ నిరన్ధ్ధరా <br> <br>Lend me your ears or I'll slice 'em all off,<br>with the same pair of scissors my mama use to cut cloth,<br>Every man gotta right to decide him destiny,<br><br>i'd rather die standing up than living life on my knees<br>Beat the war drums hard, don't let the music stop!<br>Magizhchi Muthaluvaz, Coz this JAM ROCKS!<br>Beat the war drums hard, don't let the music stop!<br>Magizhchi Muthaluvaz, Coz this JAM ROCKS!<br> <br>ఉరిమ్యై యాల్ మ్యీత్తినాన్ <br>ఉంయర్వాల్ వాళ్ థీత్తినాన్ <br>ఉలగిల్ యారెనక్ కాత్తినాన్ <br>వీరథురన్ధ్ధరా ఎమ్యై ఆళుమ్ నిరన్ధ్ధరా <br> <br>థదైగళ్ అఱున్ధ్ధిద <br>థలైగళ్ నిమ్యిర్న్ధ్ధిద <br>కదైయన్ పదైయన్ ఆగినాన్ <br>వీరథురన్ధ్ధరా ఎమ్యై ఆళుమ్ నిరన్ధ్ధరా <br>Kabali!<br>Original Gyangsta!<br>Siempre Peligroso!<br>కూర్విలి పార్వై <br>మకె Wయయ్ పొర్ థె పెయొప్లె'స్ చమ్పియొన్ <br>కొళుథిదుమ్ థీయై <br>Kabali!<br>Original Gyangsta!<br>Siempre Peligroso!<br>అదిమ్యైగళ్ వాల్వై <br>Make Way for the people's Champion <br>సీర్ అమ్యైథిదుమ్ థానై",
      "language" : {
        "name" : "Telugu",
        "code" : "te"
      }
    },
    {
      "data" : "വീരഥുരന്ധ്ധരാ <br>എമ്യൈ ആളുമ് നിരന്ധ്ധരാ <br>വീരഥുരന്ധ്ധരാ <br>എമ്യൈ ആളുമ് നിരന്ധ്ധരാ <br>പൂമ്യി അറിന്ധ്ധിരാ <br>പുധു യുഗഥിന് സമ്യര്വീരാ <br> <br>ഉന് നിലൈക്കംദു <br>ഇന്പുത്റാര്ക്കു ഇരൈയാഗാമ്യല് <br>അന്പുത്റാര് അഴ <br>അദിമ്യൈഗള് എഴ; അവര് <br>ഥുന്പുത്റഥ് ഥുയരങള് നീക്കുമ് <br> <br>വീരഥുരന്ധ്ധരാ <br>എമ്യൈ ആളുമ് നിരന്ധ്ധരാ <br> <br>Kabali Coming, can you feel the ground shake!<br>like an earthquake, now here to run, it's too late!<br><br>Real Gangstaz! from the city to the estate!<br>Real Gangstaz! Separate good from the grate!<br>keeping it straight O.G Since the 80's,<br>Untouchable A.K.A Kabali,<br>Fighting for what's right, Standing up for the weak<br>Looking fly kicking a$$ in a suit and hockey stick.<br> <br>തുമ് തുമ് തുമ്മ്യെന വെദിഥിദുമ് പഗൈ <br>കളഥിനില് ആദ <br>വെറിഥിദുമ് കുഗൈ <br> <br>ഉദൈഗളൈ വഴങ്ഗിദുമ് <br>വഴി വഴിഥുംയൈ <br>വഴിഗളില് മ്യുളൈഥിദുമ് <br>വിദു വിദുധലൈ <br> <br>പഗൈവര് ഒളിഞ്ജിദുമ് വീരന് നീ <br>നിലമ് പെയന്ധ്ധിദുമ് ഉന് സൊല് പെയരുമ്യാ <br>ഉന് നിലൈ ഥാംദിയേ മ്യലൈ ഉയരുമ്യാ <br>വഴി കാത്തുമ് ഥലൈവനേ <br>ഇനി അറമ് ഉറങ്ഗുമ്യാ? <br> <br>വീരഥുരന്ധ്ധരാ <br>എമ്യൈ ആളുമ് നിരന്ധ്ധരാ <br> <br>Lend me your ears or I'll slice 'em all off,<br>with the same pair of scissors my mama use to cut cloth,<br>Every man gotta right to decide him destiny,<br><br>i'd rather die standing up than living life on my knees<br>Beat the war drums hard, don't let the music stop!<br>Magizhchi Muthaluvaz, Coz this JAM ROCKS!<br>Beat the war drums hard, don't let the music stop!<br>Magizhchi Muthaluvaz, Coz this JAM ROCKS!<br> <br>ഉരിമ്യൈ യാഴ് മ്യീത്തിനാന് <br>ഉംയര്വാല് വാള് ഥീത്തിനാന് <br>ഉലഗില് യാരെനക് കാത്തിനാന് <br>വീരഥുരന്ധ്ധരാ എമ്യൈ ആളുമ് നിരന്ധ്ധരാ <br> <br>ഥദൈഗള് അറുന്ധ്ധിദ <br>ഥലൈഗള് നിമ്യിര്ന്ധ്ധിദ <br>കദൈയന് പദൈയന് ആഗിനാന് <br>വീരഥുരന്ധ്ധരാ എമ്യൈ ആളുമ് നിരന്ധ്ധരാ <br>Kabali!<br>Original Gyangsta!<br>Siempre Peligroso!<br>കൂര്വിഴി പാര്വൈ <br>മകെ Wയയ് പൊര് ഥെ പെയൊപ്ലെ'സ് ഛമ്പിയൊന് <br>കൊളുഥിദുമ് ഥീയൈ <br>Kabali!<br>Original Gyangsta!<br>Siempre Peligroso!<br>അദിമ്യൈഗള് വാഴ്വൈ <br>Make Way for the people's Champion <br>സീര് അമ്യൈഥിദുമ് ഥാനൈ",
      "language" : {
        "name" : "Malayalam",
        "code" : "ml"
      }
    },
    {
      "data" : "ವೀರಥುರನ್ಧ್ಧರಾ <br>ಎಮ್ಯೈ ಆಳುಮ್ ನಿರನ್ಧ್ಧರಾ <br>ವೀರಥುರನ್ಧ್ಧರಾ <br>ಎಮ್ಯೈ ಆಳುಮ್ ನಿರನ್ಧ್ಧರಾ <br>ಪೂಮ್ಯಿ ಅರಿನ್ಧ್ಧಿರಾ <br>ಪುಧು ಯುಗಥಿನ್ ಸಮ್ಯರ್ವೀರಾ <br> <br>ಉನ್ ನಿಲೈಕ್ಕಂದು <br>ಇನ್ಪುತ್ರಾರ್ಕ್ಕು ಇರೈಯಾಗಾಮ್ಯಲ್ <br>ಅನ್ಪುತ್ರಾರ್ ಅಲ <br>ಅದಿಮ್ಯೈಗಳ್ ಎಲ; ಅವರ್ <br>ಥುನ್ಪುತ್ರಥ್ ಥುಯರಙಳ್ ನೀಕ್ಕುಮ್ <br> <br>ವೀರಥುರನ್ಧ್ಧರಾ <br>ಎಮ್ಯೈ ಆಳುಮ್ ನಿರನ್ಧ್ಧರಾ <br> <br>Kabali Coming, can you feel the ground shake!<br>like an earthquake, now here to run, it's too late!<br><br>Real Gangstaz! from the city to the estate!<br>Real Gangstaz! Separate good from the grate!<br>keeping it straight O.G Since the 80's,<br>Untouchable A.K.A Kabali,<br>Fighting for what's right, Standing up for the weak<br>Looking fly kicking a$$ in a suit and hockey stick. <br> <br>ತುಮ್ ತುಮ್ ತುಮ್ಮ್ಯೆನ ವೆದಿಥಿದುಮ್ ಪಗೈ <br>ಕಳಥಿನಿಲ್ ಆದ <br>ವೆರಿಥಿದುಮ್ ಕುಗೈ <br> <br>ಉದೈಗಳೈ ವಲಙ್ಗಿದುಮ್ <br>ವಲಿ ವಲಿಥುಂಯೈ <br>ವಲಿಗಳಿಲ್ ಮ್ಯುಳೈಥಿದುಮ್ <br>ವಿದು ವಿದುಧಲೈ <br> <br>ಪಗೈವರ್ ಒಳಿಞ್ಜಿದುಮ್ ವೀರನ್ ನೀ <br>ನಿಲಮ್ ಪೆಯನ್ಧ್ಧಿದುಮ್ ಉನ್ ಸೊಲ್ ಪೆಯರುಮ್ಯಾ <br>ಉನ್ ನಿಲೈ ಥಾಂದಿಯೇ ಮ್ಯಲೈ ಉಯರುಮ್ಯಾ <br>ವಲಿ ಕಾತ್ತುಮ್ ಥಲೈವನೇ <br>ಇನಿ ಅರಮ್ ಉರಙ್ಗುಮ್ಯಾ? <br> <br>ವೀರಥುರನ್ಧ್ಧರಾ <br>ಎಮ್ಯೈ ಆಳುಮ್ ನಿರನ್ಧ್ಧರಾ <br> <br>Lend me your ears or I'll slice 'em all off,<br>with the same pair of scissors my mama use to cut cloth,<br>Every man gotta right to decide him destiny,<br><br>i'd rather die standing up than living life on my knees<br>Beat the war drums hard, don't let the music stop!<br>Magizhchi Muthaluvaz, Coz this JAM ROCKS!<br>Beat the war drums hard, don't let the music stop!<br>Magizhchi Muthaluvaz, Coz this JAM ROCKS!<br> <br>ಉರಿಮ್ಯೈ ಯಾಲ್ ಮ್ಯೀತ್ತಿನಾನ್ <br>ಉಂಯರ್ವಾಲ್ ವಾಳ್ ಥೀತ್ತಿನಾನ್ <br>ಉಲಗಿಲ್ ಯಾರೆನಕ್ ಕಾತ್ತಿನಾನ್ <br>ವೀರಥುರನ್ಧ್ಧರಾ ಎಮ್ಯೈ ಆಳುಮ್ ನಿರನ್ಧ್ಧರಾ <br> <br>ಥದೈಗಳ್ ಅರುನ್ಧ್ಧಿದ <br>ಥಲೈಗಳ್ ನಿಮ್ಯಿರ್ನ್ಧ್ಧಿದ <br>ಕದೈಯನ್ ಪದೈಯನ್ ಆಗಿನಾನ್ <br>ವೀರಥುರನ್ಧ್ಧರಾ ಎಮ್ಯೈ ಆಳುಮ್ ನಿರನ್ಧ್ಧರಾ <br>Kabali!<br>Original Gyangsta!<br>Siempre Peligroso!<br>ಕೂರ್ವಿಲಿ ಪಾರ್ವೈ <br>ಮಕೆ Wಯಯ್ ಪೊರ್ ಥೆ ಪೆಯೊಪ್ಲೆ'ಸ್ ಛಮ್ಪಿಯೊನ್ <br>ಕೊಳುಥಿದುಮ್ ಥೀಯೈ <br>Kabali!<br>Original Gyangsta!<br>Siempre Peligroso!<br>ಅದಿಮ್ಯೈಗಳ್ ವಾಲ್ವೈ <br>Make Way for the people's Champion <br>ಸೀರ್ ಅಮ್ಯೈಥಿದುಮ್ ಥಾನೈ",
      "language" : {
        "name" : "Kanadam",
        "code" : "ka"
      }
    },
    {
      "data" : "ৱীরথুরন্ধ্ধরা <br>এম্যৈ আলুম্ নিরন্ধ্ধরা <br>ৱীরথুরন্ধ্ধরা <br>এম্যৈ আলুম্ নিরন্ধ্ধরা <br>পূম্যি অড়িন্ধ্ধিরা <br>পুধু যুগথিন্ সম্যর্ৱীরা <br> <br>উন্ নিলৈক্কঁদু <br>ইন্পুত্ড়ার্ক্কু ইরৈযাগাম্যল্ <br>অন্পুত্ড়ার্ অল <br>অদিম্যৈগল্ এল; অৱর্ <br>থুন্পুত্ড়থ্ থুযরঙল্ নীক্কুম্ <br> <br>ৱীরথুরন্ধ্ধরা <br>এম্যৈ আলুম্ নিরন্ধ্ধরা <br> <br>Kabali Coming, can you feel the ground shake!<br>like an earthquake, now here to run, it's too late!<br><br>Real Gangstaz! from the city to the estate!<br>Real Gangstaz! Separate good from the grate!<br>keeping it straight O.G Since the 80's,<br>Untouchable A.K.A Kabali,<br>Fighting for what's right, Standing up for the weak<br>Looking fly kicking a$$ in a suit and hockey stick.<br> <br>তুম্ তুম্ তুম্ম্যেন ৱেদিথিদুম্ পগৈ <br>কলথিনিল্ আদ <br>ৱেড়িথিদুম্ কুগৈ <br> <br>উদৈগলৈ ৱলঙ্গিদুম্ <br>ৱলি ৱলিথুঁযৈ <br>ৱলিগলিল্ ম্যুলৈথিদুম্ <br>ৱিদু ৱিদুধলৈ <br> <br>পগৈৱর্ ওলিঞ্জিদুম্ ৱীরন্ নী <br>নিলম্ পেযন্ধ্ধিদুম্ উন্ সোল্ পেযরুম্যা <br>উন্ নিলৈ থাঁদিযে ম্যলৈ উযরুম্যা <br>ৱলি কাত্তুম্ থলৈৱনে <br>ইনি অড়ম্ উড়ঙ্গুম্যা? <br> <br>ৱীরথুরন্ধ্ধরা <br>এম্যৈ আলুম্ নিরন্ধ্ধরা <br> <br>Lend me your ears or I'll slice 'em all off,<br>with the same pair of scissors my mama use to cut cloth,<br>Every man gotta right to decide him destiny,<br><br>i'd rather die standing up than living life on my knees<br>Beat the war drums hard, don't let the music stop!<br>Magizhchi Muthaluvaz, Coz this JAM ROCKS!<br>Beat the war drums hard, don't let the music stop!<br>Magizhchi Muthaluvaz, Coz this JAM ROCKS!<br> <br>উরিম্যৈ যাল্ ম্যীত্তিনান্ <br>উঁযর্ৱাল্ ৱাল্ থীত্তিনান্ <br>উলগিল্ যারেনক্ কাত্তিনান্ <br>ৱীরথুরন্ধ্ধরা এম্যৈ আলুম্ নিরন্ধ্ধরা <br> <br>থদৈগল্ অড়ুন্ধ্ধিদ <br>থলৈগল্ নিম্যির্ন্ধ্ধিদ <br>কদৈযন্ পদৈযন্ আগিনান্ <br>ৱীরথুরন্ধ্ধরা এম্যৈ আলুম্ নিরন্ধ্ধরা <br>Kabali!<br>Original Gyangsta!<br>Siempre Peligroso!<br>কূর্ৱিলি পার্ৱৈ <br>মকে Wযয্ পোর্ থে পেযোপ্লে'স্ ছম্পিযোন্ <br>কোলুথিদুম্ থীযৈ <br>Kabali!<br>Original Gyangsta!<br>Siempre Peligroso!<br>অদিম্যৈগল্ ৱাল্ৱৈ <br>Make Way for the people's Champion  <br>সীর্ অম্যৈথিদুম্ থানৈ",
      "language" : {
        "name" : "Bengali",
        "code" : "be"
      }
    },
    {
      "data" : "વીરથુરન્ધ્ધરા <br>એમ્યૈ આળુમ્ ણિરન્ધ્ધરા <br>વીરથુરન્ધ્ધરા <br>એમ્યૈ આળુમ્ ણિરન્ધ્ધરા <br>પૂમ્યિ અરિન્ધ્ધિરા <br>પુધુ યુગથિન્ સમ્યર્વીરા <br> <br>ઉન્ ણિલૈક્કંદુ <br>ઇન્પુત્રાર્ક્કુ ઇરૈયાગામ્યલ્ <br>અન્પુત્રાર્ અલ <br>અદિમ્યૈગળ્ એલ; અવર્ <br>થુન્પુત્રથ્ થુયરઙળ્ ણીક્કુમ્ <br> <br>વીરથુરન્ધ્ધરા <br>એમ્યૈ આળુમ્ ણિરન્ધ્ધરા <br> <br>Kabali Coming, can you feel the ground shake!<br>like an earthquake, now here to run, it's too late!<br><br>Real Gangstaz! from the city to the estate!<br>Real Gangstaz! Separate good from the grate!<br>keeping it straight O.G Since the 80's,<br>Untouchable A.K.A Kabali,<br>Fighting for what's right, Standing up for the weak<br>Looking fly kicking a$$ in a suit and hockey stick.<br> <br>તુમ્ તુમ્ તુમ્મ્યેન વેદિથિદુમ્ પગૈ <br>કળથિનિલ્ આદ <br>વેરિથિદુમ્ કુગૈ <br> <br>ઉદૈગળૈ વલઙ્ગિદુમ્ <br>વલિ વલિથુંયૈ <br>વલિગળિલ્ મ્યુળૈથિદુમ્ <br>વિદુ વિદુધલૈ <br> <br>પગૈવર્ ઓળિઞ્જિદુમ્ વીરન્ ણી <br>ણિલમ્ પેયન્ધ્ધિદુમ્ ઉન્ સોલ્ પેયરુમ્યા <br>ઉન્ ણિલૈ થાંદિયૅ મ્યલૈ ઉયરુમ્યા <br>વલિ કાત્તુમ્ થલૈવનૅ <br>ઇનિ અરમ્ ઉરઙ્ગુમ્યા? <br> <br>વીરથુરન્ધ્ધરા <br>એમ્યૈ આળુમ્ ણિરન્ધ્ધરા <br> <br>Lend me your ears or I'll slice 'em all off,<br>with the same pair of scissors my mama use to cut cloth,<br>Every man gotta right to decide him destiny,<br><br>i'd rather die standing up than living life on my knees<br>Beat the war drums hard, don't let the music stop!<br>Magizhchi Muthaluvaz, Coz this JAM ROCKS!<br>Beat the war drums hard, don't let the music stop!<br>Magizhchi Muthaluvaz, Coz this JAM ROCKS!<br> <br>ઉરિમ્યૈ યાલ્ મ્યીત્તિનાન્ <br>ઉંયર્વાલ્ વાળ્ થીત્તિનાન્ <br>ઉલગિલ્ યારેનક્ કાત્તિનાન્ <br>વીરથુરન્ધ્ધરા એમ્યૈ આળુમ્ ણિરન્ધ્ધરા <br> <br>થદૈગળ્ અરુન્ધ્ધિદ <br>થલૈગળ્ ણિમ્યિર્ન્ધ્ધિદ <br>કદૈયન્ પદૈયન્ આગિનાન્ <br>વીરથુરન્ધ્ધરા એમ્યૈ આળુમ્ ણિરન્ધ્ધરા <br>Kabali!<br>Original Gyangsta!<br>Siempre Peligroso!<br>કૂર્વિલિ પાર્વૈ <br>મકે Wયય્ પોર્ થે પેયોપ્લે'સ્ છમ્પિયોન્ <br>કોળુથિદુમ્ થીયૈ <br>Kabali!<br>Original Gyangsta!<br>Siempre Peligroso! <br>અદિમ્યૈગળ્ વાલ્વૈ <br>Make Way for the people's Champion <br>સીર્ અમ્યૈથિદુમ્ થાનૈ",
      "language" : {
        "name" : "Gujarathi",
        "code" : "gu"
      }
    },
    {
      "data" : "वीरतुरन्द दरा <br>एम्ऐ आळुम निरन्द दरा <br>वीरतुरन्द दरा <br>एम्ऐ आळुम निरन्द दरा <br>पूम्इ अरिन्द दिरा <br>पुदु युगतिन सम्अर्वीरा <br> <br>उन निलैक्कंडु <br>इन्पुट्ड़ार्क्कु इरैयागाम्अल <br>अन्पुट्ड़ार अल <br>अडिम्ऐगल एल; अवर <br>तुन्पुट्ड़त तुयरङल नीककुम <br> <br>वीरतुरन्द दरा <br>एम्ऐ आळुम निरन्द दरा <br> <br>Kabali Coming, can you feel the ground shake!<br>like an earthquake, now here to run, it's too late!<br><br>Real Gangstaz! from the city to the estate!<br>Real Gangstaz! Separate good from the grate!<br>keeping it straight O.G Since the 80's,<br>Untouchable A.K.A Kabali,<br>Fighting for what's right, Standing up for the weak<br>Looking fly kicking a$$ in a suit and hockey stick.<br> <br>टुम टुम टुम्म्एन वेडितिडुम पगै <br>कळतिनिल आड <br>वेरितिडुम कुगै <br> <br>उडैगळै वलङ्गिडुम <br>वलि वलिथुंऐ <br>वलिगऴिल म्उळैतिडुम <br>विडु विडुदलै <br> <br>पगैवर ओऴिञ्जिडुम वीरन नी <br>निलम पेयन्द दिडुम उन सोल पेयरुम्आ <br>उन निलै थांडिये म्अलै उयरुम्आ <br>वलि काटटुम तलैवने <br>इनि अड़म उड़ङ्गुम्आ? <br> <br>वीरतुरन्द दरा <br>एम्ऐ आळुम निरन्द दरा <br> <br>Lend me your ears or I'll slice 'em all off,<br>with the same pair of scissors my mama use to cut cloth,<br>Every man gotta right to decide him destiny,<br><br>i'd rather die standing up than living life on my knees<br>Beat the war drums hard, don't let the music stop!<br>Magizhchi Muthaluvaz, Coz this JAM ROCKS!<br>Beat the war drums hard, don't let the music stop!<br>Magizhchi Muthaluvaz, Coz this JAM ROCKS!<br> <br>उरिम्ऐ याल् म्ईट्टिनान <br>उंअर्वाल वाल तीट्टिनान <br>उलगिल यारेनक काट्टिनान <br>वीरतुरन्द दरा एम्ऐ आळुम निरन्द दरा <br> <br>तडैगल अड़ुन्द दिड <br>तलैगल निम्इर्न्द दिड <br>कडैयन पडैयन आगिनान <br>वीरतुरन्द दरा एम्ऐ आळुम निरन्द दरा <br>Kabali!<br>Original Gyangsta!<br>Siempre Peligroso!<br>कूरविलि पारवै <br>मके Wअय् फ़ोर ते पेओप्ले'स् चम्पिओन <br>कोळुतिडुम तीयै <br>Kabali!<br>Original Gyangsta!<br>Siempre Peligroso!<br>अडिम्ऐगल वाल्वै <br>Make Way for the people's Champion <br>सीर अम्ऐतिडुम तानै",
      "language" : {
        "name" : "Marathi",
        "code" : "mr"
      }
    },
    {
      "data" : "ୱୀରଥୁରନ୍ଧ୍ଧରା <br>ଏମ୍ଯୈ ଆଲୁମ୍ ନିରନ୍ଧ୍ଧରା <br>ୱୀରଥୁରନ୍ଧ୍ଧରା <br>ଏମ୍ଯୈ ଆଲୁମ୍ ନିରନ୍ଧ୍ଧରା <br>ପୂମ୍ଯି ଅଡ଼ିନ୍ଧ୍ଧିରା <br>ପୁଧୁ ଯୁଗଥିନ୍ ସମ୍ଯର୍ୱୀରା <br> <br>ଉନ୍ ନିଳୈକ୍କଂଦୁ <br>ଇନ୍ପୁତ୍ଡ଼ାର୍କ୍କୁ ଇରୈଯାଗାମ୍ଯଳ୍ <br>ଅନ୍ପୁତ୍ଡ଼ାର୍ ଅଳ <br>ଅଦିମ୍ଯୈଗଲ୍ ଏଳ; ଅୱର୍ <br>ଥୁନ୍ପୁତ୍ଡ଼ଥ୍ ଥୁଯରଙଲ୍ ନୀକ୍କୁମ୍ <br> <br>ୱୀରଥୁରନ୍ଧ୍ଧରା <br>ଏମ୍ଯୈ ଆଲୁମ୍ ନିରନ୍ଧ୍ଧରା <br> <br>Kabali Coming, can you feel the ground shake!<br>like an earthquake, now here to run, it's too late!<br><br>Real Gangstaz! from the city to the estate!<br>Real Gangstaz! Separate good from the grate!<br>keeping it straight O.G Since the 80's,<br>Untouchable A.K.A Kabali,<br>Fighting for what's right, Standing up for the weak<br>Looking fly kicking a$$ in a suit and hockey stick.<br> <br>ତୁମ୍ ତୁମ୍ ତୁମ୍ମ୍ଯେନ ୱେଦିଥିଦୁମ୍ ପଗୈ <br>କଲଥିନିଳ୍ ଆଦ <br>ୱେଡ଼ିଥିଦୁମ୍ କୁଗୈ <br> <br>ଉଦୈଗଲୈ ୱଳଙ୍ଗିଦୁମ୍ <br>ୱଳି ୱଳିଥୁଂଯୈ <br>ୱଳିଗଲିଳ୍ ମ୍ଯୁଲୈଥିଦୁମ୍ <br>ୱିଦୁ ୱିଦୁଧଳୈ <br> <br>ପଗୈୱର୍ ଓଲିଞ୍ଜିଦୁମ୍ ୱୀରନ୍ ନୀ <br>ନିଳମ୍ ପେଯନ୍ଧ୍ଧିଦୁମ୍ ଉନ୍ ସୋଳ୍ ପେଯରୁମ୍ଯା <br>ଉନ୍ ନିଳୈ ଥାଂଦିଯେ ମ୍ଯଳୈ ଉଯରୁମ୍ଯା <br>ୱଳି କାତ୍ତୁମ୍ ଥଳୈୱନେ <br>ଇନି ଅଡ଼ମ୍ ଉଡ଼ଙ୍ଗୁମ୍ଯା? <br> <br>ୱୀରଥୁରନ୍ଧ୍ଧରା <br>ଏମ୍ଯୈ ଆଲୁମ୍ ନିରନ୍ଧ୍ଧରା <br> <br>Lend me your ears or I'll slice 'em all off,<br>with the same pair of scissors my mama use to cut cloth,<br>Every man gotta right to decide him destiny,<br><br>i'd rather die standing up than living life on my knees<br>Beat the war drums hard, don't let the music stop!<br>Magizhchi Muthaluvaz, Coz this JAM ROCKS!<br>Beat the war drums hard, don't let the music stop!<br>Magizhchi Muthaluvaz, Coz this JAM ROCKS!<br> <br>ଉରିମ୍ଯୈ ଯାଳ୍ ମ୍ଯୀତ୍ତିନାନ୍ <br>ଉଂଯର୍ୱାଳ୍ ୱାଲ୍ ଥୀତ୍ତିନାନ୍ <br>ଉଳଗିଳ୍ ଯାରେନକ୍ କାତ୍ତିନାନ୍ <br>ୱୀରଥୁରନ୍ଧ୍ଧରା ଏମ୍ଯୈ ଆଲୁମ୍ ନିରନ୍ଧ୍ଧରା <br> <br>ଥଦୈଗଲ୍ ଅଡ଼ୁନ୍ଧ୍ଧିଦ <br>ଥଳୈଗଲ୍ ନିମ୍ଯିର୍ନ୍ଧ୍ଧିଦ <br>କଦୈଯନ୍ ପଦୈଯନ୍ ଆଗିନାନ୍ <br>ୱୀରଥୁରନ୍ଧ୍ଧରା ଏମ୍ଯୈ ଆଲୁମ୍ ନିରନ୍ଧ୍ଧରା <br>Kabali!<br>Original Gyangsta!<br>Siempre Peligroso!<br>କୂର୍ୱିଳି ପାର୍ୱୈ <br>ମକେ Wଯଯ୍ ପୋର୍ ଥେ ପେଯୋପ୍ଳେ'ସ୍ ଛମ୍ପିଯୋନ୍ <br>କୋଲୁଥିଦୁମ୍ ଥୀଯୈ <br>Kabali!<br>Original Gyangsta!<br>Siempre Peligroso!<br>ଅଦିମ୍ଯୈଗଲ୍ ୱାଳ୍ୱୈ <br>Make Way for the people's Champion <br>ସୀର୍ ଅମ୍ଯୈଥିଦୁମ୍ ଥାନୈ",
      "language" : {
        "name" : "Oriya",
        "code" : "or"
      }
    },
    {
      "data" : "वीरतुरन्द दरा <br>एम्ऐ आळुम निरन्द दरा <br>वीरतुरन्द दरा <br>एम्ऐ आळुम निरन्द दरा <br>पूम्इ अरिन्द दिरा <br>पुदु युगतिन सम्अर्वीरा <br> <br>उन निलैक्कंडु <br>इन्पुट्ड़ार्क्कु इरैयागाम्अल <br>अन्पुट्ड़ार अल <br>अडिम्ऐगल एल; अवर <br>तुन्पुट्ड़त तुयरङल नीककुम <br> <br>वीरतुरन्द दरा <br>एम्ऐ आळुम निरन्द दरा <br> <br>Kabali Coming, can you feel the ground shake!<br>like an earthquake, now here to run, it's too late!<br><br>Real Gangstaz! from the city to the estate!<br>Real Gangstaz! Separate good from the grate!<br>keeping it straight O.G Since the 80's,<br>Untouchable A.K.A Kabali,<br>Fighting for what's right, Standing up for the weak<br>Looking fly kicking a$$ in a suit and hockey stick.<br> <br>टुम टुम टुम्म्एन वेडितिडुम पगै <br>कळतिनिल आड <br>वेरितिडुम कुगै <br> <br>उडैगळै वलङ्गिडुम <br>वलि वलिथुंऐ <br>वलिगऴिल म्उळैतिडुम <br>विडु विडुदलै <br> <br>पगैवर ओऴिञ्जिडुम वीरन नी <br>निलम पेयन्द दिडुम उन सोल पेयरुम्आ <br>उन निलै थांडिये म्अलै उयरुम्आ <br>वलि काटटुम तलैवने <br>इनि अड़म उड़ङ्गुम्आ? <br> <br>वीरतुरन्द दरा <br>एम्ऐ आळुम निरन्द दरा <br> <br>Lend me your ears or I'll slice 'em all off,<br>with the same pair of scissors my mama use to cut cloth,<br>Every man gotta right to decide him destiny,<br><br>i'd rather die standing up than living life on my knees<br>Beat the war drums hard, don't let the music stop!<br>Magizhchi Muthaluvaz, Coz this JAM ROCKS!<br>Beat the war drums hard, don't let the music stop!<br>Magizhchi Muthaluvaz, Coz this JAM ROCKS!<br> <br>उरिम्ऐ याल् म्ईट्टिनान <br>उंअर्वाल वाल तीट्टिनान <br>उलगिल यारेनक काट्टिनान <br>वीरतुरन्द दरा एम्ऐ आळुम निरन्द दरा <br> <br>तडैगल अड़ुन्द दिड <br>तलैगल निम्इर्न्द दिड <br>कडैयन पडैयन आगिनान <br>वीरतुरन्द दरा एम्ऐ आळुम निरन्द दरा <br>Kabali!<br>Original Gyangsta!<br>Siempre Peligroso!<br>कूरविलि पारवै <br>मके Wअय् फ़ोर ते पेओप्ले'स् चम्पिओन <br>कोळुतिडुम तीयै <br>Kabali!<br>Original Gyangsta!<br>Siempre Peligroso!<br>अडिम्ऐगल वाल्वै <br>Make Way for the people's Champion <br>सीर अम्ऐतिडुम तानै",
      "language" : {
        "name" : "konkani",
        "code" : "ko"
      }
    }
  ],
  "mood" : {
    "slug" : "excited",
    "name" : "Excited"
  },
  "release_order_of_the_day" : 3,
  "language" : {
    "name" : "Tamil",
    "code" : "ta"
  },
  "slug" : "veeraa-thurandhara",
  "thumbnail" : "https:\/\/d1ua79hvv369a0.cloudfront.net\/images\/songs\/thumbnails\/veeraa-thurandhara\/180x150.jpg"
}