{
  "title" : {
    "en" : "Yaen sollama ponayo",
    "hi" : "Yaen sollama ponayo",
    "te" : "Yaen sollama ponayo",
    "ta" : "ஏன் சொல்லாம போனாயோ "
  },
  "credits" : {
    "mixers" : [
      {
        "name" : {
          "en" : "Jaishankar Iyer",
          "hi" : "Jaishankar Iyer",
          "te" : "Jaishankar Iyer",
          "ta" : "ஜெய்சங்கர் ஐயர்"
        }
      }
    ],
    "masters" : [
      {
        "name" : {
          "en" : "Jaishankar Iyer",
          "hi" : "Jaishankar Iyer",
          "te" : "Jaishankar Iyer",
          "ta" : "ஜெய்சங்கர் ஐயர்"
        }
      }
    ],
    "composers" : [
      {
        "name" : {
          "en" : "K",
          "hi" : "K",
          "te" : "K",
          "ta" : "கே"
        }
      }
    ],
    "lyricists" : [
      {
        "name" : {
          "en" : "Gnanakaravel",
          "hi" : "Gnanakaravel",
          "te" : "Gnanakaravel",
          "ta" : "ஞானகரவேல்"
        }
      }
    ],
    "singers" : [
      {
        "name" : {
          "en" : "Harshitha Krishnan",
          "hi" : "Harshitha Krishnan",
          "te" : "Harshitha Krishnan",
          "ta" : "ஹர்ஷிதா கிருஷ்ணன்"
        }
      }
    ],
    "translator" : [
      {
        "name" : {
          "en" : "Jayashree Ramanujam",
          "hi" : "Jayashree Ramanujam",
          "te" : "Jayashree Ramanujam",
          "ta" : "ஜெயஸ்ரீ இராமானுஜம்"
        }
      }
    ],
    "arrangers" : [
      {
        "name" : {
          "en" : "K",
          "hi" : "K",
          "te" : "K",
          "ta" : "கே"
        }
      }
    ],
    "producers" : [
      {
        "name" : {
          "en" : "K",
          "hi" : "K",
          "te" : "K",
          "ta" : "கே"
        }
      }
    ],
    "lyric_video_senior_editor" : [
      {
        "name" : {
          "en" : "Shyam Sundar Murugesan",
          "hi" : "Shyam Sundar Murugesan",
          "te" : "Shyam Sundar Murugesan",
          "ta" : "ஷியாம் சுந்தர் முருகேசன்"
        }
      }
    ],
    "recorded_studios" : [
      {
        "name" : {
          "en" : "River Records",
          "hi" : "River Records",
          "te" : "River Records",
          "ta" : "ரிவர் ரேகர்ட்ஸ்"
        }
      }
    ],
    "lyric_art" : [
      {
        "name" : {
          "en" : "Muhilan",
          "hi" : "Muhilan",
          "te" : "Muhilan",
          "ta" : "முகிலன்"
        }
      }
    ],
    "manager_of_visual_content" : [
      {
        "name" : {
          "en" : "Gokula Krishnan R Vasugi, MFI",
          "hi" : "Gokula Krishnan R Vasugi, MFI",
          "te" : "Gokula Krishnan R Vasugi, MFI",
          "ta" : "கோகுல கிருஷ்ணன் R வாசுகி MFI"
        }
      }
    ],
    "sound_engineers" : [
      {
        "name" : {
          "en" : "Jaishankar Iyer",
          "hi" : "Jaishankar Iyer",
          "te" : "Jaishankar Iyer",
          "ta" : "ஜெய்சங்கர் ஐயர்"
        }
      }
    ],
    "lyric_video_editor" : [
      {
        "name" : {
          "en" : "Mithran.B",
          "hi" : "Mithran.B",
          "te" : "Mithran.B",
          "ta" : "மித்திரன்.B"
        }
      }
    ]
  },
  "active" : true,
  "published_on" : "2016-05-21T12:30:00.000Z",
  "description" : {
    "en" : "Bringing the blues sensation to the independent scene is this addictive number by K. This song sounds truly unique owing to the pulling rendition by the female lead Harshitha and the simplified lyrics that could get anyone trying. A song for all you bathroom singers, all you blues lovers and all of you who gets mesmerised by music.",
    "hi" : "Bringing the blues sensation to the independent scene is this addictive number by K. This song sounds truly unique owing to the pulling rendition by the female lead Harshitha and the simplified lyrics that could get anyone trying. A song for all you bathroom singers, all you blues lovers and all of you who gets mesmerised by music.",
    "te" : "Bringing the blues sensation to the independent scene is this addictive number by K. This song sounds truly unique owing to the pulling rendition by the female lead Harshitha and the simplified lyrics that could get anyone trying. A song for all you bathroom singers, all you blues lovers and all of you who gets mesmerised by music.",
    "ta" : "ப்ளூஸ் பாணிப் பாடலைத் தமிழுக்குக் கொண்டுவந்திருக்கும் முயற்சி இது. கே உருவாக்கியிருக்கும் இந்தப் பாடல் சட்டென்று உங்களை ஈர்க்கும். இதன் தனித்துவமான வடிவமும், ஹர்ஷிதாவின் சுண்டியிழுக்கும் குரலும் எளிய பாடல்வரிகளும் இதன் சிறப்பம்சங்கள். நீங்கள் பாத்ரூம் பாடகராக இருந்தாலும் சரி, ப்ளூஸ் காதலராக இருந்தாலும் சரி, வெறும் இசைப்பிரியர் என்றாலும் சரி, இந்தப் பாடலில் கரைந்துபோவீர்கள்."
  },
  "poster" : "https:\/\/d1ua79hvv369a0.cloudfront.net\/reflection\/poster\/21-May-2016\/Yean_sollama_cover.jpg",
  "album" : {
    "title" : {
      "en" : "Yaen sollama ponayo",
      "hi" : "Yaen sollama ponayo",
      "te" : "Yaen sollama ponayo",
      "ta" : "Yaen sollama ponayo"
    },
    "id" : "38",
    "thumbnail" : "https:\/\/d1ua79hvv369a0.cloudfront.net\/reflection\/thumbnail\/21-May-2016\/Yean_sollama_thumb.jpg"
  },
  "musics" : [
    {
      "players" : [
        {
          "name" : {
            "en" : "Jaishankar Iyer",
            "hi" : "Jaishankar Iyer",
            "te" : "Jaishankar Iyer",
            "ta" : "ஜெய்சங்கர் ஐயர்"
          }
        }
      ],
      "instrument" : {
        "name" : {
          "name" : {
            "en" : "Guitars",
            "hi" : "Guitars",
            "te" : "Guitars",
            "ta" : "கிட்டார்ஸ்"
          }
        }
      }
    }
  ],
  "critics" : [
    {
      "review" : {
        "instrument" : {
          "comment" : {
            "en" : "Unplugged jazz style of orchestration with minimalist approach.",
            "hi" : "Unplugged jazz style of orchestration with minimalist approach.",
            "te" : "Unplugged jazz style of orchestration with minimalist approach.",
            "ta" : "Unplugged jazz style of orchestration with minimalist approach."
          },
          "score" : 10
        },
        "overall" : {
          "comment" : {
            "en" : "Where NY Broadway Jazz meets Madras Folk!",
            "hi" : "Where NY Broadway Jazz meets Madras Folk!",
            "te" : "Where NY Broadway Jazz meets Madras Folk!",
            "ta" : "Where NY Broadway Jazz meets Madras Folk!"
          },
          "score" : 11.75
        },
        "vocal" : {
          "comment" : {
            "en" : "Perfect blues vocals with a blend of 80s Jazz.",
            "hi" : "Perfect blues vocals with a blend of 80s Jazz.",
            "te" : "Perfect blues vocals with a blend of 80s Jazz.",
            "ta" : "A velvety jazz tune which has a slight tinge of Tamil folk"
          },
          "score" : 13
        },
        "tune" : {
          "comment" : {
            "en" : "A velvety jazz tune which has a slight tinge of Tamil folk",
            "hi" : "A velvety jazz tune which has a slight tinge of Tamil folk",
            "te" : "A velvety jazz tune which has a slight tinge of Tamil folk",
            "ta" : "A velvety jazz tune which has a slight tinge of Tamil folk"
          },
          "score" : 12
        },
        "lyric" : {
          "comment" : {
            "en" : "Lyrics are quite anglicized but set an inexplicable lazy mood.",
            "hi" : "Lyrics are quite anglicized but set an inexplicable lazy mood.",
            "te" : "Lyrics are quite anglicized but set an inexplicable lazy mood.",
            "ta" : "Lyrics are quite anglicized but set an inexplicable lazy mood."
          },
          "score" : 12
        }
      },
      "author" : {
        "name" : "Durga",
        "image" : "https:\/\/d1ua79hvv369a0.cloudfront.net\/reflection\/critic\/critic-durga.png"
      },
      "rating" : 11.75
    },
    {
      "review" : {
        "instrument" : {
          "comment" : {
            "en" : "Basic and aptly played guitar to support the female vocalist.",
            "hi" : "Basic and aptly played guitar to support the female vocalist.",
            "te" : "Basic and aptly played guitar to support the female vocalist.",
            "ta" : "Basic and aptly played guitar to support the female vocalist."
          },
          "score" : 10
        },
        "overall" : {
          "comment" : {
            "en" : "Interesting gender reversal that the female vocalist carries off in style.",
            "hi" : "Interesting gender reversal that the female vocalist carries off in style.",
            "te" : "Interesting gender reversal that the female vocalist carries off in style.",
            "ta" : "Interesting gender reversal that the female vocalist carries off in style."
          },
          "score" : 10.5
        },
        "vocal" : {
          "comment" : {
            "en" : "The best part of the song – grungy and angry vocals that goes really well with the guitar. ",
            "hi" : "The best part of the song – grungy and angry vocals that goes really well with the guitar. ",
            "te" : "The best part of the song – grungy and angry vocals that goes really well with the guitar. ",
            "ta" : "A simple, free-flowing tune that gains from the singer’s gender, in particular – a wonderful role reversal."
          },
          "score" : 13
        },
        "tune" : {
          "comment" : {
            "en" : "A simple, free-flowing tune that gains from the singer’s gender, in particular – a wonderful role reversal.",
            "hi" : "A simple, free-flowing tune that gains from the singer’s gender, in particular – a wonderful role reversal.",
            "te" : "A simple, free-flowing tune that gains from the singer’s gender, in particular – a wonderful role reversal.",
            "ta" : "A simple, free-flowing tune that gains from the singer’s gender, in particular – a wonderful role reversal."
          },
          "score" : 10
        },
        "lyric" : {
          "comment" : {
            "en" : "Almost a one-liner, with a woman, unlike usually a man, asking the guy why he left her in an angst ridden tone!",
            "hi" : "Almost a one-liner, with a woman, unlike usually a man, asking the guy why he left her in an angst ridden tone!",
            "te" : "Almost a one-liner, with a woman, unlike usually a man, asking the guy why he left her in an angst ridden tone!",
            "ta" : "Almost a one-liner, with a woman, unlike usually a man, asking the guy why he left her in an angst ridden tone!"
          },
          "score" : 9
        }
      },
      "author" : {
        "name" : "Karthik",
        "image" : "https:\/\/d1ua79hvv369a0.cloudfront.net\/reflection\/critic\/critic-karthik.png"
      },
      "rating" : 10.5
    },
    {
      "review" : {
        "instrument" : {
          "comment" : {
            "en" : "No rhythm instruments, it’s just the guitar supporting the track.",
            "hi" : "No rhythm instruments, it’s just the guitar supporting the track.",
            "te" : "No rhythm instruments, it’s just the guitar supporting the track.",
            "ta" : "No rhythm instruments, it’s just the guitar supporting the track."
          },
          "score" : 6
        },
        "overall" : {
          "comment" : {
            "en" : "Experimental pathos track but doesn’t make an impact.",
            "hi" : "Experimental pathos track but doesn’t make an impact.",
            "te" : "Experimental pathos track but doesn’t make an impact.",
            "ta" : "Experimental pathos track but doesn’t make an impact."
          },
          "score" : 5.5
        },
        "vocal" : {
          "comment" : {
            "en" : "The singer has a Westernized style and sings without inhibitions.",
            "hi" : "The singer has a Westernized style and sings without inhibitions.",
            "te" : "The singer has a Westernized style and sings without inhibitions.",
            "ta" : "Inspired by AR Rahman’s Adiye and Aaromale."
          },
          "score" : 7
        },
        "tune" : {
          "comment" : {
            "en" : "Inspired by AR Rahman’s Adiye and Aaromale.",
            "hi" : "Inspired by AR Rahman’s Adiye and Aaromale.",
            "te" : "Inspired by AR Rahman’s Adiye and Aaromale.",
            "ta" : "Inspired by AR Rahman’s Adiye and Aaromale."
          },
          "score" : 5
        },
        "lyric" : {
          "comment" : {
            "en" : "About love failure from a female’s perspective.",
            "hi" : "About love failure from a female’s perspective.",
            "te" : "About love failure from a female’s perspective.",
            "ta" : "About love failure from a female’s perspective."
          },
          "score" : 4
        }
      },
      "author" : {
        "name" : "Kaushik",
        "image" : "https:\/\/d1ua79hvv369a0.cloudfront.net\/reflection\/critic\/Kaushik-200x200.jpg"
      },
      "rating" : 5.5
    }
  ],
  "type" : {
    "slug" : "independent-music",
    "name" : "Independent Music"
  },
  "lyrics" : [
    {
      "data" : "Why did you leave without telling me..<br>Why did you leave without telling me..<br>Maybe you would expect my call..<br>That I did a mistake, maybe you would brawl..<br><br>Why, are you mad at me..?<br>Man, why did you flee..!<br>Am I the poor thing..<br>You went, leaving me dying..<br>Come running man..<br>Before I become ash in a can..!",
      "language" : {
        "name" : "English",
        "code" : "en"
      }
    },
    {
      "data" : "ஏன் சொல்லாமப் போனாயோ..<br>ஏன் சொல்லாமப் போனாயோ..<br>என் கூப்பாடு கேப்பாயோ...குத்தம்<br>நான் செஞ்சேன்னு சொல்வாயோ..<br><br>ஏன் கோவமா..?<br>ஏன்யா ஓடிப்போனே..!<br>நான் பாவமா..<br>சாவ விட்டுப்போனே..<br>ஓடி வாய்யா..<br>சாம்பலாப் போவும் முன்னே..!",
      "language" : {
        "name" : "Tamil",
        "code" : "ta"
      }
    }
  ],
  "id" : "54",
  "phonetic_lyrics" : [
    {
      "data" : "aen sollaamap poanaayoa..<br>aen sollaamap poanaayoa..<br>en kooppaadu kaeppaayoa...kutham<br>naan senjjaennu solvaayoa..<br><br>aen koavamaa..?<br>aenyaa oadippoanae..!<br>naan paavamaa..<br>saava vittuppoanae..<br>oadi vaayyaa..<br>saampalaap poavum munnae..!",
      "language" : {
        "name" : "English",
        "code" : "en"
      }
    },
    {
      "data" : "ஏன் சொல்லாமப் போனாயோ..<br>ஏன் சொல்லாமப் போனாயோ..<br>என் கூப்பாடு கேப்பாயோ...குத்தம்<br>நான் செஞ்சேன்னு சொல்வாயோ..<br><br>ஏன் கோவமா..?<br>ஏன்யா ஓடிப்போனே..!<br>நான் பாவமா..<br>சாவ விட்டுப்போனே..<br>ஓடி வாய்யா..<br>சாம்பலாப் போவும் முன்னே..!",
      "language" : {
        "name" : "Tamil",
        "code" : "ta"
      }
    },
    {
      "data" : "एन सोल्लाम्अप पोनायो.. <br>एन सोल्लाम्अप पोनायो.. <br>एन कूपपाडु केप्पायो...कुतम् <br>नान सेञ्जेन्नु सोलवायो.. <br> <br>एन कोवम्आ..? <br>एनया ओडिप्पोने..! <br>नान पावम्आ.. <br>साव विट्टुप्पोने.. <br>ओडि वायया.. <br>साम्पलाप पोवुम म्उनने..!",
      "language" : {
        "name" : "Hindi",
        "code" : "hi"
      }
    },
    {
      "data" : "ఏన్ సొల్లామ్యప్ పోనాయో.. <br>ఏన్ సొల్లామ్యప్ పోనాయో.. <br>ఎన్ కూప్పాదు కేప్పాయో...కుథమ్ <br>నాన్ సెఞ్జేన్ను సొల్వాయో.. <br> <br>ఏన్ కోవమ్యా..? <br>ఏన్యా ఓదిప్పోనే..! <br>నాన్ పావమ్యా.. <br>సావ విత్తుప్పోనే.. <br>ఓది వాయ్యా.. <br>సామ్పలాప్ పోవుమ్ మ్యున్నే..! ",
      "language" : {
        "name" : "Telugu",
        "code" : "te"
      }
    },
    {
      "data" : "ഏന് സൊല്ലാമ്യപ് പോനായോ.. <br>ഏന് സൊല്ലാമ്യപ് പോനായോ.. <br>എന് കൂപ്പാദു കേപ്പായോ...കുഥമ് <br>നാന് സെഞ്ജേന്നു സൊല്വായോ.. <br> <br>ഏന് കോവമ്യാ..? <br>ഏന്യാ ഓദിപ്പോനേ..! <br>നാന് പാവമ്യാ.. <br>സാവ വിത്തുപ്പോനേ.. <br>ഓദി വായ്യാ.. <br>സാമ്പലാപ് പോവുമ് മ്യുന്നേ..!",
      "language" : {
        "name" : "Malayalam",
        "code" : "ml"
      }
    },
    {
      "data" : "ಏನ್ ಸೊಲ್ಲಾಮ್ಯಪ್ ಪೋನಾಯೋ.. <br>ಏನ್ ಸೊಲ್ಲಾಮ್ಯಪ್ ಪೋನಾಯೋ.. <br>ಎನ್ ಕೂಪ್ಪಾದು ಕೇಪ್ಪಾಯೋ...ಕುಥಮ್ <br>ನಾನ್ ಸೆಞ್ಜೇನ್ನು ಸೊಲ್ವಾಯೋ.. <br> <br>ಏನ್ ಕೋವಮ್ಯಾ..? <br>ಏನ್ಯಾ ಓದಿಪ್ಪೋನೇ..! <br>ನಾನ್ ಪಾವಮ್ಯಾ.. <br>ಸಾವ ವಿತ್ತುಪ್ಪೋನೇ.. <br>ಓದಿ ವಾಯ್ಯಾ.. <br>ಸಾಮ್ಪಲಾಪ್ ಪೋವುಮ್ ಮ್ಯುನ್ನೇ..!",
      "language" : {
        "name" : "Kanadam",
        "code" : "ka"
      }
    },
    {
      "data" : "এন্ সোল্লাম্যপ্ পোনাযো.. <br>এন্ সোল্লাম্যপ্ পোনাযো.. <br>এন্ কূপ্পাদু কেপ্পাযো...কুথম্ <br>নান্ সেঞ্জেন্নু সোল্ৱাযো.. <br> <br>এন্ কোৱম্যা..? <br>এন্যা ওদিপ্পোনে..! <br>নান্ পাৱম্যা.. <br>সাৱ ৱিত্তুপ্পোনে.. <br>ওদি ৱায্যা.. <br>সাম্পলাপ্ পোৱুম্ ম্যুন্নে..! ",
      "language" : {
        "name" : "Bengali",
        "code" : "be"
      }
    },
    {
      "data" : "ઍન્ સોલ્લામ્યપ્ પૉનાયૉ.. <br>ઍન્ સોલ્લામ્યપ્ પૉનાયૉ.. <br>એન્ કૂપ્પાદુ કૅપ્પાયૉ...કુથમ્ <br>ણાન્ સેઞ્જૅન્નુ સોલ્વાયૉ.. <br> <br>ઍન્ કૉવમ્યા..? <br>ઍન્યા ઑદિપ્પૉનૅ..! <br>ણાન્ પાવમ્યા.. <br>સાવ વિત્તુપ્પૉનૅ.. <br>ઑદિ વાય્યા.. <br>સામ્પલાપ્ પૉવુમ્ મ્યુન્નૅ..! ",
      "language" : {
        "name" : "Gujarathi",
        "code" : "gu"
      }
    },
    {
      "data" : "एन सोल्लाम्अप पोनायो.. <br>एन सोल्लाम्अप पोनायो.. <br>एन कूपपाडु केप्पायो...कुतम् <br>नान सेञ्जेन्नु सोलवायो.. <br> <br>एन कोवम्आ..? <br>एनया ओडिप्पोने..! <br>नान पावम्आ.. <br>साव विट्टुप्पोने.. <br>ओडि वायया.. <br>साम्पलाप पोवुम म्उनने..!",
      "language" : {
        "name" : "Marathi",
        "code" : "mr"
      }
    },
    {
      "data" : "ଏନ୍ ସୋଳ୍ଳାମ୍ଯପ୍ ପୋନାଯୋ.. <br>ଏନ୍ ସୋଳ୍ଳାମ୍ଯପ୍ ପୋନାଯୋ.. <br>ଏନ୍ କୂପ୍ପାଦୁ କେପ୍ପାଯୋ...କୁଥମ୍ <br>ନାନ୍ ସେଞ୍ଜେନ୍ନୁ ସୋଳ୍ୱାଯୋ.. <br> <br>ଏନ୍ କୋୱମ୍ଯା..? <br>ଏନ୍ଯା ଓଦିପ୍ପୋନେ..! <br>ନାନ୍ ପାୱମ୍ଯା.. <br>ସାୱ ୱିତ୍ତୁପ୍ପୋନେ.. <br>ଓଦି ୱାଯ୍ଯା.. <br>ସାମ୍ପଳାପ୍ ପୋୱୁମ୍ ମ୍ଯୁନ୍ନେ..! ",
      "language" : {
        "name" : "Oriya",
        "code" : "or"
      }
    },
    {
      "data" : "एन सोल्लाम्अप पोनायो.. <br>एन सोल्लाम्अप पोनायो.. <br>एन कूपपाडु केप्पायो...कुतम् <br>नान सेञ्जेन्नु सोलवायो.. <br> <br>एन कोवम्आ..? <br>एनया ओडिप्पोने..! <br>नान पावम्आ.. <br>साव विट्टुप्पोने.. <br>ओडि वायया.. <br>साम्पलाप पोवुम म्उनने..!",
      "language" : {
        "name" : "konkani",
        "code" : "ko"
      }
    }
  ],
  "mood" : {
    "slug" : "sad",
    "name" : "Sad"
  },
  "thumbnail" : "https:\/\/d1ua79hvv369a0.cloudfront.net\/reflection\/thumbnail\/21-May-2016\/Yean_sollama_thumb.jpg",
  "language" : {
    "name" : "Tamil",
    "code" : "ta"
  },
  "slug" : "yaen-sollama-ponayo",
  "info" : {
    "lyric_languages" : [
      {
        "name" : {
          "en" : "Tamil",
          "hi" : "Tamil",
          "te" : "Tamil",
          "ta" : "தமிழ்"
        }
      }
    ],
    "instruments" : [
      {
        "name" : {
          "en" : "Guitar",
          "hi" : "Guitar",
          "te" : "Guitar",
          "ta" : "கிட்டார்"
        }
      },
      {
        "name" : {
          "en" : "Slide Guitar",
          "hi" : "Slide Guitar",
          "te" : "Slide Guitar",
          "ta" : "ஸ்லைட் கிட்டார்"
        }
      }
    ],
    "thaalams" : [
      {
        "name" : {
          "en" : "Syncopated 3 by 4 WCM",
          "hi" : "Syncopated 3 by 4 WCM",
          "te" : "Syncopated 3 by 4 WCM",
          "ta" : "ஸின்கோபேட்டட் 3 x 4 WCM"
        }
      }
    ],
    "lyric_moods" : [
      {
        "name" : {
          "en" : "Sad",
          "hi" : "Sad",
          "te" : "Sad",
          "ta" : "சோகம்"
        }
      }
    ],
    "music_genres" : [
      {
        "name" : {
          "en" : "Blues",
          "hi" : "Blues",
          "te" : "Blues",
          "ta" : "ப்ளூஸ்"
        }
      },
      {
        "name" : {
          "en" : "Tamil Blues",
          "hi" : "Tamil Blues",
          "te" : "Tamil Blues",
          "ta" : "தமிழ் ப்ளூஸ்"
        }
      },
      {
        "name" : {
          "en" : "Tamil Folk",
          "hi" : "Tamil Folk",
          "te" : "Tamil Folk",
          "ta" : "தமிழ் போக்"
        }
      }
    ],
    "lyric_genres" : [
      {
        "name" : {
          "en" : "Event",
          "hi" : "Event",
          "te" : "Event",
          "ta" : "நிகழ்வு"
        }
      }
    ],
    "duration" : 3.02,
    "lyric_styles" : [
      {
        "name" : {
          "en" : "Folk",
          "hi" : "Folk",
          "te" : "Folk",
          "ta" : "பேச்சு நடை"
        }
      }
    ],
    "best_seasons_to_listen" : [
      {
        "name" : {
          "en" : "Winter",
          "hi" : "Winter",
          "te" : "Winter",
          "ta" : "குளிர்காலம்"
        }
      },
      {
        "name" : {
          "en" : "Rain",
          "hi" : "Rain",
          "te" : "Rain",
          "ta" : "மழைக் காலம்"
        }
      }
    ],
    "launch_date" : {
      "en" : "21\/05\/2016",
      "hi" : "21\/05\/2016",
      "te" : "21\/05\/2016",
      "ta" : "21\/05\/2016"
    },
    "best_time_to_listen" : [
      {
        "name" : {
          "en" : "Evening",
          "hi" : "Evening",
          "te" : "Evening",
          "ta" : "மாலை"
        }
      },
      {
        "name" : {
          "en" : "Night",
          "hi" : "Night",
          "te" : "Night",
          "ta" : "இரவு"
        }
      }
    ]
  }
}