{
  "title" : {
    "en" : "Yedho Oru Araiyil",
    "hi" : "Yedho Oru Araiyil",
    "te" : "Yedho Oru Araiyil",
    "ta" : "ஏதோ ஓர் அறையில்"
  },
  "credits" : {
    "mixers" : [
      {
        "name" : {
          "en" : "Ishit Kuberkar",
          "hi" : "Ishit Kuberkar",
          "te" : "Ishit Kuberkar",
          "ta" : "இஷிட் குபேர்கர்"
        }
      }
    ],
    "masters" : [
      {
        "name" : {
          "en" : "Ishit Kuberkar",
          "hi" : "Ishit Kuberkar",
          "te" : "Ishit Kuberkar",
          "ta" : "இஷிட் குபேர்கர்"
        }
      }
    ],
    "composers" : [
      {
        "name" : {
          "en" : "Gautham Vasudev Menon",
          "hi" : "Gautham Vasudev Menon",
          "te" : "Gautham Vasudev Menon",
          "ta" : "கௌதம் வாசுதேவ் மேனன்"
        }
      }
    ],
    "lyricists" : [
      {
        "name" : {
          "en" : "Karky",
          "hi" : "Karky",
          "te" : "Karky",
          "ta" : "கார்க்கி"
        }
      }
    ],
    "singers" : [
      {
        "name" : {
          "en" : "Karthik",
          "hi" : "Karthik",
          "te" : "Karthik",
          "ta" : "கார்த்திக்"
        }
      },
      {
        "name" : {
          "en" : "Chinmayi",
          "hi" : "Chinmayi",
          "te" : "Chinmayi",
          "ta" : "சின்மயி"
        }
      }
    ],
    "translator" : [
      {
        "name" : {
          "en" : "Jayashree Ramanujam",
          "hi" : "Jayashree Ramanujam",
          "te" : "Jayashree Ramanujam",
          "ta" : "ஜெயஸ்ரீ இராமானுஜம்"
        }
      }
    ],
    "arrangers" : [
      {
        "name" : {
          "en" : "Gautham Vasudev Menon",
          "hi" : "Gautham Vasudev Menon",
          "te" : "Gautham Vasudev Menon",
          "ta" : "கௌதம் வாசுதேவ் மேனன்"
        }
      }
    ],
    "producers" : [
      {
        "name" : {
          "en" : "Karthik",
          "hi" : "Karthik",
          "te" : "Karthik",
          "ta" : "கார்த்திக்"
        }
      }
    ],
    "recorded_studios" : [
      {
        "name" : {
          "en" : "Strum Studio",
          "hi" : "Strum Studio",
          "te" : "Strum Studio",
          "ta" : "ஸ்ட்ரம் ஸ்டுடியோ"
        }
      }
    ],
    "lyric_art" : [
      {
        "name" : {
          "en" : "Nirmal Kumar",
          "hi" : "Nirmal Kumar",
          "te" : "Nirmal Kumar",
          "ta" : "நிர்மல் குமார்"
        }
      }
    ],
    "manager_of_visual_content" : [
      {
        "name" : {
          "en" : "Gokula Krishnan R Vasugi, MFI",
          "hi" : "Gokula Krishnan R Vasugi, MFI",
          "te" : "Gokula Krishnan R Vasugi, MFI",
          "ta" : "கோகுல கிருஷ்ணன் R வாசுகி (MFI)"
        }
      }
    ],
    "editor" : [
      {
        "name" : {
          "en" : "Mithran.B",
          "hi" : "Mithran.B",
          "te" : "Mithran.B",
          "ta" : "மித்திரன்.B"
        }
      }
    ],
    "senior_editor" : [
      {
        "name" : {
          "en" : "Shyam Sundar Murugesan",
          "hi" : "Shyam Sundar Murugesan",
          "te" : "Shyam Sundar Murugesan",
          "ta" : "ஷியாம் சுந்தர் முருகேசன்"
        }
      }
    ],
    "sound_engineers" : [
      {
        "name" : {
          "en" : "Ishit Kuberkar",
          "hi" : "Ishit Kuberkar",
          "te" : "Ishit Kuberkar",
          "ta" : "இஷிட் குபேர்கர்"
        }
      }
    ]
  },
  "active" : true,
  "published_on" : "2016-04-29T12:30:00.000Z",
  "description" : {
    "en" : "Broken love, pain of healing and rush of memories – all these put together poetically is what Yedho oar araiyil is. The most painful of days, those following a separation, where every moment, every place is a reminder of the love that might not be anymore and all those heated and passionate moments between a couple, only a painful memory now- are beautifully portrayed in this love song.",
    "hi" : "Broken love, pain of healing and rush of memories – all these put together poetically is what Yedho oar araiyil is. The most painful of days, those following a separation, where every moment, every place is a reminder of the love that might not be anymore and all those heated and passionate moments between a couple, only a painful memory now- are beautifully portrayed in this love song.",
    "te" : "Broken love, pain of healing and rush of memories – all these put together poetically is what Yedho oar araiyil is. The most painful of days, those following a separation, where every moment, every place is a reminder of the love that might not be anymore and all those heated and passionate moments between a couple, only a painful memory now- are beautifully portrayed in this love song.",
    "ta" : "யாரென்று தெரியாமலே ஆழ்ந்து காதலித்து என்னவென்று புரியாமலே பிரிந்து அவள் நினைவுகளுடன் வாழும் அவனது தனிமையைக் காட்டும் பாடல் இது."
  },
  "poster" : "https:\/\/d1ua79hvv369a0.cloudfront.net\/reflection\/poster\/28-April-2016\/etho_oru_arayil.jpg",
  "album" : {
    "title" : {
      "en" : "Yaazh",
      "hi" : "Yaazh",
      "te" : "Yaazh",
      "ta" : "Yaazh"
    },
    "id" : "16",
    "thumbnail" : "https:\/\/d1ua79hvv369a0.cloudfront.net\/reflection\/thumbnail\/28-April-2016\/etho_oru_thumb.jpg"
  },
  "musics" : [
    {
      "players" : [
        {
          "name" : {
            "en" : "Steve Vatz",
            "hi" : "Steve Vatz",
            "te" : "Steve Vatz",
            "ta" : "ஸ்டிவ் வாட்ஸ்"
          }
        }
      ],
      "instrument" : {
        "name" : {
          "name" : {
            "en" : "Guitars",
            "hi" : "Guitars",
            "te" : "Guitars",
            "ta" : "கிட்டார்ஸ்"
          }
        }
      }
    },
    {
      "players" : [
        {
          "name" : {
            "en" : "Keith Peters",
            "hi" : "Keith Peters",
            "te" : "Keith Peters",
            "ta" : "கெய்த் பீட்டர்ஸ்"
          }
        }
      ],
      "instrument" : {
        "name" : {
          "name" : {
            "en" : "Bass",
            "hi" : "Bass",
            "te" : "Bass",
            "ta" : "பேஸ்"
          }
        }
      }
    }
  ],
  "critics" : [
    {
      "review" : {
        "instrument" : {
          "comment" : {
            "en" : "A thoroughly enjoyable guitar backing and that whistle based 2nd interlude are fantastic.",
            "hi" : "A thoroughly enjoyable guitar backing and that whistle based 2nd interlude are fantastic.",
            "te" : "A thoroughly enjoyable guitar backing and that whistle based 2nd interlude are fantastic.",
            "ta" : "A thoroughly enjoyable guitar backing and that whistle based 2nd interlude are fantastic."
          },
          "score" : 12
        },
        "overall" : {
          "comment" : {
            "en" : "Great listen. The lyrics make you look forward to the next line almost like reading a novel; and the music fits the lines perfectly.",
            "hi" : "Great listen. The lyrics make you look forward to the next line almost like reading a novel; and the music fits the lines perfectly.",
            "te" : "Great listen. The lyrics make you look forward to the next line almost like reading a novel; and the music fits the lines perfectly.",
            "ta" : "Great listen. The lyrics make you look forward to the next line almost like reading a novel; and the music fits the lines perfectly."
          },
          "score" : 12
        },
        "vocal" : {
          "comment" : {
            "en" : "Highly evocative and contemplative lines that flows so well with the gentle melody.",
            "hi" : "Highly evocative and contemplative lines that flows so well with the gentle melody.",
            "te" : "Highly evocative and contemplative lines that flows so well with the gentle melody.",
            "ta" : "A melody that is a lovely and gentle tug at the heart."
          },
          "score" : 12
        },
        "tune" : {
          "comment" : {
            "en" : "A melody that is a lovely and gentle tug at the heart.",
            "hi" : "A melody that is a lovely and gentle tug at the heart.",
            "te" : "A melody that is a lovely and gentle tug at the heart.",
            "ta" : "A melody that is a lovely and gentle tug at the heart."
          },
          "score" : 12
        },
        "lyric" : {
          "comment" : {
            "en" : "Fabulous duet with both vocals playing their parts perfectly. The way the voices bring each others’ characters alive is particularly great.",
            "hi" : "Fabulous duet with both vocals playing their parts perfectly. The way the voices bring each others’ characters alive is particularly great.",
            "te" : "Fabulous duet with both vocals playing their parts perfectly. The way the voices bring each others’ characters alive is particularly great.",
            "ta" : "Fabulous duet with both vocals playing their parts perfectly. The way the voices bring each others’ characters alive is particularly great."
          },
          "score" : 12
        }
      },
      "author" : {
        "name" : "Karthik",
        "image" : "https:\/\/d1ua79hvv369a0.cloudfront.net\/reflection\/critic\/critic-karthik.png"
      },
      "rating" : 12
    },
    {
      "review" : {
        "instrument" : {
          "comment" : {
            "en" : "Effective presentation of minimal instruments and yet make a brilliant impact.",
            "hi" : "Effective presentation of minimal instruments and yet make a brilliant impact.",
            "te" : "Effective presentation of minimal instruments and yet make a brilliant impact.",
            "ta" : "Effective presentation of minimal instruments and yet make a brilliant impact."
          },
          "score" : 12
        },
        "overall" : {
          "comment" : {
            "en" : "Unpretentious folk magic!",
            "hi" : "Unpretentious folk magic!",
            "te" : "Unpretentious folk magic!",
            "ta" : "Unpretentious folk magic!"
          },
          "score" : 11
        },
        "vocal" : {
          "comment" : {
            "en" : "Perfect complementing of two vocals with mellifluous presentation of the lyrics.",
            "hi" : "Perfect complementing of two vocals with mellifluous presentation of the lyrics.",
            "te" : "Perfect complementing of two vocals with mellifluous presentation of the lyrics.",
            "ta" : "Typically folk tune which has elements of surprise at times."
          },
          "score" : 11
        },
        "tune" : {
          "comment" : {
            "en" : "Typically folk tune which has elements of surprise at times.",
            "hi" : "Typically folk tune which has elements of surprise at times.",
            "te" : "Typically folk tune which has elements of surprise at times.",
            "ta" : "Typically folk tune which has elements of surprise at times."
          },
          "score" : 10
        },
        "lyric" : {
          "comment" : {
            "en" : "Sugary lyrics with ample dose of analogies and poetry.",
            "hi" : "Sugary lyrics with ample dose of analogies and poetry.",
            "te" : "Sugary lyrics with ample dose of analogies and poetry.",
            "ta" : "Sugary lyrics with ample dose of analogies and poetry."
          },
          "score" : 11
        }
      },
      "author" : {
        "name" : "Durga",
        "image" : "https:\/\/d1ua79hvv369a0.cloudfront.net\/reflection\/critic\/critic-durga.png"
      },
      "rating" : 11
    }
  ],
  "type" : {
    "slug" : "independent-music",
    "name" : "Independent Music"
  },
  "lyrics" : [
    {
      "data" : "I got into some room<br>to do something out of the blue<br>Why even you were there?<br>You didn't fit over there!<br>You looked like<br>you resembled 4-5 actresses<br>In first glance, you gave love<br>I didn't regret!<br>Even though like a movie it seemed<br>Even if it sounded like I've heard before<br>I discerned it anew<br>I unlocked my life very new!<br><br>In some room…<br>In some room<br>In some room, I got into,<br>to do something out of the blue<br>Why even you were there?<br>You didn't fit over there!<br>You looked like<br>you resembled 4-5 actresses<br>In first glance, you gave love<br>I didn't regret!<br> <br>Your eyes would magnetize<br>and drag everyone - I never demarcated<br>between you, me and eyes !<br>You would mesmerize anyone<br>with your smile<br>You and your smile aren't two things!<br>I saw you not as<br>different body parts, that day,<br>I possessed you completely,<br>just as you yourself!<br>As winkless moments impasse<br>as music fills at heart<br>As the entire cosmos halts and<br>keeps staring at us!<br><br>In some room,<br>I kept doing something out of the blue<br>You entered there that day<br>I haven't forgotten!<br>It was you only who opened<br>even the door of my heart that day<br>It never got unlocked for<br>knocks from any and many!<br> <br>I didn't believe when everyone said for sure<br>that Long distance love is pure<br>When I was all alone with you,<br>there wasn't a moment that we didn't embrace<br>We kissed without knowing  <br>If it was your tongue or my mouth<br>We made love without comprehending<br>If it was your legs or my hands<br>You became my world! <br><br>In the moments we loved,<br>we scattered sparks of fire<br>In the moments we fought<br>we set all the earth on fire! <br><br>I picked back my words<br>that I tossed in anger<br>You didn't wish to<br>take back yours<br>Moments that progress in our parting<br>will stretch like ages<br>As some aeons pass by<br>I'm sure you'll again come by.",
      "language" : {
        "name" : "English",
        "code" : "en"
      }
    },
    {
      "data" : "ஏதோ ஓர் அறையில்<br>வேறேதோ செய்ய நுழைந்தேன்<br>அங்கே ஏன் நீயும் இருந்தாய்?<br>நீ பொருந்தவில்லை!<br>நான்கைந்து நடிகை<br>போல் சாயல் கொண்டு தெரிந்தாய்<br>முதல் பார்வை காதல் கொடுத்தாய்<br>நான் வருந்தவில்லை!<br>சினிமா கதையாய் தெரிந்தும்<br>நான் கேட்டது போல் இருந்தும்<br>புதிதாய் அதை நான் உணர்ந்தேன்<br>என் வாழ்க்கையை நான் திறந்தேன்!<br><br>ஏதோ ஓர் அறையில்...<br>ஏதோ ஓர் அறையில்<br>ஏதோ ஓர் அறையில்<br>வேறேதோ செய்ய நுழைந்தேன்<br>அங்கே ஏன் நீயும் இருந்தாய்?<br>நீ பொருந்தவில்லை!<br>நான்கைந்து நடிகை<br>போல் சாயல் கொண்டு தெரிந்தாய்<br>முதல் பார்வை காதல் கொடுத்தாய்<br>நான் வருந்தவில்லை!<br><br>உன் கண்கள் அனைவரையும்<br>கவர்ந்திழுக்கும் - நான்<br>நீ வேறு கண் வேறென்று பார்த்ததில்லை!<br>சிரிப்பினில் யாரையும் நீ<br>மயக்கிடுவாய்<br>நீயும் உன் சிரிப்பும் வெவ்வேறு இல்லை!<br>உன்னை உன் பாகங்களாய்<br>பிரிக்காமல் கண்டேன் அன்று<br>உன்னை உன் போலே நான்<br>முழுதாக கொண்டேன்!<br>இமைக்கா நொடிகள் உறைய<br>இசையால் இதயம் நிறைய<br>அசையா உலகம் முழுதும்<br>நமை பார்த்துக் கொண்டே இருக்க!<br><br><br>ஏதோ ஓர் அறையில்<br>நான் ஏதோ செய்து கிடந்தேன்<br>நீ அங்கே அன்று நுழைந்தாய்<br>நான் மறக்கவில்லை!<br>என் உள்ளக் கதவும்<br>நீ தானே அன்று திறந்தாய்<br>யார் யாரோ தட்டிப் பார்த்தும்<br>அது திறக்கவில்லை!<br><br><br>தூரத்தில் இருக்கும் காதல்<br>தூய்மையென...<br>யாவரும் சொன்னதை நான் நம்பவில்லை<br>தனிமையில் உன்னுடன் நான்<br>இருக்கையிலே - நாம்<br>தீண்டாத நிமிடம் ஒன்று இருந்ததில்லை<br>உன் நாவா, என் வாயா<br>தெரியாமல் முத்தம் வைத்தோம்<br>உன் காலா என் கையா<br>புரியாமல் காதல் செய்தோம்<br><br>உலகமே நீயென்றாகினாய்!<br><br>நாம் காதல் செய்யும் நொடியில்<br>சில தீப்பொறிகள் தெரித்தோம்<br>நாம் கோபம் கொள்ளும் நொடியில்<br>இந்த பூமி மொத்தம் எரித்தோம்!<br>ஏதோ ஓர் அறையில்<br>இங்கு நானும் உந்தன் நினைவும் <br>பேசிக்கொண்டே கிடக்க <br>நீ திரும்பவில்லை <br><br>கோபத்தில் இரைத்த <br>என் சொற்கள் பொருக்கி எடுத்தேன் <br>உன் சொற்கள் திருப்பி எடுக்க <br>நீ விரும்பவில்லை <br>​​​​பிரிந்தே நகரும் நொடிகள் <br>ஒரு மாயுகமாய் விரியும்.<br>இன்னும் சில  யுகங்கள் கழிய <br>மீண்டும் நீ வருவாய் தெரியும்",
      "language" : {
        "name" : "Tamil",
        "code" : "ta"
      }
    }
  ],
  "id" : "34",
  "phonetic_lyrics" : [
    {
      "data" : "aedhoa oar aRaiyil<br>vaeRaedhoa seyya nuzhaindhdhaen<br>anggae aen neeyum irundhdhaay?<br>nee porundhdhavillai!<br>naangaindhdhu nadigai<br>poal saayal koNdu therindhdhaay<br>mudhal paarvai kaadhal koduthaay<br>naan varundhdhavillai!<br>sinimaa kadhaiyaay therindhdhum<br>naan kaettadhu poal irundhdhum<br>pudhidhaay adhai naan uNarndhdhaen<br>en vaazhkkaiyai naan thiRandhdhaen!<br><br>aedhoa oar aRaiyil...<br>aedhoa oar aRaiyil<br>aedhoa oar aRaiyil<br>vaeRaedhoa seyya nuzhaindhdhaen<br>anggae aen neeyum irundhdhaay?<br>nee porundhdhavillai!<br>naangaindhdhu nadigai<br>poal saayal koNdu therindhdhaay<br>mudhal paarvai kaadhal koduthaay<br>naan varundhdhavillai!<br><br><br>un kaNkaL anaivaraiyum<br>kavarndhdhizhukkum - naan<br>nee vaeRu kaN vaeRendRu paarthadhillai!<br>sirippinil yaaraiyum nee<br>mayakkiduvaay<br>neeyum un sirippum vevvaeRu illai!<br>unnai un paagangaLaay<br>pirikkaamal kaNdaen andRu<br>unnai un poalae naan<br>muzhudhaaga koNdaen!<br>imaikkaa nodigaL uRaiya<br>isaiyaal idhayam niRaiya<br>asaiyaa ulagam muzhudhum<br>namai paarthuk koNdae irukka!<br><br><br>aedhoa oar aRaiyil<br>naan aedhoa seydhu kidandhdhaen<br>nee anggae andRu nuzhaindhdhaay<br>naan maRakkavillai!<br>en uLLak kadhavum<br>nee thaanae andRu thiRandhdhaay<br>yaar yaaroa thattip paarthum<br>adhu thiRakkavillai!<br><br><br>thoorathil irukkum kaadhal<br>thooymaiyena...<br>yaavarum sonnadhai naan nampavillai<br>thanimaiyil unnudan naan<br>irukkaiyilae - naam<br>theeNdaadha nimidam ondRu irundhdhadhillai<br>un naavaa, en vaayaa<br>theriyaamal mutham vaithoam<br>un kaalaa en kaiyaa<br>puriyaamal kaadhal seydhoam<br><br>ulagamae neeyendRaaginaay!<br><br>naam kaadhal seyyum nodiyil<br>sila theeppoRigaL therithoam<br>naam koabam koLLum nodiyil<br>indhdha poomi motham erithoam!<br>aedhoa oar aRaiyil<br>inggu naanum undhdhan ninaivum<br>paesikkoNdae kidakka<br>nee thirumpavillai<br><br>koabathil iraitha<br>en soRkaL porukki eduthaen<br>un soRkaL thiruppi edukka<br>nee virumpavillai<br>​​​​birindhdhae nagarum nodigaL<br>oru maayugamaay viriyum.<br>innum sila  yugangaL kazhiya<br>meeNdum nee varuvaay theriyum.",
      "language" : {
        "name" : "English",
        "code" : "en"
      }
    },
    {
      "data" : "ஏதோ ஓர் அறையில்<br>வேறேதோ செய்ய நுழைந்தேன்<br>அங்கே ஏன் நீயும் இருந்தாய்?<br>நீ பொருந்தவில்லை!<br>நான்கைந்து நடிகை<br>போல் சாயல் கொண்டு தெரிந்தாய்<br>முதல் பார்வை காதல் கொடுத்தாய்<br>நான் வருந்தவில்லை!<br>சினிமா கதையாய் தெரிந்தும்<br>நான் கேட்டது போல் இருந்தும்<br>புதிதாய் அதை நான் உணர்ந்தேன்<br>என் வாழ்க்கையை நான் திறந்தேன்!<br><br>ஏதோ ஓர் அறையில்...<br>ஏதோ ஓர் அறையில்<br>ஏதோ ஓர் அறையில்<br>வேறேதோ செய்ய நுழைந்தேன்<br>அங்கே ஏன் நீயும் இருந்தாய்?<br>நீ பொருந்தவில்லை!<br>நான்கைந்து நடிகை<br>போல் சாயல் கொண்டு தெரிந்தாய்<br>முதல் பார்வை காதல் கொடுத்தாய்<br>நான் வருந்தவில்லை!<br><br><br>உன் கண்கள் அனைவரையும்<br>கவர்ந்திழுக்கும் - நான்<br>நீ வேறு கண் வேறென்று பார்த்ததில்லை!<br>சிரிப்பினில் யாரையும் நீ<br>மயக்கிடுவாய்<br>நீயும் உன் சிரிப்பும் வெவ்வேறு இல்லை!<br>உன்னை உன் பாகங்களாய்<br>பிரிக்காமல் கண்டேன் அன்று<br>உன்னை உன் போலே நான்<br>முழுதாக கொண்டேன்!<br>இமைக்கா நொடிகள் உறைய<br>இசையால் இதயம் நிறைய<br>அசையா உலகம் முழுதும்<br>நமை பார்த்துக் கொண்டே இருக்க!<br><br><br>ஏதோ ஓர் அறையில்<br>நான் ஏதோ செய்து கிடந்தேன்<br>நீ அங்கே அன்று நுழைந்தாய்<br>நான் மறக்கவில்லை!<br>என் உள்ளக் கதவும்<br>நீ தானே அன்று திறந்தாய்<br>யார் யாரோ தட்டிப் பார்த்தும்<br>அது திறக்கவில்லை!<br><br><br>தூரத்தில் இருக்கும் காதல்<br>தூய்மையென...<br>யாவரும் சொன்னதை நான் நம்பவில்லை<br>தனிமையில் உன்னுடன் நான்<br>இருக்கையிலே - நாம்<br>தீண்டாத நிமிடம் ஒன்று இருந்ததில்லை<br>உன் நாவா, என் வாயா<br>தெரியாமல் முத்தம் வைத்தோம்<br>உன் காலா என் கையா<br>புரியாமல் காதல் செய்தோம்<br><br>உலகமே நீயென்றாகினாய்!<br><br>நாம் காதல் செய்யும் நொடியில்<br>சில தீப்பொறிகள் தெரித்தோம்<br>நாம் கோபம் கொள்ளும் நொடியில்<br>இந்த பூமி மொத்தம் எரித்தோம்!<br>ஏதோ ஓர் அறையில்<br>இங்கு நானும் உந்தன் நினைவும் <br>பேசிக்கொண்டே கிடக்க <br>நீ திரும்பவில்லை <br><br>கோபத்தில் இரைத்த <br>என் சொற்கள் பொருக்கி எடுத்தேன் <br>உன் சொற்கள் திருப்பி எடுக்க <br>நீ விரும்பவில்லை <br>​​​​பிரிந்தே நகரும் நொடிகள் <br>ஒரு மாயுகமாய் விரியும்.<br>இன்னும் சில  யுகங்கள் கழிய <br>மீண்டும் நீ வருவாய் தெரியும்",
      "language" : {
        "name" : "Tamil",
        "code" : "ta"
      }
    },
    {
      "data" : "एदो ओर अड़ैयिल <br>वेड़ेदो सेयय नुलैन्द धेन <br>अङगे एन नीयुम इरुन्द दाय? <br>नी पोरुन्द दविल्लै! <br>नाङैन्द दु नडिगै <br>पोल सायल कोंडु तेरिन्द दाय <br>म्उदल पारवै कादल कोडुताय <br>नान वरुन्द दविल्लै! <br>सिनिम्आ कधैयाय तेरिन्द दुम <br>नान केटटदु पोल इरुन्द दुम <br>पुदिदाय अधै नान उंअर्न्द धेन <br>एन वाल्क्कैयै नान तिड़न्द धेन! <br> <br>एदो ओर अड़ैयिल... <br>एदो ओर अड़ैयिल <br>एदो ओर अड़ैयिल <br>वेड़ेदो सेयय नुलैन्द धेन <br>अङगे एन नीयुम इरुन्द दाय? <br>नी पोरुन्द दविल्लै! <br>नाङैन्द दु नडिगै <br>पोल सायल कोंडु तेरिन्द दाय <br>म्उदल पारवै कादल कोडुताय <br>नान वरुन्द दविल्लै! <br> <br> <br>उन कंकल अनैवरैयुम <br>कवर्न्द दिलुक्कुम - नान <br>नी वेड़ु कं वेरेन्ड्ड़ु पार्तदिल्लै! <br>सिरिप्पिनिल यारैयुम नी <br>म्अयक्किडुवाय <br>नीयुम उन सिरिप्पुम वेववेड़ु इललै! <br>उननै उन पागङऴाय <br>पिरिक्काम्अल कंडेन अनडड़ु <br>उननै उन पोले नान <br>म्उलुदाग कोंडेन! <br>इम्ऐक्का नोडिगल उड़ैय <br>इसैयाल इदयम निड़ैय <br>असैया उलगम म्उलुदुम <br>नम्ऐ पारतुक कोंडे इरुकक! <br> <br> <br>एदो ओर अड़ैयिल <br>नान एदो सेयदु किडन्द धेन <br>नी अङगे अनडड़ु नुलैन्द दाय <br>नान म्अड़क्कविल्लै! <br>एन उलळक कदवुम <br>नी ताने अनडड़ु तिड़न्द दाय <br>यार यारो तटटिप पारतुम <br>अदु तिड़क्कविल्लै! <br> <br> <br>तूरतिल इरुक्कुम कादल <br>तूय्म्ऐयेन... <br>यावरुम सोननधै नान नम्पविल्लै <br>तनिम्ऐयिल उन्नुडन नान <br>इरुक्कैयिले - नाम <br>थींडाद निम्इडम ओनडड़ु इरुन्द ददिल्लै <br>उन नावा, एन वाया <br>तेरियाम्अल म्उतम वैतोम <br>उन काला एन कैया <br>पुरियाम्अल कादल सेयदोम <br> <br>उलगम्ए नीयेन्ड्ड़ागिनाय! <br> <br>नाम कादल सेययुम नोडियिल <br>सिल तीप्पोरिगल तेरितोम <br>नाम कोबम कोलळुम नोडियिल <br>इन्द द पूम्इ म्ओतम र्इतोम! <br>एदो ओर अड़ैयिल <br>इङगु नानुम उन्द दन निनैवुम <br>पेसिक्कोंडे किडकक <br>नी तिरुम्पविल्लै <br> <br>कोबतिल इरैत <br>एन सोर्कल पोरुककि एडुतेन <br>उन सोर्कल तिरुपपि एडुकक <br>नी विरुम्पविल्लै <br>​​​​बिरिन्द धे नगरुम नोडिगल <br>ओरु म्आयुगम्आय विरियुम. <br>इननुम सिल  युगङल कलिय <br>म्ईंडुम नी वरुवाय तेरियुम.",
      "language" : {
        "name" : "Hindi",
        "code" : "hi"
      }
    },
    {
      "data" : "ఏధో ఓర్ అఱైయిల్ <br>వేఱేధో సెయ్య నులైన్ధ్ధేన్ <br>అఙ్గే ఏన్ నెయుమ్ ఇరున్ధ్ధాయ్? <br>నె పొరున్ధ్ధవిల్లై! <br>నాఙైన్ధ్ధు నదిగై <br>పోల్ సాయల్ కొందు థెరిన్ధ్ధాయ్ <br>మ్యుధల్ పార్వై కాధల్ కొదుథాయ్ <br>నాన్ వరున్ధ్ధవిల్లై! <br>సినిమ్యా కధైయాయ్ థెరిన్ధ్ధుమ్ <br>నాన్ కేత్తధు పోల్ ఇరున్ధ్ధుమ్ <br>పుధిధాయ్ అధై నాన్ ఉంయర్న్ధ్ధేన్ <br>ఎన్ వాల్క్కైయై నాన్ థిఱన్ధ్ధేన్! <br> <br>ఏధో ఓర్ అఱైయిల్... <br>ఏధో ఓర్ అఱైయిల్ <br>ఏధో ఓర్ అఱైయిల్ <br>వేఱేధో సెయ్య నులైన్ధ్ధేన్ <br>అఙ్గే ఏన్ నెయుమ్ ఇరున్ధ్ధాయ్? <br>నె పొరున్ధ్ధవిల్లై! <br>నాఙైన్ధ్ధు నదిగై <br>పోల్ సాయల్ కొందు థెరిన్ధ్ధాయ్ <br>మ్యుధల్ పార్వై కాధల్ కొదుథాయ్ <br>నాన్ వరున్ధ్ధవిల్లై! <br> <br> <br>ఉన్ కంకళ్ అనైవరైయుమ్ <br>కవర్న్ధ్ధిలుక్కుమ్ - నాన్ <br>నె వేఱు కం వేఱెన్ద్ఱు పార్థధిల్లై! <br>సిరిప్పినిల్ యారైయుమ్ నె <br>మ్యయక్కిదువాయ్ <br>నెయుమ్ ఉన్ సిరిప్పుమ్ వెవ్వేఱు ఇల్లై! <br>ఉన్నై ఉన్ పాగఙళాయ్ <br>పిరిక్కామ్యల్ కందేన్ అన్ద్ఱు <br>ఉన్నై ఉన్ పోలే నాన్ <br>మ్యులుధాగ కొందేన్! <br>ఇమ్యైక్కా నొదిగళ్ ఉఱైయ <br>ఇసైయాల్ ఇధయమ్ నిఱైయ <br>అసైయా ఉలగమ్ మ్యులుధుమ్ <br>నమ్యై పార్థుక్ కొందే ఇరుక్క! <br> <br> <br>ఏధో ఓర్ అఱైయిల్ <br>నాన్ ఏధో సెయ్ధు కిదన్ధ్ధేన్ <br>నె అఙ్గే అన్ద్ఱు నులైన్ధ్ధాయ్ <br>నాన్ మ్యఱక్కవిల్లై! <br>ఎన్ ఉళ్ళక్ కధవుమ్ <br>నె థానే అన్ద్ఱు థిఱన్ధ్ధాయ్ <br>యార్ యారో థత్తిప్ పార్థుమ్ <br>అధు థిఱక్కవిల్లై! <br> <br> <br>థూరథిల్ ఇరుక్కుమ్ కాధల్ <br>థూయ్మ్యైయెన... <br>యావరుమ్ సొన్నధై నాన్ నమ్పవిల్లై <br>థనిమ్యైయిల్ ఉన్నుదన్ నాన్ <br>ఇరుక్కైయిలే - నామ్ <br>థీందాధ నిమ్యిదమ్ ఒన్ద్ఱు ఇరున్ధ్ధధిల్లై <br>ఉన్ నావా, ఎన్ వాయా <br>థెరియామ్యల్ మ్యుథమ్ వైథోమ్ <br>ఉన్ కాలా ఎన్ కైయా <br>పురియామ్యల్ కాధల్ సెయ్ధోమ్ <br> <br>ఉలగమ్యే నెయెన్ద్ఱాగినాయ్! <br> <br>నామ్ కాధల్ సెయ్యుమ్ నొదియిల్ <br>సిల థీప్పొఱిగళ్ థెరిథోమ్ <br>నామ్ కోబమ్ కొళ్ళుమ్ నొదియిల్ <br>ఇన్ధ్ధ పూమ్యి మ్యొథమ్ ఎర్యిథోమ్! <br>ఏధో ఓర్ అఱైయిల్ <br>ఇఙ్గు నానుమ్ ఉన్ధ్ధన్ నినైవుమ్ <br>పేసిక్కొందే కిదక్క <br>నె థిరుమ్పవిల్లై <br> <br>కోబథిల్ ఇరైథ <br>ఎన్ సొఱ్కళ్ పొరుక్కి ఎదుథేన్ <br>ఉన్ సొఱ్కళ్ థిరుప్పి ఎదుక్క <br>నె విరుమ్పవిల్లై <br>​​​​బిరిన్ధ్ధే నగరుమ్ నొదిగళ్ <br>ఒరు మ్యాయుగమ్యాయ్ విరియుమ్. <br>ఇన్నుమ్ సిల  యుగఙళ్ కలియ <br>మ్ఈందుమ్ నె వరువాయ్ థెరియుమ్. ",
      "language" : {
        "name" : "Telugu",
        "code" : "te"
      }
    },
    {
      "data" : "ഏധോ ഓര് അറൈയില് <br>വേറേധോ സെയ്യ നുഴൈന്ധ്ധേന് <br>അങ്ഗേ ഏന് നീയുമ് ഇരുന്ധ്ധായ്? <br>നീ പൊരുന്ധ്ധവില്ലൈ! <br>നാങൈന്ധ്ധു നദിഗൈ <br>പോല് സായല് കൊംദു ഥെരിന്ധ്ധായ് <br>മ്യുധല് പാര്വൈ കാധല് കൊദുഥായ് <br>നാന് വരുന്ധ്ധവില്ലൈ! <br>സിനിമ്യാ കധൈയായ് ഥെരിന്ധ്ധുമ് <br>നാന് കേത്തധു പോല് ഇരുന്ധ്ധുമ് <br>പുധിധായ് അധൈ നാന് ഉംയര്ന്ധ്ധേന് <br>എന് വാഴ്ക്കൈയൈ നാന് ഥിറന്ധ്ധേന്! <br> <br>ഏധോ ഓര് അറൈയില്... <br>ഏധോ ഓര് അറൈയില് <br>ഏധോ ഓര് അറൈയില് <br>വേറേധോ സെയ്യ നുഴൈന്ധ്ധേന് <br>അങ്ഗേ ഏന് നീയുമ് ഇരുന്ധ്ധായ്? <br>നീ പൊരുന്ധ്ധവില്ലൈ! <br>നാങൈന്ധ്ധു നദിഗൈ <br>പോല് സായല് കൊംദു ഥെരിന്ധ്ധായ് <br>മ്യുധല് പാര്വൈ കാധല് കൊദുഥായ് <br>നാന് വരുന്ധ്ധവില്ലൈ! <br> <br> <br>ഉന് കംകള് അനൈവരൈയുമ് <br>കവര്ന്ധ്ധിഴുക്കുമ് - നാന് <br>നീ വേറു കം വേറെന്ദ്റു പാര്ഥധില്ലൈ! <br>സിരിപ്പിനില് യാരൈയുമ് നീ <br>മ്യയക്കിദുവായ് <br>നീയുമ് ഉന് സിരിപ്പുമ് വെവ്വേറു ഇല്ലൈ! <br>ഉന്നൈ ഉന് പാഗങളായ് <br>പിരിക്കാമ്യല് കംദേന് അന്ദ്റു <br>ഉന്നൈ ഉന് പോലേ നാന് <br>മ്യുഴുധാഗ കൊംദേന്! <br>ഇമ്യൈക്കാ നൊദിഗള് ഉറൈയ <br>ഇസൈയാല് ഇധയമ് നിറൈയ <br>അസൈയാ ഉലഗമ് മ്യുഴുധുമ് <br>നമ്യൈ പാര്ഥുക് കൊംദേ ഇരുക്ക! <br> <br> <br>ഏധോ ഓര് അറൈയില് <br>നാന് ഏധോ സെയ്ധു കിദന്ധ്ധേന് <br>നീ അങ്ഗേ അന്ദ്റു നുഴൈന്ധ്ധായ് <br>നാന് മ്യറക്കവില്ലൈ! <br>എന് ഉള്ളക് കധവുമ് <br>നീ ഥാനേ അന്ദ്റു ഥിറന്ധ്ധായ് <br>യാര് യാരോ ഥത്തിപ് പാര്ഥുമ് <br>അധു ഥിറക്കവില്ലൈ! <br> <br> <br>ഥൂരഥില് ഇരുക്കുമ് കാധല് <br>ഥൂയ്മ്യൈയെന... <br>യാവരുമ് സൊന്നധൈ നാന് നമ്പവില്ലൈ <br>ഥനിമ്യൈയില് ഉന്നുദന് നാന് <br>ഇരുക്കൈയിലേ - നാമ് <br>ഥീംദാധ നിമ്യിദമ് ഒന്ദ്റു ഇരുന്ധ്ധധില്ലൈ <br>ഉന് നാവാ, എന് വായാ <br>ഥെരിയാമ്യല് മ്യുഥമ് വൈഥോമ് <br>ഉന് കാലാ എന് കൈയാ <br>പുരിയാമ്യല് കാധല് സെയ്ധോമ് <br> <br>ഉലഗമ്യേ നീയെന്ദ്റാഗിനായ്! <br> <br>നാമ് കാധല് സെയ്യുമ് നൊദിയില് <br>സില ഥീപ്പൊറിഗള് ഥെരിഥോമ് <br>നാമ് കോബമ് കൊള്ളുമ് നൊദിയില് <br>ഇന്ധ്ധ പൂമ്യി മ്യൊഥമ് എര്യിഥോമ്! <br>ഏധോ ഓര് അറൈയില് <br>ഇങ്ഗു നാനുമ് ഉന്ധ്ധന് നിനൈവുമ് <br>പേസിക്കൊംദേ കിദക്ക <br>നീ ഥിരുമ്പവില്ലൈ <br> <br>കോബഥില് ഇരൈഥ <br>എന് സൊറ്കള് പൊരുക്കി എദുഥേന് <br>ഉന് സൊറ്കള് ഥിരുപ്പി എദുക്ക <br>നീ വിരുമ്പവില്ലൈ <br>​​​​ബിരിന്ധ്ധേ നഗരുമ് നൊദിഗള് <br>ഒരു മ്യായുഗമ്യായ് വിരിയുമ്. <br>ഇന്നുമ് സില  യുഗങള് കഴിയ <br>മ്ഈംദുമ് നീ വരുവായ് ഥെരിയുമ്. ",
      "language" : {
        "name" : "Malayalam",
        "code" : "ml"
      }
    },
    {
      "data" : "ಏಧೋ ಓರ್ ಅರೈಯಿಲ್ <br>ವೇರೇಧೋ ಸೆಯ್ಯ ನುಲೈನ್ಧ್ಧೇನ್ <br>ಅಙ್ಗೇ ಏನ್ ನೀಯುಮ್ ಇರುನ್ಧ್ಧಾಯ್? <br>ನೀ ಪೊರುನ್ಧ್ಧವಿಲ್ಲೈ! <br>ನಾಙೈನ್ಧ್ಧು ನದಿಗೈ <br>ಪೋಲ್ ಸಾಯಲ್ ಕೊಂದು ಥೆರಿನ್ಧ್ಧಾಯ್ <br>ಮ್ಯುಧಲ್ ಪಾರ್ವೈ ಕಾಧಲ್ ಕೊದುಥಾಯ್ <br>ನಾನ್ ವರುನ್ಧ್ಧವಿಲ್ಲೈ! <br>ಸಿನಿಮ್ಯಾ ಕಧೈಯಾಯ್ ಥೆರಿನ್ಧ್ಧುಮ್ <br>ನಾನ್ ಕೇತ್ತಧು ಪೋಲ್ ಇರುನ್ಧ್ಧುಮ್ <br>ಪುಧಿಧಾಯ್ ಅಧೈ ನಾನ್ ಉಂಯರ್ನ್ಧ್ಧೇನ್ <br>ಎನ್ ವಾಲ್ಕ್ಕೈಯೈ ನಾನ್ ಥಿರನ್ಧ್ಧೇನ್! <br> <br>ಏಧೋ ಓರ್ ಅರೈಯಿಲ್... <br>ಏಧೋ ಓರ್ ಅರೈಯಿಲ್ <br>ಏಧೋ ಓರ್ ಅರೈಯಿಲ್ <br>ವೇರೇಧೋ ಸೆಯ್ಯ ನುಲೈನ್ಧ್ಧೇನ್ <br>ಅಙ್ಗೇ ಏನ್ ನೀಯುಮ್ ಇರುನ್ಧ್ಧಾಯ್? <br>ನೀ ಪೊರುನ್ಧ್ಧವಿಲ್ಲೈ! <br>ನಾಙೈನ್ಧ್ಧು ನದಿಗೈ <br>ಪೋಲ್ ಸಾಯಲ್ ಕೊಂದು ಥೆರಿನ್ಧ್ಧಾಯ್ <br>ಮ್ಯುಧಲ್ ಪಾರ್ವೈ ಕಾಧಲ್ ಕೊದುಥಾಯ್ <br>ನಾನ್ ವರುನ್ಧ್ಧವಿಲ್ಲೈ! <br> <br> <br>ಉನ್ ಕಂಕಳ್ ಅನೈವರೈಯುಮ್ <br>ಕವರ್ನ್ಧ್ಧಿಲುಕ್ಕುಮ್ - ನಾನ್ <br>ನೀ ವೇರು ಕಂ ವೇರೆನ್ದ್ರು ಪಾರ್ಥಧಿಲ್ಲೈ! <br>ಸಿರಿಪ್ಪಿನಿಲ್ ಯಾರೈಯುಮ್ ನೀ <br>ಮ್ಯಯಕ್ಕಿದುವಾಯ್ <br>ನೀಯುಮ್ ಉನ್ ಸಿರಿಪ್ಪುಮ್ ವೆವ್ವೇರು ಇಲ್ಲೈ! <br>ಉನ್ನೈ ಉನ್ ಪಾಗಙಳಾಯ್ <br>ಪಿರಿಕ್ಕಾಮ್ಯಲ್ ಕಂದೇನ್ ಅನ್ದ್ರು <br>ಉನ್ನೈ ಉನ್ ಪೋಲೇ ನಾನ್ <br>ಮ್ಯುಲುಧಾಗ ಕೊಂದೇನ್! <br>ಇಮ್ಯೈಕ್ಕಾ ನೊದಿಗಳ್ ಉರೈಯ <br>ಇಸೈಯಾಲ್ ಇಧಯಮ್ ನಿರೈಯ <br>ಅಸೈಯಾ ಉಲಗಮ್ ಮ್ಯುಲುಧುಮ್ <br>ನಮ್ಯೈ ಪಾರ್ಥುಕ್ ಕೊಂದೇ ಇರುಕ್ಕ! <br> <br> <br>ಏಧೋ ಓರ್ ಅರೈಯಿಲ್ <br>ನಾನ್ ಏಧೋ ಸೆಯ್ಧು ಕಿದನ್ಧ್ಧೇನ್ <br>ನೀ ಅಙ್ಗೇ ಅನ್ದ್ರು ನುಲೈನ್ಧ್ಧಾಯ್ <br>ನಾನ್ ಮ್ಯರಕ್ಕವಿಲ್ಲೈ! <br>ಎನ್ ಉಳ್ಳಕ್ ಕಧವುಮ್ <br>ನೀ ಥಾನೇ ಅನ್ದ್ರು ಥಿರನ್ಧ್ಧಾಯ್ <br>ಯಾರ್ ಯಾರೋ ಥತ್ತಿಪ್ ಪಾರ್ಥುಮ್ <br>ಅಧು ಥಿರಕ್ಕವಿಲ್ಲೈ! <br> <br> <br>ಥೂರಥಿಲ್ ಇರುಕ್ಕುಮ್ ಕಾಧಲ್ <br>ಥೂಯ್ಮ್ಯೈಯೆನ... <br>ಯಾವರುಮ್ ಸೊನ್ನಧೈ ನಾನ್ ನಮ್ಪವಿಲ್ಲೈ <br>ಥನಿಮ್ಯೈಯಿಲ್ ಉನ್ನುದನ್ ನಾನ್ <br>ಇರುಕ್ಕೈಯಿಲೇ - ನಾಮ್ <br>ಥೀಂದಾಧ ನಿಮ್ಯಿದಮ್ ಒನ್ದ್ರು ಇರುನ್ಧ್ಧಧಿಲ್ಲೈ <br>ಉನ್ ನಾವಾ, ಎನ್ ವಾಯಾ <br>ಥೆರಿಯಾಮ್ಯಲ್ ಮ್ಯುಥಮ್ ವೈಥೋಮ್ <br>ಉನ್ ಕಾಲಾ ಎನ್ ಕೈಯಾ <br>ಪುರಿಯಾಮ್ಯಲ್ ಕಾಧಲ್ ಸೆಯ್ಧೋಮ್ <br> <br>ಉಲಗಮ್ಯೇ ನೀಯೆನ್ದ್ರಾಗಿನಾಯ್! <br> <br>ನಾಮ್ ಕಾಧಲ್ ಸೆಯ್ಯುಮ್ ನೊದಿಯಿಲ್ <br>ಸಿಲ ಥೀಪ್ಪೊರಿಗಳ್ ಥೆರಿಥೋಮ್ <br>ನಾಮ್ ಕೋಬಮ್ ಕೊಳ್ಳುಮ್ ನೊದಿಯಿಲ್ <br>ಇನ್ಧ್ಧ ಪೂಮ್ಯಿ ಮ್ಯೊಥಮ್ ಎರ್ಯಿಥೋಮ್! <br>ಏಧೋ ಓರ್ ಅರೈಯಿಲ್ <br>ಇಙ್ಗು ನಾನುಮ್ ಉನ್ಧ್ಧನ್ ನಿನೈವುಮ್ <br>ಪೇಸಿಕ್ಕೊಂದೇ ಕಿದಕ್ಕ <br>ನೀ ಥಿರುಮ್ಪವಿಲ್ಲೈ <br> <br>ಕೋಬಥಿಲ್ ಇರೈಥ <br>ಎನ್ ಸೊರ್ಕಳ್ ಪೊರುಕ್ಕಿ ಎದುಥೇನ್ <br>ಉನ್ ಸೊರ್ಕಳ್ ಥಿರುಪ್ಪಿ ಎದುಕ್ಕ <br>ನೀ ವಿರುಮ್ಪವಿಲ್ಲೈ <br>​​​​ಬಿರಿನ್ಧ್ಧೇ ನಗರುಮ್ ನೊದಿಗಳ್ <br>ಒರು ಮ್ಯಾಯುಗಮ್ಯಾಯ್ ವಿರಿಯುಮ್. <br>ಇನ್ನುಮ್ ಸಿಲ  ಯುಗಙಳ್ ಕಲಿಯ <br>ಮ್ಈಂದುಮ್ ನೀ ವರುವಾಯ್ ಥೆರಿಯುಮ್.",
      "language" : {
        "name" : "Kanadam",
        "code" : "ka"
      }
    },
    {
      "data" : "এধো ওর্ অড়ৈযিল্ <br>ৱেড়েধো সেয্য নুলৈন্ধ্ধেন্ <br>অঙ্গে এন্ নীযুম্ ইরুন্ধ্ধায্? <br>নী পোরুন্ধ্ধৱিল্লৈ! <br>নাঙৈন্ধ্ধু নদিগৈ <br>পোল্ সাযল্ কোঁদু থেরিন্ধ্ধায্ <br>ম্যুধল্ পার্ৱৈ কাধল্ কোদুথায্ <br>নান্ ৱরুন্ধ্ধৱিল্লৈ! <br>সিনিম্যা কধৈযায্ থেরিন্ধ্ধুম্ <br>নান্ কেত্তধু পোল্ ইরুন্ধ্ধুম্ <br>পুধিধায্ অধৈ নান্ উঁযর্ন্ধ্ধেন্ <br>এন্ ৱাল্ক্কৈযৈ নান্ থিড়ন্ধ্ধেন্! <br> <br>এধো ওর্ অড়ৈযিল্... <br>এধো ওর্ অড়ৈযিল্ <br>এধো ওর্ অড়ৈযিল্ <br>ৱেড়েধো সেয্য নুলৈন্ধ্ধেন্ <br>অঙ্গে এন্ নীযুম্ ইরুন্ধ্ধায্? <br>নী পোরুন্ধ্ধৱিল্লৈ! <br>নাঙৈন্ধ্ধু নদিগৈ <br>পোল্ সাযল্ কোঁদু থেরিন্ধ্ধায্ <br>ম্যুধল্ পার্ৱৈ কাধল্ কোদুথায্ <br>নান্ ৱরুন্ধ্ধৱিল্লৈ! <br> <br> <br>উন্ কঁকল্ অনৈৱরৈযুম্ <br>কৱর্ন্ধ্ধিলুক্কুম্ - নান্ <br>নী ৱেড়ু কঁ ৱেড়েন্দ্ড়ু পার্থধিল্লৈ! <br>সিরিপ্পিনিল্ যারৈযুম্ নী <br>ম্যযক্কিদুৱায্ <br>নীযুম্ উন্ সিরিপ্পুম্ ৱেৱ্ৱেড়ু ইল্লৈ! <br>উন্নৈ উন্ পাগঙলায্ <br>পিরিক্কাম্যল্ কঁদেন্ অন্দ্ড়ু <br>উন্নৈ উন্ পোলে নান্ <br>ম্যুলুধাগ কোঁদেন্! <br>ইম্যৈক্কা নোদিগল্ উড়ৈয <br>ইসৈযাল্ ইধযম্ নিড়ৈয <br>অসৈযা উলগম্ ম্যুলুধুম্ <br>নম্যৈ পার্থুক্ কোঁদে ইরুক্ক! <br> <br> <br>এধো ওর্ অড়ৈযিল্ <br>নান্ এধো সেয্ধু কিদন্ধ্ধেন্ <br>নী অঙ্গে অন্দ্ড়ু নুলৈন্ধ্ধায্ <br>নান্ ম্যড়ক্কৱিল্লৈ! <br>এন্ উল্লক্ কধৱুম্ <br>নী থানে অন্দ্ড়ু থিড়ন্ধ্ধায্ <br>যার্ যারো থত্তিপ্ পার্থুম্ <br>অধু থিড়ক্কৱিল্লৈ! <br> <br> <br>থূরথিল্ ইরুক্কুম্ কাধল্ <br>থূয্ম্যৈযেন... <br>যাৱরুম্ সোন্নধৈ নান্ নম্পৱিল্লৈ <br>থনিম্যৈযিল্ উন্নুদন্ নান্ <br>ইরুক্কৈযিলে - নাম্ <br>থীঁদাধ নিম্যিদম্ ওন্দ্ড়ু ইরুন্ধ্ধধিল্লৈ <br>উন্ নাৱা, এন্ ৱাযা <br>থেরিযাম্যল্ ম্যুথম্ ৱৈথোম্ <br>উন্ কালা এন্ কৈযা <br>পুরিযাম্যল্ কাধল্ সেয্ধোম্ <br> <br>উলগম্যে নীযেন্দ্ড়াগিনায্! <br> <br>নাম্ কাধল্ সেয্যুম্ নোদিযিল্ <br>সিল থীপ্পোড়িগল্ থেরিথোম্ <br>নাম্ কোবম্ কোল্লুম্ নোদিযিল্ <br>ইন্ধ্ধ পূম্যি ম্যোথম্ এর্যিথোম্! <br>এধো ওর্ অড়ৈযিল্ <br>ইঙ্গু নানুম্ উন্ধ্ধন্ নিনৈৱুম্ <br>পেসিক্কোঁদে কিদক্ক <br>নী থিরুম্পৱিল্লৈ <br> <br>কোবথিল্ ইরৈথ <br>এন্ সোড়্কল্ পোরুক্কি এদুথেন্ <br>উন্ সোড়্কল্ থিরুপ্পি এদুক্ক <br>নী ৱিরুম্পৱিল্লৈ <br>​​​​বিরিন্ধ্ধে নগরুম্ নোদিগল্ <br>ওরু ম্যাযুগম্যায্ ৱিরিযুম্. <br>ইন্নুম্ সিল  যুগঙল্ কলিয <br>ম্ঈঁদুম্ নী ৱরুৱায্ থেরিযুম্. ",
      "language" : {
        "name" : "Bengali",
        "code" : "be"
      }
    },
    {
      "data" : "ઍધૉ ઑર્ અરૈયિલ્ <br>વૅરૅધૉ સેય્ય ણુલૈન્ધ્ધૅન્ <br>અઙ્ગૅ ઍન્ ણીયુમ્ ઇરુન્ધ્ધાય્? <br>ણી પોરુન્ધ્ધવિલ્લૈ! <br>ણાઙૈન્ધ્ધુ ણદિગૈ <br>પૉલ્ સાયલ્ કોંદુ થેરિન્ધ્ધાય્ <br>મ્યુધલ્ પાર્વૈ કાધલ્ કોદુથાય્ <br>ણાન્ વરુન્ધ્ધવિલ્લૈ! <br>સિનિમ્યા કધૈયાય્ થેરિન્ધ્ધુમ્ <br>ણાન્ કૅત્તધુ પૉલ્ ઇરુન્ધ્ધુમ્ <br>પુધિધાય્ અધૈ ણાન્ ઉંયર્ન્ધ્ધૅન્ <br>એન્ વાલ્ક્કૈયૈ ણાન્ થિરન્ધ્ધૅન્! <br> <br>ઍધૉ ઑર્ અરૈયિલ્... <br>ઍધૉ ઑર્ અરૈયિલ્ <br>ઍધૉ ઑર્ અરૈયિલ્ <br>વૅરૅધૉ સેય્ય ણુલૈન્ધ્ધૅન્ <br>અઙ્ગૅ ઍન્ ણીયુમ્ ઇરુન્ધ્ધાય્? <br>ણી પોરુન્ધ્ધવિલ્લૈ! <br>ણાઙૈન્ધ્ધુ ણદિગૈ <br>પૉલ્ સાયલ્ કોંદુ થેરિન્ધ્ધાય્ <br>મ્યુધલ્ પાર્વૈ કાધલ્ કોદુથાય્ <br>ણાન્ વરુન્ધ્ધવિલ્લૈ! <br> <br> <br>ઉન્ કંકળ્ અનૈવરૈયુમ્ <br>કવર્ન્ધ્ધિલુક્કુમ્ - ણાન્ <br>ણી વૅરુ કં વૅરેન્દ્રુ પાર્થધિલ્લૈ! <br>સિરિપ્પિનિલ્ યારૈયુમ્ ણી <br>મ્યયક્કિદુવાય્ <br>ણીયુમ્ ઉન્ સિરિપ્પુમ્ વેવ્વૅરુ ઇલ્લૈ! <br>ઉન્નૈ ઉન્ પાગઙળાય્ <br>પિરિક્કામ્યલ્ કંદૅન્ અન્દ્રુ <br>ઉન્નૈ ઉન્ પૉલૅ ણાન્ <br>મ્યુલુધાગ કોંદૅન્! <br>ઇમ્યૈક્કા ણોદિગળ્ ઉરૈય <br>ઇસૈયાલ્ ઇધયમ્ ણિરૈય <br>અસૈયા ઉલગમ્ મ્યુલુધુમ્ <br>ણમ્યૈ પાર્થુક્ કોંદૅ ઇરુક્ક! <br> <br> <br>ઍધૉ ઑર્ અરૈયિલ્ <br>ણાન્ ઍધૉ સેય્ધુ કિદન્ધ્ધૅન્ <br>ણી અઙ્ગૅ અન્દ્રુ ણુલૈન્ધ્ધાય્ <br>ણાન્ મ્યરક્કવિલ્લૈ! <br>એન્ ઉળ્ળક્ કધવુમ્ <br>ણી થાનૅ અન્દ્રુ થિરન્ધ્ધાય્ <br>યાર્ યારૉ થત્તિપ્ પાર્થુમ્ <br>અધુ થિરક્કવિલ્લૈ! <br> <br> <br>થૂરથિલ્ ઇરુક્કુમ્ કાધલ્ <br>થૂય્મ્યૈયેન... <br>યાવરુમ્ સોન્નધૈ ણાન્ ણમ્પવિલ્લૈ <br>થનિમ્યૈયિલ્ ઉન્નુદન્ ણાન્ <br>ઇરુક્કૈયિલૅ - ણામ્ <br>થીંદાધ ણિમ્યિદમ્ ઓન્દ્રુ ઇરુન્ધ્ધધિલ્લૈ <br>ઉન્ ણાવા, એન્ વાયા <br>થેરિયામ્યલ્ મ્યુથમ્ વૈથૉમ્ <br>ઉન્ કાલા એન્ કૈયા <br>પુરિયામ્યલ્ કાધલ્ સેય્ધૉમ્ <br> <br>ઉલગમ્યૅ ણીયેન્દ્રાગિનાય્! <br> <br>ણામ્ કાધલ્ સેય્યુમ્ ણોદિયિલ્ <br>સિલ થીપ્પોરિગળ્ થેરિથૉમ્ <br>ણામ્ કૉબમ્ કોળ્ળુમ્ ણોદિયિલ્ <br>ઇન્ધ્ધ પૂમ્યિ મ્યોથમ્ એર્યિથૉમ્! <br>ઍધૉ ઑર્ અરૈયિલ્ <br>ઇઙ્ગુ ણાનુમ્ ઉન્ધ્ધન્ ણિનૈવુમ્ <br>પૅસિક્કોંદૅ કિદક્ક <br>ણી થિરુમ્પવિલ્લૈ <br> <br>કૉબથિલ્ ઇરૈથ <br>એન્ સોર્કળ્ પોરુક્કિ એદુથૅન્ <br>ઉન્ સોર્કળ્ થિરુપ્પિ એદુક્ક <br>ણી વિરુમ્પવિલ્લૈ <br>​​​​બિરિન્ધ્ધૅ ણગરુમ્ ણોદિગળ્ <br>ઓરુ મ્યાયુગમ્યાય્ વિરિયુમ્. <br>ઇન્નુમ્ સિલ  યુગઙળ્ કલિય <br>મ્ઈંદુમ્ ણી વરુવાય્ થેરિયુમ્.",
      "language" : {
        "name" : "Gujarathi",
        "code" : "gu"
      }
    },
    {
      "data" : "एदो ओर अड़ैयिल <br>वेड़ेदो सेयय नुलैन्द धेन <br>अङगे एन नीयुम इरुन्द दाय? <br>नी पोरुन्द दविल्लै! <br>नाङैन्द दु नडिगै <br>पोल सायल कोंडु तेरिन्द दाय <br>म्उदल पारवै कादल कोडुताय <br>नान वरुन्द दविल्लै! <br>सिनिम्आ कधैयाय तेरिन्द दुम <br>नान केटटदु पोल इरुन्द दुम <br>पुदिदाय अधै नान उंअर्न्द धेन <br>एन वाल्क्कैयै नान तिड़न्द धेन! <br> <br>एदो ओर अड़ैयिल... <br>एदो ओर अड़ैयिल <br>एदो ओर अड़ैयिल <br>वेड़ेदो सेयय नुलैन्द धेन <br>अङगे एन नीयुम इरुन्द दाय? <br>नी पोरुन्द दविल्लै! <br>नाङैन्द दु नडिगै <br>पोल सायल कोंडु तेरिन्द दाय <br>म्उदल पारवै कादल कोडुताय <br>नान वरुन्द दविल्लै! <br> <br> <br>उन कंकल अनैवरैयुम <br>कवर्न्द दिलुक्कुम - नान <br>नी वेड़ु कं वेरेन्ड्ड़ु पार्तदिल्लै! <br>सिरिप्पिनिल यारैयुम नी <br>म्अयक्किडुवाय <br>नीयुम उन सिरिप्पुम वेववेड़ु इललै! <br>उननै उन पागङऴाय <br>पिरिक्काम्अल कंडेन अनडड़ु <br>उननै उन पोले नान <br>म्उलुदाग कोंडेन! <br>इम्ऐक्का नोडिगल उड़ैय <br>इसैयाल इदयम निड़ैय <br>असैया उलगम म्उलुदुम <br>नम्ऐ पारतुक कोंडे इरुकक! <br> <br> <br>एदो ओर अड़ैयिल <br>नान एदो सेयदु किडन्द धेन <br>नी अङगे अनडड़ु नुलैन्द दाय <br>नान म्अड़क्कविल्लै! <br>एन उलळक कदवुम <br>नी ताने अनडड़ु तिड़न्द दाय <br>यार यारो तटटिप पारतुम <br>अदु तिड़क्कविल्लै! <br> <br> <br>तूरतिल इरुक्कुम कादल <br>तूय्म्ऐयेन... <br>यावरुम सोननधै नान नम्पविल्लै <br>तनिम्ऐयिल उन्नुडन नान <br>इरुक्कैयिले - नाम <br>थींडाद निम्इडम ओनडड़ु इरुन्द ददिल्लै <br>उन नावा, एन वाया <br>तेरियाम्अल म्उतम वैतोम <br>उन काला एन कैया <br>पुरियाम्अल कादल सेयदोम <br> <br>उलगम्ए नीयेन्ड्ड़ागिनाय! <br> <br>नाम कादल सेययुम नोडियिल <br>सिल तीप्पोरिगल तेरितोम <br>नाम कोबम कोलळुम नोडियिल <br>इन्द द पूम्इ म्ओतम र्इतोम! <br>एदो ओर अड़ैयिल <br>इङगु नानुम उन्द दन निनैवुम <br>पेसिक्कोंडे किडकक <br>नी तिरुम्पविल्लै <br> <br>कोबतिल इरैत <br>एन सोर्कल पोरुककि एडुतेन <br>उन सोर्कल तिरुपपि एडुकक <br>नी विरुम्पविल्लै <br>​​​​बिरिन्द धे नगरुम नोडिगल <br>ओरु म्आयुगम्आय विरियुम. <br>इननुम सिल  युगङल कलिय <br>म्ईंडुम नी वरुवाय तेरियुम. ",
      "language" : {
        "name" : "Marathi",
        "code" : "mr"
      }
    },
    {
      "data" : "ଏଧୋ ଓର୍ ଅଡ଼ୈଯିଳ୍ <br>ୱେଡ଼େଧୋ ସେଯ୍ଯ ନୁଳୈନ୍ଧ୍ଧେନ୍ <br>ଅଙ୍ଗେ ଏନ୍ ନୀଯୁମ୍ ଇରୁନ୍ଧ୍ଧାଯ୍? <br>ନୀ ପୋରୁନ୍ଧ୍ଧୱିଳ୍ଳୈ! <br>ନାଙୈନ୍ଧ୍ଧୁ ନଦିଗୈ <br>ପୋଳ୍ ସାଯଳ୍ କୋଂଦୁ ଥେରିନ୍ଧ୍ଧାଯ୍ <br>ମ୍ଯୁଧଳ୍ ପାର୍ୱୈ କାଧଳ୍ କୋଦୁଥାଯ୍ <br>ନାନ୍ ୱରୁନ୍ଧ୍ଧୱିଳ୍ଳୈ! <br>ସିନିମ୍ଯା କଧୈଯାଯ୍ ଥେରିନ୍ଧ୍ଧୁମ୍ <br>ନାନ୍ କେତ୍ତଧୁ ପୋଳ୍ ଇରୁନ୍ଧ୍ଧୁମ୍ <br>ପୁଧିଧାଯ୍ ଅଧୈ ନାନ୍ ଉଂଯର୍ନ୍ଧ୍ଧେନ୍ <br>ଏନ୍ ୱାଳ୍କ୍କୈଯୈ ନାନ୍ ଥିଡ଼ନ୍ଧ୍ଧେନ୍! <br> <br>ଏଧୋ ଓର୍ ଅଡ଼ୈଯିଳ୍... <br>ଏଧୋ ଓର୍ ଅଡ଼ୈଯିଳ୍ <br>ଏଧୋ ଓର୍ ଅଡ଼ୈଯିଳ୍ <br>ୱେଡ଼େଧୋ ସେଯ୍ଯ ନୁଳୈନ୍ଧ୍ଧେନ୍ <br>ଅଙ୍ଗେ ଏନ୍ ନୀଯୁମ୍ ଇରୁନ୍ଧ୍ଧାଯ୍? <br>ନୀ ପୋରୁନ୍ଧ୍ଧୱିଳ୍ଳୈ! <br>ନାଙୈନ୍ଧ୍ଧୁ ନଦିଗୈ <br>ପୋଳ୍ ସାଯଳ୍ କୋଂଦୁ ଥେରିନ୍ଧ୍ଧାଯ୍ <br>ମ୍ଯୁଧଳ୍ ପାର୍ୱୈ କାଧଳ୍ କୋଦୁଥାଯ୍ <br>ନାନ୍ ୱରୁନ୍ଧ୍ଧୱିଳ୍ଳୈ! <br> <br> <br>ଉନ୍ କଂକଲ୍ ଅନୈୱରୈଯୁମ୍ <br>କୱର୍ନ୍ଧ୍ଧିଳୁକ୍କୁମ୍ - ନାନ୍ <br>ନୀ ୱେଡ଼ୁ କଂ ୱେଡ଼େନ୍ଦ୍ଡ଼ୁ ପାର୍ଥଧିଳ୍ଳୈ! <br>ସିରିପ୍ପିନିଳ୍ ଯାରୈଯୁମ୍ ନୀ <br>ମ୍ଯଯକ୍କିଦୁୱାଯ୍ <br>ନୀଯୁମ୍ ଉନ୍ ସିରିପ୍ପୁମ୍ ୱେୱ୍ୱେଡ଼ୁ ଇଳ୍ଳୈ! <br>ଉନ୍ନୈ ଉନ୍ ପାଗଙଲାଯ୍ <br>ପିରିକ୍କାମ୍ଯଳ୍ କଂଦେନ୍ ଅନ୍ଦ୍ଡ଼ୁ <br>ଉନ୍ନୈ ଉନ୍ ପୋଳେ ନାନ୍ <br>ମ୍ଯୁଳୁଧାଗ କୋଂଦେନ୍! <br>ଇମ୍ଯୈକ୍କା ନୋଦିଗଲ୍ ଉଡ଼ୈଯ <br>ଇସୈଯାଳ୍ ଇଧଯମ୍ ନିଡ଼ୈଯ <br>ଅସୈଯା ଉଳଗମ୍ ମ୍ଯୁଳୁଧୁମ୍ <br>ନମ୍ଯୈ ପାର୍ଥୁକ୍ କୋଂଦେ ଇରୁକ୍କ! <br> <br> <br>ଏଧୋ ଓର୍ ଅଡ଼ୈଯିଳ୍ <br>ନାନ୍ ଏଧୋ ସେଯ୍ଧୁ କିଦନ୍ଧ୍ଧେନ୍ <br>ନୀ ଅଙ୍ଗେ ଅନ୍ଦ୍ଡ଼ୁ ନୁଳୈନ୍ଧ୍ଧାଯ୍ <br>ନାନ୍ ମ୍ଯଡ଼କ୍କୱିଳ୍ଳୈ! <br>ଏନ୍ ଉଲ୍ଲକ୍ କଧୱୁମ୍ <br>ନୀ ଥାନେ ଅନ୍ଦ୍ଡ଼ୁ ଥିଡ଼ନ୍ଧ୍ଧାଯ୍ <br>ଯାର୍ ଯାରୋ ଥତ୍ତିପ୍ ପାର୍ଥୁମ୍ <br>ଅଧୁ ଥିଡ଼କ୍କୱିଳ୍ଳୈ! <br> <br> <br>ଥୂରଥିଳ୍ ଇରୁକ୍କୁମ୍ କାଧଳ୍ <br>ଥୂଯ୍ମ୍ଯୈଯେନ... <br>ଯାୱରୁମ୍ ସୋନ୍ନଧୈ ନାନ୍ ନମ୍ପୱିଳ୍ଳୈ <br>ଥନିମ୍ଯୈଯିଳ୍ ଉନ୍ନୁଦନ୍ ନାନ୍ <br>ଇରୁକ୍କୈଯିଳେ - ନାମ୍ <br>ଥୀଂଦାଧ ନିମ୍ଯିଦମ୍ ଓନ୍ଦ୍ଡ଼ୁ ଇରୁନ୍ଧ୍ଧଧିଳ୍ଳୈ <br>ଉନ୍ ନାୱା, ଏନ୍ ୱାଯା <br>ଥେରିଯାମ୍ଯଳ୍ ମ୍ଯୁଥମ୍ ୱୈଥୋମ୍ <br>ଉନ୍ କାଳା ଏନ୍ କୈଯା <br>ପୁରିଯାମ୍ଯଳ୍ କାଧଳ୍ ସେଯ୍ଧୋମ୍ <br> <br>ଉଳଗମ୍ଯେ ନୀଯେନ୍ଦ୍ଡ଼ାଗିନାଯ୍! <br> <br>ନାମ୍ କାଧଳ୍ ସେଯ୍ଯୁମ୍ ନୋଦିଯିଳ୍ <br>ସିଳ ଥୀପ୍ପୋଡ଼ିଗଲ୍ ଥେରିଥୋମ୍ <br>ନାମ୍ କୋବମ୍ କୋଲ୍ଲୁମ୍ ନୋଦିଯିଳ୍ <br>ଇନ୍ଧ୍ଧ ପୂମ୍ଯି ମ୍ଯୋଥମ୍ ଏର୍ଯିଥୋମ୍! <br>ଏଧୋ ଓର୍ ଅଡ଼ୈଯିଳ୍ <br>ଇଙ୍ଗୁ ନାନୁମ୍ ଉନ୍ଧ୍ଧନ୍ ନିନୈୱୁମ୍ <br>ପେସିକ୍କୋଂଦେ କିଦକ୍କ <br>ନୀ ଥିରୁମ୍ପୱିଳ୍ଳୈ <br> <br>କୋବଥିଳ୍ ଇରୈଥ <br>ଏନ୍ ସୋଡ଼୍କଲ୍ ପୋରୁକ୍କି ଏଦୁଥେନ୍ <br>ଉନ୍ ସୋଡ଼୍କଲ୍ ଥିରୁପ୍ପି ଏଦୁକ୍କ <br>ନୀ ୱିରୁମ୍ପୱିଳ୍ଳୈ <br>​​​​ବିରିନ୍ଧ୍ଧେ ନଗରୁମ୍ ନୋଦିଗଲ୍ <br>ଓରୁ ମ୍ଯାଯୁଗମ୍ଯାଯ୍ ୱିରିଯୁମ୍. <br>ଇନ୍ନୁମ୍ ସିଳ  ଯୁଗଙଲ୍ କଳିଯ <br>ମ୍ଈଂଦୁମ୍ ନୀ ୱରୁୱାଯ୍ ଥେରିଯୁମ୍. ",
      "language" : {
        "name" : "Oriya",
        "code" : "or"
      }
    },
    {
      "data" : "एदो ओर अड़ैयिल <br>वेड़ेदो सेयय नुलैन्द धेन <br>अङगे एन नीयुम इरुन्द दाय? <br>नी पोरुन्द दविल्लै! <br>नाङैन्द दु नडिगै <br>पोल सायल कोंडु तेरिन्द दाय <br>म्उदल पारवै कादल कोडुताय <br>नान वरुन्द दविल्लै! <br>सिनिम्आ कधैयाय तेरिन्द दुम <br>नान केटटदु पोल इरुन्द दुम <br>पुदिदाय अधै नान उंअर्न्द धेन <br>एन वाल्क्कैयै नान तिड़न्द धेन! <br> <br>एदो ओर अड़ैयिल... <br>एदो ओर अड़ैयिल <br>एदो ओर अड़ैयिल <br>वेड़ेदो सेयय नुलैन्द धेन <br>अङगे एन नीयुम इरुन्द दाय? <br>नी पोरुन्द दविल्लै! <br>नाङैन्द दु नडिगै <br>पोल सायल कोंडु तेरिन्द दाय <br>म्उदल पारवै कादल कोडुताय <br>नान वरुन्द दविल्लै! <br> <br> <br>उन कंकल अनैवरैयुम <br>कवर्न्द दिलुक्कुम - नान <br>नी वेड़ु कं वेरेन्ड्ड़ु पार्तदिल्लै! <br>सिरिप्पिनिल यारैयुम नी <br>म्अयक्किडुवाय <br>नीयुम उन सिरिप्पुम वेववेड़ु इललै! <br>उननै उन पागङऴाय <br>पिरिक्काम्अल कंडेन अनडड़ु <br>उननै उन पोले नान <br>म्उलुदाग कोंडेन! <br>इम्ऐक्का नोडिगल उड़ैय <br>इसैयाल इदयम निड़ैय <br>असैया उलगम म्उलुदुम <br>नम्ऐ पारतुक कोंडे इरुकक! <br> <br> <br>एदो ओर अड़ैयिल <br>नान एदो सेयदु किडन्द धेन <br>नी अङगे अनडड़ु नुलैन्द दाय <br>नान म्अड़क्कविल्लै! <br>एन उलळक कदवुम <br>नी ताने अनडड़ु तिड़न्द दाय <br>यार यारो तटटिप पारतुम <br>अदु तिड़क्कविल्लै! <br> <br> <br>तूरतिल इरुक्कुम कादल <br>तूय्म्ऐयेन... <br>यावरुम सोननधै नान नम्पविल्लै <br>तनिम्ऐयिल उन्नुडन नान <br>इरुक्कैयिले - नाम <br>थींडाद निम्इडम ओनडड़ु इरुन्द ददिल्लै <br>उन नावा, एन वाया <br>तेरियाम्अल म्उतम वैतोम <br>उन काला एन कैया <br>पुरियाम्अल कादल सेयदोम <br> <br>उलगम्ए नीयेन्ड्ड़ागिनाय! <br> <br>नाम कादल सेययुम नोडियिल <br>सिल तीप्पोरिगल तेरितोम <br>नाम कोबम कोलळुम नोडियिल <br>इन्द द पूम्इ म्ओतम र्इतोम! <br>एदो ओर अड़ैयिल <br>इङगु नानुम उन्द दन निनैवुम <br>पेसिक्कोंडे किडकक <br>नी तिरुम्पविल्लै <br> <br>कोबतिल इरैत <br>एन सोर्कल पोरुककि एडुतेन <br>उन सोर्कल तिरुपपि एडुकक <br>नी विरुम्पविल्लै <br>​​​​बिरिन्द धे नगरुम नोडिगल <br>ओरु म्आयुगम्आय विरियुम. <br>इननुम सिल  युगङल कलिय <br>म्ईंडुम नी वरुवाय तेरियुम. ",
      "language" : {
        "name" : "konkani",
        "code" : "ko"
      }
    }
  ],
  "mood" : {
    "slug" : "sad",
    "name" : "Sad"
  },
  "thumbnail" : "https:\/\/d1ua79hvv369a0.cloudfront.net\/reflection\/thumbnail\/28-April-2016\/etho_oru_thumb.jpg",
  "language" : {
    "name" : "Tamil",
    "code" : "ta"
  },
  "slug" : "yedho-oru-araiyil",
  "info" : {
    "lyric_genres" : [
      {
        "name" : {
          "en" : "Romance",
          "hi" : "Romance",
          "te" : "Romance",
          "ta" : "காதல்"
        }
      }
    ],
    "thaalams" : [
      {
        "name" : {
          "en" : "Adi Taalam (4 by 4 in WCM) Arpeggio based Guitar rhythm",
          "hi" : "Adi Taalam (4 by 4 in WCM) Arpeggio based Guitar rhythm",
          "te" : "Adi Taalam (4 by 4 in WCM) Arpeggio based Guitar rhythm",
          "ta" : "அடி தாளம் (4 X 4 WCM ) ஆர்பெஜ்ஜியோ பேஸ்ட் கிட்டார் ரிதம்"
        }
      }
    ],
    "lyric_languages" : [
      {
        "name" : {
          "en" : "Tamil",
          "hi" : "Tamil",
          "te" : "Tamil",
          "ta" : "தமிழ்"
        }
      }
    ],
    "lyric_moods" : [
      {
        "name" : {
          "en" : "Sad",
          "hi" : "Sad",
          "te" : "Sad",
          "ta" : "சோகம்"
        }
      }
    ],
    "music_genres" : [
      {
        "name" : {
          "en" : "Unplugged",
          "hi" : "Unplugged",
          "te" : "Unplugged",
          "ta" : "அன்பிளக்ட்"
        }
      }
    ],
    "best_seasons_to_listen" : [
      {
        "name" : {
          "en" : "Rain",
          "hi" : "Rain",
          "te" : "Rain",
          "ta" : "மழைக் காலம்"
        }
      },
      {
        "name" : {
          "en" : "Spring",
          "hi" : "Spring",
          "te" : "Spring",
          "ta" : "வசந்த காலம்"
        }
      }
    ],
    "launch_date" : {
      "en" : "29\/04\/2016",
      "hi" : "29\/04\/2016",
      "te" : "29\/04\/2016",
      "ta" : "29\/04\/2016"
    },
    "lyric_styles" : [
      {
        "name" : {
          "en" : "Traditional",
          "hi" : "Traditional",
          "te" : "Traditional",
          "ta" : "செம்மொழி நடை"
        }
      }
    ],
    "best_time_to_listen" : [
      {
        "name" : {
          "en" : "Night",
          "hi" : "Night",
          "te" : "Night",
          "ta" : "இரவு"
        }
      },
      {
        "name" : {
          "en" : "Weekend",
          "hi" : "Weekend",
          "te" : "Weekend",
          "ta" : "வார இறுதி"
        }
      }
    ],
    "duration" : 4.4,
    "raagams" : [
      {
        "name" : {
          "en" : "Traces of Harikambhoji",
          "hi" : "Traces of Harikambhoji",
          "te" : "Traces of Harikambhoji",
          "ta" : "டிரேஸஸ் ஆஃப் ஹரிகம்போஜி"
        }
      }
    ],
    "instruments" : [
      {
        "name" : {
          "en" : "Guitars",
          "hi" : "Guitars",
          "te" : "Guitars",
          "ta" : "கிட்டார்ஸ்"
        }
      },
      {
        "name" : {
          "en" : "Bass",
          "hi" : "Bass",
          "te" : "Bass",
          "ta" : "பேஸ்"
        }
      }
    ]
  }
}