{
  "title" : {
    "en" : "Yemathuriye",
    "hi" : "Yemathuriye",
    "te" : "Yemathuriye",
    "ta" : "ஏமாத்துறியே"
  },
  "credits" : {
    "composers" : [
      {
        "name" : {
          "en" : "Malgudi Shubha",
          "hi" : "Malgudi Shubha",
          "te" : "Malgudi Shubha",
          "ta" : "மால்குடி சுபா"
        }
      },
      {
        "name" : {
          "en" : "Aravind-Shankar",
          "hi" : "Aravind-Shankar",
          "te" : "Aravind-Shankar",
          "ta" : "அரவிந்த் - ஷங்கர்"
        }
      }
    ],
    "singers" : [
      {
        "name" : {
          "en" : "Malgudi Shubha",
          "hi" : "Malgudi Shubha",
          "te" : "Malgudi Shubha",
          "ta" : "மால்குடி சுபா"
        }
      },
      {
        "name" : {
          "en" : "Aravind-Shankar",
          "hi" : "Aravind-Shankar",
          "te" : "Aravind-Shankar",
          "ta" : "அரவிந்த் - ஷங்கர்"
        }
      }
    ],
    "lyricists" : [
      {
        "name" : {
          "en" : "Ganesh Kumar",
          "hi" : "Ganesh Kumar",
          "te" : "Ganesh Kumar",
          "ta" : "கணேஷ் குமார்"
        }
      }
    ],
    "translator" : [
      {
        "name" : {
          "en" : "Jayashree Ramanujam",
          "hi" : "Jayashree Ramanujam",
          "te" : "Jayashree Ramanujam",
          "ta" : "ஜெயஸ்ரீ இராமானுஜம்"
        }
      }
    ],
    "arrangers" : [
      {
        "name" : {
          "en" : "Aravind-Shankar",
          "hi" : "Aravind-Shankar",
          "te" : "Aravind-Shankar",
          "ta" : "அரவிந்த் - ஷங்கர்"
        }
      }
    ],
    "producers" : [
      {
        "name" : {
          "en" : "Malgudi Shubha",
          "hi" : "Malgudi Shubha",
          "te" : "Malgudi Shubha",
          "ta" : "மால்குடி சுபா"
        }
      },
      {
        "name" : {
          "en" : "Aravind-Shankar",
          "hi" : "Aravind-Shankar",
          "te" : "Aravind-Shankar",
          "ta" : "அரவிந்த் - ஷங்கர்"
        }
      }
    ],
    "lyric_video_senior_editor" : [
      {
        "name" : {
          "en" : "Shyam Sundar Murugesan",
          "hi" : "Shyam Sundar Murugesan",
          "te" : "Shyam Sundar Murugesan",
          "ta" : "ஷியாம் சுந்தர் முருகேசன்"
        }
      }
    ],
    "recorded_studios" : [
      {
        "name" : {
          "en" : "Music From The Place",
          "hi" : "Music From The Place",
          "te" : "Music From The Place",
          "ta" : "மியூசிக்  பிரம் தி பிலேஸ்"
        }
      }
    ],
    "lyric_art" : [
      {
        "name" : {
          "en" : "Muhilan",
          "hi" : "Muhilan",
          "te" : "Muhilan",
          "ta" : "முகிலன்"
        }
      }
    ],
    "manager_of_visual_content" : [
      {
        "name" : {
          "en" : "Gokula Krishnan R Vasugi, MFI",
          "hi" : "Gokula Krishnan R Vasugi, MFI",
          "te" : "Gokula Krishnan R Vasugi, MFI",
          "ta" : "கோகுல கிருஷ்ணன் R வாசுகி MFI"
        }
      }
    ],
    "sound_engineers" : [
      {
        "name" : {
          "en" : "Aravind-Shankar",
          "hi" : "Aravind-Shankar",
          "te" : "Aravind-Shankar",
          "ta" : "அரவிந்த் - ஷங்கர்"
        }
      }
    ],
    "lyric_video_editor" : [
      {
        "name" : {
          "en" : "Mithran.B",
          "hi" : "Mithran.B",
          "te" : "Mithran.B",
          "ta" : "மித்திரன்.B"
        }
      }
    ]
  },
  "active" : true,
  "published_on" : "2016-05-24T12:30:00.000Z",
  "description" : {
    "en" : "Yemathuriye is a stylish soup song for all you girls out there. An intensely emotional song packed with a ton of relatable & simple lyrics, Yemathuriye is  for the lost female kind. Listen to it, you are sure to get hooked onto this number.",
    "hi" : "Yemathuriye is a stylish soup song for all you girls out there. An intensely emotional song packed with a ton of relatable & simple lyrics, Yemathuriye is  for the lost female kind. Listen to it, you are sure to get hooked onto this number.",
    "te" : "Yemathuriye is a stylish soup song for all you girls out there. An intensely emotional song packed with a ton of relatable & simple lyrics, Yemathuriye is  for the lost female kind. Listen to it, you are sure to get hooked onto this number.",
    "ta" : "Yemathuriye is a stylish soup song for all you girls out there. An intensely emotional song packed with a ton of relatable & simple lyrics, Yemathuriye is  for the lost female kind. Listen to it, you are sure to get hooked onto this number."
  },
  "poster" : "https:\/\/d1ua79hvv369a0.cloudfront.net\/reflection\/poster\/24-May-2016\/Yemathuriye_cover.jpg",
  "album" : {
    "title" : {
      "en" : "Yemathuriye",
      "hi" : "Yemathuriye",
      "te" : "Yemathuriye",
      "ta" : "Yemathuriye"
    },
    "id" : "41",
    "thumbnail" : "https:\/\/d1ua79hvv369a0.cloudfront.net\/reflection\/thumbnail\/24-May-2016\/Yemathuriye_thumb.jpg"
  },
  "musics" : [
    {
      "players" : [
        {
          "name" : {
            "en" : "Bharathidasan",
            "hi" : "Bharathidasan",
            "te" : "Bharathidasan",
            "ta" : "பாரதிதாசன்"
          }
        }
      ],
      "instrument" : {
        "name" : {
          "name" : {
            "en" : "Dilruba",
            "hi" : "Dilruba",
            "te" : "Dilruba",
            "ta" : "தில்ருபா"
          }
        }
      }
    }
  ],
  "critics" : [
    {
      "review" : {
        "instrument" : {
          "comment" : {
            "en" : "Unplugged jazz style of orchestration with minimalist approach.",
            "hi" : "Unplugged jazz style of orchestration with minimalist approach.",
            "te" : "Unplugged jazz style of orchestration with minimalist approach.",
            "ta" : "Unplugged jazz style of orchestration with minimalist approach."
          },
          "score" : 12
        },
        "overall" : {
          "comment" : {
            "en" : "Folk Magic!",
            "hi" : "Folk Magic!",
            "te" : "Folk Magic!",
            "ta" : "Folk Magic!"
          },
          "score" : 10.75
        },
        "vocal" : {
          "comment" : {
            "en" : "Husky vocals with perfect balance in higher octaves without a tinge of trouble.",
            "hi" : "Husky vocals with perfect balance in higher octaves without a tinge of trouble.",
            "te" : "Husky vocals with perfect balance in higher octaves without a tinge of trouble.",
            "ta" : "Tricky tune which exhibits multiple emotions such as folkish romance in style."
          },
          "score" : 11
        },
        "tune" : {
          "comment" : {
            "en" : "Tricky tune which exhibits multiple emotions such as folkish romance in style.",
            "hi" : "Tricky tune which exhibits multiple emotions such as folkish romance in style.",
            "te" : "Tricky tune which exhibits multiple emotions such as folkish romance in style.",
            "ta" : "Tricky tune which exhibits multiple emotions such as folkish romance in style."
          },
          "score" : 10
        },
        "lyric" : {
          "comment" : {
            "en" : "Sultry, peppy and quite compelling for a fusion folk number.",
            "hi" : "Sultry, peppy and quite compelling for a fusion folk number.",
            "te" : "Sultry, peppy and quite compelling for a fusion folk number.",
            "ta" : "Sultry, peppy and quite compelling for a fusion folk number."
          },
          "score" : 10
        }
      },
      "author" : {
        "name" : "Durga",
        "image" : "https:\/\/d1ua79hvv369a0.cloudfront.net\/reflection\/critic\/critic-durga.png"
      },
      "rating" : 10.75
    },
    {
      "review" : {
        "instrument" : {
          "comment" : {
            "en" : "A bit 90s style, mixing sounds almost like a film song.",
            "hi" : "A bit 90s style, mixing sounds almost like a film song.",
            "te" : "A bit 90s style, mixing sounds almost like a film song.",
            "ta" : "A bit 90s style, mixing sounds almost like a film song."
          },
          "score" : 6
        },
        "overall" : {
          "comment" : {
            "en" : "Filmy song of love and longing.",
            "hi" : "Filmy song of love and longing.",
            "te" : "Filmy song of love and longing.",
            "ta" : "Filmy song of love and longing."
          },
          "score" : 7.25
        },
        "vocal" : {
          "comment" : {
            "en" : "Confident and proficient, based on the needs of this song.",
            "hi" : "Confident and proficient, based on the needs of this song.",
            "te" : "Confident and proficient, based on the needs of this song.",
            "ta" : "Hero and heroine have a fight. They sit next to a Rajasthani street troupe, cross at each other. A Rajasthani girl starts singing, with a sad, sensuous tone."
          },
          "score" : 8
        },
        "tune" : {
          "comment" : {
            "en" : "Hero and heroine have a fight. They sit next to a Rajasthani street troupe, cross at each other. A Rajasthani girl starts singing, with a sad, sensuous tone.",
            "hi" : "Hero and heroine have a fight. They sit next to a Rajasthani street troupe, cross at each other. A Rajasthani girl starts singing, with a sad, sensuous tone.",
            "te" : "Hero and heroine have a fight. They sit next to a Rajasthani street troupe, cross at each other. A Rajasthani girl starts singing, with a sad, sensuous tone.",
            "ta" : "Hero and heroine have a fight. They sit next to a Rajasthani street troupe, cross at each other. A Rajasthani girl starts singing, with a sad, sensuous tone."
          },
          "score" : 8
        },
        "lyric" : {
          "comment" : {
            "en" : "Predictably old-fashioned lines of sadness and longing",
            "hi" : "Predictably old-fashioned lines of sadness and longing",
            "te" : "Predictably old-fashioned lines of sadness and longing",
            "ta" : "Predictably old-fashioned lines of sadness and longing"
          },
          "score" : 7
        }
      },
      "author" : {
        "name" : "Karthik",
        "image" : "https:\/\/d1ua79hvv369a0.cloudfront.net\/reflection\/critic\/critic-karthik.png"
      },
      "rating" : 7.25
    },
    {
      "review" : {
        "instrument" : {
          "comment" : {
            "en" : "Presence of sarangi in the interludes and good drums backing all through.",
            "hi" : "Presence of sarangi in the interludes and good drums backing all through.",
            "te" : "Presence of sarangi in the interludes and good drums backing all through.",
            "ta" : "Presence of sarangi in the interludes and good drums backing all through."
          },
          "score" : 8
        },
        "overall" : {
          "comment" : {
            "en" : "Though reminding us of few film numbers, this is a passionate romance track with distinct female vocals.",
            "hi" : "Though reminding us of few film numbers, this is a passionate romance track with distinct female vocals.",
            "te" : "Though reminding us of few film numbers, this is a passionate romance track with distinct female vocals.",
            "ta" : "Though reminding us of few film numbers, this is a passionate romance track with distinct female vocals."
          },
          "score" : 7.25
        },
        "vocal" : {
          "comment" : {
            "en" : "The female singer has a hippy voice on the lines of Malgudi Shubha. She shows good hold in her voice in the end.",
            "hi" : "The female singer has a hippy voice on the lines of Malgudi Shubha. She shows good hold in her voice in the end.",
            "te" : "The female singer has a hippy voice on the lines of Malgudi Shubha. She shows good hold in her voice in the end.",
            "ta" : "Folksy tune on love failure and longing. The drums’ backing gives the song an added edge."
          },
          "score" : 8
        },
        "tune" : {
          "comment" : {
            "en" : "Folksy tune on love failure and longing. The drums’ backing gives the song an added edge.",
            "hi" : "Folksy tune on love failure and longing. The drums’ backing gives the song an added edge.",
            "te" : "Folksy tune on love failure and longing. The drums’ backing gives the song an added edge.",
            "ta" : "Folksy tune on love failure and longing. The drums’ backing gives the song an added edge."
          },
          "score" : 7
        },
        "lyric" : {
          "comment" : {
            "en" : "Deep intense lines on love failure and pain.",
            "hi" : "Deep intense lines on love failure and pain.",
            "te" : "Deep intense lines on love failure and pain.",
            "ta" : "Deep intense lines on love failure and pain."
          },
          "score" : 6
        }
      },
      "author" : {
        "name" : "Kaushik",
        "image" : "https:\/\/d1ua79hvv369a0.cloudfront.net\/reflection\/critic\/Kaushik-200x200.jpg"
      },
      "rating" : 7.25
    }
  ],
  "type" : {
    "slug" : "independent-music",
    "name" : "Independent Music"
  },
  "lyrics" : [
    {
      "data" : "ஏமாத்துறியே … ஏமாத்துறியே …<br>சும்மா சும்மா ஏதோ சொல்லி ஏமாத்துறியே<br>வாறேன் வாறேன் சொல்லி சொல்லி ஏமாத்துறியே<br>கங்கை நதி கூட காயுமே <br>மங்கை விழியில் மட்டும் ஈரம் ஏன் <br>ஏக்கம் கொண்டதால், தூக்கம் போனதே <br>ஏக்கம் கொண்டதால் கண்ணில், தூக்கம் போனதே  <br>கெஞ்சிக் கெஞ்சிப் பேசிப் பார்த்தும் மிஞ்சிப் போறியே <br>ஏமாத்துறியே<br><br>கண்ணோடு கலந்தாய் நினைவிலே <br>கனவாக வந்தாய் இரவிலே <br>உறவானதே, உயிர் சேர்ந்ததே  <br>சுகமானதே என்று சுமையானதே <br>காத்திருந்து காத்திருந்து காலம் போகுதே <br>ஏமாத்துறியே",
      "language" : {
        "name" : "Tamil",
        "code" : "ta"
      }
    }
  ],
  "id" : "57",
  "phonetic_lyrics" : [
    {
      "data" : "aemaathuRiyae … aemaathuRiyae …<br>summaa summaa aedhoa solli aemaathuRiyae<br>vaaRaen vaaRaen solli solli aemaathuRiyae<br>kanggai nadhi kooda kaayumae<br>manggai vizhiyil mattum eeram aen<br>aekkam koNdadhaal, thookkam poanadhae<br>aekkam koNdadhaal kaNNil, thookkam poanadhae<br>kenjjik kenjjip paesip paarthum minjjip poaRiyae<br>aemaathuRiyae<br><br>kaNNoadu kalandhdhaay ninaivilae<br>kanavaaga vandhdhaay iravilae<br>uRavaanadhae, uyir saerndhdhadhae<br>sugamaanadhae endRu sumaiyaanadhae<br>kaathirundhdhu kaathirundhdhu kaalam poagudhae<br>aemaathuRiyae",
      "language" : {
        "name" : "English",
        "code" : "en"
      }
    },
    {
      "data" : "ஏமாத்துறியே … ஏமாத்துறியே …<br>சும்மா சும்மா ஏதோ சொல்லி ஏமாத்துறியே<br>வாறேன் வாறேன் சொல்லி சொல்லி ஏமாத்துறியே<br>கங்கை நதி கூட காயுமே <br>மங்கை விழியில் மட்டும் ஈரம் ஏன் <br>ஏக்கம் கொண்டதால், தூக்கம் போனதே <br>ஏக்கம் கொண்டதால் கண்ணில், தூக்கம் போனதே  <br>கெஞ்சிக் கெஞ்சிப் பேசிப் பார்த்தும் மிஞ்சிப் போறியே <br>ஏமாத்துறியே<br><br>கண்ணோடு கலந்தாய் நினைவிலே <br>கனவாக வந்தாய் இரவிலே <br>உறவானதே, உயிர் சேர்ந்ததே  <br>சுகமானதே என்று சுமையானதே <br>காத்திருந்து காத்திருந்து காலம் போகுதே <br>ஏமாத்துறியே",
      "language" : {
        "name" : "Tamil",
        "code" : "ta"
      }
    },
    {
      "data" : "एम्आतुरिये … एम्आतुरिये … <br>सुमम्आ सुमम्आ एदो सोललि एम्आतुरिये <br>वाड़ेन वाड़ेन सोललि सोललि एम्आतुरिये <br>कङगै नदि कूड कायुम्ए <br>म्अङगै विलियिल म्अट्टुम ईरम एन <br>एककम कोंडदाल, तूककम पोनधे <br>एककम कोंडदाल कंणिल, तूककम पोनधे <br>केञजिक केञजिप पेसिप पारतुम म्इञ्जिप पोरिये <br>एम्आतुरिये <br> <br>कंणोडु कलन्द दाय निनैविले <br>कनवाग वन्द दाय इरविले <br>उड़वानधे, उयिर सेर्न्द दधे <br>सुगम्आनधे एनडड़ु सुम्ऐयानधे <br>कातिरुन्द दु कातिरुन्द दु कालम पोगुधे <br>एम्आतुरिये",
      "language" : {
        "name" : "Hindi",
        "code" : "hi"
      }
    },
    {
      "data" : "ఏమ్యాథుఱియే … ఏమ్యాథుఱియే … <br>సుమ్మ్యా సుమ్మ్యా ఏధో సొల్లి ఏమ్యాథుఱియే <br>వాఱేన్ వాఱేన్ సొల్లి సొల్లి ఏమ్యాథుఱియే <br>కఙ్గై నధి కూద కాయుమ్యే <br>మ్యఙ్గై విలియిల్ మ్యత్తుమ్ ఈరమ్ ఏన్ <br>ఏక్కమ్ కొందధాల్, థూక్కమ్ పోనధే <br>ఏక్కమ్ కొందధాల్ కంణిల్, థూక్కమ్ పోనధే <br>కెఞ్జిక్ కెఞ్జిప్ పేసిప్ పార్థుమ్ మ్యిఞ్జిప్ పోఱియే <br>ఏమ్యాథుఱియే <br> <br>కంణోదు కలన్ధ్ధాయ్ నినైవిలే <br>కనవాగ వన్ధ్ధాయ్ ఇరవిలే <br>ఉఱవానధే, ఉయిర్ సేర్న్ధ్ధధే <br>సుగమ్యానధే ఎన్ద్ఱు సుమ్యైయానధే <br>కాథిరున్ధ్ధు కాథిరున్ధ్ధు కాలమ్ పోగుధే <br>ఏమ్యాథుఱియే",
      "language" : {
        "name" : "Telugu",
        "code" : "te"
      }
    },
    {
      "data" : "ഏമ്യാഥുറിയേ … ഏമ്യാഥുറിയേ … <br>സുമ്മ്യാ സുമ്മ്യാ ഏധോ സൊല്ലി ഏമ്യാഥുറിയേ <br>വാറേന് വാറേന് സൊല്ലി സൊല്ലി ഏമ്യാഥുറിയേ <br>കങ്ഗൈ നധി കൂദ കായുമ്യേ <br>മ്യങ്ഗൈ വിഴിയില് മ്യത്തുമ് ഈരമ് ഏന് <br>ഏക്കമ് കൊംദധാല്, ഥൂക്കമ് പോനധേ <br>ഏക്കമ് കൊംദധാല് കംണില്, ഥൂക്കമ് പോനധേ <br>കെഞ്ജിക് കെഞ്ജിപ് പേസിപ് പാര്ഥുമ് മ്യിഞ്ജിപ് പോറിയേ <br>ഏമ്യാഥുറിയേ <br> <br>കംണോദു കലന്ധ്ധായ് നിനൈവിലേ <br>കനവാഗ വന്ധ്ധായ് ഇരവിലേ <br>ഉറവാനധേ, ഉയിര് സേര്ന്ധ്ധധേ <br>സുഗമ്യാനധേ എന്ദ്റു സുമ്യൈയാനധേ <br>കാഥിരുന്ധ്ധു കാഥിരുന്ധ്ധു കാലമ് പോഗുധേ <br>ഏമ്യാഥുറിയേ ",
      "language" : {
        "name" : "Malayalam",
        "code" : "ml"
      }
    },
    {
      "data" : "ಏಮ್ಯಾಥುರಿಯೇ … ಏಮ್ಯಾಥುರಿಯೇ … <br>ಸುಮ್ಮ್ಯಾ ಸುಮ್ಮ್ಯಾ ಏಧೋ ಸೊಲ್ಲಿ ಏಮ್ಯಾಥುರಿಯೇ <br>ವಾರೇನ್ ವಾರೇನ್ ಸೊಲ್ಲಿ ಸೊಲ್ಲಿ ಏಮ್ಯಾಥುರಿಯೇ <br>ಕಙ್ಗೈ ನಧಿ ಕೂದ ಕಾಯುಮ್ಯೇ <br>ಮ್ಯಙ್ಗೈ ವಿಲಿಯಿಲ್ ಮ್ಯತ್ತುಮ್ ಈರಮ್ ಏನ್ <br>ಏಕ್ಕಮ್ ಕೊಂದಧಾಲ್, ಥೂಕ್ಕಮ್ ಪೋನಧೇ <br>ಏಕ್ಕಮ್ ಕೊಂದಧಾಲ್ ಕಂಣಿಲ್, ಥೂಕ್ಕಮ್ ಪೋನಧೇ <br>ಕೆಞ್ಜಿಕ್ ಕೆಞ್ಜಿಪ್ ಪೇಸಿಪ್ ಪಾರ್ಥುಮ್ ಮ್ಯಿಞ್ಜಿಪ್ ಪೋರಿಯೇ <br>ಏಮ್ಯಾಥುರಿಯೇ <br> <br>ಕಂಣೋದು ಕಲನ್ಧ್ಧಾಯ್ ನಿನೈವಿಲೇ <br>ಕನವಾಗ ವನ್ಧ್ಧಾಯ್ ಇರವಿಲೇ <br>ಉರವಾನಧೇ, ಉಯಿರ್ ಸೇರ್ನ್ಧ್ಧಧೇ <br>ಸುಗಮ್ಯಾನಧೇ ಎನ್ದ್ರು ಸುಮ್ಯೈಯಾನಧೇ <br>ಕಾಥಿರುನ್ಧ್ಧು ಕಾಥಿರುನ್ಧ್ಧು ಕಾಲಮ್ ಪೋಗುಧೇ <br>ಏಮ್ಯಾಥುರಿಯೇ",
      "language" : {
        "name" : "Kanadam",
        "code" : "ka"
      }
    },
    {
      "data" : "এম্যাথুড়িযে … এম্যাথুড়িযে … <br>সুম্ম্যা সুম্ম্যা এধো সোল্লি এম্যাথুড়িযে <br>ৱাড়েন্ ৱাড়েন্ সোল্লি সোল্লি এম্যাথুড়িযে <br>কঙ্গৈ নধি কূদ কাযুম্যে <br>ম্যঙ্গৈ ৱিলিযিল্ ম্যত্তুম্ ঈরম্ এন্ <br>এক্কম্ কোঁদধাল্, থূক্কম্ পোনধে <br>এক্কম্ কোঁদধাল্ কঁণিল্, থূক্কম্ পোনধে <br>কেঞ্জিক্ কেঞ্জিপ্ পেসিপ্ পার্থুম্ ম্যিঞ্জিপ্ পোড়িযে <br>এম্যাথুড়িযে <br> <br>কঁণোদু কলন্ধ্ধায্ নিনৈৱিলে <br>কনৱাগ ৱন্ধ্ধায্ ইরৱিলে <br>উড়ৱানধে, উযির্ সের্ন্ধ্ধধে <br>সুগম্যানধে এন্দ্ড়ু সুম্যৈযানধে <br>কাথিরুন্ধ্ধু কাথিরুন্ধ্ধু কালম্ পোগুধে <br>এম্যাথুড়িযে",
      "language" : {
        "name" : "Bengali",
        "code" : "be"
      }
    },
    {
      "data" : "ઍમ્યાથુરિયૅ … ઍમ્યાથુરિયૅ … <br>સુમ્મ્યા સુમ્મ્યા ઍધૉ સોલ્લિ ઍમ્યાથુરિયૅ <br>વારૅન્ વારૅન્ સોલ્લિ સોલ્લિ ઍમ્યાથુરિયૅ <br>કઙ્ગૈ ણધિ કૂદ કાયુમ્યૅ <br>મ્યઙ્ગૈ વિલિયિલ્ મ્યત્તુમ્ ઈરમ્ ઍન્ <br>ઍક્કમ્ કોંદધાલ્, થૂક્કમ્ પૉનધૅ <br>ઍક્કમ્ કોંદધાલ્ કંણિલ્, થૂક્કમ્ પૉનધૅ <br>કેઞ્જિક્ કેઞ્જિપ્ પૅસિપ્ પાર્થુમ્ મ્યિઞ્જિપ્ પૉરિયૅ <br>ઍમ્યાથુરિયૅ <br> <br>કંણૉદુ કલન્ધ્ધાય્ ણિનૈવિલૅ <br>કનવાગ વન્ધ્ધાય્ ઇરવિલૅ <br>ઉરવાનધૅ, ઉયિર્ સૅર્ન્ધ્ધધૅ <br>સુગમ્યાનધૅ એન્દ્રુ સુમ્યૈયાનધૅ <br>કાથિરુન્ધ્ધુ કાથિરુન્ધ્ધુ કાલમ્ પૉગુધૅ <br>ઍમ્યાથુરિયૅ",
      "language" : {
        "name" : "Gujarathi",
        "code" : "gu"
      }
    },
    {
      "data" : "एम्आतुरिये … एम्आतुरिये … <br>सुमम्आ सुमम्आ एदो सोललि एम्आतुरिये <br>वाड़ेन वाड़ेन सोललि सोललि एम्आतुरिये <br>कङगै नदि कूड कायुम्ए <br>म्अङगै विलियिल म्अट्टुम ईरम एन <br>एककम कोंडदाल, तूककम पोनधे <br>एककम कोंडदाल कंणिल, तूककम पोनधे <br>केञजिक केञजिप पेसिप पारतुम म्इञ्जिप पोरिये <br>एम्आतुरिये <br> <br>कंणोडु कलन्द दाय निनैविले <br>कनवाग वन्द दाय इरविले <br>उड़वानधे, उयिर सेर्न्द दधे <br>सुगम्आनधे एनडड़ु सुम्ऐयानधे <br>कातिरुन्द दु कातिरुन्द दु कालम पोगुधे <br>एम्आतुरिये",
      "language" : {
        "name" : "Marathi",
        "code" : "mr"
      }
    },
    {
      "data" : "ଏମ୍ଯାଥୁଡ଼ିଯେ … ଏମ୍ଯାଥୁଡ଼ିଯେ … <br>ସୁମ୍ମ୍ଯା ସୁମ୍ମ୍ଯା ଏଧୋ ସୋଳ୍ଳି ଏମ୍ଯାଥୁଡ଼ିଯେ <br>ୱାଡ଼େନ୍ ୱାଡ଼େନ୍ ସୋଳ୍ଳି ସୋଳ୍ଳି ଏମ୍ଯାଥୁଡ଼ିଯେ <br>କଙ୍ଗୈ ନଧି କୂଦ କାଯୁମ୍ଯେ <br>ମ୍ଯଙ୍ଗୈ ୱିଳିଯିଳ୍ ମ୍ଯତ୍ତୁମ୍ ଈରମ୍ ଏନ୍ <br>ଏକ୍କମ୍ କୋଂଦଧାଳ୍, ଥୂକ୍କମ୍ ପୋନଧେ <br>ଏକ୍କମ୍ କୋଂଦଧାଳ୍ କଂଣିଳ୍, ଥୂକ୍କମ୍ ପୋନଧେ <br>କେଞ୍ଜିକ୍ କେଞ୍ଜିପ୍ ପେସିପ୍ ପାର୍ଥୁମ୍ ମ୍ଯିଞ୍ଜିପ୍ ପୋଡ଼ିଯେ <br>ଏମ୍ଯାଥୁଡ଼ିଯେ <br> <br>କଂଣୋଦୁ କଳନ୍ଧ୍ଧାଯ୍ ନିନୈୱିଳେ <br>କନୱାଗ ୱନ୍ଧ୍ଧାଯ୍ ଇରୱିଳେ <br>ଉଡ଼ୱାନଧେ, ଉଯିର୍ ସେର୍ନ୍ଧ୍ଧଧେ <br>ସୁଗମ୍ଯାନଧେ ଏନ୍ଦ୍ଡ଼ୁ ସୁମ୍ଯୈଯାନଧେ <br>କାଥିରୁନ୍ଧ୍ଧୁ କାଥିରୁନ୍ଧ୍ଧୁ କାଳମ୍ ପୋଗୁଧେ <br>ଏମ୍ଯାଥୁଡ଼ିଯେ",
      "language" : {
        "name" : "Oriya",
        "code" : "or"
      }
    },
    {
      "data" : "एम्आतुरिये … एम्आतुरिये … <br>सुमम्आ सुमम्आ एदो सोललि एम्आतुरिये <br>वाड़ेन वाड़ेन सोललि सोललि एम्आतुरिये <br>कङगै नदि कूड कायुम्ए <br>म्अङगै विलियिल म्अट्टुम ईरम एन <br>एककम कोंडदाल, तूककम पोनधे <br>एककम कोंडदाल कंणिल, तूककम पोनधे <br>केञजिक केञजिप पेसिप पारतुम म्इञ्जिप पोरिये <br>एम्आतुरिये <br> <br>कंणोडु कलन्द दाय निनैविले <br>कनवाग वन्द दाय इरविले <br>उड़वानधे, उयिर सेर्न्द दधे <br>सुगम्आनधे एनडड़ु सुम्ऐयानधे <br>कातिरुन्द दु कातिरुन्द दु कालम पोगुधे <br>एम्आतुरिये",
      "language" : {
        "name" : "konkani",
        "code" : "ko"
      }
    }
  ],
  "mood" : {
    "slug" : "sad",
    "name" : "Sad"
  },
  "thumbnail" : "https:\/\/d1ua79hvv369a0.cloudfront.net\/reflection\/thumbnail\/24-May-2016\/Yemathuriye_thumb.jpg",
  "language" : {
    "name" : "Tamil",
    "code" : "ta"
  },
  "slug" : "yemathuriye",
  "info" : {
    "lyric_genres" : [
      {
        "name" : {
          "en" : "Romance",
          "hi" : "Romance",
          "te" : "Romance",
          "ta" : "காதல்"
        }
      }
    ],
    "thaalams" : [
      {
        "name" : {
          "en" : "4 by 4 WCM",
          "hi" : "4 by 4 WCM",
          "te" : "4 by 4 WCM",
          "ta" : "4 x 4 WCM"
        }
      }
    ],
    "lyric_languages" : [
      {
        "name" : {
          "en" : "Tamil",
          "hi" : "Tamil",
          "te" : "Tamil",
          "ta" : "தமிழ்"
        }
      }
    ],
    "lyric_moods" : [
      {
        "name" : {
          "en" : "Sad",
          "hi" : "Sad",
          "te" : "Sad",
          "ta" : "சோகம்"
        }
      }
    ],
    "music_genres" : [
      {
        "name" : {
          "en" : "Fusion Folk",
          "hi" : "Fusion Folk",
          "te" : "Fusion Folk",
          "ta" : "கிராமிய களவை"
        }
      }
    ],
    "best_seasons_to_listen" : [
      {
        "name" : {
          "en" : "Rain",
          "hi" : "Rain",
          "te" : "Rain",
          "ta" : "மழை"
        }
      },
      {
        "name" : {
          "en" : "Spring",
          "hi" : "Spring",
          "te" : "Spring",
          "ta" : "வசந்த காலம்"
        }
      }
    ],
    "launch_date" : {
      "en" : "24\/05\/2016",
      "hi" : "24\/05\/2016",
      "te" : "24\/05\/2016",
      "ta" : "24\/05\/2016"
    },
    "lyric_styles" : [
      {
        "name" : {
          "en" : "Contemporary",
          "hi" : "Contemporary",
          "te" : "Contemporary",
          "ta" : "சமகால நடை"
        }
      }
    ],
    "duration" : 4.13,
    "raagams" : [
      {
        "name" : {
          "en" : "Slight traces of Madhumat Saarang (Madhyamavati in Carnatic)",
          "hi" : "Slight traces of Madhumat Saarang (Madhyamavati in Carnatic)",
          "te" : "Slight traces of Madhumat Saarang (Madhyamavati in Carnatic)",
          "ta" : "மதுமத் சாரங்கின் சிறிது சாயல் (கர்னாடிக்கின் மத்யமாவதி)"
        }
      }
    ],
    "instruments" : [
      {
        "name" : {
          "en" : "Dilruba",
          "hi" : "Dilruba",
          "te" : "Dilruba",
          "ta" : "தில்ருபா"
        }
      }
    ],
    "best_times_to_listen" : [
      {
        "name" : {
          "en" : "Night",
          "hi" : "Night",
          "te" : "Night",
          "ta" : "இரவு"
        }
      },
      {
        "name" : {
          "en" : "Weekend",
          "hi" : "Weekend",
          "te" : "Weekend",
          "ta" : "வார இறுதி"
        }
      }
    ]
  }
}